com.samsung.shealth.exercise,6311013,17
live_data_internal,mission_value,race_target,subset_data,start_longitude,routine_datauuid,total_calorie,completion_status,pace_info_id,activity_type,pace_live_data,sensing_status,source_type,mission_type,ftp,tracking_status,program_id,title,reward_status,heart_rate_sample_count,start_latitude,mission_extra_value,program_schedule_id,heart_rate_deviceuuid,location_data_internal,custom_id,additional_internal,com.samsung.health.exercise.duration,com.samsung.health.exercise.additional,com.samsung.health.exercise.create_sh_ver,com.samsung.health.exercise.mean_caloricburn_rate,com.samsung.health.exercise.location_data,com.samsung.health.exercise.start_time,com.samsung.health.exercise.exercise_type,com.samsung.health.exercise.custom,com.samsung.health.exercise.max_altitude,com.samsung.health.exercise.incline_distance,com.samsung.health.exercise.mean_heart_rate,com.samsung.health.exercise.count_type,com.samsung.health.exercise.mean_rpm,com.samsung.health.exercise.min_altitude,com.samsung.health.exercise.modify_sh_ver,com.samsung.health.exercise.max_heart_rate,com.samsung.health.exercise.update_time,com.samsung.health.exercise.create_time,com.samsung.health.exercise.client_data_id,com.samsung.health.exercise.max_power,com.samsung.health.exercise.max_speed,com.samsung.health.exercise.mean_cadence,com.samsung.health.exercise.min_heart_rate,com.samsung.health.exercise.client_data_ver,com.samsung.health.exercise.count,com.samsung.health.exercise.distance,com.samsung.health.exercise.max_caloricburn_rate,com.samsung.health.exercise.calorie,com.samsung.health.exercise.max_cadence,com.samsung.health.exercise.decline_distance,com.samsung.health.exercise.vo2_max,com.samsung.health.exercise.time_offset,com.samsung.health.exercise.deviceuuid,com.samsung.health.exercise.max_rpm,com.samsung.health.exercise.comment,com.samsung.health.exercise.live_data,com.samsung.health.exercise.mean_power,com.samsung.health.exercise.mean_speed,com.samsung.health.exercise.pkg_name,com.samsung.health.exercise.altitude_gain,com.samsung.health.exercise.altitude_loss,com.samsung.health.exercise.exercise_custom_type,com.samsung.health.exercise.auxiliary_devices,com.samsung.health.exercise.end_time,com.samsung.health.exercise.datauuid,com.samsung.health.exercise.sweat_loss
,,,,,,,1,,,,,4,0,,0,,,,,,,,,,,,2639000,,62670070,,,2024-06-23 02:02:01.000,1001,,,,,30001,,,62670070,,2024-06-23 02:47:13.550,2024-06-23 02:47:13.550,,,2.7933335,,,,4307,3317.42,,143.8,,,,UTC+0530,US7nt0+2+q,,,f6082d6b-20da-4f89-9436-192cb19a83a7.com.samsung.health.exercise.live_data.json,,1.2570746,com.sec.android.app.shealth,,,,,2024-06-23 02:46:00.000,f6082d6b-20da-4f89-9436-192cb19a83a7,,
,,,,,,,1,,,,,4,0,,0,,,,,,,,,,,,1547488,,62670070,,,2024-06-24 00:45:12.000,1001,,,,,30001,,,62670070,,2024-06-24 01:24:14.594,2024-06-24 01:24:14.594,,,2.7872624,,,,2746,2237.95,,105.7,,,,UTC+0530,US7nt0+2+q,,,290927da-3f95-462b-a71d-8c736008614b.com.samsung.health.exercise.live_data.json,,1.4461825,com.sec.android.app.shealth,,,,,2024-06-24 01:11:00.000,290927da-3f95-462b-a71d-8c736008614b,,
,,,,,,,1,,,,,4,0,,0,,,,,,,,,,,,1551000,,62670070,,,2024-06-24 10:28:09.000,1001,,,,,30001,,,62670070,,2024-06-24 10:56:31.486,2024-06-24 10:56:31.486,,,1.4506668,,,,2610,1971.6799,,78.44,,,,UTC+0530,US7nt0+2+q,,,de373558-5d06-401c-ae2b-5930da5befdb.com.samsung.health.exercise.live_data.json,,1.2712314,com.sec.android.app.shealth,,,,,2024-06-24 10:54:00.000,de373558-5d06-401c-ae2b-5930da5befdb,,
,,,,,,,1,,,,,4,0,,0,,,,,,,,,,,,1608459,,62670070,,,2024-06-25 01:01:11.000,1001,,,,,30001,,,62670070,,2024-06-25 01:29:37.322,2024-06-25 01:29:37.322,,,2.8445,,,,3036,2611.32,,133.01,,,,UTC+0530,US7nt0+2+q,,,99c6cbad-9644-4b48-8f1f-edf17123a419.com.samsung.health.exercise.live_data.json,,1.6234919,com.sec.android.app.shealth,,,,,2024-06-25 01:28:00.000,99c6cbad-9644-4b48-8f1f-edf17123a419,,
,,,,,,,1,,,,,4,0,,0,,,,,,,,,,,,1312000,,62670070,,,2024-06-25 02:01:08.000,1001,,,,,30001,,,62670070,,2024-06-25 02:26:57.952,2024-06-25 02:26:57.952,,,1.3333334,,,,2221,1664.38,,66.94,,,,UTC+0530,US7nt0+2+q,,,7da867fe-c2f1-4749-a211-fd5daff42931.com.samsung.health.exercise.live_data.json,,1.2685823,com.sec.android.app.shealth,,,,,2024-06-25 02:23:00.000,7da867fe-c2f1-4749-a211-fd5daff42931,,
,,,,,,,1,,,,,4,0,,0,,,,,,,,,,,,2158000,,62670070,,,2024-06-26 00:42:02.000,1001,,,,,30001,,,62670070,,2024-06-26 01:19:41.859,2024-06-26 01:19:41.859,,,2.9231668,,,,4055,3478.73,,173.51,,,,UTC+0530,US7nt0+2+q,,,41990938-5c11-4679-b47e-87527b5d98e1.com.samsung.health.exercise.live_data.json,,1.6120156,com.sec.android.app.shealth,,,,,2024-06-26 01:18:00.000,41990938-5c11-4679-b47e-87527b5d98e1,,
,,,,,,,1,,,,,4,0,,0,,,,,,,,,,,,714651,,62670070,,,2024-06-26 01:20:05.000,1002,,,,,30001,,,62670070,,2024-06-26 01:34:02.054,2024-06-26 01:34:02.054,,,2.8333333,,,,1640,1622.49,,94.96,,,,UTC+0530,US7nt0+2+q,,,90bfc731-b228-49cb-bc46-c2650d2f34e8.com.samsung.health.exercise.live_data.json,,2.270325,com.sec.android.app.shealth,,,,,2024-06-26 01:32:00.000,90bfc731-b228-49cb-bc46-c2650d2f34e8,,
,,,,,,,1,,,,,4,0,,0,,,,,,,,,,,,779000,,62670070,,,2024-06-27 00:57:01.000,1002,,,,,30001,,,62670070,,2024-06-27 01:15:24.085,2024-06-27 01:15:24.085,,,2.8055556,,,,1788,1740.03,,100.95,,,,UTC+0530,US7nt0+2+q,,,0a037ef8-ad61-49d0-abf9-aaa1c191306c.com.samsung.health.exercise.live_data.json,,2.2336714,com.sec.android.app.shealth,,,,,2024-06-27 01:10:00.000,0a037ef8-ad61-49d0-abf9-aaa1c191306c,,
,,,,,,,1,,,,,4,0,,0,,,,,,,,,,,,1904000,,62670070,,,2024-06-27 01:15:16.000,1001,,,,,30001,,,62670070,,2024-06-27 01:49:45.047,2024-06-27 01:49:45.047,,,2.8333333,,,,3614,3083.56,,152.42,,,,UTC+0530,US7nt0+2+q,,,2a9290e0-05ec-4b54-8903-f22c58664b75.com.samsung.health.exercise.live_data.json,,1.6195168,com.sec.android.app.shealth,,,,,2024-06-27 01:47:00.000,2a9290e0-05ec-4b54-8903-f22c58664b75,,
,,,,,,,1,,,,,4,0,,0,,,,,,,,,,,,2639972,,62670070,,,2024-06-28 01:08:00.000,1001,,,,,30001,,,62670070,,2024-06-28 01:56:00.756,2024-06-28 01:56:00.756,,,1.3253334,,,,4350,3230.78,,130.6,,,,UTC+0530,US7nt0+2+q,,,5d546318-9149-4756-bd7f-7efbed3bda32.com.samsung.health.exercise.live_data.json,,1.2237933,com.sec.android.app.shealth,,,,,2024-06-28 01:52:00.000,5d546318-9149-4756-bd7f-7efbed3bda32,,
,,,,,,,1,,,,,4,0,,0,,,,,,,,,,,,1199625,,62670070,,,2024-06-28 02:00:00.000,1001,,,,,30001,,,62670070,,2024-06-28 02:21:54.318,2024-06-28 02:21:54.318,,,1.5549196,,,,2039,1520.58,,61.25,,,,UTC+0530,US7nt0+2+q,,,c263f9d3-bf63-40e9-bc70-983f4fd299a7.com.samsung.health.exercise.live_data.json,,1.267546,com.sec.android.app.shealth,,,,,2024-06-28 02:20:00.000,c263f9d3-bf63-40e9-bc70-983f4fd299a7,,
,,,,,,,1,,,,,4,0,,0,,,,,,,,,,,,2749698,,62670070,,,2024-06-29 02:08:10.000,1001,,,,,30001,,,62670070,,2024-06-29 02:55:17.119,2024-06-29 02:55:17.119,,,2.75,,,,5441,4764.62,,241.65,,,,UTC+0530,US7nt0+2+q,,,9beba363-ccc3-4463-95b9-a47ad4b5ce31.com.samsung.health.exercise.live_data.json,,1.7327794,com.sec.android.app.shealth,,,,,2024-06-29 02:54:00.000,9beba363-ccc3-4463-95b9-a47ad4b5ce31,,
,,,,,,,1,,,,,4,0,,0,,,,,,,,,,,,1200000,,62670070,,,2024-07-04 01:19:00.000,1001,,,,,30001,,,62670070,,2024-07-04 01:40:05.736,2024-07-04 01:40:05.736,,,2.6944444,,,,2329,2075.69,,108.58,,,,UTC+0530,US7nt0+2+q,,,de4ea7cb-8635-4842-ad17-81d1dc50c244.com.samsung.health.exercise.live_data.json,,1.7297416,com.sec.android.app.shealth,,,,,2024-07-04 01:39:00.000,de4ea7cb-8635-4842-ad17-81d1dc50c244,,
,,,,,,,1,,,,,4,0,,0,,,,,,,,,,,,626000,,62670070,,,2024-07-04 01:59:34.000,1002,,,,,30001,,,62670070,,2024-07-04 02:11:29.619,2024-07-04 02:11:29.619,,,2.6944444,,,,1526,1524.39,,89.12,,,,UTC+0530,US7nt0+2+q,,,a4759d89-3995-442f-82ba-c4f82cc4eb88.com.samsung.health.exercise.live_data.json,,2.4351277,com.sec.android.app.shealth,,,,,2024-07-04 02:10:00.000,a4759d89-3995-442f-82ba-c4f82cc4eb88,,
,,,,,,,1,,,,,4,0,,0,,,,,,,,,,,,652826,,62670070,,,2024-07-05 01:46:07.000,1002,,,,,30001,,,62670070,,2024-07-05 01:57:51.295,2024-07-05 01:57:51.295,,,2.8055556,,,,1480,1520.32,,92.12,,,,UTC+0530,US7nt0+2+q,,,00e1dae2-65da-4a66-9c62-884c548f930c.com.samsung.health.exercise.live_data.json,,2.3288286,com.sec.android.app.shealth,,,,,2024-07-05 01:57:00.000,00e1dae2-65da-4a66-9c62-884c548f930c,,
,,,,,,,1,,,,,4,0,,0,,,,,,,,,,,,938000,,62670070,,,2024-07-08 01:53:22.000,1001,,,,,30001,,,62670070,,2024-07-08 02:13:23.807,2024-07-08 02:13:23.807,,,2.6636667,,,,1719,1433.86,,68.32,,,,UTC+0530,US7nt0+2+q,,,58dc8c41-f57a-4f1b-829e-591203e1ca34.com.samsung.health.exercise.live_data.json,,1.5286354,com.sec.android.app.shealth,,,,,2024-07-08 02:09:00.000,58dc8c41-f57a-4f1b-829e-591203e1ca34,,
,,,,,,,1,,,,,4,0,,0,,,,,,,,,,,,2580000,,62701610,,,2024-07-09 00:56:00.000,1002,,,,,30001,,,62701610,,2024-07-09 01:40:51.741,2024-07-09 01:40:51.741,,,2.9675002,,,,5240,4912.21,,271.84,,,,UTC+0530,US7nt0+2+q,,,4d45ab3e-8073-4d3f-99e6-80448d5dfc61.com.samsung.health.exercise.live_data.json,,1.9039574,com.sec.android.app.shealth,,,,,2024-07-09 01:39:00.000,4d45ab3e-8073-4d3f-99e6-80448d5dfc61,,
,,,,,,,1,,,,,4,0,,0,,,,,,,,,,,,1740000,,62701610,,,2024-07-10 01:08:00.000,1001,,,,,30001,,,62701610,,2024-07-10 01:38:03.167,2024-07-10 01:38:03.167,,,2.9068332,,,,3228,2897.22,,152.97,,,,UTC+0530,US7nt0+2+q,,,708b7127-e3db-49b8-9c6f-a2c8dd8d361f.com.samsung.health.exercise.live_data.json,,1.665069,com.sec.android.app.shealth,,,,,2024-07-10 01:37:00.000,708b7127-e3db-49b8-9c6f-a2c8dd8d361f,,
,,,,,,,1,,,,,4,0,,0,,,,,,,,,,,,1439972,,62701610,,,2024-07-10 01:40:00.000,1001,,,,,30001,,,62701610,,2024-07-10 02:05:35.682,2024-07-10 02:05:35.682,,,1.4166666,,,,2452,1838.03,,73.67,,,,UTC+0530,US7nt0+2+q,,,cfeff26f-b697-4df8-bf71-950194877a1a.com.samsung.health.exercise.live_data.json,,1.2764344,com.sec.android.app.shealth,,,,,2024-07-10 02:04:00.000,cfeff26f-b697-4df8-bf71-950194877a1a,,
,,,,,,,1,,,,,4,0,,0,,,,,,,,,,,,3101873,,62701610,,,2024-07-13 02:40:18.000,1001,,,,,30001,,,62701610,,2024-07-13 03:33:13.897,2024-07-13 03:33:13.897,,,2.9265,,,,5714,4705.83,,220.09,,,,UTC+0530,US7nt0+2+q,,,89b87d6f-a467-419f-9fe5-36e697c1f53b.com.samsung.health.exercise.live_data.json,,1.5170931,com.sec.android.app.shealth,,,,,2024-07-13 03:32:00.000,89b87d6f-a467-419f-9fe5-36e697c1f53b,,
,,,,,,,1,,,,,4,0,,0,,,,,,,,,,,,660000,,62701610,,,2024-07-14 15:21:00.000,1001,,,,,30001,,,62701610,,2024-07-14 15:33:26.343,2024-07-14 15:33:26.343,,,1.5329092,,,,1120,846.37,,33.64,,,,UTC+0530,US7nt0+2+q,,,3b95565f-af61-488c-84ab-1a2eeee09952.com.samsung.health.exercise.live_data.json,,1.2823789,com.sec.android.app.shealth,,,,,2024-07-14 15:32:00.000,3b95565f-af61-488c-84ab-1a2eeee09952,,
,,,,,,,1,,,,,4,0,,0,,,,,,,,,,,,839000,,62701610,,,2024-08-04 13:34:01.000,1001,,,,,30001,,,62701610,,2024-08-04 13:49:04.948,2024-08-04 13:49:04.948,,,1.7033472,,,,1318,1018.36,,40.67,,,,UTC+0530,US7nt0+2+q,,,3db62f5c-788e-4754-b223-fbeb36f92409.com.samsung.health.exercise.live_data.json,,1.2137783,com.sec.android.app.shealth,,,,,2024-08-04 13:48:00.000,3db62f5c-788e-4754-b223-fbeb36f92409,,
,,,,,,,1,,,,,4,0,,0,,,,,,,,,,,,840000,,62701610,,,2024-08-04 16:39:00.000,1001,,,,,30001,,,62701610,,2024-08-04 16:59:53.938,2024-08-04 16:59:53.938,,,1.4669999,,,,1376,1043.23,,41.5,,,,UTC+0530,US7nt0+2+q,,,723689d1-ece2-4803-8b74-0d5788783199.com.samsung.health.exercise.live_data.json,,1.2419405,com.sec.android.app.shealth,,,,,2024-08-04 16:53:00.000,723689d1-ece2-4803-8b74-0d5788783199,,
,,,,,,,1,,,,,4,0,,0,,,,,,,,,,,,640772,,62701610,,,2024-08-05 03:31:19.000,1001,,,,,30001,,,62701610,,2024-08-05 03:46:12.322,2024-08-05 03:46:12.322,,,1.5,,,,1141,868.17,,34.36,,,,UTC+0530,US7nt0+2+q,,,f08040b2-07f1-4797-b849-5298369bb945.com.samsung.health.exercise.live_data.json,,1.3548813,com.sec.android.app.shealth,,,,,2024-08-05 03:42:00.000,f08040b2-07f1-4797-b849-5298369bb945,,
,,,,,,,1,,,,,4,0,,0,,,,,,,,,,,,659991,,62701610,,,2024-08-05 07:31:00.000,1001,,,,,30001,,,62701610,,2024-08-05 07:55:12.270,2024-08-05 07:55:12.270,,,1.3376667,,,,1034,770.17,,31.019999,,,,UTC+0530,US7nt0+2+q,,,7d1e6037-8505-402c-8b15-92d2ccbbbd3b.com.samsung.health.exercise.live_data.json,,1.1669401,com.sec.android.app.shealth,,,,,2024-08-05 07:42:00.000,7d1e6037-8505-402c-8b15-92d2ccbbbd3b,,
,,,,,,,1,,,,,4,0,,0,,,,,,,,,,,,660000,,62701610,,,2024-08-05 08:14:00.000,1001,,,,,30001,,,62701610,,2024-08-05 08:25:11.760,2024-08-05 08:25:11.760,,,1.4403235,,,,1068,813.32,,32.079998,,,,UTC+0530,US7nt0+2+q,,,e092c50e-3148-4f23-9f9d-fb9a69296a5d.com.samsung.health.exercise.live_data.json,,1.2323029,com.sec.android.app.shealth,,,,,2024-08-05 08:25:00.000,e092c50e-3148-4f23-9f9d-fb9a69296a5d,,
,,,,,,,1,,,,,4,0,,0,,,,,,,,,,,,654000,,62701610,,,2024-08-06 03:26:06.000,1001,,,,,30001,,,62701610,,2024-08-06 03:42:09.356,2024-08-06 03:42:09.356,,,1.3888888,,,,1099,833.02,,33.03,,,,UTC+0530,US7nt0+2+q,,,1188f627-4002-4bf4-99ef-d5f711546e98.com.samsung.health.exercise.live_data.json,,1.2737309,com.sec.android.app.shealth,,,,,2024-08-06 03:37:00.000,1188f627-4002-4bf4-99ef-d5f711546e98,,
,,,,,,,1,,,,,4,0,,0,,,,,,,,,,,,703000,,62701610,,,2024-08-07 03:27:17.000,1001,,,,,30001,,,62701610,,2024-08-07 03:41:09.782,2024-08-07 03:41:09.782,,,1.5277778,,,,1252,957.73,,37.74,,,,UTC+0530,US7nt0+2+q,,,2ce7e576-e75c-4eb8-9a70-be7c4dbd61ab.com.samsung.health.exercise.live_data.json,,1.362347,com.sec.android.app.shealth,,,,,2024-08-07 03:39:00.000,2ce7e576-e75c-4eb8-9a70-be7c4dbd61ab,,
,,,,,,,1,,,,,4,0,,0,,,,,,,,,,,,660000,,62710150,,,2024-08-08 03:26:00.000,1001,,,,,30001,,,62710150,,2024-08-08 04:55:33.033,2024-08-08 04:55:33.033,,,1.4656667,,,,1062,811.32,,31.88,,,,UTC+0530,US7nt0+2+q,,,b545393c-6307-49fc-96b8-12b0bde7a634.com.samsung.health.exercise.live_data.json,,1.2292727,com.sec.android.app.shealth,,,,,2024-08-08 03:37:00.000,b545393c-6307-49fc-96b8-12b0bde7a634,,
,,,,,,,1,,,,,4,0,,0,,,,,,,,,,,,1130260,,62710150,,,2024-08-09 01:35:09.000,1001,,,,,30001,,,62710150,,2024-08-09 02:09:57.165,2024-08-09 02:09:57.165,,,1.428,,,,2025,1540.67,,60.9,,,,UTC+0530,US7nt0+2+q,,,5b784616-5c56-488f-8a50-5668cbb32a75.com.samsung.health.exercise.live_data.json,,1.3631111,com.sec.android.app.shealth,,,,,2024-08-09 01:54:00.000,5b784616-5c56-488f-8a50-5668cbb32a75,,
,,,,,,,1,,,,,4,0,,0,,,,,,,,,,,,900000,,62710150,,,2024-08-12 07:44:00.000,1001,,,,,30001,,,62710150,,2024-08-12 08:00:54.650,2024-08-12 08:00:54.650,,,1.4247447,,,,1460,1100.48,,44.03,,,,UTC+0530,US7nt0+2+q,,,f7891e09-7704-435c-830b-36c0e649c91b.com.samsung.health.exercise.live_data.json,,1.2227556,com.sec.android.app.shealth,,,,,2024-08-12 07:59:00.000,f7891e09-7704-435c-830b-36c0e649c91b,,
,,,,,,,1,,,,,4,0,,0,,,,,,,,,,,,653722,,62710150,,,2024-08-12 08:13:06.000,1001,,,,,30001,,,62710150,,2024-08-12 08:35:10.117,2024-08-12 08:35:10.117,,,1.5043333,,,,1281,980.69,,38.37,,,,UTC+0530,US7nt0+2+q,,,61898e27-6791-4a7b-b9fe-c32e40b081a4.com.samsung.health.exercise.live_data.json,,1.5001637,com.sec.android.app.shealth,,,,,2024-08-12 08:24:00.000,61898e27-6791-4a7b-b9fe-c32e40b081a4,,
,,,,,,,1,,,,,4,0,,0,,,,,,,,,,,,3780000,,62710150,,,2024-08-13 14:17:00.000,1001,,,,,30001,,,62710150,,2024-08-13 15:26:43.713,2024-08-13 15:26:43.713,,,1.4444444,,,,6199,4667.43,,186.38,,,,UTC+0530,US7nt0+2+q,,,3bad575a-4e35-4ca1-8423-9a6724dd6140.com.samsung.health.exercise.live_data.json,,1.2347698,com.sec.android.app.shealth,,,,,2024-08-13 15:20:00.000,3bad575a-4e35-4ca1-8423-9a6724dd6140,,
,,,,,,,1,,,,,4,0,,0,,,,,,,,,,,,3180000,,62710150,,,2024-08-13 15:33:00.000,1001,,,,,30001,,,62710150,,2024-08-13 16:27:28.786,2024-08-13 16:27:28.786,,,1.4708724,,,,5183,3897.62,,155.79,,,,UTC+0530,US7nt0+2+q,,,2b808f55-2ea1-4ed7-894b-fdcbf29e3452.com.samsung.health.exercise.live_data.json,,1.2256666,com.sec.android.app.shealth,,,,,2024-08-13 16:26:00.000,2b808f55-2ea1-4ed7-894b-fdcbf29e3452,,
,,,,,,,1,,,,,4,0,,0,,,,,,,,,,,,959749,,62710150,,,2024-08-14 03:21:00.000,1001,,,,,30001,,,62710150,,2024-08-14 03:40:44.555,2024-08-14 03:40:44.555,,,1.4514669,,,,1472,1109.48,,58.57,,,,UTC+0530,US7nt0+2+q,,,a04a4838-f582-4c86-8e5d-dec1f35a744e.com.samsung.health.exercise.live_data.json,,1.1560106,com.sec.android.app.shealth,,,,,2024-08-14 03:37:00.000,a04a4838-f582-4c86-8e5d-dec1f35a744e,,
,,,,,,,1,,,,,4,0,,0,,,,,,,,,,,,3480000,,62710150,,,2024-08-14 11:37:00.000,1001,,,,,30001,,,62710150,,2024-08-14 12:36:52.716,2024-08-14 12:36:52.716,,,1.3933333,,,,5800,4364.22,,231.53,,,,UTC+0530,US7nt0+2+q,,,f5ecad6a-a9be-4969-b8f8-c714eeaf9e93.com.samsung.health.exercise.live_data.json,,1.2540863,com.sec.android.app.shealth,,,,,2024-08-14 12:35:00.000,f5ecad6a-a9be-4969-b8f8-c714eeaf9e93,,
,,,,,,,1,,,,,4,0,,0,,,,,,,,,,,,3660000,,62710150,,,2024-08-14 13:33:00.000,1001,,,,,30001,,,62710150,,2024-08-14 14:36:58.537,2024-08-14 14:36:58.537,,,1.4420307,,,,6207,4681.98,,248.11,,,,UTC+0530,US7nt0+2+q,,,0e45645f-7e03-45b2-9d49-5edcad90f424.com.samsung.health.exercise.live_data.json,,1.2792295,com.sec.android.app.shealth,,,,,2024-08-14 14:34:00.000,0e45645f-7e03-45b2-9d49-5edcad90f424,,
,,,,,,,1,,,,,4,0,,0,,,,,,,,,,,,900000,,62710150,,,2024-08-16 03:25:00.000,1001,,,,,30001,,,62710150,,2024-08-16 04:04:57.530,2024-08-16 04:04:57.530,,,1.3306104,,,,1237,924.06,,49.15,,,,UTC+0530,US7nt0+2+q,,,ce87095c-bb85-4bee-b622-ab05111f1ead.com.samsung.health.exercise.live_data.json,,1.0267333,com.sec.android.app.shealth,,,,,2024-08-16 03:40:00.000,ce87095c-bb85-4bee-b622-ab05111f1ead,,
,,,,,,,1,,,,,4,0,,0,,,,,,,,,,,,837000,,62710150,,,2024-08-16 13:01:03.000,1001,,,,,30001,,,62710150,,2024-08-16 13:16:23.441,2024-08-16 13:16:23.441,,,1.5359073,,,,1406,1064.5599,,55.97,,,,UTC+0530,US7nt0+2+q,,,9bba2952-fc73-4fc4-90ac-e0aac3c494d1.com.samsung.health.exercise.live_data.json,,1.2718756,com.sec.android.app.shealth,,,,,2024-08-16 13:15:00.000,9bba2952-fc73-4fc4-90ac-e0aac3c494d1,,
,,,,,,,1,,,,,4,0,,0,,,,,,,,,,,,654000,,62710150,,,2024-08-18 06:52:06.000,1001,,,,,30001,,,62710150,,2024-08-18 07:06:27.441,2024-08-18 07:06:27.441,,,1.7035,,,,1350,1034.65,,53.91,,,,UTC+0530,US7nt0+2+q,,,b35962eb-cced-4ece-8eda-301c2b63670a.com.samsung.health.exercise.live_data.json,,1.5820336,com.sec.android.app.shealth,,,,,2024-08-18 07:03:00.000,b35962eb-cced-4ece-8eda-301c2b63670a,,
,,,,,,,1,,,,,4,0,,0,,,,,,,,,,,,1020000,,62710150,,,2024-08-21 13:38:00.000,1001,,,,,30001,,,62710150,,2024-08-21 13:56:41.359,2024-08-21 13:56:41.359,,,1.4583334,,,,1862,1410.8,,74.37,,,,UTC+0530,US7nt0+2+q,,,411ea84c-365f-4ca7-aa7b-42873a25eca8.com.samsung.health.exercise.live_data.json,,1.3831373,com.sec.android.app.shealth,,,,,2024-08-21 13:55:00.000,411ea84c-365f-4ca7-aa7b-42873a25eca8,,
,,,,,,,1,,,,,4,0,,0,,,,,,,,,,,,1380000,,62710150,,,2024-08-21 14:06:00.000,1001,,,,,30001,,,62710150,,2024-08-21 14:30:41.806,2024-08-21 14:30:41.806,,,1.4465,,,,2422,1830.44,,96.69,,,,UTC+0530,US7nt0+2+q,,,66a755b8-b391-47e7-8eec-4a00d0c0d996.com.samsung.health.exercise.live_data.json,,1.3264058,com.sec.android.app.shealth,,,,,2024-08-21 14:29:00.000,66a755b8-b391-47e7-8eec-4a00d0c0d996,,
,,,,,,,1,,,,,4,0,,0,,,,,,,,,,,,827000,,62710150,,,2024-08-22 11:20:13.000,1001,,,,,30001,,,62710150,,2024-08-22 11:35:38.347,2024-08-22 11:35:38.347,,,1.439883,,,,1519,1148.15,,60.6,,,,UTC+0530,US7nt0+2+q,,,a318d2d5-e57a-46ea-93ea-08fdacbd3c9e.com.samsung.health.exercise.live_data.json,,1.3883313,com.sec.android.app.shealth,,,,,2024-08-22 11:34:00.000,a318d2d5-e57a-46ea-93ea-08fdacbd3c9e,,
,,,,,,,1,,,,,4,0,,0,,,,,,,,,,,,779639,,62710150,,,2024-08-27 11:00:00.000,1001,,,,,30001,,,62710150,,2024-08-27 11:14:59.332,2024-08-27 11:14:59.332,,,1.3808331,,,,1289,966.65,,51.46,,,,UTC+0530,US7nt0+2+q,,,19d05190-59de-4530-921c-7aa57d0ae395.com.samsung.health.exercise.live_data.json,,1.2398688,com.sec.android.app.shealth,,,,,2024-08-27 11:13:00.000,19d05190-59de-4530-921c-7aa57d0ae395,,
,,,,,,,1,,,,,4,0,,0,,,,,,,,,,,,659489,,62720090,,,2024-09-03 10:18:00.000,1001,,,,,30001,,,62720090,,2024-09-03 10:30:40.492,2024-09-03 10:30:40.492,,,1.5289173,,,,1011,767.43,,40.309998,,,,UTC+0530,US7nt0+2+q,,,19901c15-056b-49a6-9095-8d29f08b359f.com.samsung.health.exercise.live_data.json,,1.1636736,com.sec.android.app.shealth,,,,,2024-09-03 10:29:00.000,19901c15-056b-49a6-9095-8d29f08b359f,,
,,,,,,,1,,,,,4,0,,0,,,,,,,,,,,,1499930,,62720090,,,2024-09-04 11:33:00.000,1001,,,,,30001,,,62720090,,2024-09-04 11:59:27.570,2024-09-04 11:59:27.570,,,1.6419371,,,,2740,2096.29,,109.96,,,,UTC+0530,US7nt0+2+q,,,753dbf3f-c4b5-40bd-af57-76bf99f08984.com.samsung.health.exercise.live_data.json,,1.3975918,com.sec.android.app.shealth,,,,,2024-09-04 11:58:00.000,753dbf3f-c4b5-40bd-af57-76bf99f08984,,
,,,,,,,1,,,,,4,0,,0,,,,,,,,,,,,720000,,62720090,,,2024-09-06 10:48:00.000,1001,,,,,30001,,,62720090,,2024-09-06 11:01:35.104,2024-09-06 11:01:35.104,,,1.4166666,,,,1155,872.76,,46.06,,,,UTC+0530,US7nt0+2+q,,,d11e5d93-0661-40bf-b7a9-ecea3a121f0c.com.samsung.health.exercise.live_data.json,,1.2121667,com.sec.android.app.shealth,,,,,2024-09-06 11:00:00.000,d11e5d93-0661-40bf-b7a9-ecea3a121f0c,,
,,,,,,,1,,,,,4,0,,0,,,,,,,,,,,,640079,,62720090,,,2024-09-09 05:40:19.000,1001,,,,,30001,,,62720090,,2024-09-09 05:53:43.532,2024-09-09 05:53:43.532,,,1.365,,,,1078,809.85,,43.04,,,,UTC+0530,US7nt0+2+q,,,31c97796-2992-47d2-8c9d-b0cf039e3a67.com.samsung.health.exercise.live_data.json,,1.2652344,com.sec.android.app.shealth,,,,,2024-09-09 05:51:00.000,31c97796-2992-47d2-8c9d-b0cf039e3a67,,
,,,,,,,1,,,,,4,0,,0,,,,,,,,,,,,657902,,62720090,,,2024-09-17 07:50:02.000,1001,,,,,30001,,,62720090,,2024-09-17 08:02:24.556,2024-09-17 08:02:24.556,,,1.5910001,,,,1075,800.75,,42.92,,,,UTC+0530,US7nt0+2+q,,,076746e3-4a67-4d6e-923d-12ad231ce1d1.com.samsung.health.exercise.live_data.json,,1.2171266,com.sec.android.app.shealth,,,,,2024-09-17 08:01:00.000,076746e3-4a67-4d6e-923d-12ad231ce1d1,,
,,,,,,,1,,,,,4,0,,0,,,,,,,,,,,,659998,,62720090,,,2024-09-17 08:16:00.000,1001,,,,,30001,,,62720090,,2024-09-17 08:29:49.211,2024-09-17 08:29:49.211,,,1.5318334,,,,1272,963.37,,50.8,,,,UTC+0530,US7nt0+2+q,,,47ade799-e3cd-4375-a4db-c916a48ee86f.com.samsung.health.exercise.live_data.json,,1.4596559,com.sec.android.app.shealth,,,,,2024-09-17 08:27:00.000,47ade799-e3cd-4375-a4db-c916a48ee86f,,
,,,,,,,1,,,,,4,0,,0,,,,,,,,,,,,710000,,62720090,,,2024-09-19 08:13:10.000,1001,,,,,30001,,,62720090,,2024-09-19 08:29:42.270,2024-09-19 08:29:42.270,,,1.4444444,,,,1333,1010.86,,53.19,,,,UTC+0530,US7nt0+2+q,,,ce881388-de04-4242-a87c-67c46af69abe.com.samsung.health.exercise.live_data.json,,1.4237465,com.sec.android.app.shealth,,,,,2024-09-19 08:25:00.000,ce881388-de04-4242-a87c-67c46af69abe,,
,,,,,,,1,,,,,4,0,,0,,,,,,,,,,,,628000,,62720090,,,2024-09-20 03:29:32.000,1001,,,,,30001,,,62720090,,2024-09-20 04:53:01.303,2024-09-20 04:53:01.303,,,1.4166666,,,,1068,808.47003,,42.59,,,,UTC+0530,US7nt0+2+q,,,313e6601-050b-4d45-afbb-c135bafb642f.com.samsung.health.exercise.live_data.json,,1.2873726,com.sec.android.app.shealth,,,,,2024-09-20 03:40:00.000,313e6601-050b-4d45-afbb-c135bafb642f,,
,,,,,,,1,,,,,4,0,,0,,,,,,,,,,,,1430000,,62720090,,,2024-09-22 15:37:10.000,1001,,,,,30001,,,62720090,,2024-09-22 16:02:51.428,2024-09-22 16:02:51.428,,,1.3662578,,,,2515,1884.58,,100.55,,,,UTC+0530,US7nt0+2+q,,,cd2cc8b5-d77d-47dd-8b21-377936659ade.com.samsung.health.exercise.live_data.json,,1.317888,com.sec.android.app.shealth,,,,,2024-09-22 16:01:00.000,cd2cc8b5-d77d-47dd-8b21-377936659ade,,
,,,,,,,1,,,,,4,0,,0,,,,,,,,,,,,1499000,,62720090,,,2024-09-22 16:09:01.000,1001,,,,,30001,,,62720090,,2024-09-22 16:35:29.469,2024-09-22 16:35:29.469,,,1.5319719,,,,2507,1881.86,,100.33,,,,UTC+0530,US7nt0+2+q,,,81063842-9c6f-4444-a791-08dfcb5e3689.com.samsung.health.exercise.live_data.json,,1.2554103,com.sec.android.app.shealth,,,,,2024-09-22 16:34:00.000,81063842-9c6f-4444-a791-08dfcb5e3689,,
,,,,,,,1,,,,,4,0,,0,,,,,,,,,,,,643000,,62720090,,,2024-09-25 12:03:17.000,1001,,,,,30001,,,62720090,,2024-09-25 12:14:04.163,2024-09-25 12:14:04.163,,,1.332349,,,,1016,760.1,,40.57,,,,UTC+0530,US7nt0+2+q,,,6fade277-9bea-4387-b45d-283399815b01.com.samsung.health.exercise.live_data.json,,1.1821151,com.sec.android.app.shealth,,,,,2024-09-25 12:14:00.000,6fade277-9bea-4387-b45d-283399815b01,,
,,,,,,,1,,,,,4,0,,0,,,,,,,,,,,,2998351,,62720090,,,2024-09-25 12:21:01.000,1001,,,,,30001,,,62720090,,2024-09-25 13:12:27.327,2024-09-25 13:12:27.327,,,1.4444444,,,,5330,4028.55,,213.04,,,,UTC+0530,US7nt0+2+q,,,ad49ff25-580c-46ce-94ae-42c760e5d732.com.samsung.health.exercise.live_data.json,,1.3435886,com.sec.android.app.shealth,,,,,2024-09-25 13:11:00.000,ad49ff25-580c-46ce-94ae-42c760e5d732,,
,,,,,,,1,,,,,4,0,,0,,,,,,,,,,,,2819507,,62720090,,,2024-09-25 14:09:00.000,1001,,,,,30001,,,62720090,,2024-09-25 14:59:26.340,2024-09-25 14:59:26.340,,,1.4992666,,,,5043,3812.24,,201.56999,,,,UTC+0530,US7nt0+2+q,,,d2855ce7-1d01-4f55-9dfb-3e26d5bac662.com.samsung.health.exercise.live_data.json,,1.3520947,com.sec.android.app.shealth,,,,,2024-09-25 14:56:00.000,d2855ce7-1d01-4f55-9dfb-3e26d5bac662,,
,,,,,,,1,,,,,4,0,,0,,,,,,,,,,,,895000,,62720090,,,2024-09-26 07:44:05.000,1001,,,,,30001,,,62720090,,2024-09-26 08:05:22.990,2024-09-26 08:05:22.990,,,1.5555556,,,,1382,1045.83,,55.030003,,,,UTC+0530,US7nt0+2+q,,,61d2d778-4152-4045-be7f-a3ba625257a5.com.samsung.health.exercise.live_data.json,,1.1685251,com.sec.android.app.shealth,,,,,2024-09-26 07:59:00.000,61d2d778-4152-4045-be7f-a3ba625257a5,,
,,,,,,,1,,,,,4,0,,0,,,,,,,,,,,,692000,,62720090,,,2024-09-26 08:27:28.000,1001,,,,,30001,,,62720090,,2024-09-26 08:46:35.504,2024-09-26 08:46:35.504,,,1.4722222,,,,1300,990.37,,51.739998,,,,UTC+0530,US7nt0+2+q,,,71cd09a8-7f3d-4f32-8a8a-5ae247c06249.com.samsung.health.exercise.live_data.json,,1.4311705,com.sec.android.app.shealth,,,,,2024-09-26 08:39:00.000,71cd09a8-7f3d-4f32-8a8a-5ae247c06249,,
,,,,,,,1,,,,,4,0,,0,,,,,,,,,,,,704000,,62720090,,,2024-09-26 11:04:16.000,1001,,,,,30001,,,62720090,,2024-09-26 11:24:41.899,2024-09-26 11:24:41.899,,,1.4018334,,,,1207,908.62,,48.08,,,,UTC+0530,US7nt0+2+q,,,4ef92d43-cb6f-4dd4-b8ce-496bb0bd03d6.com.samsung.health.exercise.live_data.json,,1.2906533,com.sec.android.app.shealth,,,,,2024-09-26 11:16:00.000,4ef92d43-cb6f-4dd4-b8ce-496bb0bd03d6,,
,,,,,,,1,,,,,4,0,,0,,,,,,,,,,,,624000,,62720090,,,2024-09-27 03:28:36.000,1001,,,,,30001,,,62720090,,2024-09-27 03:41:30.792,2024-09-27 03:41:30.792,,,1.4444444,,,,1122,850.22,,44.760002,,,,UTC+0530,US7nt0+2+q,,,4902e939-c5c6-4ded-a54d-456b7cbfa1ae.com.samsung.health.exercise.live_data.json,,1.362532,com.sec.android.app.shealth,,,,,2024-09-27 03:39:00.000,4902e939-c5c6-4ded-a54d-456b7cbfa1ae,,
,,,,,,,1,,,,,4,0,,0,,,,,,,,,,,,641000,,62720090,,,2024-09-30 09:33:19.000,1001,,,,,30001,,,62720090,,2024-09-30 09:45:29.859,2024-09-30 09:45:29.859,,,1.523,,,,1063,808.7,,42.52,,,,UTC+0530,US7nt0+2+q,,,9aeb4897-17f3-4c48-9b1e-dd5841c1f556.com.samsung.health.exercise.live_data.json,,1.2616224,com.sec.android.app.shealth,,,,,2024-09-30 09:44:00.000,9aeb4897-17f3-4c48-9b1e-dd5841c1f556,,
,,,,,,,1,,,,,4,0,,0,,,,,,,,,,,,657656,,62720090,,,2024-10-03 07:40:02.000,1001,,,,,30001,,,62720090,,2024-10-03 08:20:05.840,2024-10-03 08:20:05.840,,,1.4722222,,,,1127,857.41,,44.83,,,,UTC+0530,US7nt0+2+q,,,352e6773-4885-4517-8ae7-b2ad720f8ec4.com.samsung.health.exercise.live_data.json,,1.3037363,com.sec.android.app.shealth,,,,,2024-10-03 07:51:00.000,352e6773-4885-4517-8ae7-b2ad720f8ec4,,
,,,,,,,1,,,,,4,0,,0,,,,,,,,,,,,719776,,62720090,,,2024-10-08 10:57:00.000,1001,,,,,30001,,,62720090,,2024-10-08 11:19:35.487,2024-10-08 11:19:35.487,,,1.4895325,,,,1245,949.86,,49.69,,,,UTC+0530,US7nt0+2+q,,,35a82e92-48f6-4e6e-8e50-9ef72d51a1bc.com.samsung.health.exercise.live_data.json,,1.3196607,com.sec.android.app.shealth,,,,,2024-10-08 11:09:00.000,35a82e92-48f6-4e6e-8e50-9ef72d51a1bc,,
,,,,,,,1,,,,,4,0,,0,,,,,,,,,,,,2305000,,62720090,,,2024-10-09 12:53:35.000,1001,,,,,30001,,,62720090,,2024-10-09 13:35:40.212,2024-10-09 13:35:40.212,,,1.4658333,,,,4021,3056.57,,160.46,,,,UTC+0530,US7nt0+2+q,,,d7fca4a0-660e-45d1-86fc-c00cb6ff3389.com.samsung.health.exercise.live_data.json,,1.3260607,com.sec.android.app.shealth,,,,,2024-10-09 13:32:00.000,d7fca4a0-660e-45d1-86fc-c00cb6ff3389,,
,,,,,,,1,,,,,4,0,,0,,,,,,,,,,,,718000,,62720090,,,2024-10-14 07:59:02.000,1001,,,,,30001,,,62720090,,2024-10-14 08:16:51.646,2024-10-14 08:16:51.646,,,1.4468334,,,,1268,963.7,,50.51,,,,UTC+0530,US7nt0+2+q,,,e8444869-fa54-4f25-83cc-a2f7f4c2af49.com.samsung.health.exercise.live_data.json,,1.3422005,com.sec.android.app.shealth,,,,,2024-10-14 08:11:00.000,e8444869-fa54-4f25-83cc-a2f7f4c2af49,,
,,,,,,,1,,,,,4,0,,0,,,,,,,,,,,,660000,,62720090,,,2024-10-15 04:00:00.000,1001,,,,,30001,,,62720090,,2024-10-15 04:14:06.836,2024-10-15 04:14:06.836,,,1.4062147,,,,1253,942.57,,50.07,,,,UTC+0530,US7nt0+2+q,,,81df5054-9fa0-439e-9f97-1d53535f7a4b.com.samsung.health.exercise.live_data.json,,1.4062147,com.sec.android.app.shealth,,,,,2024-10-15 04:11:00.000,81df5054-9fa0-439e-9f97-1d53535f7a4b,,
,,,,,,,1,,,,,4,0,,0,,,,,,,,,,,,900000,,62720090,,,2024-10-19 09:53:00.000,1001,,,,,30001,,,62720090,,2024-10-19 10:12:57.126,2024-10-19 10:12:57.126,,,3.1666667,,,,1595,1291.26,,73.14,,,,UTC+0530,US7nt0+2+q,,,b39e347a-dd0b-462e-b80e-64c63e61acbe.com.samsung.health.exercise.live_data.json,,1.4347334,com.sec.android.app.shealth,,,,,2024-10-19 10:08:00.000,b39e347a-dd0b-462e-b80e-64c63e61acbe,,
,,,,,,,1,,,,,4,0,,0,,,,,,,,,,,,892000,,62720090,,,2024-10-21 07:45:08.000,1001,,,,,30001,,,62720090,,2024-10-21 08:02:18.904,2024-10-21 08:02:18.904,,,1.4444444,,,,1484,1113.44,,59.11,,,,UTC+0530,US7nt0+2+q,,,83ef7887-59e2-426d-a01d-f6dd84889da2.com.samsung.health.exercise.live_data.json,,1.248251,com.sec.android.app.shealth,,,,,2024-10-21 08:00:00.000,83ef7887-59e2-426d-a01d-f6dd84889da2,,
,,,,,,,1,,,,,4,0,,0,,,,,,,,,,,,643000,,62720090,,,2024-10-21 08:28:17.000,1001,,,,,30001,,,62720090,,2024-10-21 08:41:29.201,2024-10-21 08:41:29.201,,,1.6528219,,,,1137,883.56,,45.32,,,,UTC+0530,US7nt0+2+q,,,6ac166f8-1964-464f-8387-5c68ff7ede69.com.samsung.health.exercise.live_data.json,,1.3741212,com.sec.android.app.shealth,,,,,2024-10-21 08:39:00.000,6ac166f8-1964-464f-8387-5c68ff7ede69,,
,,,,,,,1,,,,,4,0,,0,,,,,,,,,,,,780000,,62720090,,,2024-10-22 10:54:00.000,1001,,,,,30001,,,62720090,,2024-10-22 11:11:52.953,2024-10-22 11:11:52.953,,,1.4476665,,,,1353,1018.79,,53.81,,,,UTC+0530,US7nt0+2+q,,,f7310d0e-9877-4196-bc4c-b810a9ef52b8.com.samsung.health.exercise.live_data.json,,1.3061411,com.sec.android.app.shealth,,,,,2024-10-22 11:07:00.000,f7310d0e-9877-4196-bc4c-b810a9ef52b8,,
,,,,,,,1,,,,,4,0,,0,,,,,,,,,,,,780000,,62720090,,,2024-10-23 07:42:00.000,1001,,,,,30001,,,62720090,,2024-10-23 07:56:43.636,2024-10-23 07:56:43.636,,,1.3788333,,,,1160,863.4,,46.28,,,,UTC+0530,US7nt0+2+q,,,6a477929-47a8-48a5-9393-3279b97a75a7.com.samsung.health.exercise.live_data.json,,1.1069231,com.sec.android.app.shealth,,,,,2024-10-23 07:55:00.000,6a477929-47a8-48a5-9393-3279b97a75a7,,
,,,,,,,1,,,,,4,0,,0,,,,,,,,,,,,660000,,62720090,,,2024-10-24 07:49:00.000,1001,,,,,30001,,,62720090,,2024-10-24 08:00:06.544,2024-10-24 08:00:06.544,,,1.3611112,,,,1046,785.58,,41.81,,,,UTC+0530,US7nt0+2+q,,,d1b7e068-e1e7-4ea8-8dd8-855641d311e5.com.samsung.health.exercise.live_data.json,,1.1902728,com.sec.android.app.shealth,,,,,2024-10-24 08:00:00.000,d1b7e068-e1e7-4ea8-8dd8-855641d311e5,,
,,,,,,,1,,,,,4,0,,0,,,,,,,,,,,,713000,,62720090,,,2024-10-24 08:32:07.000,1001,,,,,30001,,,62720090,,2024-10-24 08:56:51.887,2024-10-24 08:56:51.887,,,1.4980476,,,,1303,993.53,,51.93,,,,UTC+0530,US7nt0+2+q,,,dfbef4db-8265-4bf3-a6cc-3e6d598a0e4d.com.samsung.health.exercise.live_data.json,,1.3934503,com.sec.android.app.shealth,,,,,2024-10-24 08:44:00.000,dfbef4db-8265-4bf3-a6cc-3e6d598a0e4d,,
,,,,,,,1,,,,,4,0,,0,,,,,,,,,,,,780000,,62810050,,,2024-10-24 11:03:00.000,1001,,,,,30001,,,62810050,,2024-10-24 11:27:53.273,2024-10-24 11:27:53.273,,,1.3611112,,,,1336,1003.0,,53.26,,,,UTC+0530,US7nt0+2+q,,,800c5a00-ecc3-40ab-b90b-5f7500178621.com.samsung.health.exercise.live_data.json,,1.2858975,com.sec.android.app.shealth,,,,,2024-10-24 11:16:00.000,800c5a00-ecc3-40ab-b90b-5f7500178621,,
,,,,,,,1,,,,,4,0,,0,,,,,,,,,,,,660000,,62810050,,,2024-10-25 03:31:00.000,1001,,,,,30001,,,62810050,,2024-10-25 04:40:49.031,2024-10-25 04:40:49.031,,,1.4722222,,,,1109,835.55,,44.25,,,,UTC+0530,US7nt0+2+q,,,3d1062e0-07fd-4cdb-bfad-b0e9de6e6f78.com.samsung.health.exercise.live_data.json,,1.265985,com.sec.android.app.shealth,,,,,2024-10-25 03:42:00.000,3d1062e0-07fd-4cdb-bfad-b0e9de6e6f78,,
,,,,,,,1,,,,,4,0,,0,,,,,,,,,,,,780000,,62810050,,,2024-10-25 11:13:00.000,1001,,,,,30001,,,62810050,,2024-10-25 11:27:26.642,2024-10-25 11:27:26.642,,,1.6111112,,,,1302,978.36,,51.989998,,,,UTC+0530,US7nt0+2+q,,,227ea02c-fa9f-4480-a33a-8e3588f6f5dc.com.samsung.health.exercise.live_data.json,,1.2543077,com.sec.android.app.shealth,,,,,2024-10-25 11:26:00.000,227ea02c-fa9f-4480-a33a-8e3588f6f5dc,,
,,,,,,,1,,,,,4,0,,0,,,,,,,,,,,,638000,,62810050,,,2024-10-30 03:33:22.000,1001,,,,,30001,,,62810050,,2024-10-30 03:55:02.366,2024-10-30 03:55:02.366,,,1.4071667,,,,1215,919.52997,,48.43,,,,UTC+0530,US7nt0+2+q,,,5818527a-7425-44cf-951f-158ed126feb5.com.samsung.health.exercise.live_data.json,,1.4071667,com.sec.android.app.shealth,,,,,2024-10-30 03:44:00.000,5818527a-7425-44cf-951f-158ed126feb5,,
,,,,,,,1,,,,,4,0,,0,,,,,,,,,,,,660000,,62810050,,,2024-10-30 07:29:00.000,1001,,,,,30001,,,62810050,,2024-10-30 07:42:41.409,2024-10-30 07:42:41.409,,,1.5,,,,1135,861.46,,45.24,,,,UTC+0530,US7nt0+2+q,,,43930b6d-5e6a-43c5-bc93-4b55353ab2bd.com.samsung.health.exercise.live_data.json,,1.3052424,com.sec.android.app.shealth,,,,,2024-10-30 07:40:00.000,43930b6d-5e6a-43c5-bc93-4b55353ab2bd,,
,,,,,,,1,,,,,4,0,,0,,,,,,,,,,,,705000,,62810050,,,2024-11-05 07:40:15.000,1001,,,,,30001,,,62810050,,2024-11-05 07:53:36.951,2024-11-05 07:53:36.951,,,1.4444444,,,,1193,899.15,,47.61,,,,UTC+0530,US7nt0+2+q,,,eec0075d-a134-4d64-84ff-913d84846b4d.com.samsung.health.exercise.live_data.json,,1.27539,com.sec.android.app.shealth,,,,,2024-11-05 07:52:00.000,eec0075d-a134-4d64-84ff-913d84846b4d,,
,,,,,,,1,,,,,4,0,,0,,,,,,,,,,,,659723,,62810050,,,2024-11-07 03:46:00.000,1001,,,,,30001,,,62810050,,2024-11-07 05:45:53.208,2024-11-07 05:45:53.208,,,1.468,,,,1157,873.51,,46.079998,,,,UTC+0530,US7nt0+2+q,,,8f0bc126-357c-4054-be2e-41886bc4d445.com.samsung.health.exercise.live_data.json,,1.3240557,com.sec.android.app.shealth,,,,,2024-11-07 03:57:00.000,8f0bc126-357c-4054-be2e-41886bc4d445,,
,,,,,,,1,,,,,4,0,,0,,,,,,,,,,,,687000,,62810050,,,2024-11-08 08:50:33.000,1001,,,,,30001,,,62810050,,2024-11-08 09:05:01.108,2024-11-08 09:05:01.108,,,1.5276225,,,,1225,924.33,,48.69,,,,UTC+0530,US7nt0+2+q,,,a57aa2a8-5332-47cc-96bd-8e155fb04ffe.com.samsung.health.exercise.live_data.json,,1.3454586,com.sec.android.app.shealth,,,,,2024-11-08 09:02:00.000,a57aa2a8-5332-47cc-96bd-8e155fb04ffe,,
,,,,,,,1,,,,,4,0,,0,,,,,,,,,,,,710000,,62820030,,,2024-11-12 10:44:10.000,1001,,,,,30001,,,62820030,,2024-11-12 10:59:04.331,2024-11-12 10:59:04.331,,,1.3896868,,,,1239,933.6,,49.43,,,,UTC+0530,US7nt0+2+q,,,f1aa8173-8967-476b-9d02-8e03679eb006.com.samsung.health.exercise.live_data.json,,1.3149296,com.sec.android.app.shealth,,,,,2024-11-12 10:56:00.000,f1aa8173-8967-476b-9d02-8e03679eb006,,
,,,,,,,1,,,,,4,0,,0,,,,,,,,,,,,1200000,,62820030,,,2024-11-14 11:03:00.000,1001,,,,,30001,,,62820030,,2024-11-14 11:24:26.039,2024-11-14 11:24:26.039,,,1.3315182,,,,1950,1451.58,,77.82,,,,UTC+0530,US7nt0+2+q,,,4be00bf3-4449-4409-a876-2db2a275638b.com.samsung.health.exercise.live_data.json,,1.20965,com.sec.android.app.shealth,,,,,2024-11-14 11:23:00.000,4be00bf3-4449-4409-a876-2db2a275638b,,
,,,,,,,1,,,,,4,0,,0,,,,,,,,,,,,2640000,,62820030,,,2024-11-14 12:05:00.000,1001,,,,,30001,,,62820030,,2024-11-14 12:50:09.389,2024-11-14 12:50:09.389,,,1.5,,,,4573,3464.98,,182.69,,,,UTC+0530,US7nt0+2+q,,,59a705da-98d7-4784-b6a6-6d60c2e16a12.com.samsung.health.exercise.live_data.json,,1.3124924,com.sec.android.app.shealth,,,,,2024-11-14 12:49:00.000,59a705da-98d7-4784-b6a6-6d60c2e16a12,,
,,,,,,,1,,,,,4,0,,0,,,,,,,,,,,,877259,,62820030,,,2024-11-14 16:33:22.000,1001,,,,,30001,,,62820030,,2024-11-14 16:52:02.705,2024-11-14 16:52:02.705,,,1.5,,,,1598,1221.67,,63.79,,,,UTC+0530,US7nt0+2+q,,,521260ca-829f-4412-86ff-64db293d65e7.com.samsung.health.exercise.live_data.json,,1.392599,com.sec.android.app.shealth,,,,,2024-11-14 16:48:00.000,521260ca-829f-4412-86ff-64db293d65e7,,
,,,,,,,1,,,,,4,0,,0,,,,,,,,,,,,840000,,62820030,,,2024-11-17 05:00:00.000,1001,,,,,30001,,,62820030,,2024-11-17 05:29:09.917,2024-11-17 05:29:09.917,,,1.2777778,,,,1365,1012.46,,54.45,,,,UTC+0530,US7nt0+2+q,,,4cff76a4-9c53-4041-b749-b6604a7025a4.com.samsung.health.exercise.live_data.json,,1.2053095,com.sec.android.app.shealth,,,,,2024-11-17 05:14:00.000,4cff76a4-9c53-4041-b749-b6604a7025a4,,
,,,,,,,1,,,,,4,0,,0,,,,,,,,,,,,900000,,62820030,,,2024-11-17 12:37:00.000,1001,,,,,30001,,,62820030,,2024-11-17 12:54:03.917,2024-11-17 12:54:03.917,,,1.4166666,,,,1414,1058.42,,56.39,,,,UTC+0530,US7nt0+2+q,,,485d4a00-2126-4aff-89a8-d138cf774200.com.samsung.health.exercise.live_data.json,,1.1760223,com.sec.android.app.shealth,,,,,2024-11-17 12:52:00.000,485d4a00-2126-4aff-89a8-d138cf774200,,
,,,,,,,1,,,,,4,0,,0,,,,,,,,,,,,956379,,62820030,,,2024-11-17 13:47:03.000,1001,,,,,30001,,,62820030,,2024-11-17 14:11:26.046,2024-11-17 14:11:26.046,,,1.5219191,,,,1527,1147.33,,60.79,,,,UTC+0530,US7nt0+2+q,,,f221d61c-9007-4ba6-9c51-eb630a89afd0.com.samsung.health.exercise.live_data.json,,1.1996604,com.sec.android.app.shealth,,,,,2024-11-17 14:03:00.000,f221d61c-9007-4ba6-9c51-eb630a89afd0,,
,,,,,,,1,,,,,4,0,,0,,,,,,,,,,,,779000,,62820030,,,2024-11-17 14:15:01.000,1001,,,,,30001,,,62820030,,2024-11-17 14:30:19.414,2024-11-17 14:30:19.414,,,1.3341635,,,,1263,943.68,,50.39,,,,UTC+0530,US7nt0+2+q,,,f420e600-8ff9-4edb-9e1c-516e2ad1f5ee.com.samsung.health.exercise.live_data.json,,1.2113992,com.sec.android.app.shealth,,,,,2024-11-17 14:28:00.000,f420e600-8ff9-4edb-9e1c-516e2ad1f5ee,,
,,,,,,,1,,,,,4,0,,0,,,,,,,,,,,,704992,,62820030,,,2024-11-18 03:33:15.000,1001,,,,,30001,,,62820030,,2024-11-18 03:46:54.469,2024-11-18 03:46:54.469,,,1.5759082,,,,1246,944.48,,49.73,,,,UTC+0530,US7nt0+2+q,,,b7221371-4fbe-4dc6-88df-5db7446bddd5.com.samsung.health.exercise.live_data.json,,1.3397031,com.sec.android.app.shealth,,,,,2024-11-18 03:45:00.000,b7221371-4fbe-4dc6-88df-5db7446bddd5,,
,,,,,,,1,,,,,4,0,,0,,,,,,,,,,,,650000,,62820030,,,2024-11-20 03:36:10.000,1001,,,,,30001,,,62820030,,2024-11-20 03:53:33.203,2024-11-20 03:53:33.203,,,1.4415,,,,1185,896.61,,47.16,,,,UTC+0530,US7nt0+2+q,,,6ee6e5e0-a24b-4847-b0d2-96eaf0e4142a.com.samsung.health.exercise.live_data.json,,1.3794,com.sec.android.app.shealth,,,,,2024-11-20 03:47:00.000,6ee6e5e0-a24b-4847-b0d2-96eaf0e4142a,,
,,,,,,,1,,,,,4,0,,0,,,,,,,,,,,,898000,,62820030,,,2024-11-22 03:49:02.000,1001,,,,,30001,,,62820030,,2024-11-22 05:28:28.314,2024-11-22 05:28:28.314,,,1.4115492,,,,1496,1119.9299,,59.65,,,,UTC+0530,US7nt0+2+q,,,b7aec8d6-52b3-40cf-ad41-6a9e49551928.com.samsung.health.exercise.live_data.json,,1.247138,com.sec.android.app.shealth,,,,,2024-11-22 04:04:00.000,b7aec8d6-52b3-40cf-ad41-6a9e49551928,,
,,,,,,,1,,,,,4,0,,0,,,,,,,,,,,,1059909,,62820030,,,2024-11-22 10:37:20.000,1001,,,,,30001,,,62820030,,2024-11-22 10:58:47.320,2024-11-22 10:58:47.320,,,1.6413335,,,,1796,1390.63,,71.14,,,,UTC+0530,US7nt0+2+q,,,3fa729ac-ad22-4679-9e99-7634a5e2eb5d.com.samsung.health.exercise.live_data.json,,1.3120277,com.sec.android.app.shealth,,,,,2024-11-22 10:55:00.000,3fa729ac-ad22-4679-9e99-7634a5e2eb5d,,
,,,,,,,1,,,,,4,0,,0,,,,,,,,,,,,1139610,,62820030,,,2024-11-22 14:26:00.000,1001,,,,,30001,,,62820030,,2024-11-22 14:46:08.818,2024-11-22 14:46:08.818,,,1.9627637,,,,1873,1457.79,,77.06,,,,UTC+0530,US7nt0+2+q,,,528043ea-5dbc-46d8-babf-d90217455e94.com.samsung.health.exercise.live_data.json,,1.2792007,com.sec.android.app.shealth,,,,,2024-11-22 14:45:00.000,528043ea-5dbc-46d8-babf-d90217455e94,,
,,,,,,,1,,,,,4,0,,0,,,,,,,,,,,,653000,,62820030,,,2024-12-04 08:14:07.000,1001,,,,,30001,,,62820030,,2024-12-04 08:32:31.096,2024-12-04 08:32:31.096,,,1.4444444,,,,1250,949.85,,49.87,,,,UTC+0530,US7nt0+2+q,,,8ac56cd0-256a-45c0-9fdc-2f2485a1350d.com.samsung.health.exercise.live_data.json,,1.4444444,com.sec.android.app.shealth,,,,,2024-12-04 08:25:00.000,8ac56cd0-256a-45c0-9fdc-2f2485a1350d,,
,,,,,,,1,,,,,4,0,,0,,,,,,,,,,,,720000,,62850050,,,2024-12-09 14:52:00.000,1001,,,,,30001,,,62850050,,2024-12-09 15:05:28.508,2024-12-09 15:05:28.508,,,1.4415001,,,,1316,1000.65,,39.57,,,,UTC+0530,US7nt0+2+q,,,7cea397a-e784-43b8-a3fc-c9de74770c48.com.samsung.health.exercise.live_data.json,,1.3897916,com.sec.android.app.shealth,,,,,2024-12-09 15:04:00.000,7cea397a-e784-43b8-a3fc-c9de74770c48,,
,,,,,,,1,,,,,4,0,,0,,,,,,,,,,,,699916,,62850050,,,2024-12-09 18:57:20.000,1001,,,,,30001,,,62850050,,2024-12-09 19:14:06.784,2024-12-09 19:14:06.784,,,1.6666666,,,,1161,882.63,,35.03,,,,UTC+0530,US7nt0+2+q,,,5b077195-d198-48b5-8886-79734e150fe2.com.samsung.health.exercise.live_data.json,,1.2610513,com.sec.android.app.shealth,,,,,2024-12-09 19:09:00.000,5b077195-d198-48b5-8886-79734e150fe2,,
,,,,,,,1,,,,,4,0,,0,,,,,,,,,,,,779617,,62850050,,,2024-12-18 04:59:00.000,1001,,,,,30001,,,62850050,,2024-12-18 05:13:30.350,2024-12-18 05:13:30.350,,,1.3958333,,,,1251,938.16,,37.67,,,,UTC+0530,US7nt0+2+q,,,cd9d92a5-814c-4615-b0fb-cde0ec8a23d8.com.samsung.health.exercise.live_data.json,,1.2033602,com.sec.android.app.shealth,,,,,2024-12-18 05:12:00.000,cd9d92a5-814c-4615-b0fb-cde0ec8a23d8,,
,,,,,,,1,,,,,4,0,,0,,,,,,,,,,,,1680000,,62850050,,,2024-12-19 12:30:00.000,1001,,,,,30001,,,62850050,,2024-12-19 13:04:35.044,2024-12-19 13:04:35.044,,,1.5,,,,2994,2282.3699,,90.21,,,,UTC+0530,US7nt0+2+q,,,12a7527c-ea71-4883-b660-fe0dcb4c9e75.com.samsung.health.exercise.live_data.json,,1.3585536,com.sec.android.app.shealth,,,,,2024-12-19 12:58:00.000,12a7527c-ea71-4883-b660-fe0dcb4c9e75,,
,,,,,,,1,,,,,4,0,,0,,,,,,,,,,,,720000,,62850050,,,2024-12-20 03:49:00.000,1001,,,,,30001,,,62850050,,2024-12-20 05:08:47.131,2024-12-20 05:08:47.131,,,1.3888888,,,,1240,933.54,,37.31,,,,UTC+0530,US7nt0+2+q,,,3fa6664f-c3d0-493f-a2c5-1368c7388dd4.com.samsung.health.exercise.live_data.json,,1.2965833,com.sec.android.app.shealth,,,,,2024-12-20 04:01:00.000,3fa6664f-c3d0-493f-a2c5-1368c7388dd4,,
,,,,,,,1,,,,,4,0,,0,,,,,,,,,,,,651000,,62850050,,,2024-12-20 09:18:09.000,1001,,,,,30001,,,62850050,,2024-12-20 09:31:28.028,2024-12-20 09:31:28.028,,,1.6666666,,,,1152,893.8,,34.79,,,,UTC+0530,US7nt0+2+q,,,605d58ca-83c4-4adc-80cc-860d74932ed6.com.samsung.health.exercise.live_data.json,,1.3729647,com.sec.android.app.shealth,,,,,2024-12-20 09:29:00.000,605d58ca-83c4-4adc-80cc-860d74932ed6,,
,,,,,,,1,,,,,4,0,,0,,,,,,,,,,,,990000,,62850050,,,2024-12-21 09:49:30.000,1001,,,,,30001,,,62850050,,2024-12-21 10:20:03.224,2024-12-21 10:20:03.224,,,1.4166666,,,,1777,1350.92,,53.4,,,,UTC+0530,US7nt0+2+q,,,288e1700-8403-4a6a-8826-1f401ce35896.com.samsung.health.exercise.live_data.json,,1.3645657,com.sec.android.app.shealth,,,,,2024-12-21 10:06:00.000,288e1700-8403-4a6a-8826-1f401ce35896,,
,,,,,,,1,,,,,4,0,,0,,,,,,,,,,,,624000,,62850050,,,2025-01-16 03:34:36.000,1001,,,,,30001,,,62850050,,2025-01-16 04:55:08.711,2025-01-16 04:55:08.711,,,1.6666666,,,,1173,907.12,,35.31,,,,UTC+0530,US7nt0+2+q,,,fc14b470-803f-493a-928c-05f19b1dc7f6.com.samsung.health.exercise.live_data.json,,1.453718,com.sec.android.app.shealth,,,,,2025-01-16 03:45:00.000,fc14b470-803f-493a-928c-05f19b1dc7f6,,
,,,,,,,1,,,,,4,0,,0,,,,,,,,,,,,719410,,62850050,,,2025-01-16 11:24:00.000,1001,,,,,30001,,,62850050,,2025-01-16 11:44:28.426,2025-01-16 11:44:28.426,,,1.4058334,,,,1300,979.55,,39.1,,,,UTC+0530,US7nt0+2+q,,,e60dca3e-b88a-4378-be0e-898d981178dc.com.samsung.health.exercise.live_data.json,,1.3616018,com.sec.android.app.shealth,,,,,2025-01-16 11:36:00.000,e60dca3e-b88a-4378-be0e-898d981178dc,,
,,,,,,,1,,,,,4,0,,0,,,,,,,,,,,,720000,,62900750,,,2025-01-20 10:37:00.000,1001,,,,,30001,,,62900750,,2025-01-20 10:55:03.765,2025-01-20 10:55:03.765,,,1.3611112,,,,1221,914.77997,,36.78,,,,UTC+0530,US7nt0+2+q,,,1e63de94-1b02-45fc-93d7-9efe66301ffd.com.samsung.health.exercise.live_data.json,,1.2705277,com.sec.android.app.shealth,,,,,2025-01-20 10:49:00.000,1e63de94-1b02-45fc-93d7-9efe66301ffd,,
,,,,,,,1,,,,,4,0,,0,,,,,,,,,,,,780000,,62900750,,,2025-01-21 10:58:00.000,1001,,,,,30001,,,62900750,,2025-01-21 11:16:25.348,2025-01-21 11:16:25.348,,,1.434,,,,1278,959.86,,38.66,,,,UTC+0530,US7nt0+2+q,,,384527e1-52a9-49a6-b4cd-d93da45206e8.com.samsung.health.exercise.live_data.json,,1.2305899,com.sec.android.app.shealth,,,,,2025-01-21 11:11:00.000,384527e1-52a9-49a6-b4cd-d93da45206e8,,
,,,,,,,1,,,,,4,0,,0,,,,,,,,,,,,643000,,62900750,,,2025-01-22 03:30:17.000,1001,,,,,30001,,,62900750,,2025-01-22 03:51:25.245,2025-01-22 03:51:25.245,,,1.5277778,,,,1201,917.08997,,37.02,,,,UTC+0530,US7nt0+2+q,,,066f10bd-6a8a-4fe8-94ce-5170a5f284c9.com.samsung.health.exercise.live_data.json,,1.4262675,com.sec.android.app.shealth,,,,,2025-01-22 03:41:00.000,066f10bd-6a8a-4fe8-94ce-5170a5f284c9,,
,,,,,,,1,,,,,4,0,,0,,,,,,,,,,,,653699,,62900750,,,2025-01-23 11:03:06.000,1001,,,,,30001,,,62900750,,2025-01-23 11:23:58.966,2025-01-23 11:23:58.966,,,1.3888888,,,,1053,790.48,,33.82,,,,UTC+0530,US7nt0+2+q,,,1b4d07fe-13f0-449a-af74-9183f1f266a2.com.samsung.health.exercise.live_data.json,,1.2092415,com.sec.android.app.shealth,,,,,2025-01-23 11:14:00.000,1b4d07fe-13f0-449a-af74-9183f1f266a2,,
,,,,,,,1,,,,,4,0,,0,,,,,,,,,,,,899839,,62900750,,,2025-01-25 09:46:00.000,1001,,,,,30001,,,62900750,,2025-01-25 10:11:31.812,2025-01-25 10:11:31.812,,,2.3840797,,,,1871,1504.87,,65.01,,,,UTC+0530,US7nt0+2+q,,,c3c45c52-f3da-4863-ba53-5e5111bb0d0d.com.samsung.health.exercise.live_data.json,,1.672377,com.sec.android.app.shealth,,,,,2025-01-25 10:01:00.000,c3c45c52-f3da-4863-ba53-5e5111bb0d0d,,
,,,,,,,1,,,,,4,0,,0,,,,,,,,,,,,713000,,62900750,,,2025-01-25 16:50:07.000,1001,,,,,30001,,,62900750,,2025-01-25 17:03:22.957,2025-01-25 17:03:22.957,,,1.4722222,,,,1221,931.56,,37.4,,,,UTC+0530,US7nt0+2+q,,,49907fea-dff4-4d48-a81e-c845b1e27c96.com.samsung.health.exercise.live_data.json,,1.3065357,com.sec.android.app.shealth,,,,,2025-01-25 17:02:00.000,49907fea-dff4-4d48-a81e-c845b1e27c96,,
,,,,,,,1,,,,,4,0,,0,,,,,,,,,,,,686205,,62900750,,,2025-01-28 03:30:33.000,1001,,,,,30001,,,62900750,,2025-01-28 03:54:44.833,2025-01-28 03:54:44.833,,,1.4444444,,,,1233,934.51,,38.12,,,,UTC+0530,US7nt0+2+q,,,8d7cf65a-6b0a-4090-8df9-19025e4602b0.com.samsung.health.exercise.live_data.json,,1.3618525,com.sec.android.app.shealth,,,,,2025-01-28 03:42:00.000,8d7cf65a-6b0a-4090-8df9-19025e4602b0,,
,,,,,,,1,,,,,4,0,,0,,,,,,,,,,,,1020000,,62900750,,,2025-01-29 03:17:00.000,1001,,,,,30001,,,62900750,,2025-01-29 03:37:31.823,2025-01-29 03:37:31.823,,,1.4400744,,,,1796,1347.52,,57.579998,,,,UTC+0530,US7nt0+2+q,,,5226da5f-2945-4db4-94b4-503b9d779422.com.samsung.health.exercise.live_data.json,,1.321098,com.sec.android.app.shealth,,,,,2025-01-29 03:34:00.000,5226da5f-2945-4db4-94b4-503b9d779422,,
,,,,,,,1,,,,,4,0,,0,,,,,,,,,,,,4139498,,62900750,,,2025-02-02 02:14:00.000,1001,,,,,30001,,,62900750,,2025-02-02 03:24:12.441,2025-02-02 03:24:12.441,,,1.4444444,,,,6944,5236.02,,218.4,,,,UTC+0530,US7nt0+2+q,,,f49163a8-2336-44c3-b22b-b6b48587185c.com.samsung.health.exercise.live_data.json,,1.2648926,com.sec.android.app.shealth,,,,,2025-02-02 03:23:00.000,f49163a8-2336-44c3-b22b-b6b48587185c,,
,,,,,,,1,,,,,4,0,,0,,,,,,,,,,,,1019372,,62900750,,,2025-02-02 03:57:00.000,1001,,,,,30001,,,62900750,,2025-02-02 04:28:16.223,2025-02-02 04:28:16.223,,,1.3888888,,,,1393,1036.69,,45.65,,,,UTC+0530,US7nt0+2+q,,,6b1684cb-5317-46ce-98f2-8a2889b42af3.com.samsung.health.exercise.live_data.json,,1.0169889,com.sec.android.app.shealth,,,,,2025-02-02 04:14:00.000,6b1684cb-5317-46ce-98f2-8a2889b42af3,,
,,,,,,,1,,,,,4,0,,0,,,,,,,,,,,,2880000,,62900750,,,2025-02-02 04:32:00.000,1001,,,,,30001,,,62900750,,2025-02-02 05:22:07.768,2025-02-02 05:22:07.768,,,1.4966667,,,,4970,3761.86,,151.22,,,,UTC+0530,US7nt0+2+q,,,d865d036-4a3c-4c8f-a5fe-bb0b88a490af.com.samsung.health.exercise.live_data.json,,1.3062013,com.sec.android.app.shealth,,,,,2025-02-02 05:20:00.000,d865d036-4a3c-4c8f-a5fe-bb0b88a490af,,
,,,,,,,1,,,,,4,0,,0,,,,,,,,,,,,641000,,62900750,,,2025-02-04 11:10:19.000,1001,,,,,30001,,,62900750,,2025-02-04 11:21:32.870,2025-02-04 11:21:32.870,,,1.4456667,,,,1047,789.21,,33.53,,,,UTC+0530,US7nt0+2+q,,,b8149f7f-15f1-441f-8221-198c3aaaabd7.com.samsung.health.exercise.live_data.json,,1.2312169,com.sec.android.app.shealth,,,,,2025-02-04 11:21:00.000,b8149f7f-15f1-441f-8221-198c3aaaabd7,,
,,,,,,,1,,,,,4,0,,0,,,,,,,,,,,,780000,,62900750,,,2025-02-05 03:14:00.000,1001,,,,,30001,,,62900750,,2025-02-05 03:29:01.165,2025-02-05 03:29:01.165,,,1.4535,,,,1232,934.26,,37.66,,,,UTC+0530,US7nt0+2+q,,,0ffdf5c2-d289-4a00-90c7-6e4f8402b653.com.samsung.health.exercise.live_data.json,,1.1977693,com.sec.android.app.shealth,,,,,2025-02-05 03:27:00.000,0ffdf5c2-d289-4a00-90c7-6e4f8402b653,,
,,,,,,,1,,,,,4,0,,0,,,,,,,,,,,,638316,,62910110,,,2025-02-07 05:59:21.000,1001,,,,,30001,,,62910110,,2025-02-07 06:11:40.377,2025-02-07 06:11:40.377,,,2.844975,,,,1207,977.36,,43.68,,,,UTC+0530,US7nt0+2+q,,,fb619878-d674-4d1a-9270-2bec3e73f0f7.com.samsung.health.exercise.live_data.json,,1.5311538,com.sec.android.app.shealth,,,,,2025-02-07 06:10:00.000,fb619878-d674-4d1a-9270-2bec3e73f0f7,,
,,,,,,,1,,,,,4,0,,0,,,,,,,,,,,,1500000,,62920010,,,2025-02-13 15:14:00.000,1001,,,,,30001,,,62920010,,2025-02-13 15:42:06.871,2025-02-13 15:42:06.871,,,1.5214713,,,,2465,1870.5,,97.03,,,,UTC+0530,US7nt0+2+q,,,a144c5b7-616a-4c0a-b283-b6a31c55f739.com.samsung.health.exercise.live_data.json,,1.2470001,com.sec.android.app.shealth,,,,,2025-02-13 15:39:00.000,a144c5b7-616a-4c0a-b283-b6a31c55f739,,
,,,,,,,1,,,,,4,0,,0,,,,,,,,,,,,930000,,62920010,,,2025-02-15 07:16:30.000,1001,,,,,30001,,,62920010,,2025-02-15 08:23:00.983,2025-02-15 08:23:00.983,,,1.5221492,,,,1719,1317.48,,67.65,,,,UTC+0530,US7nt0+2+q,,,b49079a2-1ebc-4559-b1c2-c9b15f0dbd26.com.samsung.health.exercise.live_data.json,,1.4166453,com.sec.android.app.shealth,,,,,2025-02-15 07:32:00.000,b49079a2-1ebc-4559-b1c2-c9b15f0dbd26,,
,,,,,,,1,,,,,4,0,,0,,,,,,,,,,,,687000,,62920010,,,2025-02-15 08:23:33.000,1001,,,,,30001,,,62920010,,2025-02-15 08:40:50.594,2025-02-15 08:40:50.594,,,1.6634574,,,,1361,1048.83,,53.8,,,,UTC+0530,US7nt0+2+q,,,c85fddc6-5127-4362-818a-726ef6f1573f.com.samsung.health.exercise.live_data.json,,1.5266812,com.sec.android.app.shealth,,,,,2025-02-15 08:35:00.000,c85fddc6-5127-4362-818a-726ef6f1573f,,
,,,,,,,1,,,,,4,0,,0,,,,,,,,,,,,758000,,62920010,,,2025-02-20 09:57:22.000,1001,,,,,30001,,,62920010,,2025-02-20 10:11:41.561,2025-02-20 10:11:41.561,,,1.6593504,,,,1219,950.22,,40.69,,,,UTC+0530,US7nt0+2+q,,,39a55727-3dab-4b31-bd4c-f8495896c953.com.samsung.health.exercise.live_data.json,,1.2535883,com.sec.android.app.shealth,,,,,2025-02-20 10:10:00.000,39a55727-3dab-4b31-bd4c-f8495896c953,,
,,,,,,,1,,,,,4,0,,0,,,,,,,,,,,,660000,,62920010,,,2025-02-22 04:51:00.000,1001,,,,,30001,,,62920010,,2025-02-22 05:03:30.889,2025-02-22 05:03:30.889,,,1.7222222,,,,1223,960.02997,,38.42,,,,UTC+0530,US7nt0+2+q,,,e3fc0f8d-482b-42ae-8b7f-32d87f14e19b.com.samsung.health.exercise.live_data.json,,1.4545909,com.sec.android.app.shealth,,,,,2025-02-22 05:02:00.000,e3fc0f8d-482b-42ae-8b7f-32d87f14e19b,,
,,,,,,,1,,,,,4,0,,0,,,,,,,,,,,,960000,,62920010,,,2025-02-22 05:22:00.000,1001,,,,,30001,,,62920010,,2025-02-22 05:55:21.759,2025-02-22 05:55:21.759,,,1.9722222,,,,1652,1313.98,,53.28,,,,UTC+0530,US7nt0+2+q,,,1412697c-df9e-4449-a580-aafadfad4bf1.com.samsung.health.exercise.live_data.json,,1.3687291,com.sec.android.app.shealth,,,,,2025-02-22 05:38:00.000,1412697c-df9e-4449-a580-aafadfad4bf1,,
,,,,,,,1,,,,,4,0,,0,,,,,,,,,,,,1980000,,62920010,,,2025-02-22 10:36:00.000,1001,,,,,30001,,,62920010,,2025-02-22 11:10:11.860,2025-02-22 11:10:11.860,,,1.7111133,,,,3099,2416.54,,101.09,,,,UTC+0530,US7nt0+2+q,,,960b9780-83a8-43fb-936f-4ab4699ebc25.com.samsung.health.exercise.live_data.json,,1.2204747,com.sec.android.app.shealth,,,,,2025-02-22 11:09:00.000,960b9780-83a8-43fb-936f-4ab4699ebc25,,
,,,,,,,1,,,,,4,0,,0,,,,,,,,,,,,716307,,62930070,,,2025-02-26 11:13:03.000,1001,,,,,30001,,,62930070,,2025-02-26 11:29:03.174,2025-02-26 11:29:03.174,,,1.4444444,,,,1310,994.52997,,49.53,,,,UTC+0530,US7nt0+2+q,,,68bf201f-7a03-4c46-8dac-9223ea6d1e32.com.samsung.health.exercise.live_data.json,,1.3884131,com.sec.android.app.shealth,,,,,2025-02-26 11:25:00.000,68bf201f-7a03-4c46-8dac-9223ea6d1e32,,
,,,,,,,1,,,,,4,0,,0,,,,,,,,,,,,831000,,62930070,,,2025-02-28 13:21:09.000,1001,,,,,30001,,,62930070,,2025-02-28 13:39:12.430,2025-02-28 13:39:12.430,,,1.6711636,,,,1559,1205.36,,50.1,,,,UTC+0530,US7nt0+2+q,,,3e365849-ecef-442b-8632-17f7e8c4ab3a.com.samsung.health.exercise.live_data.json,,1.4504933,com.sec.android.app.shealth,,,,,2025-02-28 13:35:00.000,3e365849-ecef-442b-8632-17f7e8c4ab3a,,
,,,,,,,1,,,,,4,0,,0,,,,,,,,,,,,773000,,62930070,,,2025-03-03 03:29:07.000,1001,,,,,30001,,,62930070,,2025-03-03 03:46:01.032,2025-03-03 03:46:01.032,,,1.3611112,,,,1332,998.22,,52.2,,,,UTC+0530,US7nt0+2+q,,,784641d0-0ee5-4f00-be71-4ec04f08275d.com.samsung.health.exercise.live_data.json,,1.2913584,com.sec.android.app.shealth,,,,,2025-03-03 03:42:00.000,784641d0-0ee5-4f00-be71-4ec04f08275d,,
,,,,,,,1,,,,,4,0,,0,,,,,,,,,,,,659928,,62930070,,,2025-03-04 03:33:00.000,1001,,,,,30001,,,62930070,,2025-03-04 04:16:26.789,2025-03-04 04:16:26.789,,,1.4444444,,,,1193,906.98,,43.84,,,,UTC+0530,US7nt0+2+q,,,95176893-89db-4f13-bca8-80ef9b7211b0.com.samsung.health.exercise.live_data.json,,1.374362,com.sec.android.app.shealth,,,,,2025-03-04 03:44:00.000,95176893-89db-4f13-bca8-80ef9b7211b0,,
,,,,,,,1,,,,,4,0,,0,,,,,,,,,,,,720000,,62930070,,,2025-03-05 03:36:00.000,1001,,,,,30001,,,62930070,,2025-03-05 03:54:14.572,2025-03-05 03:54:14.572,,,1.405,,,,1277,967.46,,49.91,,,,UTC+0530,US7nt0+2+q,,,9a07d6b6-fa68-4e72-9252-b14a85d3cb66.com.samsung.health.exercise.live_data.json,,1.3436944,com.sec.android.app.shealth,,,,,2025-03-05 03:48:00.000,9a07d6b6-fa68-4e72-9252-b14a85d3cb66,,
,,,,,,,1,,,,,4,0,,0,,,,,,,,,,,,659000,,62930070,,,2025-03-10 11:15:01.000,1001,,,,,30001,,,62930070,,2025-03-10 11:31:25.082,2025-03-10 11:31:25.082,,,1.3798333,,,,1081,805.47,,43.01,,,,UTC+0530,US7nt0+2+q,,,bb02f1b7-7838-49e3-ac5c-a0e73f0b712a.com.samsung.health.exercise.live_data.json,,1.2222611,com.sec.android.app.shealth,,,,,2025-03-10 11:26:00.000,bb02f1b7-7838-49e3-ac5c-a0e73f0b712a,,
,,,,,,,1,,,,,4,0,,0,,,,,,,,,,,,629000,,62930070,,,2025-03-17 03:37:31.000,1001,,,,,30001,,,62930070,,2025-03-17 03:56:42.842,2025-03-17 03:56:42.842,,,1.4722222,,,,1074,819.92,,39.61,,,,UTC+0530,US7nt0+2+q,,,245fd60a-c5fb-4b33-8111-ec0807e00385.com.samsung.health.exercise.live_data.json,,1.3035295,com.sec.android.app.shealth,,,,,2025-03-17 03:48:00.000,245fd60a-c5fb-4b33-8111-ec0807e00385,,
,,,,,,,1,,,,,4,0,,0,,,,,,,,,,,,653000,,62930070,,,2025-03-18 03:06:07.000,1001,,,,,30001,,,62930070,,2025-03-18 03:26:02.474,2025-03-18 03:26:02.474,,,1.4444444,,,,1166,887.3,,44.239998,,,,UTC+0530,US7nt0+2+q,,,029b222b-185f-49af-b459-c70d5070a51f.com.samsung.health.exercise.live_data.json,,1.3588054,com.sec.android.app.shealth,,,,,2025-03-18 03:17:00.000,029b222b-185f-49af-b459-c70d5070a51f,,
,,,,,,,1,,,,,4,0,,0,,,,,,,,,,,,720000,,62930070,,,2025-03-18 08:44:00.000,1001,,,,,30001,,,62930070,,2025-03-18 08:59:26.707,2025-03-18 08:59:26.707,,,1.3611112,,,,1149,864.39,,45.45,,,,UTC+0530,US7nt0+2+q,,,dc9e3597-a3e4-467e-a470-6bc07de360ec.com.samsung.health.exercise.live_data.json,,1.2005417,com.sec.android.app.shealth,,,,,2025-03-18 08:56:00.000,dc9e3597-a3e4-467e-a470-6bc07de360ec,,
,,,,,,,1,,,,,4,0,,0,,,,,,,,,,,,775993,,62930070,,,2025-03-19 10:19:04.000,1001,,,,,30001,,,62930070,,2025-03-19 10:33:08.775,2025-03-19 10:33:08.775,,,1.4722222,,,,1247,954.14,,47.05,,,,UTC+0530,US7nt0+2+q,,,71de475b-89db-4beb-b8f6-487aec2d9adf.com.samsung.health.exercise.live_data.json,,1.229573,com.sec.android.app.shealth,,,,,2025-03-19 10:32:00.000,71de475b-89db-4beb-b8f6-487aec2d9adf,,
,,,,,,,1,,,,,4,0,,0,,,,,,,,,,,,2753156,,62930070,,d4b535eb-9def-402b-be1d-331c3a3d8528.com.samsung.health.exercise.location_data.json,2025-03-23 15:28:06.000,1001,,,,,30001,,,62930070,,2025-03-23 16:21:43.831,2025-03-23 16:21:43.831,,,1.4444444,,,,5025,3808.95,,196.06,,,,UTC+0530,US7nt0+2+q,,,d4b535eb-9def-402b-be1d-331c3a3d8528.com.samsung.health.exercise.live_data.json,,1.383485,com.sec.android.app.shealth,,,,,2025-03-23 16:14:00.000,d4b535eb-9def-402b-be1d-331c3a3d8528,,
,,,,,,,1,,,,,4,0,,0,,,,,,,,,,,,1246000,,62930070,,,2025-03-26 15:08:14.000,1001,,,,,30001,,,62930070,,2025-03-26 15:30:16.634,2025-03-26 15:30:16.634,,,1.6388888,,,,2141,1617.52,,64.45,,,,UTC+0530,US7nt0+2+q,,,7035a456-5284-4880-82ca-0e9ec0e8b470.com.samsung.health.exercise.live_data.json,,1.2981701,com.sec.android.app.shealth,,,,,2025-03-26 15:29:00.000,7035a456-5284-4880-82ca-0e9ec0e8b470,,
,,,,,,,1,,,,,4,0,,0,,,,,,,,,,,,659000,,62930070,,,2025-03-26 15:34:01.000,1001,,,,,30001,,,62930070,,2025-03-26 15:46:04.608,2025-03-26 15:46:04.608,,,1.4446666,,,,1064,804.79,,32.13,,,,UTC+0530,US7nt0+2+q,,,fbb821c7-84f4-4176-b374-7ff9509d0943.com.samsung.health.exercise.live_data.json,,1.2212291,com.sec.android.app.shealth,,,,,2025-03-26 15:45:00.000,fbb821c7-84f4-4176-b374-7ff9509d0943,,
,,,,,,,1,,,,,4,0,,0,,,,,,,,,,,,3780000,,62930070,,,2025-03-26 15:45:00.000,1001,,,,,30001,,,62930070,,2025-03-26 17:00:30.910,2025-03-26 17:00:30.910,,,1.5108334,,,,6349,4780.03,,190.75,,,,UTC+0530,US7nt0+2+q,,,48929c87-f401-4add-b1b8-16db376aa2ac.com.samsung.health.exercise.live_data.json,,1.2645582,com.sec.android.app.shealth,,,,,2025-03-26 16:48:00.000,48929c87-f401-4add-b1b8-16db376aa2ac,,
,,,,,,,1,,,,,4,0,,0,,,,,,,,,,,,1555000,,62930070,,9922e66d-416f-4f7e-a7ed-af1b76551784.com.samsung.health.exercise.location_data.json,2025-03-27 14:50:05.000,1001,,,,,30001,,,62930070,,2025-03-27 15:17:54.387,2025-03-27 15:17:54.387,,,1.4563334,,,,2749,2072.28,,82.75,,,,UTC+0530,US7nt0+2+q,,,9922e66d-416f-4f7e-a7ed-af1b76551784.com.samsung.health.exercise.live_data.json,,1.332656,com.sec.android.app.shealth,,,,,2025-03-27 15:16:00.000,9922e66d-416f-4f7e-a7ed-af1b76551784,,
,,,,,,,1,,,,,4,0,,0,,,,,,,,,,,,1077000,,62930070,,,2025-03-27 16:41:03.000,1001,,,,,30001,,,62930070,,2025-03-27 17:01:04.654,2025-03-27 17:01:04.654,,,1.4171666,,,,1961,1476.5,,58.89,,,,UTC+0530,US7nt0+2+q,,,1902f465-e9b1-4e9c-a9c0-ed946221af1d.com.samsung.health.exercise.live_data.json,,1.3709378,com.sec.android.app.shealth,,,,,2025-03-27 16:59:00.000,1902f465-e9b1-4e9c-a9c0-ed946221af1d,,
,,,,,,,1,,,,,4,0,,0,,,,,,,,,,,,1241000,,62930070,,15ad4e21-bb7f-4411-914c-19c5d426ea40.com.samsung.health.exercise.location_data.json,2025-03-29 02:08:19.000,1001,,,,,30001,,,62930070,,2025-03-29 02:35:01.018,2025-03-29 02:35:01.018,,,1.3743334,,,,2080,1574.82,,62.79,,,,UTC+0530,US7nt0+2+q,,,15ad4e21-bb7f-4411-914c-19c5d426ea40.com.samsung.health.exercise.live_data.json,,1.2689927,com.sec.android.app.shealth,,,,,2025-03-29 02:29:00.000,15ad4e21-bb7f-4411-914c-19c5d426ea40,,
,,,,,,,1,,,,,4,0,,0,,,,,,,,,,,,719546,,62930070,,f05a011e-6d41-41f9-9d31-16350562d169.com.samsung.health.exercise.location_data.json,2025-04-01 09:50:00.000,1001,,,,,30001,,,62930070,,2025-04-01 10:08:12.282,2025-04-01 10:08:12.282,,,1.3611112,,,,1153,865.72,,34.8,,,,UTC+0530,US7nt0+2+q,,,f05a011e-6d41-41f9-9d31-16350562d169.com.samsung.health.exercise.live_data.json,,1.2031475,com.sec.android.app.shealth,,,,,2025-04-01 10:02:00.000,f05a011e-6d41-41f9-9d31-16350562d169,,
,,,,,,,1,,,,,4,0,,0,,,,,,,,,,,,719000,,62930070,,227d6603-8107-4e0b-b672-b5c3e7c5eb6f.com.samsung.health.exercise.location_data.json,2025-04-03 10:56:01.000,1001,,,,,30001,,,62930070,,2025-04-03 11:09:18.507,2025-04-03 11:09:18.507,,,1.4194999,,,,1183,884.24,,35.6,,,,UTC+0530,US7nt0+2+q,,,227d6603-8107-4e0b-b672-b5c3e7c5eb6f.com.samsung.health.exercise.live_data.json,,1.2298192,com.sec.android.app.shealth,,,,,2025-04-03 11:08:00.000,227d6603-8107-4e0b-b672-b5c3e7c5eb6f,,
,,,,,,,1,,,,,4,0,,0,,,,,,,,,,,,771000,,62930070,,315a864a-0e65-468b-bd26-061a2b4d5140.com.samsung.health.exercise.location_data.json,2025-04-04 03:30:09.000,1001,,,,,30001,,,62930070,,2025-04-04 04:02:12.820,2025-04-04 04:02:12.820,,,1.4031668,,,,1391,1046.27,,41.91,,,,UTC+0530,US7nt0+2+q,,,315a864a-0e65-468b-bd26-061a2b4d5140.com.samsung.health.exercise.live_data.json,,1.3570298,com.sec.android.app.shealth,,,,,2025-04-04 03:43:00.000,315a864a-0e65-468b-bd26-061a2b4d5140,,
aae4d418-7aae-4ac5-b99e-ed157b7fdc91.live_data_internal.json,0,0,,77.49269,,177.22687,0,,0,,aae4d418-7aae-4ac5-b99e-ed157b7fdc91.sensing_status.json,1,0,,0,,,3,,12.919885,0.0,,,aae4d418-7aae-4ac5-b99e-ed157b7fdc91.location_data_internal.json,,,2459721,,62950170,,aae4d418-7aae-4ac5-b99e-ed157b7fdc91.com.samsung.health.exercise.location_data.json,2025-04-06 15:35:32.717,1001,,834.52295,380.0,,30001,,819.0197,62950170,,2025-04-06 16:24:44.306,2025-04-06 15:35:32.720,,,9.886666,,,,4339,4041.76,,168.0,,227.0,,UTC+0530,US7nt0+2+q,,,aae4d418-7aae-4ac5-b99e-ed157b7fdc91.com.samsung.health.exercise.live_data.json,,1.6436601,com.sec.android.app.shealth,43.996128,46.984947,,,2025-04-06 16:24:43.714,aae4d418-7aae-4ac5-b99e-ed157b7fdc91,,
,,,,,,,1,,,,,4,0,,0,,,,,,,,,,,,660000,,62950170,,8295ac75-44d7-49d0-b33a-475efc5e1b77.com.samsung.health.exercise.location_data.json,2025-04-08 10:41:00.000,1001,,,,,30001,,,62950170,,2025-04-08 10:57:11.263,2025-04-08 10:57:11.263,,,1.3888888,,,,1071,798.52,,32.2,,,,UTC+0530,US7nt0+2+q,,,8295ac75-44d7-49d0-b33a-475efc5e1b77.com.samsung.health.exercise.live_data.json,,1.2098788,com.sec.android.app.shealth,,,,,2025-04-08 10:52:00.000,8295ac75-44d7-49d0-b33a-475efc5e1b77,,
bd3df987-aae7-442e-aade-ced4df349666.live_data_internal.json,0,0,,77.4965,,336.28537,0,,0,,bd3df987-aae7-442e-aade-ced4df349666.sensing_status.json,1,0,,0,,,3,,12.922744,0.0,,,bd3df987-aae7-442e-aade-ced4df349666.location_data_internal.json,,,4969528,,62950170,,bd3df987-aae7-442e-aade-ced4df349666.com.samsung.health.exercise.location_data.json,2025-04-09 14:55:17.593,1001,,870.6935,627.0,,30001,,833.0097,62950170,,2025-04-09 16:25:33.636,2025-04-09 14:55:17.595,,,7.0166664,,,,8612,7333.51,,328.0,,590.0,,UTC+0530,US7nt0+2+q,,,bd3df987-aae7-442e-aade-ced4df349666.com.samsung.health.exercise.live_data.json,,1.4758523,com.sec.android.app.shealth,80.30859,88.81726,,,2025-04-09 16:25:32.706,bd3df987-aae7-442e-aade-ced4df349666,,
,,,,,,,1,,,,,4,0,,0,,,,,,,,,,,,1260000,,62950170,,b4861d13-47c3-478f-aa19-460aa830b8ee.com.samsung.health.exercise.location_data.json,2025-04-11 12:39:00.000,1001,,,,,30001,,,62950170,,2025-04-11 13:15:53.170,2025-04-11 13:15:53.170,,,1.3611112,,,,2208,1663.48,,66.36,,,,UTC+0530,US7nt0+2+q,,,b4861d13-47c3-478f-aa19-460aa830b8ee.com.samsung.health.exercise.live_data.json,,1.3202221,com.sec.android.app.shealth,,,,,2025-04-11 13:00:00.000,b4861d13-47c3-478f-aa19-460aa830b8ee,,
7fd7d373-b8b3-48af-b449-b9b4c8c91bea.live_data_internal.json,0,0,,77.4962,,,0,,0,,7fd7d373-b8b3-48af-b449-b9b4c8c91bea.sensing_status.json,1,0,,0,,,3,,12.922838,0.0,,,7fd7d373-b8b3-48af-b449-b9b4c8c91bea.location_data_internal.json,,,216156,,62950170,,7fd7d373-b8b3-48af-b449-b9b4c8c91bea.com.samsung.health.exercise.location_data.json,2025-04-13 15:10:14.735,1001,,816.81006,18.0,,30001,,813.0645,62950170,,2025-04-13 15:13:52.099,2025-04-13 15:10:14.737,,,3.4766667,,,,361,323.66,,13.0,,41.0,,UTC+0530,US7nt0+2+q,,,7fd7d373-b8b3-48af-b449-b9b4c8c91bea.com.samsung.health.exercise.live_data.json,,1.498426,com.sec.android.app.shealth,2.3938274,4.572027,,,2025-04-13 15:13:51.445,7fd7d373-b8b3-48af-b449-b9b4c8c91bea,,
cc78971f-f23b-43b4-9aac-e744e5b0d6b0.live_data_internal.json,0,0,,77.494194,,250.547,0,,0,,cc78971f-f23b-43b4-9aac-e744e5b0d6b0.sensing_status.json,1,0,,0,,,3,,12.925462,0.0,,,cc78971f-f23b-43b4-9aac-e744e5b0d6b0.location_data_internal.json,,,3596025,,62950170,,cc78971f-f23b-43b4-9aac-e744e5b0d6b0.com.samsung.health.exercise.location_data.json,2025-04-16 15:23:57.826,1001,,875.51874,552.0,,30001,,821.3735,62950170,,2025-04-16 16:32:27.056,2025-04-16 15:23:57.827,,,3.17,,,,6218,5227.74,,241.0,,876.0,,UTC+0530,US7nt0+2+q,,,cc78971f-f23b-43b4-9aac-e744e5b0d6b0.com.samsung.health.exercise.live_data.json,,1.4537654,com.sec.android.app.shealth,65.19816,87.409904,,,2025-04-16 16:32:26.406,cc78971f-f23b-43b4-9aac-e744e5b0d6b0,,
,,,,,,,1,,,,,4,0,,0,,,,,,,,,,,,660000,,62950170,,,2025-04-17 10:50:00.000,1001,,,,,30001,,,62950170,,2025-04-17 11:02:53.581,2025-04-17 11:02:53.581,,,1.3677341,,,,1179,886.88,,35.95,,,,UTC+0530,US7nt0+2+q,,,98055a1f-a335-41d2-be6a-b4bdca270907.com.samsung.health.exercise.live_data.json,,1.3437576,com.sec.android.app.shealth,,,,,2025-04-17 11:01:00.000,98055a1f-a335-41d2-be6a-b4bdca270907,,
45e0f2b5-f065-499e-8efc-1d4c27170a86.live_data_internal.json,0,0,,77.495186,,197.12149,0,,0,,45e0f2b5-f065-499e-8efc-1d4c27170a86.sensing_status.json,1,0,,0,,,3,,12.922161,0.0,,,45e0f2b5-f065-499e-8efc-1d4c27170a86.location_data_internal.json,,,2714842,,62950170,,45e0f2b5-f065-499e-8efc-1d4c27170a86.com.samsung.health.exercise.location_data.json,2025-04-17 14:51:14.775,1001,,822.39026,247.0,,30001,,803.57166,62950170,,2025-04-17 15:52:31.386,2025-04-17 14:51:14.777,,,2.6833332,,,,4720,4100.77,,179.0,,202.0,,UTC+0530,US7nt0+2+q,,,45e0f2b5-f065-499e-8efc-1d4c27170a86.com.samsung.health.exercise.live_data.json,,1.510969,com.sec.android.app.shealth,38.105553,48.4315,,,2025-04-17 15:52:29.738,45e0f2b5-f065-499e-8efc-1d4c27170a86,,
bc9f8932-e3d2-46cd-9b27-bf224d9874ee.live_data_internal.json,0,0,,77.496475,,647.4137,0,,0,,bc9f8932-e3d2-46cd-9b27-bf224d9874ee.sensing_status.json,1,0,,0,,,3,,12.9223,0.0,,,bc9f8932-e3d2-46cd-9b27-bf224d9874ee.location_data_internal.json,,,8758490,,62950170,,bc9f8932-e3d2-46cd-9b27-bf224d9874ee.com.samsung.health.exercise.location_data.json,2025-04-18 14:31:04.723,1001,,900.3617,1982.0,,30001,,814.694,62950170,,2025-04-18 17:55:36.180,2025-04-18 14:31:04.725,,,10.0,,,,13663,17621.27,,581.0,,2263.0,,UTC+0530,US7nt0+2+q,,,bc9f8932-e3d2-46cd-9b27-bf224d9874ee.com.samsung.health.exercise.live_data.json,,2.0120199,com.sec.android.app.shealth,232.73386,235.11925,,,2025-04-18 17:55:34.925,bc9f8932-e3d2-46cd-9b27-bf224d9874ee,,
994345c6-112d-4fce-8b33-7c0e9270959c.live_data_internal.json,0,0,,77.49753,,198.00102,0,,0,,994345c6-112d-4fce-8b33-7c0e9270959c.sensing_status.json,1,0,,0,,,3,,12.923467,0.0,,,994345c6-112d-4fce-8b33-7c0e9270959c.location_data_internal.json,,,2786145,,62950170,,994345c6-112d-4fce-8b33-7c0e9270959c.com.samsung.health.exercise.location_data.json,2025-04-20 15:10:11.376,1001,,874.3667,401.0,,30001,,832.5908,62950170,,2025-04-20 16:08:04.829,2025-04-20 15:10:11.377,,,8.042963,,,,4670,4079.34,,185.0,,526.0,,UTC+0530,US7nt0+2+q,,,994345c6-112d-4fce-8b33-7c0e9270959c.com.samsung.health.exercise.live_data.json,,1.4642283,com.sec.android.app.shealth,61.9124,64.10247,,,2025-04-20 16:08:04.010,994345c6-112d-4fce-8b33-7c0e9270959c,,
,,,,,,,1,,,,,4,0,,0,,,,,,,,,,,,701000,,62950170,,,2025-04-23 03:29:19.000,1001,,,,,30001,,,62950170,,2025-04-23 03:54:37.898,2025-04-23 03:54:37.898,,,1.3611112,,,,1277,955.05,,38.81,,,,UTC+0530,US7nt0+2+q,,,608fd70d-9e39-4845-856b-6005430daaa9.com.samsung.health.exercise.live_data.json,,1.3611112,com.sec.android.app.shealth,,,,,2025-04-23 03:41:00.000,608fd70d-9e39-4845-856b-6005430daaa9,,
,,,,,,,1,,,,,4,0,,0,,,,,,,,,,,,626000,,62950170,,,2025-04-24 03:37:34.000,1001,,,,,30001,,,62950170,,2025-04-24 03:59:35.815,2025-04-24 03:59:35.815,,,1.4471668,,,,1128,853.23,,33.94,,,,UTC+0530,US7nt0+2+q,,,f6d77696-50ad-459e-8d91-d316c96a387f.com.samsung.health.exercise.live_data.json,,1.3629872,com.sec.android.app.shealth,,,,,2025-04-24 03:48:00.000,f6d77696-50ad-459e-8d91-d316c96a387f,,
,,,,,,,1,,,,,4,0,,0,,,,,,,,,,,,779801,,62950170,,,2025-04-24 04:40:00.000,1001,,,,,30001,,,62950170,,2025-04-24 05:15:01.204,2025-04-24 05:15:01.204,,,1.7075051,,,,1355,1030.04,,42.309998,,,,UTC+0530,US7nt0+2+q,,,6ad8cc0b-6fda-4f06-bb19-61dff4296794.com.samsung.health.exercise.live_data.json,,1.320901,com.sec.android.app.shealth,,,,,2025-04-24 04:53:00.000,6ad8cc0b-6fda-4f06-bb19-61dff4296794,,
,,,,,,,1,,,,,4,0,,0,,,,,,,,,,,,836000,,62950170,,,2025-04-24 05:16:04.000,1001,,,,,30001,,,62950170,,2025-04-24 05:31:24.186,2025-04-24 05:31:24.186,,,1.3888888,,,,1392,1054.0599,,42.8,,,,UTC+0530,US7nt0+2+q,,,8be5d5c2-6d9f-4b08-8ea8-413008ebb4d2.com.samsung.health.exercise.live_data.json,,1.2608373,com.sec.android.app.shealth,,,,,2025-04-24 05:30:00.000,8be5d5c2-6d9f-4b08-8ea8-413008ebb4d2,,
,,,,,,,1,,,,,4,0,,0,,,,,,,,,,,,659937,,62950170,,,2025-04-24 08:23:00.000,1001,,,,,30001,,,62950170,,2025-04-24 09:35:00.600,2025-04-24 09:35:00.600,,,1.4285,,,,1113,843.07,,33.47,,,,UTC+0530,US7nt0+2+q,,,cdebda28-9f96-492e-8e29-e75320747574.com.samsung.health.exercise.live_data.json,,1.2775009,com.sec.android.app.shealth,,,,,2025-04-24 08:34:00.000,cdebda28-9f96-492e-8e29-e75320747574,,
,,,,,,,1,,,,,4,0,,0,,,,,,,,,,,,780000,,62950170,,,2025-04-24 10:15:00.000,1001,,,,,30001,,,62950170,,2025-04-24 10:33:51.490,2025-04-24 10:33:51.490,,,1.3611112,,,,1244,933.83,,37.7,,,,UTC+0530,US7nt0+2+q,,,937b0060-0459-4d42-a8b1-fa78f8cce91d.com.samsung.health.exercise.live_data.json,,1.1972181,com.sec.android.app.shealth,,,,,2025-04-24 10:28:00.000,937b0060-0459-4d42-a8b1-fa78f8cce91d,,
,,,,,,,1,,,,,4,0,,0,,,,,,,,,,,,1020000,,62950170,,,2025-04-26 01:10:00.000,1001,,,,,30001,,,62950170,,2025-04-26 01:28:30.210,2025-04-26 01:28:30.210,,,1.4206586,,,,1724,1295.52,,51.969997,,,,UTC+0530,US7nt0+2+q,,,8809082f-a0bf-4afb-a933-edb234f84ae0.com.samsung.health.exercise.live_data.json,,1.2701176,com.sec.android.app.shealth,,,,,2025-04-26 01:27:00.000,8809082f-a0bf-4afb-a933-edb234f84ae0,,
,,,,,,,1,,,,,4,0,,0,,,,,,,,,,,,660000,,62950170,,,2025-04-26 05:08:00.000,1001,,,,,30001,,,62950170,,2025-04-26 05:22:12.558,2025-04-26 05:22:12.558,,,1.411,,,,1119,845.83,,33.69,,,,UTC+0530,US7nt0+2+q,,,9ce7317a-3f3d-45fe-963d-f05b6c0c71ad.com.samsung.health.exercise.live_data.json,,1.2815607,com.sec.android.app.shealth,,,,,2025-04-26 05:19:00.000,9ce7317a-3f3d-45fe-963d-f05b6c0c71ad,,
,,,,,,,1,,,,,4,0,,0,,,,,,,,,,,,780000,,62950170,,,2025-04-26 05:19:00.000,1001,,,,,30001,,,62950170,,2025-04-26 05:34:29.551,2025-04-26 05:34:29.551,,,1.3937325,,,,1487,1126.54,,44.64,,,,UTC+0530,US7nt0+2+q,,,b2bd499b-6d69-434d-921a-d41adbcfddc1.com.samsung.health.exercise.live_data.json,,1.3937325,com.sec.android.app.shealth,,,,,2025-04-26 05:32:00.000,b2bd499b-6d69-434d-921a-d41adbcfddc1,,
,,,,,,,1,,,,,4,0,,0,,,,,,,,,,,,704000,,62950170,,b7050cbd-3f8a-42d6-aa82-d16ac821bad0.com.samsung.health.exercise.location_data.json,2025-04-27 17:30:16.000,1001,,,,,30001,,,62950170,,2025-04-27 17:43:26.740,2025-04-27 17:43:26.740,,,1.3688252,,,,1192,903.67,,35.96,,,,UTC+0530,US7nt0+2+q,,,b7050cbd-3f8a-42d6-aa82-d16ac821bad0.com.samsung.health.exercise.live_data.json,,1.2836223,com.sec.android.app.shealth,,,,,2025-04-27 17:42:00.000,b7050cbd-3f8a-42d6-aa82-d16ac821bad0,,
,,,,,,,1,,,,,4,0,,0,,,,,,,,,,,,2580000,,62950170,,42fd1697-5569-4544-a217-caafd032108a.com.samsung.health.exercise.location_data.json,2025-04-30 00:46:00.000,1002,,,,,30001,,,62950170,,2025-04-30 01:30:56.629,2025-04-30 01:30:56.629,,,2.8611112,,,,5298,4934.52,,298.56,,,,UTC+0530,US7nt0+2+q,,,42fd1697-5569-4544-a217-caafd032108a.com.samsung.health.exercise.live_data.json,,1.9126047,com.sec.android.app.shealth,,,,,2025-04-30 01:29:00.000,42fd1697-5569-4544-a217-caafd032108a,,
,,,,,,,1,,,,,4,0,,0,,,,,,,,,,,,1075000,,62950170,,eefeb8e7-69d2-4fd1-bdaa-7023d04b7859.com.samsung.health.exercise.location_data.json,2025-05-02 01:02:05.000,1001,,,,,30001,,,62950170,,2025-05-02 01:35:18.755,2025-05-02 01:35:18.755,,,1.2522924,,,,1849,1369.12,,55.56,,,,UTC+0530,US7nt0+2+q,,,eefeb8e7-69d2-4fd1-bdaa-7023d04b7859.com.samsung.health.exercise.live_data.json,,1.2522924,com.sec.android.app.shealth,,,,,2025-05-02 01:20:00.000,eefeb8e7-69d2-4fd1-bdaa-7023d04b7859,,
,,,,,,,1,,,,,4,0,,0,,,,,,,,,,,,720000,,62950170,,,2025-05-02 01:36:00.000,1001,,,,,30001,,,62950170,,2025-05-02 02:00:10.371,2025-05-02 02:00:10.371,,,1.2777778,,,,1295,954.51,,38.88,,,,UTC+0530,US7nt0+2+q,,,ffec939d-d941-42a4-a2bc-a7670f869a64.com.samsung.health.exercise.live_data.json,,1.2777778,com.sec.android.app.shealth,,,,,2025-05-02 01:48:00.000,ffec939d-d941-42a4-a2bc-a7670f869a64,,
2aba3883-f548-4040-b111-6a0113c3af3f.live_data_internal.json,0,0,,76.377556,,0.17131656,0,,0,,2aba3883-f548-4040-b111-6a0113c3af3f.sensing_status.json,1,0,,0,,,3,,15.269258,0.0,,,2aba3883-f548-4040-b111-6a0113c3af3f.location_data_internal.json,,,20786,,62950170,,2aba3883-f548-4040-b111-6a0113c3af3f.com.samsung.health.exercise.location_data.json,2025-05-10 02:59:13.401,1001,,489.84283,0.0,,30001,,489.66116,62950170,,2025-05-10 02:59:44.785,2025-05-10 02:59:13.403,,,2.4566667,,,,0,10.21,,0.0,,0.0,,UTC+0530,US7nt0+2+q,,,2aba3883-f548-4040-b111-6a0113c3af3f.com.samsung.health.exercise.live_data.json,,0.5105,com.sec.android.app.shealth,0.0,0.0,,,2025-05-10 02:59:44.093,2aba3883-f548-4040-b111-6a0113c3af3f,,
,,,,,,,1,,,,,4,0,,0,,,,,,,,,,,,1048000,,62950170,,d116ddf2-4c8a-49aa-8d67-3b68c4de7415.com.samsung.health.exercise.location_data.json,2025-05-13 07:35:32.000,1001,,,,,30001,,,62950170,,2025-05-13 07:55:02.392,2025-05-13 07:55:02.392,,,1.4722222,,,,1733,1308.45,,52.18,,,,UTC+0530,US7nt0+2+q,,,d116ddf2-4c8a-49aa-8d67-3b68c4de7415.com.samsung.health.exercise.live_data.json,,1.2485211,com.sec.android.app.shealth,,,,,2025-05-13 07:53:00.000,d116ddf2-4c8a-49aa-8d67-3b68c4de7415,,
,,,,,,,1,,,,,4,0,,0,,,,,,,,,,,,643627,,62950170,,4a1de12d-6cb2-4c2b-8103-83b0f183ac78.com.samsung.health.exercise.location_data.json,2025-05-13 08:03:16.000,1001,,,,,30001,,,62950170,,2025-05-13 08:15:13.831,2025-05-13 08:15:13.831,,,1.4444444,,,,1166,884.2,,34.95,,,,UTC+0530,US7nt0+2+q,,,4a1de12d-6cb2-4c2b-8103-83b0f183ac78.com.samsung.health.exercise.live_data.json,,1.373777,com.sec.android.app.shealth,,,,,2025-05-13 08:14:00.000,4a1de12d-6cb2-4c2b-8103-83b0f183ac78,,
,,,,,,,1,,,,,4,0,,0,,,,,,,,,,,,897026,,62950170,,b7208241-3603-4ce2-83a2-744c50553156.com.samsung.health.exercise.location_data.json,2025-05-17 13:50:02.000,1001,,,,,30001,,,62950170,,2025-05-17 14:13:43.628,2025-05-17 14:13:43.628,,,1.3918597,,,,1590,1197.16,,47.899998,,,,UTC+0530,US7nt0+2+q,,,b7208241-3603-4ce2-83a2-744c50553156.com.samsung.health.exercise.live_data.json,,1.3345878,com.sec.android.app.shealth,,,,,2025-05-17 14:05:00.000,b7208241-3603-4ce2-83a2-744c50553156,,
,,,,,,,1,,,,,4,0,,0,,,,,,,,,,,,780000,,62950170,,,2025-05-20 06:59:00.000,1001,,,,,30001,,,62950170,,2025-05-20 07:16:13.057,2025-05-20 07:16:13.057,,,1.3744012,,,,1422,1062.51,,42.73,,,,UTC+0530,US7nt0+2+q,,,e975d475-b11b-4676-887d-55034a4c8577.com.samsung.health.exercise.live_data.json,,1.3621924,com.sec.android.app.shealth,,,,,2025-05-20 07:12:00.000,e975d475-b11b-4676-887d-55034a4c8577,,
,,,,,,,1,,,,,4,0,,0,,,,,,,,,,,,717000,,62950170,,,2025-05-21 06:45:03.000,1001,,,,,30001,,,62950170,,2025-05-21 06:59:21.201,2025-05-21 06:59:21.201,,,1.4444444,,,,1250,938.04,,37.67,,,,UTC+0530,US7nt0+2+q,,,a7012b2a-c685-4396-a6e7-4e4e296aa754.com.samsung.health.exercise.live_data.json,,1.3082845,com.sec.android.app.shealth,,,,,2025-05-21 06:57:00.000,a7012b2a-c685-4396-a6e7-4e4e296aa754,,
,,,,,,,1,,,,,4,0,,0,,,,,,,,,,,,1019632,,62950170,,7fa24bb9-1a19-4ccc-8c30-3b10f17131b7.com.samsung.health.exercise.location_data.json,2025-05-24 08:04:00.000,1001,,,,,30001,,,62950170,,2025-05-24 08:23:54.681,2025-05-24 08:23:54.681,,,1.3611112,,,,1714,1286.12,,51.66,,,,UTC+0530,US7nt0+2+q,,,7fa24bb9-1a19-4ccc-8c30-3b10f17131b7.com.samsung.health.exercise.live_data.json,,1.2613571,com.sec.android.app.shealth,,,,,2025-05-24 08:21:00.000,7fa24bb9-1a19-4ccc-8c30-3b10f17131b7,,
,,,,,,,1,,,,,4,0,,0,,,,,,,,,,,,660000,,62950170,,60a91e6b-4ef0-413b-ad69-7d4141137de5.com.samsung.health.exercise.location_data.json,2025-05-24 08:33:00.000,1001,,,,,30001,,,62950170,,2025-05-24 08:44:46.612,2025-05-24 08:44:46.612,,,1.3333334,,,,1056,793.19,,31.82,,,,UTC+0530,US7nt0+2+q,,,60a91e6b-4ef0-413b-ad69-7d4141137de5.com.samsung.health.exercise.live_data.json,,1.201803,com.sec.android.app.shealth,,,,,2025-05-24 08:44:00.000,60a91e6b-4ef0-413b-ad69-7d4141137de5,,
,,,,,,,1,,,,,4,0,,0,,,,,,,,,,,,642000,,62950170,,be2447a2-6ad1-4b2c-9b76-69c7864c0f70.com.samsung.health.exercise.location_data.json,2025-05-26 08:09:18.000,1001,,,,,30001,,,62950170,,2025-05-26 08:27:09.164,2025-05-26 08:27:09.164,,,1.3611112,,,,1136,855.73,,34.18,,,,UTC+0530,US7nt0+2+q,,,be2447a2-6ad1-4b2c-9b76-69c7864c0f70.com.samsung.health.exercise.live_data.json,,1.3329127,com.sec.android.app.shealth,,,,,2025-05-26 08:20:00.000,be2447a2-6ad1-4b2c-9b76-69c7864c0f70,,
,,,,,,,1,,,,,4,0,,0,,,,,,,,,,,,7140000,,62950170,,ce9bba67-f14c-4d7d-ae9b-e2b9404268b5.com.samsung.health.exercise.location_data.json,2025-05-26 15:22:00.000,1001,,,,,30001,,,62950170,,2025-05-26 17:24:29.987,2025-05-26 17:24:29.987,,,1.4166666,,,,12096,9085.33,,363.88998,,,,UTC+0530,US7nt0+2+q,,,ce9bba67-f14c-4d7d-ae9b-e2b9404268b5.com.samsung.health.exercise.live_data.json,,1.2724552,com.sec.android.app.shealth,,,,,2025-05-26 17:21:00.000,ce9bba67-f14c-4d7d-ae9b-e2b9404268b5,,
,,,,,,,1,,,,,4,0,,0,,,,,,,,,,,,773089,,62950170,,,2025-05-29 03:18:06.000,1001,,,,,30001,,,62950170,,2025-05-29 03:38:19.311,2025-05-29 03:38:19.311,,,1.5081906,,,,1407,1055.82,,42.34,,,,UTC+0530,US7nt0+2+q,,,8f0a3741-1cc0-4f7b-acc2-48232fb29822.com.samsung.health.exercise.live_data.json,,1.3657159,com.sec.android.app.shealth,,,,,2025-05-29 03:31:00.000,8f0a3741-1cc0-4f7b-acc2-48232fb29822,,
,,,,,,,1,,,,,4,0,,0,,,,,,,,,,,,659972,,62950170,,,2025-05-29 14:24:00.000,1001,,,,,30001,,,62950170,,2025-05-29 14:39:03.374,2025-05-29 14:39:03.374,,,1.3268334,,,,1143,852.48,,34.37,,,,UTC+0530,US7nt0+2+q,,,b37b1f31-e702-4b8f-be95-966a379e67c7.com.samsung.health.exercise.live_data.json,,1.2916912,com.sec.android.app.shealth,,,,,2025-05-29 14:35:00.000,b37b1f31-e702-4b8f-be95-966a379e67c7,,
,,,,,,,1,,,,,4,0,,0,,,,,,,,,,,,1312349,,62950170,,,2025-05-29 15:15:07.000,1001,,,,,30001,,,62950170,,2025-05-29 15:38:50.394,2025-05-29 15:38:50.394,,,1.3055556,,,,2307,1721.66,,69.38,,,,UTC+0530,US7nt0+2+q,,,9fa24ffb-c75b-4c46-b195-7c37b404a373.com.samsung.health.exercise.live_data.json,,1.3055556,com.sec.android.app.shealth,,,,,2025-05-29 15:37:00.000,9fa24ffb-c75b-4c46-b195-7c37b404a373,,
,,,,,,,1,,,,,4,0,,0,,,,,,,,,,,,716000,,62950170,,,2025-05-30 12:27:04.000,1001,,,,,30001,,,62950170,,2025-05-30 12:41:03.105,2025-05-30 12:41:03.105,,,1.3888888,,,,1230,928.65,,37.3,,,,UTC+0530,US7nt0+2+q,,,9b2469dd-6bdf-4755-8c22-1fd915f805a1.com.samsung.health.exercise.live_data.json,,1.2969972,com.sec.android.app.shealth,,,,,2025-05-30 12:39:00.000,9b2469dd-6bdf-4755-8c22-1fd915f805a1,,
,,,,,,,1,,,,,4,0,,0,,,,,,,,,,,,1200000,,62950170,,,2025-06-01 01:39:00.000,1001,,,,,30001,,,62950170,,2025-06-01 02:22:39.677,2025-06-01 02:22:39.677,,,1.3333334,,,,2049,1532.29,,61.87,,,,UTC+0530,US7nt0+2+q,,,261c107b-9405-408a-b1bc-cb3fae87b349.com.samsung.health.exercise.live_data.json,,1.2769084,com.sec.android.app.shealth,,,,,2025-06-01 01:59:00.000,261c107b-9405-408a-b1bc-cb3fae87b349,,
,,,,,,,1,,,,,4,0,,0,,,,,,,,,,,,660000,,63010030,,d61cdd3b-7444-45ac-bde3-2ad592fb13ac.com.samsung.health.exercise.location_data.json,2025-06-10 05:56:00.000,1001,,,,,30001,,,63010030,,2025-06-10 06:09:47.520,2025-06-10 06:09:47.520,,,1.4130367,,,,1094,822.32,,32.98,,,,UTC+0530,US7nt0+2+q,,,d61cdd3b-7444-45ac-bde3-2ad592fb13ac.com.samsung.health.exercise.live_data.json,,1.2459394,com.sec.android.app.shealth,,,,,2025-06-10 06:07:00.000,d61cdd3b-7444-45ac-bde3-2ad592fb13ac,,
,,,,,,,1,,,,,4,0,,0,,,,,,,,,,,,1259000,,63010030,,2636cf94-5042-4b35-9800-f6cd0e6f444b.com.samsung.health.exercise.location_data.json,2025-06-10 06:49:01.000,1001,,,,,30001,,,63010030,,2025-06-10 07:12:59.692,2025-06-10 07:12:59.692,,,1.4444444,,,,2045,1528.16,,63.08,,,,UTC+0530,US7nt0+2+q,,,2636cf94-5042-4b35-9800-f6cd0e6f444b.com.samsung.health.exercise.live_data.json,,1.2137886,com.sec.android.app.shealth,,,,,2025-06-10 07:10:00.000,2636cf94-5042-4b35-9800-f6cd0e6f444b,,
,,,,,,,1,,,,,4,0,,0,,,,,,,,,,,,711000,,63010030,,ffc7c684-e1d0-4421-a295-aa47e18386b5.com.samsung.health.exercise.location_data.json,2025-06-10 14:45:09.000,1001,,,,,30001,,,63010030,,2025-06-10 14:58:39.801,2025-06-10 14:58:39.801,,,1.4722222,,,,1232,936.41,,37.27,,,,UTC+0530,US7nt0+2+q,,,ffc7c684-e1d0-4421-a295-aa47e18386b5.com.samsung.health.exercise.live_data.json,,1.3170323,com.sec.android.app.shealth,,,,,2025-06-10 14:57:00.000,ffc7c684-e1d0-4421-a295-aa47e18386b5,,
,,,,,,,1,,,,,4,0,,0,,,,,,,,,,,,720000,,63010030,,9296d1af-d249-4581-894b-891eed013653.com.samsung.health.exercise.location_data.json,2025-06-11 09:01:00.000,1001,,,,,30001,,,63010030,,2025-06-11 09:14:40.586,2025-06-11 09:14:40.586,,,1.4166666,,,,1269,947.14,,38.21,,,,UTC+0530,US7nt0+2+q,,,9296d1af-d249-4581-894b-891eed013653.com.samsung.health.exercise.live_data.json,,1.3154722,com.sec.android.app.shealth,,,,,2025-06-11 09:13:00.000,9296d1af-d249-4581-894b-891eed013653,,
,,,,,,,1,,,,,4,0,,0,,,,,,,,,,,,720000,,63010030,,,2025-06-16 06:25:00.000,1001,,,,,30001,,,63010030,,2025-06-16 06:45:41.330,2025-06-16 06:45:41.330,,,1.4722222,,,,1239,921.65,,37.89,,,,UTC+0530,US7nt0+2+q,,,1ae9a5d6-a06e-4bd3-8522-e46b58411d70.com.samsung.health.exercise.live_data.json,,1.2800695,com.sec.android.app.shealth,,,,,2025-06-16 06:37:00.000,1ae9a5d6-a06e-4bd3-8522-e46b58411d70,,
,,,,,,,1,,,,,4,0,,0,,,,,,,,,,,,1020000,,63010030,,,2025-06-18 04:15:00.000,1001,,,,,30001,,,63010030,,2025-06-18 04:35:10.535,2025-06-18 04:35:10.535,,,1.3888888,,,,1818,1369.11,,54.78,,,,UTC+0530,US7nt0+2+q,,,ae66c57c-e7f7-49eb-a020-7a158d64df10.com.samsung.health.exercise.live_data.json,,1.3422647,com.sec.android.app.shealth,,,,,2025-06-18 04:32:00.000,ae66c57c-e7f7-49eb-a020-7a158d64df10,,
,,,,,,,1,,,,,4,0,,0,,,,,,,,,,,,642000,,63020310,,,2025-07-08 03:30:18.000,1001,,,,,30001,,,63020310,,2025-07-08 05:30:38.264,2025-07-08 05:30:38.264,,,1.4722222,,,,1117,851.91003,,33.59,,,,UTC+0530,US7nt0+2+q,,,1421cfc7-1d75-47bd-81c6-ad6a0b9728c2.com.samsung.health.exercise.live_data.json,,1.3269626,com.sec.android.app.shealth,,,,,2025-07-08 03:41:00.000,1421cfc7-1d75-47bd-81c6-ad6a0b9728c2,,
,,,,,,,1,,,,,4,0,,0,,,,,,,,,,,,1379546,,63020310,,,2025-07-09 15:02:00.000,1001,,,,,30001,,,63020310,,2025-07-09 15:27:51.960,2025-07-09 15:27:51.960,,,1.3888888,,,,2153,1606.7,,65.89,,,,UTC+0530,US7nt0+2+q,,,043096f1-8f00-40b9-9a11-438bc33c728e.com.samsung.health.exercise.live_data.json,,1.1646584,com.sec.android.app.shealth,,,,,2025-07-09 15:25:00.000,043096f1-8f00-40b9-9a11-438bc33c728e,,
,,,,,,,1,,,,,4,0,,0,,,,,,,,,,,,660000,,63020310,,,2025-07-10 03:26:00.000,1001,,,,,30001,,,63020310,,2025-07-10 03:48:43.280,2025-07-10 03:48:43.280,,,1.4166666,,,,1227,928.12,,36.87,,,,UTC+0530,US7nt0+2+q,,,9c4d4802-a25e-4d8e-a5ef-eb7d2392a5a6.com.samsung.health.exercise.live_data.json,,1.4062424,com.sec.android.app.shealth,,,,,2025-07-10 03:37:00.000,9c4d4802-a25e-4d8e-a5ef-eb7d2392a5a6,,
,,,,,,,1,,,,,4,0,,0,,,,,,,,,,,,659764,,63020310,,,2025-07-10 15:22:00.000,1001,,,,,30001,,,63020310,,2025-07-10 15:54:32.481,2025-07-10 15:54:32.481,,,1.3354012,,,,1141,851.68,,34.69,,,,UTC+0530,US7nt0+2+q,,,39f6f3ed-b988-4c3f-86b5-4784a6fc3129.com.samsung.health.exercise.live_data.json,,1.2908858,com.sec.android.app.shealth,,,,,2025-07-10 15:33:00.000,39f6f3ed-b988-4c3f-86b5-4784a6fc3129,,
,,,,,,,1,,,,,4,0,,0,,,,,,,,,,,,2400000,,63020310,,75a03912-5b0f-4393-b0a4-53f46f40f343.com.samsung.health.exercise.location_data.json,2025-07-13 13:33:00.000,1001,,,,,30001,,,63020310,,2025-07-13 14:14:45.802,2025-07-13 14:14:45.802,,,3.0555556,,,,4357,3487.3,,159.59,,,,UTC+0530,US7nt0+2+q,,,75a03912-5b0f-4393-b0a4-53f46f40f343.com.samsung.health.exercise.live_data.json,,1.4530416,com.sec.android.app.shealth,,,,,2025-07-13 14:13:00.000,75a03912-5b0f-4393-b0a4-53f46f40f343,,
,,,,,,,1,,,,,4,0,,0,,,,,,,,,,,,640000,,63020310,,594155fd-2c5f-4af7-b6e7-b39784efa16a.com.samsung.health.exercise.location_data.json,2025-07-18 05:05:20.000,1001,,,,,30001,,,63020310,,2025-07-18 05:17:14.289,2025-07-18 05:17:14.289,,,1.3594999,,,,1031,774.06,,31.019999,,,,UTC+0530,US7nt0+2+q,,,594155fd-2c5f-4af7-b6e7-b39784efa16a.com.samsung.health.exercise.live_data.json,,1.2094687,com.sec.android.app.shealth,,,,,2025-07-18 05:16:00.000,594155fd-2c5f-4af7-b6e7-b39784efa16a,,
,,,,,,,1,,,,,4,0,,0,,,,,,,,,,,,656750,,63030110,,74c8b402-a025-4818-afc7-b367b2ca8a7d.com.samsung.health.exercise.location_data.json,2025-07-25 03:33:03.000,1001,,,,,30001,,,63030110,,2025-07-25 05:23:53.170,2025-07-25 05:23:53.170,,,1.3948333,,,,1073,801.56,,32.35,,,,UTC+0530,US7nt0+2+q,,,74c8b402-a025-4818-afc7-b367b2ca8a7d.com.samsung.health.exercise.live_data.json,,1.220495,com.sec.android.app.shealth,,,,,2025-07-25 03:44:00.000,74c8b402-a025-4818-afc7-b367b2ca8a7d,,
,,,,,,,1,,,,,4,0,,0,,,,,,,,,,,,1139720,,63030110,,1d8dc90e-d97a-46bd-87ea-df7200b86eaf.com.samsung.health.exercise.location_data.json,2025-07-29 02:50:00.000,1001,,,,,30001,,,63030110,,2025-07-29 03:11:30.558,2025-07-29 03:11:30.558,,,1.6666666,,,,2173,1660.03,,65.88,,,,UTC+0530,US7nt0+2+q,,,1d8dc90e-d97a-46bd-87ea-df7200b86eaf.com.samsung.health.exercise.live_data.json,,1.4565244,com.sec.android.app.shealth,,,,,2025-07-29 03:09:00.000,1d8dc90e-d97a-46bd-87ea-df7200b86eaf,,
,,,,,,,1,,,,,4,0,,0,,,,,,,,,,,,1130000,,63030110,,e53831cc-05f9-45ae-9fdb-7c076c9f59e6.com.samsung.health.exercise.location_data.json,2025-07-29 03:12:10.000,1001,,,,,30001,,,63030110,,2025-07-29 03:32:08.914,2025-07-29 03:32:08.914,,,1.4313334,,,,2089,1586.27,,62.75,,,,UTC+0530,US7nt0+2+q,,,e53831cc-05f9-45ae-9fdb-7c076c9f59e6.com.samsung.health.exercise.live_data.json,,1.4037788,com.sec.android.app.shealth,,,,,2025-07-29 03:31:00.000,e53831cc-05f9-45ae-9fdb-7c076c9f59e6,,
,,,,,,,1,,,,,4,0,,0,,,,,,,,,,,,780000,,63030110,,bc29b550-d92f-4775-aee6-c9e5b5d6a6b1.com.samsung.health.exercise.location_data.json,2025-07-30 10:02:00.000,1001,,,,,30001,,,63030110,,2025-07-30 10:16:48.443,2025-07-30 10:16:48.443,,,1.328,,,,1368,1021.51,,41.05,,,,UTC+0530,US7nt0+2+q,,,bc29b550-d92f-4775-aee6-c9e5b5d6a6b1.com.samsung.health.exercise.live_data.json,,1.3096282,com.sec.android.app.shealth,,,,,2025-07-30 10:15:00.000,bc29b550-d92f-4775-aee6-c9e5b5d6a6b1,,
,,,,,,,1,,,,,4,0,,0,,,,,,,,,,,,1130000,,63030110,,cdf1e00e-f2bf-4ef3-9ca7-423926ef363f.com.samsung.health.exercise.location_data.json,2025-08-02 13:38:10.000,1001,,,,,30001,,,63030110,,2025-08-02 13:59:05.091,2025-08-02 13:59:05.091,,,1.4373333,,,,2091,1575.72,,62.82,,,,UTC+0530,US7nt0+2+q,,,cdf1e00e-f2bf-4ef3-9ca7-423926ef363f.com.samsung.health.exercise.live_data.json,,1.3944424,com.sec.android.app.shealth,,,,,2025-08-02 13:57:00.000,cdf1e00e-f2bf-4ef3-9ca7-423926ef363f,,
,,,,,,,1,,,,,4,0,,0,,,,,,,,,,,,1859000,,63030110,,1e621534-8298-473b-974e-3901532c8d67.com.samsung.health.exercise.location_data.json,2025-08-02 14:44:01.000,1001,,,,,30001,,,63030110,,2025-08-02 15:29:57.512,2025-08-02 15:29:57.512,,,1.4020001,,,,3237,2430.33,,97.299995,,,,UTC+0530,US7nt0+2+q,,,1e621534-8298-473b-974e-3901532c8d67.com.samsung.health.exercise.live_data.json,,1.3073318,com.sec.android.app.shealth,,,,,2025-08-02 15:15:00.000,1e621534-8298-473b-974e-3901532c8d67,,
,,,,,,,1,,,,,4,0,,0,,,,,,,,,,,,1619494,,63030110,,de02d506-9306-409b-aef8-7ce8a81c3640.com.samsung.health.exercise.location_data.json,2025-08-03 17:15:00.000,1001,,,,,30001,,,63030110,,2025-08-03 17:43:02.011,2025-08-03 17:43:02.011,,,1.4091667,,,,2616,1968.69,,79.159996,,,,UTC+0530,US7nt0+2+q,,,de02d506-9306-409b-aef8-7ce8a81c3640.com.samsung.health.exercise.live_data.json,,1.2156204,com.sec.android.app.shealth,,,,,2025-08-03 17:42:00.000,de02d506-9306-409b-aef8-7ce8a81c3640,,
,,,,,,,1,,,,,4,0,,0,,,,,,,,,,,,2726000,,63030110,,cafa6c82-f84e-488a-adcb-17a010ae279f.com.samsung.health.exercise.location_data.json,2025-08-06 09:45:34.000,1001,,,,,30001,,,63030110,,2025-08-06 10:33:27.478,2025-08-06 10:33:27.478,,,1.4918332,,,,4641,3504.36,,139.84,,,,UTC+0530,US7nt0+2+q,,,cafa6c82-f84e-488a-adcb-17a010ae279f.com.samsung.health.exercise.live_data.json,,1.285532,com.sec.android.app.shealth,,,,,2025-08-06 10:31:00.000,cafa6c82-f84e-488a-adcb-17a010ae279f,,
,,,,,,,1,,,,,4,0,,0,,,,,,,,,,,,2075000,,63030110,,037d1c06-6de2-4834-a7da-e60a9152d6aa.com.samsung.health.exercise.location_data.json,2025-08-06 15:29:25.000,1001,,,,,30001,,,63030110,,2025-08-06 16:05:36.757,2025-08-06 16:05:36.757,,,1.5,,,,3656,2764.11,,109.99,,,,UTC+0530,US7nt0+2+q,,,037d1c06-6de2-4834-a7da-e60a9152d6aa.com.samsung.health.exercise.live_data.json,,1.3321011,com.sec.android.app.shealth,,,,,2025-08-06 16:04:00.000,037d1c06-6de2-4834-a7da-e60a9152d6aa,,
,,,,,,,1,,,,,4,0,,0,,,,,,,,,,,,840000,,63030110,,c6409d26-c9ac-4b5b-b6da-376a687eb413.com.samsung.health.exercise.location_data.json,2025-08-06 16:19:00.000,1001,,,,,30001,,,63030110,,2025-08-06 16:34:43.943,2025-08-06 16:34:43.943,,,1.3879999,,,,1350,1016.07,,40.77,,,,UTC+0530,US7nt0+2+q,,,c6409d26-c9ac-4b5b-b6da-376a687eb413.com.samsung.health.exercise.live_data.json,,1.2096071,com.sec.android.app.shealth,,,,,2025-08-06 16:33:00.000,c6409d26-c9ac-4b5b-b6da-376a687eb413,,
,,,,,,,1,,,,,4,0,,0,,,,,,,,,,,,720000,,63030110,,9b36f84e-5a98-4927-a0e9-2c6d60ba402e.com.samsung.health.exercise.location_data.json,2025-08-11 06:58:00.000,1001,,,,,30001,,,63030110,,2025-08-11 07:11:25.662,2025-08-11 07:11:25.662,,,1.3333334,,,,1140,856.23004,,34.28,,,,UTC+0530,US7nt0+2+q,,,9b36f84e-5a98-4927-a0e9-2c6d60ba402e.com.samsung.health.exercise.live_data.json,,1.1892083,com.sec.android.app.shealth,,,,,2025-08-11 07:10:00.000,9b36f84e-5a98-4927-a0e9-2c6d60ba402e,,
,,,,,,,1,,,,,4,0,,0,,,,,,,,,,,,1018416,,63030110,,fb2c4da6-7ffd-45c9-9ad0-259a745468f8.com.samsung.health.exercise.location_data.json,2025-08-11 14:39:01.000,1001,,,,,30001,,,63030110,,2025-08-11 15:00:06.384,2025-08-11 15:00:06.384,,,1.4444444,,,,1683,1265.5,,50.579998,,,,UTC+0530,US7nt0+2+q,,,fb2c4da6-7ffd-45c9-9ad0-259a745468f8.com.samsung.health.exercise.live_data.json,,1.242616,com.sec.android.app.shealth,,,,,2025-08-11 14:56:00.000,fb2c4da6-7ffd-45c9-9ad0-259a745468f8,,
,,,,,,,1,,,,,4,0,,0,,,,,,,,,,,,960000,,63030110,,8a256c33-59d4-4ba3-9c46-84ae2bcccc1a.com.samsung.health.exercise.location_data.json,2025-08-12 14:39:00.000,1001,,,,,30001,,,63030110,,2025-08-12 14:59:19.249,2025-08-12 14:59:19.249,,,1.3510575,,,,1665,1255.85,,50.03,,,,UTC+0530,US7nt0+2+q,,,8a256c33-59d4-4ba3-9c46-84ae2bcccc1a.com.samsung.health.exercise.live_data.json,,1.3081771,com.sec.android.app.shealth,,,,,2025-08-12 14:55:00.000,8a256c33-59d4-4ba3-9c46-84ae2bcccc1a,,
,,,,,,,1,,,,,4,0,,0,,,,,,,,,,,,1073260,,63030110,,,2025-08-13 15:25:06.000,1001,,,,,30001,,,63030110,,2025-08-13 15:46:36.163,2025-08-13 15:46:36.163,,,1.3333334,,,,1606,1195.04,,48.65,,,,UTC+0530,US7nt0+2+q,,,fc79ad52-0b87-4aee-a572-71eb8e93bfc1.com.samsung.health.exercise.live_data.json,,1.1134673,com.sec.android.app.shealth,,,,,2025-08-13 15:43:00.000,fc79ad52-0b87-4aee-a572-71eb8e93bfc1,,
,,,,,,,1,,,,,4,0,,0,,,,,,,,,,,,780000,,63030110,,4f97da2d-11c3-479f-8f02-7c6079310b02.com.samsung.health.exercise.location_data.json,2025-08-22 04:23:00.000,1001,,,,,30001,,,63030110,,2025-08-22 04:44:43.537,2025-08-22 04:44:43.537,,,1.3466667,,,,1189,889.28,,35.79,,,,UTC+0530,US7nt0+2+q,,,4f97da2d-11c3-479f-8f02-7c6079310b02.com.samsung.health.exercise.live_data.json,,1.1401025,com.sec.android.app.shealth,,,,,2025-08-22 04:36:00.000,4f97da2d-11c3-479f-8f02-7c6079310b02,,
,,,,,,,1,,,,,4,0,,0,,,,,,,,,,,,1553765,,63030110,,49816754-c3e4-4144-8ea2-2f62e17ddb84.com.samsung.health.exercise.location_data.json,2025-08-23 12:25:06.000,1001,,,,,30001,,,63030110,,2025-08-23 12:52:48.008,2025-08-23 12:52:48.008,,,1.3683333,,,,2740,2051.21,,82.24,,,,UTC+0530,US7nt0+2+q,,,49816754-c3e4-4144-8ea2-2f62e17ddb84.com.samsung.health.exercise.live_data.json,,1.3201547,com.sec.android.app.shealth,,,,,2025-08-23 12:51:00.000,49816754-c3e4-4144-8ea2-2f62e17ddb84,,
,,,,,,,1,,,,,4,0,,0,,,,,,,,,,,,2580000,,63030110,,67fdb286-fbd4-4028-a266-c000bb85ff48.com.samsung.health.exercise.location_data.json,2025-08-23 13:06:00.000,1001,,,,,30001,,,63030110,,2025-08-23 13:55:00.791,2025-08-23 13:55:00.791,,,1.3875,,,,4386,3290.59,,131.76,,,,UTC+0530,US7nt0+2+q,,,67fdb286-fbd4-4028-a266-c000bb85ff48.com.samsung.health.exercise.live_data.json,,1.2754225,com.sec.android.app.shealth,,,,,2025-08-23 13:49:00.000,67fdb286-fbd4-4028-a266-c000bb85ff48,,
,,,,,,,1,,,,,4,0,,0,,,,,,,,,,,,2340000,,63030110,,807e4fa6-87d8-4b9e-9744-d6415efe44fc.com.samsung.health.exercise.location_data.json,2025-08-23 16:59:00.000,1001,,,,,30001,,,63030110,,2025-08-23 17:41:08.409,2025-08-23 17:41:08.409,,,1.4722222,,,,3854,2873.52,,115.77,,,,UTC+0530,US7nt0+2+q,,,807e4fa6-87d8-4b9e-9744-d6415efe44fc.com.samsung.health.exercise.live_data.json,,1.228,com.sec.android.app.shealth,,,,,2025-08-23 17:38:00.000,807e4fa6-87d8-4b9e-9744-d6415efe44fc,,
,,,,,,,1,,,,,4,0,,0,,,,,,,,,,,,709000,,63030110,,,2025-08-28 00:38:11.000,1001,,,,,30001,,,63030110,,2025-08-28 00:52:39.842,2025-08-28 00:52:39.842,,,1.6944444,,,,1263,952.45,,38.38,,,,UTC+0530,US7nt0+2+q,,,1b4abfec-f8a3-498e-af57-230c2ebe777a.com.samsung.health.exercise.live_data.json,,1.3433709,com.sec.android.app.shealth,,,,,2025-08-28 00:50:00.000,1b4abfec-f8a3-498e-af57-230c2ebe777a,,
,,,,,,,1,,,,,4,0,,0,,,,,,,,,,,,1128000,,63030110,,57aec440-b8b1-4857-8fd6-a0cc9e897ffa.com.samsung.health.exercise.location_data.json,2025-08-30 14:49:12.000,1001,,,,,30001,,,63030110,,2025-08-30 15:09:55.338,2025-08-30 15:09:55.338,,,1.3661667,,,,2029,1527.85,,60.99,,,,UTC+0530,US7nt0+2+q,,,57aec440-b8b1-4857-8fd6-a0cc9e897ffa.com.samsung.health.exercise.live_data.json,,1.3544768,com.sec.android.app.shealth,,,,,2025-08-30 15:08:00.000,57aec440-b8b1-4857-8fd6-a0cc9e897ffa,,
,,,,,,,1,,,,,4,0,,0,,,,,,,,,,,,838443,,63030110,,ce923986-f889-466f-9e54-a78d93f009af.com.samsung.health.exercise.location_data.json,2025-08-30 15:54:01.000,1001,,,,,30001,,,63030110,,2025-08-30 16:09:49.153,2025-08-30 16:09:49.153,,,1.5061667,,,,1468,1105.24,,44.14,,,,UTC+0530,US7nt0+2+q,,,ce923986-f889-466f-9e54-a78d93f009af.com.samsung.health.exercise.live_data.json,,1.3182052,com.sec.android.app.shealth,,,,,2025-08-30 16:08:00.000,ce923986-f889-466f-9e54-a78d93f009af,,
,,,,,,,1,,,,,4,0,,0,,,,,,,,,,,,654000,,63030110,,e00058eb-239d-492d-b01d-411dcbcc23fa.com.samsung.health.exercise.location_data.json,2025-09-09 09:17:06.000,1001,,,,,30001,,,63030110,,2025-09-09 09:29:33.684,2025-09-09 09:29:33.684,,,1.3328133,,,,1170,871.68,,35.17,,,,UTC+0530,US7nt0+2+q,,,e00058eb-239d-492d-b01d-411dcbcc23fa.com.samsung.health.exercise.live_data.json,,1.3328133,com.sec.android.app.shealth,,,,,2025-09-09 09:28:00.000,e00058eb-239d-492d-b01d-411dcbcc23fa,,
,,,,,,,1,,,,,4,0,,0,,,,,,,,,,,,719593,,63030110,,c254dd6e-6d49-46b9-94cd-126244073107.com.samsung.health.exercise.location_data.json,2025-09-12 09:32:00.000,1001,,,,,30001,,,63030110,,2025-09-12 09:45:30.952,2025-09-12 09:45:30.952,,,1.3125,,,,1142,853.21,,34.38,,,,UTC+0530,US7nt0+2+q,,,c254dd6e-6d49-46b9-94cd-126244073107.com.samsung.health.exercise.live_data.json,,1.1856841,com.sec.android.app.shealth,,,,,2025-09-12 09:44:00.000,c254dd6e-6d49-46b9-94cd-126244073107,,
,,,,,,,1,,,,,4,0,,0,,,,,,,,,,,,1474000,,63030110,,505138d9-1c91-481b-b611-1b26ed7745e6.com.samsung.health.exercise.location_data.json,2025-09-12 13:31:26.000,1001,,,,,30001,,,63030110,,2025-09-12 13:57:42.624,2025-09-12 13:57:42.624,,,3.0720286,,,,2994,2516.1199,,113.17,,,,UTC+0530,US7nt0+2+q,,,505138d9-1c91-481b-b611-1b26ed7745e6.com.samsung.health.exercise.live_data.json,,1.7070014,com.sec.android.app.shealth,,,,,2025-09-12 13:56:00.000,505138d9-1c91-481b-b611-1b26ed7745e6,,
,,,,,,,1,,,,,4,0,,0,,,,,,,,,,,,647000,,63030110,,,2025-09-18 17:30:13.000,1001,,,,,30001,,,63030110,,2025-09-18 17:43:01.273,2025-09-18 17:43:01.273,,,1.5,,,,1111,840.07,,33.56,,,,UTC+0530,US7nt0+2+q,,,ed333611-5cc6-414b-bda2-b22c921a9a98.com.samsung.health.exercise.live_data.json,,1.2984079,com.sec.android.app.shealth,,,,,2025-09-18 17:41:00.000,ed333611-5cc6-414b-bda2-b22c921a9a98,,
,,,,,,,1,,,,,4,0,,0,,,,,,,,,,,,660000,,63030110,,,2025-09-19 01:09:00.000,1001,,,,,30001,,,63030110,,2025-09-19 01:30:14.020,2025-09-19 01:30:14.020,,,1.384,,,,1048,784.32,,31.619999,,,,UTC+0530,US7nt0+2+q,,,9d4345d9-e452-445a-849a-3393c89f8d8e.com.samsung.health.exercise.live_data.json,,1.1883636,com.sec.android.app.shealth,,,,,2025-09-19 01:20:00.000,9d4345d9-e452-445a-849a-3393c89f8d8e,,
,,,,,,,1,,,,,4,0,,0,,,,,,,,,,,,2518601,,63030110,,5d49a2db-e65c-4c1c-9ab1-46471f9726bb.com.samsung.health.exercise.location_data.json,2025-09-26 15:23:01.000,1001,,,,,30001,,,63030110,,2025-09-26 16:09:41.746,2025-09-26 16:09:41.746,,,1.4444444,,,,4523,3448.18,,135.84,,,,UTC+0530,US7nt0+2+q,,,5d49a2db-e65c-4c1c-9ab1-46471f9726bb.com.samsung.health.exercise.live_data.json,,1.3690854,com.sec.android.app.shealth,,,,,2025-09-26 16:05:00.000,5d49a2db-e65c-4c1c-9ab1-46471f9726bb,,
,,,,,,,1,,,,,4,0,,0,,,,,,,,,,,,2880000,,63030110,,8cda52d0-a2dd-4dd0-b083-f5fe5c29c23e.com.samsung.health.exercise.location_data.json,2025-09-26 19:00:00.000,1001,,,,,30001,,,63030110,,2025-09-26 19:50:06.806,2025-09-26 19:50:06.806,,,1.4435,,,,4655,3464.45,,139.78,,,,UTC+0530,US7nt0+2+q,,,8cda52d0-a2dd-4dd0-b083-f5fe5c29c23e.com.samsung.health.exercise.live_data.json,,1.202934,com.sec.android.app.shealth,,,,,2025-09-26 19:48:00.000,8cda52d0-a2dd-4dd0-b083-f5fe5c29c23e,,
,,,,,,,1,,,,,4,0,,0,,,,,,,,,,,,2326000,,63051050,,038d6c15-87df-4d25-b26d-3c299d3fa955.com.samsung.health.exercise.location_data.json,2025-09-27 13:09:14.000,1001,,,,,30001,,,63051050,,2025-09-27 13:49:13.484,2025-09-27 13:49:13.484,,,1.4601668,,,,3956,2993.64,,119.07,,,,UTC+0530,US7nt0+2+q,,,038d6c15-87df-4d25-b26d-3c299d3fa955.com.samsung.health.exercise.live_data.json,,1.2870336,com.sec.android.app.shealth,,,,,2025-09-27 13:48:00.000,038d6c15-87df-4d25-b26d-3c299d3fa955,,
,,,,,,,1,,,,,4,0,,0,,,,,,,,,,,,893000,,63051050,,3816029a-2155-45f4-8e4b-8b93d4591427.com.samsung.health.exercise.location_data.json,2025-09-30 08:48:07.000,1001,,,,,30001,,,63051050,,2025-09-30 09:13:32.622,2025-09-30 09:13:32.622,,,1.4095932,,,,1514,1135.13,,45.67,,,,UTC+0530,US7nt0+2+q,,,3816029a-2155-45f4-8e4b-8b93d4591427.com.samsung.health.exercise.live_data.json,,1.2711421,com.sec.android.app.shealth,,,,,2025-09-30 09:03:00.000,3816029a-2155-45f4-8e4b-8b93d4591427,,
,,,,,,,1,,,,,4,0,,0,,,,,,,,,,,,651000,,63051050,,,2025-10-08 08:34:09.000,1001,,,,,30001,,,63051050,,2025-10-08 08:45:14.226,2025-10-08 08:45:14.226,,,1.3299254,,,,1035,773.7,,31.07,,,,UTC+0530,US7nt0+2+q,,,f5ffddfc-93b2-4ced-9686-650f37e13d3a.com.samsung.health.exercise.live_data.json,,1.1884793,com.sec.android.app.shealth,,,,,2025-10-08 08:45:00.000,f5ffddfc-93b2-4ced-9686-650f37e13d3a,,
211bd9de-11f2-4cbc-be3c-8c4229458c6f.live_data_internal.json,0,0,,77.48355,,184.91164,0,,0,,211bd9de-11f2-4cbc-be3c-8c4229458c6f.sensing_status.json,1,0,,0,,,3,,12.923157,0.0,,,211bd9de-11f2-4cbc-be3c-8c4229458c6f.location_data_internal.json,,,2895114,,63051050,,211bd9de-11f2-4cbc-be3c-8c4229458c6f.com.samsung.health.exercise.location_data.json,2025-10-09 01:05:03.214,1001,,826.9826,65.0,,30001,,796.3894,63051050,,2025-10-09 01:54:07.514,2025-10-09 01:05:03.223,,,1.7128571,,,,4912,3909.68,,184.0,,305.0,,UTC+0530,US7nt0+2+q,,,211bd9de-11f2-4cbc-be3c-8c4229458c6f.com.samsung.health.exercise.live_data.json,,1.3504939,com.sec.android.app.shealth,17.809204,35.708374,,,2025-10-09 01:54:06.838,211bd9de-11f2-4cbc-be3c-8c4229458c6f,,
,,,,,,,1,,,,,4,0,,0,,,,,,,,,,,,1313000,,63051050,,6e255ed1-6b9f-4b14-9257-81781c06d260.com.samsung.health.exercise.location_data.json,2025-10-09 00:43:07.000,1001,,,,,30001,,,63051050,,2025-10-09 01:05:03.498,2025-10-09 01:05:03.498,,,1.3456666,,,,2281,1713.83,,68.61,,,,UTC+0530,US7nt0+2+q,,,6e255ed1-6b9f-4b14-9257-81781c06d260.com.samsung.health.exercise.live_data.json,,1.3052781,com.sec.android.app.shealth,,,,,2025-10-09 01:05:00.000,6e255ed1-6b9f-4b14-9257-81781c06d260,,
,,,,,,,1,,,,,4,0,,0,,,,,,,,,,,,3757000,,63051050,,4694b7a8-9f96-4320-b720-8a4bd9e00bf1.com.samsung.health.exercise.location_data.json,2025-10-11 13:05:23.000,1001,,,,,30001,,,63051050,,2025-10-11 14:11:05.153,2025-10-11 14:11:05.153,,,1.4722222,,,,6274,4735.4,,188.55,,,,UTC+0530,US7nt0+2+q,,,4694b7a8-9f96-4320-b720-8a4bd9e00bf1.com.samsung.health.exercise.live_data.json,,1.2604204,com.sec.android.app.shealth,,,,,2025-10-11 14:08:00.000,4694b7a8-9f96-4320-b720-8a4bd9e00bf1,,
,,,,,,,1,,,,,4,0,,0,,,,,,,,,,,,1800000,,63051050,,99522ef5-a433-44f4-acb3-2eb11e1a0517.com.samsung.health.exercise.location_data.json,2025-10-11 14:30:00.000,1001,,,,,30001,,,63051050,,2025-10-11 15:02:41.854,2025-10-11 15:02:41.854,,,1.4722222,,,,3168,2398.51,,95.19,,,,UTC+0530,US7nt0+2+q,,,99522ef5-a433-44f4-acb3-2eb11e1a0517.com.samsung.health.exercise.live_data.json,,1.3325056,com.sec.android.app.shealth,,,,,2025-10-11 15:00:00.000,99522ef5-a433-44f4-acb3-2eb11e1a0517,,
,,,,,,,1,,,,,4,0,,0,,,,,,,,,,,,3898948,,63051050,,75c30119-a5f5-4ea3-a656-9c596edd579d.com.samsung.health.exercise.location_data.json,2025-10-12 01:47:01.000,1001,,,,,30001,,,63051050,,2025-10-12 02:53:20.961,2025-10-12 02:53:20.961,,,1.3245,,,,6201,4633.04,,186.47,,,,UTC+0530,US7nt0+2+q,,,75c30119-a5f5-4ea3-a656-9c596edd579d.com.samsung.health.exercise.live_data.json,,1.1882795,com.sec.android.app.shealth,,,,,2025-10-12 02:52:00.000,75c30119-a5f5-4ea3-a656-9c596edd579d,,
,,,,,,,1,,,,,4,0,,0,,,,,,,,,,,,698241,,63051050,,b8167b45-6da2-4f11-8065-2a25d9ab7857.com.samsung.health.exercise.location_data.json,2025-10-12 03:23:21.000,1001,,,,,30001,,,63051050,,2025-10-12 03:36:37.942,2025-10-12 03:36:37.942,,,1.3562212,,,,1291,971.92,,38.76,,,,UTC+0530,US7nt0+2+q,,,b8167b45-6da2-4f11-8065-2a25d9ab7857.com.samsung.health.exercise.live_data.json,,1.3562212,com.sec.android.app.shealth,,,,,2025-10-12 03:35:00.000,b8167b45-6da2-4f11-8065-2a25d9ab7857,,
,,,,,,,1,,,,,4,0,,0,,,,,,,,,,,,1500000,,63051050,,b9e83052-9e4f-43e0-abd3-e54cf6763193.com.samsung.health.exercise.location_data.json,2025-10-12 03:43:00.000,1001,,,,,30001,,,63051050,,2025-10-12 04:11:19.330,2025-10-12 04:11:19.330,,,1.3628333,,,,2512,1873.98,,75.5,,,,UTC+0530,US7nt0+2+q,,,b9e83052-9e4f-43e0-abd3-e54cf6763193.com.samsung.health.exercise.live_data.json,,1.2493199,com.sec.android.app.shealth,,,,,2025-10-12 04:08:00.000,b9e83052-9e4f-43e0-abd3-e54cf6763193,,
,,,,,,,1,,,,,4,0,,0,,,,,,,,,,,,660000,,63051050,,dccaa239-2a28-4c8d-b401-9633a0b7438d.com.samsung.health.exercise.location_data.json,2025-10-12 04:37:00.000,1001,,,,,30001,,,63051050,,2025-10-12 04:49:12.745,2025-10-12 04:49:12.745,,,1.2793334,,,,1131,844.18,,33.95,,,,UTC+0530,US7nt0+2+q,,,dccaa239-2a28-4c8d-b401-9633a0b7438d.com.samsung.health.exercise.live_data.json,,1.2790606,com.sec.android.app.shealth,,,,,2025-10-12 04:48:00.000,dccaa239-2a28-4c8d-b401-9633a0b7438d,,
,,,,,,,1,,,,,4,0,,0,,,,,,,,,,,,660000,,63051050,,9af0c50c-7f21-4ab1-8c08-96bb9e2f6795.com.samsung.health.exercise.location_data.json,2025-10-14 10:37:00.000,1001,,,,,30001,,,63051050,,2025-10-14 10:49:54.011,2025-10-14 10:49:54.011,,,1.36,,,,1156,861.04,,34.73,,,,UTC+0530,US7nt0+2+q,,,9af0c50c-7f21-4ab1-8c08-96bb9e2f6795.com.samsung.health.exercise.live_data.json,,1.3046061,com.sec.android.app.shealth,,,,,2025-10-14 10:48:00.000,9af0c50c-7f21-4ab1-8c08-96bb9e2f6795,,
,,,,,,,1,,,,,4,0,,0,,,,,,,,,,,,659926,,63051050,,f373c288-9479-49e9-9dbc-c1e8b16fbe12.com.samsung.health.exercise.location_data.json,2025-10-16 09:10:00.000,1001,,,,,30001,,,63051050,,2025-10-16 09:22:56.100,2025-10-16 09:22:56.100,,,1.3333334,,,,1067,794.76,,32.11,,,,UTC+0530,US7nt0+2+q,,,f373c288-9479-49e9-9dbc-c1e8b16fbe12.com.samsung.health.exercise.live_data.json,,1.204317,com.sec.android.app.shealth,,,,,2025-10-16 09:21:00.000,f373c288-9479-49e9-9dbc-c1e8b16fbe12,,
,,,,,,,1,,,,,4,0,,0,,,,,,,,,,,,2036000,,63051050,,a943932c-3033-4ab4-bcc0-751d213e2c0d.com.samsung.health.exercise.location_data.json,2025-10-22 15:49:04.000,1001,,,,,30001,,,63051050,,2025-10-22 16:28:34.413,2025-10-22 16:28:34.413,,,1.3611112,,,,3604,2724.02,,108.29,,,,UTC+0530,US7nt0+2+q,,,a943932c-3033-4ab4-bcc0-751d213e2c0d.com.samsung.health.exercise.live_data.json,,1.3379273,com.sec.android.app.shealth,,,,,2025-10-22 16:23:00.000,a943932c-3033-4ab4-bcc0-751d213e2c0d,,
,,,,,,,1,,,,,4,0,,0,,,,,,,,,,,,1140000,,63051050,,25feed20-6a10-4e15-a6c3-956842df70e2.com.samsung.health.exercise.location_data.json,2025-10-22 16:24:00.000,1001,,,,,30001,,,63051050,,2025-10-22 16:44:38.663,2025-10-22 16:44:38.663,,,1.4156668,,,,1936,1471.42,,58.21,,,,UTC+0530,US7nt0+2+q,,,25feed20-6a10-4e15-a6c3-956842df70e2.com.samsung.health.exercise.live_data.json,,1.2907193,com.sec.android.app.shealth,,,,,2025-10-22 16:43:00.000,25feed20-6a10-4e15-a6c3-956842df70e2,,
,,,,,,,1,,,,,4,0,,0,,,,,,,,,,,,720000,,63051050,,5fa45454-76d8-4858-b0ae-71fc9df5babe.com.samsung.health.exercise.location_data.json,2025-10-28 03:37:00.000,1001,,,,,30001,,,63051050,,2025-10-28 04:03:07.207,2025-10-28 04:03:07.207,,,1.4166666,,,,1241,932.11,,37.29,,,,UTC+0530,US7nt0+2+q,,,5fa45454-76d8-4858-b0ae-71fc9df5babe.com.samsung.health.exercise.live_data.json,,1.2945973,com.sec.android.app.shealth,,,,,2025-10-28 03:49:00.000,5fa45454-76d8-4858-b0ae-71fc9df5babe,,
,,,,,,,1,,,,,4,0,,0,,,,,,,,,,,,720000,,63051050,,,2025-10-29 03:31:00.000,1001,,,,,30001,,,63051050,,2025-10-29 04:12:10.192,2025-10-29 04:12:10.192,,,1.4444444,,,,1243,941.5,,37.42,,,,UTC+0530,US7nt0+2+q,,,4ae30acd-fec0-4c0d-9f34-4b6c246edb41.com.samsung.health.exercise.live_data.json,,1.3076389,com.sec.android.app.shealth,,,,,2025-10-29 03:43:00.000,4ae30acd-fec0-4c0d-9f34-4b6c246edb41,,
,,,,,,,1,,,,,4,0,,0,,,,,,,,,,,,2194000,,63051050,,,2025-10-29 15:44:26.000,1001,,,,,30001,,,63051050,,2025-10-29 16:28:03.553,2025-10-29 16:28:03.553,,,1.3888888,,,,3911,2945.49,,117.41,,,,UTC+0530,US7nt0+2+q,,,e94672ba-1b9e-46be-bd73-7197ba62d167.com.samsung.health.exercise.live_data.json,,1.3425205,com.sec.android.app.shealth,,,,,2025-10-29 16:21:00.000,e94672ba-1b9e-46be-bd73-7197ba62d167,,
,,,,,,,1,,,,,4,0,,0,,,,,,,,,,,,840000,,63051050,,,2025-10-29 16:22:00.000,1001,,,,,30001,,,63051050,,2025-10-29 16:39:42.804,2025-10-29 16:39:42.804,,,1.385672,,,,1409,1063.1,,42.4,,,,UTC+0530,US7nt0+2+q,,,7240583f-4edf-477b-a0a3-9352c1c8e111.com.samsung.health.exercise.live_data.json,,1.2655952,com.sec.android.app.shealth,,,,,2025-10-29 16:36:00.000,7240583f-4edf-477b-a0a3-9352c1c8e111,,
,,,,,,,1,,,,,4,0,,0,,,,,,,,,,,,653000,,63051050,,,2025-10-30 05:44:07.000,1001,,,,,30001,,,63051050,,2025-10-30 05:56:48.927,2025-10-30 05:56:48.927,,,1.4166666,,,,1059,796.04,,31.82,,,,UTC+0530,US7nt0+2+q,,,8b8db369-6b0f-44b9-a61c-8993277e25ae.com.samsung.health.exercise.live_data.json,,1.2190504,com.sec.android.app.shealth,,,,,2025-10-30 05:55:00.000,8b8db369-6b0f-44b9-a61c-8993277e25ae,,
,,,,,,,1,,,,,4,0,,0,,,,,,,,,,,,659000,,63051050,,cb45e6c4-ad66-43a3-8c27-7ba78aa46d42.com.samsung.health.exercise.location_data.json,2025-10-30 12:49:01.000,1001,,,,,30001,,,63051050,,2025-10-30 13:04:20.280,2025-10-30 13:04:20.280,,,1.4786593,,,,1048,784.88,,31.52,,,,UTC+0530,US7nt0+2+q,,,cb45e6c4-ad66-43a3-8c27-7ba78aa46d42.com.samsung.health.exercise.live_data.json,,1.1910167,com.sec.android.app.shealth,,,,,2025-10-30 13:00:00.000,cb45e6c4-ad66-43a3-8c27-7ba78aa46d42,,
,,,,,,,1,,,,,4,0,,0,,,,,,,,,,,,4500000,,63051050,,aa6c5be9-4cad-47fc-818f-125ae617a7c2.com.samsung.health.exercise.location_data.json,2025-10-31 13:35:00.000,1001,,,,,30001,,,63051050,,2025-10-31 15:07:13.105,2025-10-31 15:07:13.105,,,1.4444444,,,,7905,5992.89,,237.43,,,,UTC+0530,US7nt0+2+q,,,aa6c5be9-4cad-47fc-818f-125ae617a7c2.com.samsung.health.exercise.live_data.json,,1.3317534,com.sec.android.app.shealth,,,,,2025-10-31 14:50:00.000,aa6c5be9-4cad-47fc-818f-125ae617a7c2,,
,,,,,,,1,,,,,4,0,,0,,,,,,,,,,,,1499980,,63051050,,b3c66855-b3e2-4e4e-bbcc-5481f8df1098.com.samsung.health.exercise.location_data.json,2025-10-31 15:49:00.000,1001,,,,,30001,,,63051050,,2025-10-31 16:30:01.780,2025-10-31 16:30:01.780,,,1.4348333,,,,2717,2055.55,,81.55,,,,UTC+0530,US7nt0+2+q,,,b3c66855-b3e2-4e4e-bbcc-5481f8df1098.com.samsung.health.exercise.live_data.json,,1.3703849,com.sec.android.app.shealth,,,,,2025-10-31 16:14:00.000,b3c66855-b3e2-4e4e-bbcc-5481f8df1098,,
,,,,,,,1,,,,,4,0,,0,,,,,,,,,,,,1137000,,63051050,,c7dfd3fb-f85d-404f-8ac3-b8c3e061eab7.com.samsung.health.exercise.location_data.json,2025-10-31 16:15:03.000,1001,,,,,30001,,,63051050,,2025-10-31 16:36:11.628,2025-10-31 16:36:11.628,,,1.8611112,,,,2187,1676.88,,65.95,,,,UTC+0530,US7nt0+2+q,,,c7dfd3fb-f85d-404f-8ac3-b8c3e061eab7.com.samsung.health.exercise.live_data.json,,1.4748285,com.sec.android.app.shealth,,,,,2025-10-31 16:34:00.000,c7dfd3fb-f85d-404f-8ac3-b8c3e061eab7,,
,,,,,,,1,,,,,4,0,,0,,,,,,,,,,,,2744652,,63051050,,c0393b09-263f-40e1-81dc-bbfe8d04bd78.com.samsung.health.exercise.location_data.json,2025-11-02 01:27:15.000,1001,,,,,30001,,,63051050,,2025-11-02 02:14:28.544,2025-11-02 02:14:28.544,,,2.9906583,,,,5403,4924.62,,252.85,,,,UTC+0530,US7nt0+2+q,,,c0393b09-263f-40e1-81dc-bbfe8d04bd78.com.samsung.health.exercise.live_data.json,,1.7942603,com.sec.android.app.shealth,,,,,2025-11-02 02:13:00.000,c0393b09-263f-40e1-81dc-bbfe8d04bd78,,
,,,,,,,1,,,,,4,0,,0,,,,,,,,,,,,660000,,63051050,,,2025-11-03 03:18:00.000,1001,,,,,30001,,,63051050,,2025-11-03 03:32:49.424,2025-11-03 03:32:49.424,,,1.3529017,,,,1161,866.24,,34.85,,,,UTC+0530,US7nt0+2+q,,,06e16bb9-0569-40a4-b84f-0101e43834d7.com.samsung.health.exercise.live_data.json,,1.3124849,com.sec.android.app.shealth,,,,,2025-11-03 03:29:00.000,06e16bb9-0569-40a4-b84f-0101e43834d7,,
,,,,,,,1,,,,,4,0,,0,,,,,,,,,,,,657080,,63051050,,1ad075ca-d100-488d-a8b1-5a06e1f18bf0.com.samsung.health.exercise.location_data.json,2025-11-04 03:49:02.000,1001,,,,,30001,,,63051050,,2025-11-04 04:08:12.552,2025-11-04 04:08:12.552,,,1.4075592,,,,1231,931.8,,36.91,,,,UTC+0530,US7nt0+2+q,,,1ad075ca-d100-488d-a8b1-5a06e1f18bf0.com.samsung.health.exercise.live_data.json,,1.4075592,com.sec.android.app.shealth,,,,,2025-11-04 04:00:00.000,1ad075ca-d100-488d-a8b1-5a06e1f18bf0,,
,,,,,,,1,,,,,4,0,,0,,,,,,,,,,,,660000,,63051050,,02e9c656-2f9b-4294-98a7-8b9c10d15c8f.com.samsung.health.exercise.location_data.json,2025-11-05 03:29:00.000,1001,,,,,30001,,,63051050,,2025-11-05 03:49:37.821,2025-11-05 03:49:37.821,,,1.4722222,,,,1165,881.11,,35.01,,,,UTC+0530,US7nt0+2+q,,,02e9c656-2f9b-4294-98a7-8b9c10d15c8f.com.samsung.health.exercise.live_data.json,,1.3350152,com.sec.android.app.shealth,,,,,2025-11-05 03:40:00.000,02e9c656-2f9b-4294-98a7-8b9c10d15c8f,,
,,,,,,,1,,,,,4,0,,0,,,,,,,,,,,,2012000,,63051050,,ee2f5dec-7a70-4e2a-8265-33fa58fdd633.com.samsung.health.exercise.location_data.json,2025-11-05 12:34:28.000,1001,,,,,30001,,,63051050,,2025-11-05 13:09:52.839,2025-11-05 13:09:52.839,,,1.4130001,,,,3514,2651.48,,105.54,,,,UTC+0530,US7nt0+2+q,,,ee2f5dec-7a70-4e2a-8265-33fa58fdd633.com.samsung.health.exercise.live_data.json,,1.317833,com.sec.android.app.shealth,,,,,2025-11-05 13:08:00.000,ee2f5dec-7a70-4e2a-8265-33fa58fdd633,,
,,,,,,,1,,,,,4,0,,0,,,,,,,,,,,,1793000,,63051050,,26893fc0-38c6-4f0f-8f62-ab39138c5c67.com.samsung.health.exercise.location_data.json,2025-11-06 00:44:07.000,1001,,,,,30001,,,63051050,,2025-11-06 01:28:49.793,2025-11-06 01:28:49.793,,,2.8888888,,,,3824,3506.95,,185.97,,,,UTC+0530,US7nt0+2+q,,,26893fc0-38c6-4f0f-8f62-ab39138c5c67.com.samsung.health.exercise.live_data.json,,1.9559119,com.sec.android.app.shealth,,,,,2025-11-06 01:14:00.000,26893fc0-38c6-4f0f-8f62-ab39138c5c67,,
,,,,,,,1,,,,,4,0,,0,,,,,,,,,,,,640000,,63051050,,31a351e4-08e9-4f28-8b5d-f9e3d7d2a1ad.com.samsung.health.exercise.location_data.json,2025-11-06 03:27:20.000,1001,,,,,30001,,,63051050,,2025-11-06 03:41:31.751,2025-11-06 03:41:31.751,,,1.421,,,,1047,786.54,,31.519999,,,,UTC+0530,US7nt0+2+q,,,31a351e4-08e9-4f28-8b5d-f9e3d7d2a1ad.com.samsung.health.exercise.live_data.json,,1.2289686,com.sec.android.app.shealth,,,,,2025-11-06 03:38:00.000,31a351e4-08e9-4f28-8b5d-f9e3d7d2a1ad,,
,,,,,,,1,,,,,4,0,,0,,,,,,,,,,,,1844000,,63051050,,e05a6490-95f5-45d7-9f43-1e1b8d3a9fa1.com.samsung.health.exercise.location_data.json,2025-11-07 01:18:16.000,1001,,,,,30001,,,63051050,,2025-11-07 01:50:16.896,2025-11-07 01:50:16.896,,,2.9166667,,,,3680,3351.3801,,177.1,,,,UTC+0530,US7nt0+2+q,,,e05a6490-95f5-45d7-9f43-1e1b8d3a9fa1.com.samsung.health.exercise.live_data.json,,1.8174511,com.sec.android.app.shealth,,,,,2025-11-07 01:49:00.000,e05a6490-95f5-45d7-9f43-1e1b8d3a9fa1,,
,,,,,,,1,,,,,4,0,,0,,,,,,,,,,,,716000,,63051050,,dd7ab7e4-6ffa-4089-978e-ef0d9bf96170.com.samsung.health.exercise.location_data.json,2025-11-07 03:41:04.000,1001,,,,,30001,,,63051050,,2025-11-07 03:55:57.173,2025-11-07 03:55:57.173,,,1.3333334,,,,1121,840.18,,33.77,,,,UTC+0530,US7nt0+2+q,,,dd7ab7e4-6ffa-4089-978e-ef0d9bf96170.com.samsung.health.exercise.live_data.json,,1.1734357,com.sec.android.app.shealth,,,,,2025-11-07 03:53:00.000,dd7ab7e4-6ffa-4089-978e-ef0d9bf96170,,
,,,,,,,1,,,,,4,0,,0,,,,,,,,,,,,1833000,,63051050,,40ba3c7f-8ba5-4c34-91d4-a6b4deed0220.com.samsung.health.exercise.location_data.json,2025-11-08 03:27:27.000,1001,,,,,30001,,,63051050,,2025-11-08 03:59:03.750,2025-11-08 03:59:03.750,,,1.4722222,,,,2841,2151.54,,85.659996,,,,UTC+0530,US7nt0+2+q,,,40ba3c7f-8ba5-4c34-91d4-a6b4deed0220.com.samsung.health.exercise.live_data.json,,1.1737807,com.sec.android.app.shealth,,,,,2025-11-08 03:58:00.000,40ba3c7f-8ba5-4c34-91d4-a6b4deed0220,,
,,,,,,,1,,,,,4,0,,0,,,,,,,,,,,,688000,,63051050,,60a43116-7a91-405b-91b0-c07cf36702ee.com.samsung.health.exercise.location_data.json,2025-11-09 01:36:32.000,1002,,,,,30001,,,63051050,,2025-11-09 01:49:36.335,2025-11-09 01:49:36.335,,,2.897833,,,,1609,1561.75,,88.2,,,,UTC+0530,US7nt0+2+q,,,60a43116-7a91-405b-91b0-c07cf36702ee.com.samsung.health.exercise.live_data.json,,2.2699854,com.sec.android.app.shealth,,,,,2025-11-09 01:48:00.000,60a43116-7a91-405b-91b0-c07cf36702ee,,
,,,,,,,1,,,,,4,0,,0,,,,,,,,,,,,1174000,,63051050,,3e43be9d-48b4-41b9-98e2-0b2e2182d4a4.com.samsung.health.exercise.location_data.json,2025-11-09 01:48:26.000,1001,,,,,30001,,,63051050,,2025-11-09 02:10:24.752,2025-11-09 02:10:24.752,,,2.8282433,,,,2032,1587.83,,65.96,,,,UTC+0530,US7nt0+2+q,,,3e43be9d-48b4-41b9-98e2-0b2e2182d4a4.com.samsung.health.exercise.live_data.json,,1.3524958,com.sec.android.app.shealth,,,,,2025-11-09 02:08:00.000,3e43be9d-48b4-41b9-98e2-0b2e2182d4a4,,
,,,,,,,1,,,,,4,0,,0,,,,,,,,,,,,2939940,,63051050,,7eef5a9c-06b8-47b4-a19f-351943cad147.com.samsung.health.exercise.location_data.json,2025-11-09 13:52:00.000,1001,,,,,30001,,,63051050,,2025-11-09 14:42:28.527,2025-11-09 14:42:28.527,,,1.4444444,,,,5305,4039.6099,,159.34,,,,UTC+0530,US7nt0+2+q,,,7eef5a9c-06b8-47b4-a19f-351943cad147.com.samsung.health.exercise.live_data.json,,1.3740451,com.sec.android.app.shealth,,,,,2025-11-09 14:41:00.000,7eef5a9c-06b8-47b4-a19f-351943cad147,,
,,,,,,,1,,,,,4,0,,0,,,,,,,,,,,,1840000,,63051050,,181aba7e-cfea-4804-912b-8a2cf3e9af88.com.samsung.health.exercise.location_data.json,2025-11-10 01:41:20.000,1001,,,,,30001,,,63051050,,2025-11-10 02:13:25.415,2025-11-10 02:13:25.415,,,5.5555553,,,,3610,3379.64,,168.83,,,,UTC+0530,US7nt0+2+q,,,181aba7e-cfea-4804-912b-8a2cf3e9af88.com.samsung.health.exercise.live_data.json,,1.8367608,com.sec.android.app.shealth,,,,,2025-11-10 02:12:00.000,181aba7e-cfea-4804-912b-8a2cf3e9af88,,
,,,,,,,1,,,,,4,0,,0,,,,,,,,,,,,779389,,63051050,,562c6ebf-052d-43e3-be7f-3ce8d48f68a9.com.samsung.health.exercise.location_data.json,2025-11-10 03:28:00.000,1001,,,,,30001,,,63051050,,2025-11-10 03:47:37.060,2025-11-10 03:47:37.060,,,1.3888888,,,,1222,916.26,,36.739998,,,,UTC+0530,US7nt0+2+q,,,562c6ebf-052d-43e3-be7f-3ce8d48f68a9.com.samsung.health.exercise.live_data.json,,1.1756133,com.sec.android.app.shealth,,,,,2025-11-10 03:41:00.000,562c6ebf-052d-43e3-be7f-3ce8d48f68a9,,
,,,,,,,1,,,,,4,0,,0,,,,,,,,,,,,718000,,63051050,,,2025-11-11 03:36:02.000,1001,,,,,30001,,,63051050,,2025-11-11 03:55:21.950,2025-11-11 03:55:21.950,,,1.3888888,,,,1137,855.98,,34.19,,,,UTC+0530,US7nt0+2+q,,,dc9a1f27-2e1e-4011-a0ba-17a90b2a819c.com.samsung.health.exercise.live_data.json,,1.1921728,com.sec.android.app.shealth,,,,,2025-11-11 03:48:00.000,dc9a1f27-2e1e-4011-a0ba-17a90b2a819c,,
,,,,,,,1,,,,,4,0,,0,,,,,,,,,,,,758000,,63051050,,a427d239-ef89-44c5-ac3c-e5de91636b52.com.samsung.health.exercise.location_data.json,2025-11-12 03:39:22.000,1001,,,,,30001,,,63051050,,2025-11-12 03:53:47.435,2025-11-12 03:53:47.435,,,1.4722222,,,,1182,897.15,,35.62,,,,UTC+0530,US7nt0+2+q,,,a427d239-ef89-44c5-ac3c-e5de91636b52.com.samsung.health.exercise.live_data.json,,1.1835753,com.sec.android.app.shealth,,,,,2025-11-12 03:52:00.000,a427d239-ef89-44c5-ac3c-e5de91636b52,,
,,,,,,,1,,,,,4,0,,0,,,,,,,,,,,,720000,,63051050,,,2025-11-13 03:32:00.000,1001,,,,,30001,,,63051050,,2025-11-13 04:15:02.648,2025-11-13 04:15:02.648,,,1.3333334,,,,1218,916.31,,36.600002,,,,UTC+0530,US7nt0+2+q,,,74c48d9e-c62b-416d-bb88-3274498db6f7.com.samsung.health.exercise.live_data.json,,1.2726529,com.sec.android.app.shealth,,,,,2025-11-13 03:44:00.000,74c48d9e-c62b-416d-bb88-3274498db6f7,,
,,,,,,,1,,,,,4,0,,0,,,,,,,,,,,,641678,,63060070,,34ca4f6c-1f02-4fea-8504-4e68e2ce229d.com.samsung.health.exercise.location_data.json,2025-11-14 04:10:18.000,1001,,,,,30001,,,63060070,,2025-11-14 04:22:25.156,2025-11-14 04:22:25.156,,,1.3888888,,,,1038,783.8,,31.16,,,,UTC+0530,US7nt0+2+q,,,34ca4f6c-1f02-4fea-8504-4e68e2ce229d.com.samsung.health.exercise.live_data.json,,1.2214849,com.sec.android.app.shealth,,,,,2025-11-14 04:21:00.000,34ca4f6c-1f02-4fea-8504-4e68e2ce229d,,
,,,,,,,1,,,,,4,0,,0,,,,,,,,,,,,807028,,63060070,,d4485168-c71c-437c-8c9d-42d019d8c032.com.samsung.health.exercise.location_data.json,2025-11-16 08:17:32.000,1001,,,,,30001,,,63060070,,2025-11-16 08:47:58.822,2025-11-16 08:47:58.822,,,1.3686665,,,,1345,1010.46,,40.63,,,,UTC+0530,US7nt0+2+q,,,d4485168-c71c-437c-8c9d-42d019d8c032.com.samsung.health.exercise.live_data.json,,1.2520756,com.sec.android.app.shealth,,,,,2025-11-16 08:31:00.000,d4485168-c71c-437c-8c9d-42d019d8c032,,
,,,,,,,1,,,,,4,0,,0,,,,,,,,,,,,659955,,63060070,,4aa0cc00-42f3-421f-9943-1ce78553862c.com.samsung.health.exercise.location_data.json,2025-11-16 09:45:00.000,1001,,,,,30001,,,63060070,,2025-11-16 09:57:53.253,2025-11-16 09:57:53.253,,,1.3073334,,,,1181,879.37,,35.489998,,,,UTC+0530,US7nt0+2+q,,,4aa0cc00-42f3-421f-9943-1ce78553862c.com.samsung.health.exercise.live_data.json,,1.3073334,com.sec.android.app.shealth,,,,,2025-11-16 09:56:00.000,4aa0cc00-42f3-421f-9943-1ce78553862c,,
,,,,,,,1,,,,,4,0,,0,,,,,,,,,,,,755000,,63060070,,053bf59f-9471-4535-8669-6374e3daf0eb.com.samsung.health.exercise.location_data.json,2025-11-16 11:34:25.000,1001,,,,,30001,,,63060070,,2025-11-16 11:48:35.363,2025-11-16 11:48:35.363,,,1.3611112,,,,1325,1003.24,,39.829998,,,,UTC+0530,US7nt0+2+q,,,053bf59f-9471-4535-8669-6374e3daf0eb.com.samsung.health.exercise.live_data.json,,1.3287947,com.sec.android.app.shealth,,,,,2025-11-16 11:47:00.000,053bf59f-9471-4535-8669-6374e3daf0eb,,
,,,,,,,1,,,,,4,0,,0,,,,,,,,,,,,660000,,63060070,,fb7e89f1-f000-4bed-8c85-8da4d030b5e5.com.samsung.health.exercise.location_data.json,2025-11-17 03:37:00.000,1001,,,,,30001,,,63060070,,2025-11-17 03:50:09.897,2025-11-17 03:50:09.897,,,1.4313334,,,,1164,877.49,,34.93,,,,UTC+0530,US7nt0+2+q,,,fb7e89f1-f000-4bed-8c85-8da4d030b5e5.com.samsung.health.exercise.live_data.json,,1.3295304,com.sec.android.app.shealth,,,,,2025-11-17 03:48:00.000,fb7e89f1-f000-4bed-8c85-8da4d030b5e5,,
,,,,,,,1,,,,,4,0,,0,,,,,,,,,,,,720000,,63060070,,,2025-11-18 03:48:00.000,1001,,,,,30001,,,63060070,,2025-11-18 04:06:45.261,2025-11-18 04:06:45.261,,,1.3611112,,,,1218,917.69,,36.64,,,,UTC+0530,US7nt0+2+q,,,cd4d8ccf-e56c-4e2c-abc1-24f4f2ab703a.com.samsung.health.exercise.live_data.json,,1.2745695,com.sec.android.app.shealth,,,,,2025-11-18 04:00:00.000,cd4d8ccf-e56c-4e2c-abc1-24f4f2ab703a,,
,,,,,,,1,,,,,4,0,,0,,,,,,,,,,,,716000,,63060070,,,2025-11-19 03:44:04.000,1001,,,,,30001,,,63060070,,2025-11-19 03:58:00.478,2025-11-19 03:58:00.478,,,1.3333334,,,,1198,901.25,,36.03,,,,UTC+0530,US7nt0+2+q,,,ea7c42c8-5ef8-4b8e-8d22-ed9f25aff9fa.com.samsung.health.exercise.live_data.json,,1.258729,com.sec.android.app.shealth,,,,,2025-11-19 03:56:00.000,ea7c42c8-5ef8-4b8e-8d22-ed9f25aff9fa,,
,,,,,,,1,,,,,4,0,,0,,,,,,,,,,,,1013000,,63060070,,,2025-11-19 06:26:07.000,1001,,,,,30001,,,63060070,,2025-11-19 06:44:10.084,2025-11-19 06:44:10.084,,,1.3888888,,,,1469,1114.12,,44.28,,,,UTC+0530,US7nt0+2+q,,,6faf8156-4190-4ce5-a427-ea6fa615f348.com.samsung.health.exercise.live_data.json,,1.0998223,com.sec.android.app.shealth,,,,,2025-11-19 06:43:00.000,6faf8156-4190-4ce5-a427-ea6fa615f348,,
,,,,,,,1,,,,,4,0,,0,,,,,,,,,,,,2280000,,63060070,,bb44a0db-51f9-4c42-b72e-bbb8d79bca8d.com.samsung.health.exercise.location_data.json,2025-11-22 16:14:00.000,1001,,,,,30001,,,63060070,,2025-11-22 16:53:27.564,2025-11-22 16:53:27.564,,,1.3709999,,,,3734,2815.6,,112.46,,,,UTC+0530,US7nt0+2+q,,,bb44a0db-51f9-4c42-b72e-bbb8d79bca8d.com.samsung.health.exercise.live_data.json,,1.2349124,com.sec.android.app.shealth,,,,,2025-11-22 16:52:00.000,bb44a0db-51f9-4c42-b72e-bbb8d79bca8d,,
,,,,,,,1,,,,,4,0,,0,,,,,,,,,,,,2760000,,63060070,,d5833afc-03e5-4cb1-a196-4249ab9ba4d8.com.samsung.health.exercise.location_data.json,2025-11-23 16:03:00.000,1001,,,,,30001,,,63060070,,2025-11-23 16:50:22.546,2025-11-23 16:50:22.546,,,1.4722222,,,,4945,3763.48,,148.4,,,,UTC+0530,US7nt0+2+q,,,d5833afc-03e5-4cb1-a196-4249ab9ba4d8.com.samsung.health.exercise.live_data.json,,1.3635796,com.sec.android.app.shealth,,,,,2025-11-23 16:49:00.000,d5833afc-03e5-4cb1-a196-4249ab9ba4d8,,
,,,,,,,1,,,,,4,0,,0,,,,,,,,,,,,2999000,,63060070,,d17112cf-ad55-4590-b76a-049173a38c77.com.samsung.health.exercise.location_data.json,2025-11-24 15:36:01.000,1001,,,,,30001,,,63060070,,2025-11-24 16:28:14.945,2025-11-24 16:28:14.945,,,1.4444444,,,,4885,3669.98,,146.79,,,,UTC+0530,US7nt0+2+q,,,d17112cf-ad55-4590-b76a-049173a38c77.com.samsung.health.exercise.live_data.json,,1.2237346,com.sec.android.app.shealth,,,,,2025-11-24 16:26:00.000,d17112cf-ad55-4590-b76a-049173a38c77,,
,,,,,,,1,,,,,4,0,,0,,,,,,,,,,,,1679610,,63060070,,f564f49c-c171-438c-8f21-2fe035ac9f16.com.samsung.health.exercise.location_data.json,2025-11-25 15:38:00.000,1001,,,,,30001,,,63060070,,2025-11-25 16:08:01.774,2025-11-25 16:08:01.774,,,1.38,,,,2832,2127.06,,85.049995,,,,UTC+0530,US7nt0+2+q,,,f564f49c-c171-438c-8f21-2fe035ac9f16.com.samsung.health.exercise.live_data.json,,1.266401,com.sec.android.app.shealth,,,,,2025-11-25 16:06:00.000,f564f49c-c171-438c-8f21-2fe035ac9f16,,
,,,,,,,1,,,,,4,0,,0,,,,,,,,,,,,711449,,63060070,,dfe6e134-fa2a-4b33-afad-cf3db86031cc.com.samsung.health.exercise.location_data.json,2025-11-25 16:08:08.000,1001,,,,,30001,,,63060070,,2025-11-25 16:24:46.085,2025-11-25 16:24:46.085,,,1.3131666,,,,1288,963.33,,38.7,,,,UTC+0530,US7nt0+2+q,,,dfe6e134-fa2a-4b33-afad-cf3db86031cc.com.samsung.health.exercise.live_data.json,,1.3131666,com.sec.android.app.shealth,,,,,2025-11-25 16:20:00.000,dfe6e134-fa2a-4b33-afad-cf3db86031cc,,
,,,,,,,1,,,,,4,0,,0,,,,,,,,,,,,3359550,,63060070,,dbd5571b-f13a-40bb-bc8d-b69b426f9cdb.com.samsung.health.exercise.location_data.json,2025-11-26 15:38:00.000,1001,,,,,30001,,,63060070,,2025-11-26 16:35:28.125,2025-11-26 16:35:28.125,,,1.3763334,,,,5826,4369.09,,174.81,,,,UTC+0530,US7nt0+2+q,,,dbd5571b-f13a-40bb-bc8d-b69b426f9cdb.com.samsung.health.exercise.live_data.json,,1.3004986,com.sec.android.app.shealth,,,,,2025-11-26 16:34:00.000,dbd5571b-f13a-40bb-bc8d-b69b426f9cdb,,
,,,,,,,1,,,,,4,0,,0,,,,,,,,,,,,660000,,63060070,,,2025-12-01 07:35:00.000,1001,,,,,30001,,,63060070,,2025-12-01 07:53:48.083,2025-12-01 07:53:48.083,,,1.2777778,,,,1086,808.52,,32.65,,,,UTC+0530,US7nt0+2+q,,,e0e1c60f-e90e-4df7-8cad-85b85f3cd380.com.samsung.health.exercise.live_data.json,,1.2250303,com.sec.android.app.shealth,,,,,2025-12-01 07:46:00.000,e0e1c60f-e90e-4df7-8cad-85b85f3cd380,,
,,,,,,,1,,,,,4,0,,0,,,,,,,,,,,,780000,,63060070,,7783857f-36f5-40eb-bde7-90fe431b6c01.com.samsung.health.exercise.location_data.json,2025-12-05 04:45:00.000,1001,,,,,30001,,,63060070,,2025-12-05 05:33:52.323,2025-12-05 05:33:52.323,,,1.4444444,,,,1272,963.3,,38.26,,,,UTC+0530,US7nt0+2+q,,,7783857f-36f5-40eb-bde7-90fe431b6c01.com.samsung.health.exercise.live_data.json,,1.235,com.sec.android.app.shealth,,,,,2025-12-05 04:58:00.000,7783857f-36f5-40eb-bde7-90fe431b6c01,,
,,,,,,,1,,,,,4,0,,0,,,,,,,,,,,,713000,,63070030,,d97ffddf-0549-4742-bede-8216a7e38646.com.samsung.health.exercise.location_data.json,2025-12-18 03:25:07.000,1001,,,,,30001,,,63070030,,2025-12-18 03:38:10.704,2025-12-18 03:38:10.704,,,1.7777778,,,,1085,808.94,,32.67,,,,UTC+0530,US7nt0+2+q,,,d97ffddf-0549-4742-bede-8216a7e38646.com.samsung.health.exercise.live_data.json,,1.1345582,com.sec.android.app.shealth,,,,,2025-12-18 03:37:00.000,d97ffddf-0549-4742-bede-8216a7e38646,,
,,,,,,,1,,,,,4,0,,0,,,,,,,,,,,,720000,,63070030,,08808abb-6ac9-4449-95f7-7d68022c3bf1.com.samsung.health.exercise.location_data.json,2025-12-18 12:57:00.000,1001,,,,,30001,,,63070030,,2025-12-18 13:11:04.522,2025-12-18 13:11:04.522,,,1.3023335,,,,1245,927.57,,37.42,,,,UTC+0530,US7nt0+2+q,,,08808abb-6ac9-4449-95f7-7d68022c3bf1.com.samsung.health.exercise.live_data.json,,1.2882916,com.sec.android.app.shealth,,,,,2025-12-18 13:09:00.000,08808abb-6ac9-4449-95f7-7d68022c3bf1,,
,,,,,,,1,,,,,4,0,,0,,,,,,,,,,,,900000,,63070030,,96b2fc38-8d75-4723-9550-120fe1a3bc5e.com.samsung.health.exercise.location_data.json,2025-12-20 06:26:00.000,1001,,,,,30001,,,63070030,,2025-12-20 06:46:54.217,2025-12-20 06:46:54.217,,,1.2777778,,,,1545,1152.22,,46.35,,,,UTC+0530,US7nt0+2+q,,,96b2fc38-8d75-4723-9550-120fe1a3bc5e.com.samsung.health.exercise.live_data.json,,1.2777778,com.sec.android.app.shealth,,,,,2025-12-20 06:41:00.000,96b2fc38-8d75-4723-9550-120fe1a3bc5e,,
,,,,,,,1,,,,,4,0,,0,,,,,,,,,,,,657000,,63070030,,b65ddf33-6ad1-405c-85a2-27078b324c8c.com.samsung.health.exercise.location_data.json,2025-12-20 07:20:03.000,1001,,,,,30001,,,63070030,,2025-12-20 07:33:08.367,2025-12-20 07:33:08.367,,,1.2777778,,,,1094,816.4,,32.88,,,,UTC+0530,US7nt0+2+q,,,b65ddf33-6ad1-405c-85a2-27078b324c8c.com.samsung.health.exercise.live_data.json,,1.2426178,com.sec.android.app.shealth,,,,,2025-12-20 07:31:00.000,b65ddf33-6ad1-405c-85a2-27078b324c8c,,
,,,,,,,1,,,,,4,0,,0,,,,,,,,,,,,899937,,63070030,,105ac1d6-4a56-4f6a-82ef-3c6a81611956.com.samsung.health.exercise.location_data.json,2025-12-22 05:53:00.000,1001,,,,,30001,,,63070030,,2025-12-22 06:09:59.210,2025-12-22 06:09:59.210,,,1.3103334,,,,1598,1191.73,,47.989998,,,,UTC+0530,US7nt0+2+q,,,105ac1d6-4a56-4f6a-82ef-3c6a81611956.com.samsung.health.exercise.live_data.json,,1.3103334,com.sec.android.app.shealth,,,,,2025-12-22 06:08:00.000,105ac1d6-4a56-4f6a-82ef-3c6a81611956,,
,,,,,,,1,,,,,4,0,,0,,,,,,,,,,,,719562,,63070030,,ccc2f4f8-a092-4ba8-935e-afb1c61334b3.com.samsung.health.exercise.location_data.json,2025-12-22 07:47:00.000,1001,,,,,30001,,,63070030,,2025-12-22 08:00:29.844,2025-12-22 08:00:29.844,,,1.3531666,,,,1145,856.95,,34.42,,,,UTC+0530,US7nt0+2+q,,,ccc2f4f8-a092-4ba8-935e-afb1c61334b3.com.samsung.health.exercise.live_data.json,,1.1909329,com.sec.android.app.shealth,,,,,2025-12-22 07:59:00.000,ccc2f4f8-a092-4ba8-935e-afb1c61334b3,,
,,,,,,,1,,,,,4,0,,0,,,,,,,,,,,,650000,,63070030,,d61bb467-2b4c-4443-bef4-c80d1aa0fbaf.com.samsung.health.exercise.location_data.json,2026-01-10 00:29:10.000,1001,,,,,30001,,,63070030,,2026-01-10 00:43:55.298,2026-01-10 00:43:55.298,,,1.3333334,,,,1075,809.13,,32.42,,,,UTC+0530,US7nt0+2+q,,,d61bb467-2b4c-4443-bef4-c80d1aa0fbaf.com.samsung.health.exercise.live_data.json,,1.2448152,com.sec.android.app.shealth,,,,,2026-01-10 00:40:00.000,d61bb467-2b4c-4443-bef4-c80d1aa0fbaf,,
,,,,,,,1,,,,,4,0,,0,,,,,,,,,,,,2159722,,63070030,,f0065d0d-16b0-441f-835d-9e5e6aa41e14.com.samsung.health.exercise.location_data.json,2026-01-11 14:18:00.000,1001,,,,,30001,,,63070030,,2026-01-11 14:55:08.585,2026-01-11 14:55:08.585,,,1.3753334,,,,3727,2804.11,,111.87,,,,UTC+0530,US7nt0+2+q,,,f0065d0d-16b0-441f-835d-9e5e6aa41e14.com.samsung.health.exercise.live_data.json,,1.2983662,com.sec.android.app.shealth,,,,,2026-01-11 14:54:00.000,f0065d0d-16b0-441f-835d-9e5e6aa41e14,,
,,,,,,,1,,,,,4,0,,0,,,,,,,,,,,,645000,,63070030,,fceab217-62f3-44df-878b-6dea573a24e3.com.samsung.health.exercise.location_data.json,2026-01-12 03:34:15.000,1001,,,,,30001,,,63070030,,2026-01-12 03:50:48.412,2026-01-12 03:50:48.412,,,1.3611112,,,,1222,919.45,,36.77,,,,UTC+0530,US7nt0+2+q,,,fceab217-62f3-44df-878b-6dea573a24e3.com.samsung.health.exercise.live_data.json,,1.3611112,com.sec.android.app.shealth,,,,,2026-01-12 03:45:00.000,fceab217-62f3-44df-878b-6dea573a24e3,,
,,,,,,,1,,,,,4,0,,0,,,,,,,,,,,,660000,,63070030,,,2026-01-13 03:39:00.000,1001,,,,,30001,,,63070030,,2026-01-13 03:57:51.144,2026-01-13 03:57:51.144,,,1.3941667,,,,1175,888.72003,,35.34,,,,UTC+0530,US7nt0+2+q,,,366055b8-dcb4-4e12-8037-82c6abac2ea4.com.samsung.health.exercise.live_data.json,,1.3465456,com.sec.android.app.shealth,,,,,2026-01-13 03:50:00.000,366055b8-dcb4-4e12-8037-82c6abac2ea4,,
,,,,,,,1,,,,,4,0,,0,,,,,,,,,,,,1104000,,63070030,,716998a4-1191-4f49-b0a7-f548bfb290d0.com.samsung.health.exercise.location_data.json,2026-01-13 14:57:36.000,1001,,,,,30001,,,63070030,,2026-01-13 15:17:22.473,2026-01-13 15:17:22.473,,,1.4111253,,,,1964,1487.48,,59.07,,,,UTC+0530,US7nt0+2+q,,,716998a4-1191-4f49-b0a7-f548bfb290d0.com.samsung.health.exercise.live_data.json,,1.347355,com.sec.android.app.shealth,,,,,2026-01-13 15:16:00.000,716998a4-1191-4f49-b0a7-f548bfb290d0,,
,,,,,,,1,,,,,4,0,,0,,,,,,,,,,,,960000,,63070030,,a30b65bb-42a1-4e4a-87a4-e2a3fb8b6d27.com.samsung.health.exercise.location_data.json,2026-01-13 15:33:00.000,1001,,,,,30001,,,63070030,,2026-01-13 15:54:23.412,2026-01-13 15:54:23.412,,,2.6666667,,,,1756,1406.88,,61.420002,,,,UTC+0530,US7nt0+2+q,,,a30b65bb-42a1-4e4a-87a4-e2a3fb8b6d27.com.samsung.health.exercise.live_data.json,,1.4655,com.sec.android.app.shealth,,,,,2026-01-13 15:49:00.000,a30b65bb-42a1-4e4a-87a4-e2a3fb8b6d27,,
,,,,,,,1,,,,,4,0,,0,,,,,,,,,,,,1239000,,63070030,,a00589f3-7e96-4b92-bd67-83a6af4d30e0.com.samsung.health.exercise.location_data.json,2026-01-13 16:07:21.000,1001,,,,,30001,,,63070030,,2026-01-13 16:30:13.939,2026-01-13 16:30:13.939,,,1.4444444,,,,2277,1736.68,,68.47,,,,UTC+0530,US7nt0+2+q,,,a00589f3-7e96-4b92-bd67-83a6af4d30e0.com.samsung.health.exercise.live_data.json,,1.4016787,com.sec.android.app.shealth,,,,,2026-01-13 16:28:00.000,a00589f3-7e96-4b92-bd67-83a6af4d30e0,,
,,,,,,,1,,,,,4,0,,0,,,,,,,,,,,,2517777,,63070030,,713e101b-bf3a-4955-927c-49ed1f0ad2bc.com.samsung.health.exercise.location_data.json,2026-01-14 15:03:02.000,1001,,,,,30001,,,63070030,,2026-01-14 15:49:12.156,2026-01-14 15:49:12.156,,,1.3981667,,,,4419,3321.59,,132.67,,,,UTC+0530,US7nt0+2+q,,,713e101b-bf3a-4955-927c-49ed1f0ad2bc.com.samsung.health.exercise.live_data.json,,1.3192551,com.sec.android.app.shealth,,,,,2026-01-14 15:45:00.000,713e101b-bf3a-4955-927c-49ed1f0ad2bc,,
,,,,,,,1,,,,,4,0,,0,,,,,,,,,,,,1860000,,63070030,,b94e9bfd-9ee7-42c4-a52e-d2609e869f4e.com.samsung.health.exercise.location_data.json,2026-01-14 15:46:00.000,1001,,,,,30001,,,63070030,,2026-01-14 16:18:07.822,2026-01-14 16:18:07.822,,,1.3903333,,,,2738,2025.72,,83.04,,,,UTC+0530,US7nt0+2+q,,,b94e9bfd-9ee7-42c4-a52e-d2609e869f4e.com.samsung.health.exercise.live_data.json,,1.0890968,com.sec.android.app.shealth,,,,,2026-01-14 16:17:00.000,b94e9bfd-9ee7-42c4-a52e-d2609e869f4e,,
,,,,,,,1,,,,,4,0,,0,,,,,,,,,,,,660000,,63070030,,4a2547ef-da04-4934-bf8b-f65ac0ea3141.com.samsung.health.exercise.location_data.json,2026-01-16 05:39:00.000,1001,,,,,30001,,,63070030,,2026-01-16 05:55:05.653,2026-01-16 05:55:05.653,,,1.3888888,,,,1112,836.93,,33.489998,,,,UTC+0530,US7nt0+2+q,,,4a2547ef-da04-4934-bf8b-f65ac0ea3141.com.samsung.health.exercise.live_data.json,,1.2680758,com.sec.android.app.shealth,,,,,2026-01-16 05:50:00.000,4a2547ef-da04-4934-bf8b-f65ac0ea3141,,
,,,,,,,1,,,,,4,0,,0,,,,,,,,,,,,659081,,63070030,,2bf650a6-b18b-4346-9308-34e903b247f2.com.samsung.health.exercise.location_data.json,2026-01-16 14:11:00.000,1001,,,,,30001,,,63070030,,2026-01-16 14:24:24.299,2026-01-16 14:24:24.299,,,1.3611112,,,,1138,856.73,,34.23,,,,UTC+0530,US7nt0+2+q,,,2bf650a6-b18b-4346-9308-34e903b247f2.com.samsung.health.exercise.live_data.json,,1.2998857,com.sec.android.app.shealth,,,,,2026-01-16 14:22:00.000,2bf650a6-b18b-4346-9308-34e903b247f2,,
52460a8a-ac4d-4ab6-80d9-38d9a6359bc8.live_data_internal.json,0,0,,77.50057,,447.8818,0,,0,,52460a8a-ac4d-4ab6-80d9-38d9a6359bc8.sensing_status.json,1,0,,0,,,3,,12.912413,0.0,,,52460a8a-ac4d-4ab6-80d9-38d9a6359bc8.location_data_internal.json,,,5262628,,63070030,,52460a8a-ac4d-4ab6-80d9-38d9a6359bc8.com.samsung.health.exercise.location_data.json,2026-01-16 14:42:15.225,1001,,919.6539,1038.0,,30001,,828.5646,63070030,,2026-01-16 16:34:03.427,2026-01-16 14:42:15.236,,,6.5994754,,,,9048,7869.69,,419.0,,1393.0,,UTC+0530,US7nt0+2+q,,,52460a8a-ac4d-4ab6-80d9-38d9a6359bc8.com.samsung.health.exercise.live_data.json,,1.4955701,com.sec.android.app.shealth,103.92255,135.18097,,,2026-01-16 16:34:02.453,52460a8a-ac4d-4ab6-80d9-38d9a6359bc8,,
,,,,,,,1,,,,,4,0,,0,,,,,,,,,,,,1080000,,63070030,,6aaa6c62-368c-4964-9561-f5c597a49782.com.samsung.health.exercise.location_data.json,2026-01-16 14:24:00.000,1001,,,,,30001,,,63070030,,2026-01-16 14:42:15.471,2026-01-16 14:42:15.471,,,1.42,,,,1901,1432.03,,57.07,,,,UTC+0530,US7nt0+2+q,,,6aaa6c62-368c-4964-9561-f5c597a49782.com.samsung.health.exercise.live_data.json,,1.3259536,com.sec.android.app.shealth,,,,,2026-01-16 14:42:00.000,6aaa6c62-368c-4964-9561-f5c597a49782,,
2b2bbe31-3a73-4591-be56-3e759b64264a.live_data_internal.json,0,0,,77.49552,,953.38367,0,,0,,2b2bbe31-3a73-4591-be56-3e759b64264a.sensing_status.json,1,0,,0,,,3,,12.92331,0.0,,,2b2bbe31-3a73-4591-be56-3e759b64264a.location_data_internal.json,,,11478590,,63070030,,2b2bbe31-3a73-4591-be56-3e759b64264a.com.samsung.health.exercise.location_data.json,2026-01-17 12:59:07.666,1001,,893.8595,2430.0,,30001,,802.44086,63070030,,2026-01-17 16:54:10.555,2026-01-17 12:59:07.674,,,2.2806828,,,,20782,17870.92,,901.0,,2701.0,,UTC+0530,US7nt0+2+q,,,2b2bbe31-3a73-4591-be56-3e759b64264a.com.samsung.health.exercise.live_data.json,,1.5569715,com.sec.android.app.shealth,229.68115,236.61975,,,2026-01-17 16:54:09.609,2b2bbe31-3a73-4591-be56-3e759b64264a,,
cbd4de6b-d0ad-4426-b6dd-b7cd997e8a8d.live_data_internal.json,0,0,,77.49643,,284.392,0,,0,,cbd4de6b-d0ad-4426-b6dd-b7cd997e8a8d.sensing_status.json,1,0,,0,,,3,,12.922699,0.0,,,cbd4de6b-d0ad-4426-b6dd-b7cd997e8a8d.location_data_internal.json,,,3607310,,63070030,,cbd4de6b-d0ad-4426-b6dd-b7cd997e8a8d.com.samsung.health.exercise.location_data.json,2026-01-18 13:46:51.076,1001,,846.64014,207.0,,30001,,826.0553,63070030,,2026-01-18 15:19:05.151,2026-01-18 13:46:51.091,,,7.133312,,,,6058,5094.26,,246.0,,400.0,,UTC+0530,US7nt0+2+q,,,cbd4de6b-d0ad-4426-b6dd-b7cd997e8a8d.com.samsung.health.exercise.live_data.json,,1.412326,com.sec.android.app.shealth,37.679565,47.033203,,,2026-01-18 15:19:04.309,cbd4de6b-d0ad-4426-b6dd-b7cd997e8a8d,,
,,,,,,,1,,,,,4,0,,0,,,,,,,,,,,,655000,,63070030,,e479f1c0-9a8f-43b0-850a-71685091c830.com.samsung.health.exercise.location_data.json,2026-01-19 03:47:05.000,1001,,,,,30001,,,63070030,,2026-01-19 05:39:01.547,2026-01-19 05:39:01.547,,,1.4136667,,,,1081,817.73,,32.49,,,,UTC+0530,US7nt0+2+q,,,e479f1c0-9a8f-43b0-850a-71685091c830.com.samsung.health.exercise.live_data.json,,1.2484428,com.sec.android.app.shealth,,,,,2026-01-19 03:58:00.000,e479f1c0-9a8f-43b0-850a-71685091c830,,
2f4ca874-1e42-4180-bf6e-fc2a50f911f0.live_data_internal.json,0,0,,77.5035,,214.50293,0,,0,,2f4ca874-1e42-4180-bf6e-fc2a50f911f0.sensing_status.json,1,0,,0,,,3,,12.924061,0.0,,,2f4ca874-1e42-4180-bf6e-fc2a50f911f0.location_data_internal.json,,,2558177,,63070030,,2f4ca874-1e42-4180-bf6e-fc2a50f911f0.com.samsung.health.exercise.location_data.json,2026-01-19 14:55:17.926,1001,,845.48865,247.0,,30001,,824.0077,63070030,,2026-01-19 16:00:54.060,2026-01-19 14:55:17.934,,,2.5107744,,,,4552,3670.74,,187.0,,316.0,,UTC+0530,US7nt0+2+q,,,2f4ca874-1e42-4180-bf6e-fc2a50f911f0.com.samsung.health.exercise.live_data.json,,1.4350039,com.sec.android.app.shealth,24.83258,28.399658,,,2026-01-19 16:00:53.293,2f4ca874-1e42-4180-bf6e-fc2a50f911f0,,
,,,,,,,1,,,,,4,0,,0,,,,,,,,,,,,720000,,63070030,,,2026-01-20 14:40:00.000,1001,,,,,30001,,,63070030,,2026-01-20 14:54:14.101,2026-01-20 14:54:14.101,,,1.3875,,,,1107,826.03,,33.31,,,,UTC+0530,US7nt0+2+q,,,5732e1e7-1220-4c68-b329-1462c7e27096.com.samsung.health.exercise.live_data.json,,1.1472639,com.sec.android.app.shealth,,,,,2026-01-20 14:52:00.000,5732e1e7-1220-4c68-b329-1462c7e27096,,
,,,,,,,1,,,,,4,0,,0,,,,,,,,,,,,658000,,63070030,,5a542c10-26f4-4f6f-94a0-28b0202f3fb6.com.samsung.health.exercise.location_data.json,2026-01-21 05:04:02.000,1001,,,,,30001,,,63070030,,2026-01-21 05:16:52.527,2026-01-21 05:16:52.527,,,1.3693333,,,,1062,802.69,,31.96,,,,UTC+0530,US7nt0+2+q,,,5a542c10-26f4-4f6f-94a0-28b0202f3fb6.com.samsung.health.exercise.live_data.json,,1.2198936,com.sec.android.app.shealth,,,,,2026-01-21 05:15:00.000,5a542c10-26f4-4f6f-94a0-28b0202f3fb6,,
ce034d35-d4a4-4a7e-843b-419331d2e90c.live_data_internal.json,0,0,,77.49555,,258.60968,0,,0,,ce034d35-d4a4-4a7e-843b-419331d2e90c.sensing_status.json,1,0,,0,,,3,,12.922433,0.0,,,ce034d35-d4a4-4a7e-843b-419331d2e90c.location_data_internal.json,,,3147580,,63070030,,ce034d35-d4a4-4a7e-843b-419331d2e90c.com.samsung.health.exercise.location_data.json,2026-01-21 14:10:24.737,1001,,839.9922,180.0,,30001,,822.30786,63070030,,2026-01-21 15:32:37.112,2026-01-21 14:10:24.742,,,8.892858,,,,5440,4691.58,,223.0,,396.0,,UTC+0530,US7nt0+2+q,,,ce034d35-d4a4-4a7e-843b-419331d2e90c.com.samsung.health.exercise.live_data.json,,1.4908103,com.sec.android.app.shealth,28.5,29.181824,,,2026-01-21 15:32:36.040,ce034d35-d4a4-4a7e-843b-419331d2e90c,,
,,,,,,,1,,,,,4,0,,0,,,,,,,,,,,,759000,,63070030,,3260cc89-c7e7-4af4-ac21-b5dbb893b3a3.com.samsung.health.exercise.location_data.json,2026-01-22 03:36:21.000,1001,,,,,30001,,,63070030,,2026-01-22 03:54:52.311,2026-01-22 03:54:52.311,,,1.4606667,,,,1183,899.4,,35.65,,,,UTC+0530,US7nt0+2+q,,,3260cc89-c7e7-4af4-ac21-b5dbb893b3a3.com.samsung.health.exercise.live_data.json,,1.1849802,com.sec.android.app.shealth,,,,,2026-01-22 03:49:00.000,3260cc89-c7e7-4af4-ac21-b5dbb893b3a3,,
4f7d8fe0-b42d-493a-a7e6-e503acaa92a7.live_data_internal.json,0,0,,77.496376,,215.49959,0,,0,,4f7d8fe0-b42d-493a-a7e6-e503acaa92a7.sensing_status.json,1,0,,0,,,3,,12.922276,0.0,,,4f7d8fe0-b42d-493a-a7e6-e503acaa92a7.location_data_internal.json,,,2944657,,63070030,,4f7d8fe0-b42d-493a-a7e6-e503acaa92a7.com.samsung.health.exercise.location_data.json,2026-01-22 13:36:00.277,1001,,816.5776,140.0,,30001,,797.9317,63070030,,2026-01-22 14:44:59.326,2026-01-22 13:36:00.280,,,3.182857,,,,4672,4355.01,,192.0,,181.0,,UTC+0530,US7nt0+2+q,,,4f7d8fe0-b42d-493a-a7e6-e503acaa92a7.com.samsung.health.exercise.live_data.json,,1.4792832,com.sec.android.app.shealth,25.382019,25.065063,,,2026-01-22 14:44:55.166,4f7d8fe0-b42d-493a-a7e6-e503acaa92a7,,
520e1dcd-4ad7-4839-b9f4-0b0b325a3190.live_data_internal.json,0,0,,76.38677,,,0,,0,,520e1dcd-4ad7-4839-b9f4-0b0b325a3190.sensing_status.json,1,0,,0,,,3,,15.275516,0.0,,,520e1dcd-4ad7-4839-b9f4-0b0b325a3190.location_data_internal.json,,,1133604,,63070030,,520e1dcd-4ad7-4839-b9f4-0b0b325a3190.com.samsung.health.exercise.location_data.json,2026-01-23 00:33:40.217,1001,,476.58798,0.0,,30001,,468.98383,63070030,,2026-01-23 00:54:27.697,2026-01-23 00:33:40.229,,,5.547131,,,,2029,1747.93,,81.0,,0.0,,UTC+0530,US7nt0+2+q,,,520e1dcd-4ad7-4839-b9f4-0b0b325a3190.com.samsung.health.exercise.live_data.json,,1.542745,com.sec.android.app.shealth,6.0245056,3.0862427,,,2026-01-23 00:52:34.404,520e1dcd-4ad7-4839-b9f4-0b0b325a3190,,
,,,,,,,1,,,,,4,0,,0,,,,,,,,,,,,1195000,,63070030,,63506008-c036-4a2c-982c-d52b81c3a83c.com.samsung.health.exercise.location_data.json,2026-01-23 14:53:05.000,1001,,,,,30001,,,63070030,,2026-01-23 15:15:10.816,2026-01-23 15:15:10.816,,,1.4461324,,,,2178,1654.7,,65.49,,,,UTC+0530,US7nt0+2+q,,,63506008-c036-4a2c-982c-d52b81c3a83c.com.samsung.health.exercise.live_data.json,,1.3846862,com.sec.android.app.shealth,,,,,2026-01-23 15:13:00.000,63506008-c036-4a2c-982c-d52b81c3a83c,,
,,,,,,,1,,,,,4,0,,0,,,,,,,,,,,,3540000,,63070030,,4076644b-fd5b-4d42-b824-1b246172106e.com.samsung.health.exercise.location_data.json,2026-01-23 15:20:00.000,1001,,,,,30001,,,63070030,,2026-01-23 16:20:24.213,2026-01-23 16:20:24.213,,,1.6944444,,,,5736,4290.88,,172.34,,,,UTC+0530,US7nt0+2+q,,,4076644b-fd5b-4d42-b824-1b246172106e.com.samsung.health.exercise.live_data.json,,1.212113,com.sec.android.app.shealth,,,,,2026-01-23 16:19:00.000,4076644b-fd5b-4d42-b824-1b246172106e,,
,0,0,,,,71.02254,0,,0,,,1,0,,0,,,3,,,0.0,,,,,,145079,,63070030,,,2026-01-24 04:00:52.479,0,,,,,,,,63070030,,2026-01-24 04:45:47.663,2026-01-24 04:00:52.498,,,,,,,0,0.0,,20.0,,,,UTC+0530,US7nt0+2+q,,,,,,com.sec.android.app.shealth,,,,,2026-01-24 04:45:47.648,cc59953e-cedb-4aed-b648-3263f019d488,,
,,,,,,,1,,,,,4,0,,0,,,,,,,,,,,,660000,,63070030,,6abe6aa4-01b1-4d3f-a9b5-16bb316ce9f6.com.samsung.health.exercise.location_data.json,2026-01-25 13:22:00.000,1001,,,,,30001,,,63070030,,2026-01-25 13:37:52.859,2026-01-25 13:37:52.859,,,1.6111112,,,,1107,833.83,,33.27,,,,UTC+0530,US7nt0+2+q,,,6abe6aa4-01b1-4d3f-a9b5-16bb316ce9f6.com.samsung.health.exercise.live_data.json,,1.2633787,com.sec.android.app.shealth,,,,,2026-01-25 13:33:00.000,6abe6aa4-01b1-4d3f-a9b5-16bb316ce9f6,,
,,,,,,,1,,,,,4,0,,0,,,,,,,,,,,,1559643,,63070030,,4d54ca64-fcc6-4b48-a569-387acf3458d6.com.samsung.health.exercise.location_data.json,2026-01-25 16:35:00.000,1001,,,,,30001,,,63070030,,2026-01-25 17:02:56.546,2026-01-25 17:02:56.546,,,1.5555556,,,,2737,2068.13,,82.37,,,,UTC+0530,US7nt0+2+q,,,4d54ca64-fcc6-4b48-a569-387acf3458d6.com.samsung.health.exercise.live_data.json,,1.3260279,com.sec.android.app.shealth,,,,,2026-01-25 17:01:00.000,4d54ca64-fcc6-4b48-a569-387acf3458d6,,
,,,,,,,1,,,,,4,0,,0,,,,,,,,,,,,3339000,,63070030,,fd25551c-8398-4d2d-a8dc-f2b5d3d9fadd.com.samsung.health.exercise.location_data.json,2026-01-26 15:02:21.000,1001,,,,,30001,,,63070030,,2026-01-26 15:59:53.394,2026-01-26 15:59:53.394,,,1.4444444,,,,5880,4468.31,,176.68,,,,UTC+0530,US7nt0+2+q,,,fd25551c-8398-4d2d-a8dc-f2b5d3d9fadd.com.samsung.health.exercise.live_data.json,,1.3382181,com.sec.android.app.shealth,,,,,2026-01-26 15:58:00.000,fd25551c-8398-4d2d-a8dc-f2b5d3d9fadd,,
,,,,,,,1,,,,,4,0,,0,,,,,,,,,,,,780000,,63070030,,,2026-01-27 05:32:00.000,1001,,,,,30001,,,63070030,,2026-01-27 05:46:08.403,2026-01-27 05:46:08.403,,,1.4722222,,,,1255,962.01,,37.81,,,,UTC+0530,US7nt0+2+q,,,941ab85c-b29d-40fc-8d4a-6133a63f1af4.com.samsung.health.exercise.live_data.json,,1.2333462,com.sec.android.app.shealth,,,,,2026-01-27 05:45:00.000,941ab85c-b29d-40fc-8d4a-6133a63f1af4,,
,,,,,,,1,,,,,4,0,,0,,,,,,,,,,,,1620000,,63070030,,f007aa9e-4827-4b22-bcfa-8d4a63929b5e.com.samsung.health.exercise.location_data.json,2026-01-27 16:04:00.000,1001,,,,,30001,,,63070030,,2026-01-27 16:35:01.111,2026-01-27 16:35:01.111,,,1.28,,,,2548,1878.8,,76.65,,,,UTC+0530,US7nt0+2+q,,,f007aa9e-4827-4b22-bcfa-8d4a63929b5e.com.samsung.health.exercise.live_data.json,,1.1597532,com.sec.android.app.shealth,,,,,2026-01-27 16:31:00.000,f007aa9e-4827-4b22-bcfa-8d4a63929b5e,,
,,,,,,,1,,,,,4,0,,0,,,,,,,,,,,,749000,,63070030,,3b47967e-6456-4fea-a05d-786602ae3464.com.samsung.health.exercise.location_data.json,2026-01-28 05:30:31.000,1001,,,,,30001,,,63070030,,2026-01-28 06:12:37.188,2026-01-28 06:12:37.188,,,1.4620559,,,,1225,926.61,,36.89,,,,UTC+0530,US7nt0+2+q,,,3b47967e-6456-4fea-a05d-786602ae3464.com.samsung.health.exercise.live_data.json,,1.2371294,com.sec.android.app.shealth,,,,,2026-01-28 05:43:00.000,3b47967e-6456-4fea-a05d-786602ae3464,,
,,,,,,,1,,,,,4,0,,0,,,,,,,,,,,,660000,,63070030,,68dc0a47-3f62-4a6e-8ad1-cf84c1ce4c28.com.samsung.health.exercise.location_data.json,2026-01-29 03:40:00.000,1001,,,,,30001,,,63070030,,2026-01-29 03:57:12.971,2026-01-29 03:57:12.971,,,1.4444444,,,,1129,856.21,,34.0,,,,UTC+0530,US7nt0+2+q,,,68dc0a47-3f62-4a6e-8ad1-cf84c1ce4c28.com.samsung.health.exercise.live_data.json,,1.2972878,com.sec.android.app.shealth,,,,,2026-01-29 03:51:00.000,68dc0a47-3f62-4a6e-8ad1-cf84c1ce4c28,,
,,,,,,,1,,,,,4,0,,0,,,,,,,,,,,,1257074,,63070030,,,2026-01-29 13:47:02.000,1001,,,,,30001,,,63070030,,2026-01-29 14:09:10.405,2026-01-29 14:09:10.405,,,1.4263333,,,,2150,1629.46,,64.65,,,,UTC+0530,US7nt0+2+q,,,35b13c78-b260-4b35-9150-974189d37963.com.samsung.health.exercise.live_data.json,,1.2962323,com.sec.android.app.shealth,,,,,2026-01-29 14:08:00.000,35b13c78-b260-4b35-9150-974189d37963,,
,,,,,,,1,,,,,4,0,,0,,,,,,,,,,,,1435000,,63070030,,,2026-01-29 14:50:05.000,1001,,,,,30001,,,63070030,,2026-01-29 15:18:37.475,2026-01-29 15:18:37.475,,,1.4066666,,,,2664,2017.05,,80.05,,,,UTC+0530,US7nt0+2+q,,,5b4c9160-e868-44db-859e-079eb8455014.com.samsung.health.exercise.live_data.json,,1.4056097,com.sec.android.app.shealth,,,,,2026-01-29 15:14:00.000,5b4c9160-e868-44db-859e-079eb8455014,,
,,,,,,,1,,,,,4,0,,0,,,,,,,,,,,,899000,,63070030,,,2026-01-29 15:15:01.000,1001,,,,,30001,,,63070030,,2026-01-29 15:31:23.268,2026-01-29 15:31:23.268,,,1.4456667,,,,1609,1220.71,,48.35,,,,UTC+0530,US7nt0+2+q,,,3957719a-e42b-4a28-8cc2-943301c93bac.com.samsung.health.exercise.live_data.json,,1.3578532,com.sec.android.app.shealth,,,,,2026-01-29 15:30:00.000,3957719a-e42b-4a28-8cc2-943301c93bac,,
2ae670b8-5973-48e6-b1f6-e0f95d6243b8.live_data_internal.json,0,1,,77.49636,,324.02002,0,,0,,2ae670b8-5973-48e6-b1f6-e0f95d6243b8.sensing_status.json,1,0,,0,,,3,,12.922374,0.0,,,2ae670b8-5973-48e6-b1f6-e0f95d6243b8.location_data_internal.json,,,2268385,,63070030,,2ae670b8-5973-48e6-b1f6-e0f95d6243b8.com.samsung.health.exercise.location_data.json,2026-01-30 01:40:21.166,1002,,829.5936,176.0,,30001,,808.9256,63070030,,2026-01-30 02:18:11.894,2026-01-30 01:40:21.170,,,3.9585712,132.29474,,,5012,5076.31,,324.0,163.20186,129.0,,UTC+0530,US7nt0+2+q,,,2ae670b8-5973-48e6-b1f6-e0f95d6243b8.com.samsung.health.exercise.live_data.json,,2.238232,com.sec.android.app.shealth,23.162598,32.88629,,,2026-01-30 02:18:11.240,2ae670b8-5973-48e6-b1f6-e0f95d6243b8,,
,,,,,,,1,,,,,4,0,,0,,,,,,,,,,,,720000,,63070030,,,2026-01-30 03:29:00.000,1001,,,,,30001,,,63070030,,2026-01-30 03:44:02.031,2026-01-30 03:44:02.031,,,1.3611112,,,,1205,900.95,,36.35,,,,UTC+0530,US7nt0+2+q,,,6bed7df5-981c-4f59-9879-db36fe7fe4fd.com.samsung.health.exercise.live_data.json,,1.2513195,com.sec.android.app.shealth,,,,,2026-01-30 03:41:00.000,6bed7df5-981c-4f59-9879-db36fe7fe4fd,,
,,,,,,,1,,,,,4,0,,0,,,,,,,,,,,,1352000,,63070030,,5e9da8dd-a4a3-4515-9d65-5685121272a6.com.samsung.health.exercise.location_data.json,2026-01-30 16:34:28.000,1001,,,,,30001,,,63070030,,2026-01-30 16:59:15.094,2026-01-30 16:59:15.094,,,1.6666666,,,,2524,1922.81,,75.79,,,,UTC+0530,US7nt0+2+q,,,5e9da8dd-a4a3-4515-9d65-5685121272a6.com.samsung.health.exercise.live_data.json,,1.4221967,com.sec.android.app.shealth,,,,,2026-01-30 16:57:00.000,5e9da8dd-a4a3-4515-9d65-5685121272a6,,
,,,,,,,1,,,,,4,0,,0,,,,,,,,,,,,1680000,,63070030,,cadd1d81-41e3-44e7-8f85-58aab2d2f4c8.com.samsung.health.exercise.location_data.json,2026-01-30 16:58:00.000,1001,,,,,30001,,,63070030,,2026-01-30 17:28:15.796,2026-01-30 17:28:15.796,,,1.4745,,,,2956,2252.47,,88.82,,,,UTC+0530,US7nt0+2+q,,,cadd1d81-41e3-44e7-8f85-58aab2d2f4c8.com.samsung.health.exercise.live_data.json,,1.3407559,com.sec.android.app.shealth,,,,,2026-01-30 17:26:00.000,cadd1d81-41e3-44e7-8f85-58aab2d2f4c8,,
0847fe55-0fcd-471c-a2f4-097aad5cced9.live_data_internal.json,0,0,,,,,0,,0,,0847fe55-0fcd-471c-a2f4-097aad5cced9.sensing_status.json,1,0,,0,,,3,,,0.0,,,,,,2257269,,63070030,,,2026-01-31 01:54:34.521,0,,,,,,,,63070030,,2026-01-31 02:32:13.936,2026-01-31 01:54:34.531,,,,,,,0,0.0,,318.0,,,,UTC+0530,US7nt0+2+q,,,0847fe55-0fcd-471c-a2f4-097aad5cced9.com.samsung.health.exercise.live_data.json,,,com.sec.android.app.shealth,,,,,2026-01-31 02:32:13.168,0847fe55-0fcd-471c-a2f4-097aad5cced9,,
,,,,,,,1,,,,,4,0,,0,,,,,,,,,,,,1140000,,63070030,,0a1893e6-72e5-4651-ab30-2723bac30eac.com.samsung.health.exercise.location_data.json,2026-01-31 13:49:00.000,1001,,,,,30001,,,63070030,,2026-01-31 14:10:06.763,2026-01-31 14:10:06.763,,,1.4306668,,,,2039,1544.1901,,61.239998,,,,UTC+0530,US7nt0+2+q,,,0a1893e6-72e5-4651-ab30-2723bac30eac.com.samsung.health.exercise.live_data.json,,1.3545526,com.sec.android.app.shealth,,,,,2026-01-31 14:08:00.000,0a1893e6-72e5-4651-ab30-2723bac30eac,,
,,,,,,,1,,,,,4,0,,0,,,,,,,,,,,,719346,,63070030,,76176ce9-fa53-4616-9854-e612bc70ec1a.com.samsung.health.exercise.location_data.json,2026-01-31 14:37:00.000,1001,,,,,30001,,,63070030,,2026-01-31 14:50:53.700,2026-01-31 14:50:53.700,,,1.3931667,,,,1351,1020.76,,40.56,,,,UTC+0530,US7nt0+2+q,,,76176ce9-fa53-4616-9854-e612bc70ec1a.com.samsung.health.exercise.live_data.json,,1.3931667,com.sec.android.app.shealth,,,,,2026-01-31 14:49:00.000,76176ce9-fa53-4616-9854-e612bc70ec1a,,
,,,,,,,1,,,,,4,0,,0,,,,,,,,,,,,1136000,,63070030,,0ec420e8-cb99-48bd-9475-c42e40f5654c.com.samsung.health.exercise.location_data.json,2026-01-31 14:54:04.000,1001,,,,,30001,,,63070030,,2026-01-31 15:14:40.791,2026-01-31 15:14:40.791,,,1.4444444,,,,1920,1446.26,,57.81,,,,UTC+0530,US7nt0+2+q,,,0ec420e8-cb99-48bd-9475-c42e40f5654c.com.samsung.health.exercise.live_data.json,,1.2731162,com.sec.android.app.shealth,,,,,2026-01-31 15:13:00.000,0ec420e8-cb99-48bd-9475-c42e40f5654c,,
309b0ffb-734b-4715-9a9b-08bbf84a13f1.live_data_internal.json,0,0,,,,295.02002,0,,0,,309b0ffb-734b-4715-9a9b-08bbf84a13f1.sensing_status.json,1,0,,0,,,3,,,0.0,,,,,,2095005,,63070030,,,2026-02-01 04:37:55.695,0,,,,,,,,63070030,,2026-02-01 05:12:53.425,2026-02-01 04:37:55.701,,,,,,,0,0.0,,295.0,,,,UTC+0530,US7nt0+2+q,,,309b0ffb-734b-4715-9a9b-08bbf84a13f1.com.samsung.health.exercise.live_data.json,,,com.sec.android.app.shealth,,,,,2026-02-01 05:12:52.063,309b0ffb-734b-4715-9a9b-08bbf84a13f1,,
,,,,,,,1,,,,,4,0,,0,,,,,,,,,,,,1019819,,63070030,,b81f574b-9cfa-4e68-9a1f-a65616551ac6.com.samsung.health.exercise.location_data.json,2026-02-01 14:11:00.000,1001,,,,,30001,,,63070030,,2026-02-01 14:30:07.997,2026-02-01 14:30:07.997,,,1.5015,,,,1924,1461.35,,57.74,,,,UTC+0530,US7nt0+2+q,,,b81f574b-9cfa-4e68-9a1f-a65616551ac6.com.samsung.health.exercise.live_data.json,,1.4329503,com.sec.android.app.shealth,,,,,2026-02-01 14:28:00.000,b81f574b-9cfa-4e68-9a1f-a65616551ac6,,
,,,,,,,1,,,,,4,0,,0,,,,,,,,,,,,2580000,,63070030,,3879a3fd-ebe7-4c45-a0ff-7f25fbf623fd.com.samsung.health.exercise.location_data.json,2026-02-01 15:05:00.000,1001,,,,,30001,,,63070030,,2026-02-01 15:49:23.495,2026-02-01 15:49:23.495,,,1.4444444,,,,4599,3482.54,,138.02,,,,UTC+0530,US7nt0+2+q,,,3879a3fd-ebe7-4c45-a0ff-7f25fbf623fd.com.samsung.health.exercise.live_data.json,,1.3498218,com.sec.android.app.shealth,,,,,2026-02-01 15:48:00.000,3879a3fd-ebe7-4c45-a0ff-7f25fbf623fd,,
,,,,,,,1,,,,,4,0,,0,,,,,,,,,,,,720000,,63070030,,05ca5399-9e90-4e83-af3a-07d7b644d012.com.samsung.health.exercise.location_data.json,2026-02-02 03:29:00.000,1001,,,,,30001,,,63070030,,2026-02-02 03:48:45.789,2026-02-02 03:48:45.789,,,1.5555556,,,,1213,914.79004,,36.45,,,,UTC+0530,US7nt0+2+q,,,05ca5399-9e90-4e83-af3a-07d7b644d012.com.samsung.health.exercise.live_data.json,,1.2705417,com.sec.android.app.shealth,,,,,2026-02-02 03:41:00.000,05ca5399-9e90-4e83-af3a-07d7b644d012,,
,,,,,,,1,,,,,4,0,,0,,,,,,,,,,,,649000,,63070030,,,2026-02-03 03:32:11.000,1001,,,,,30001,,,63070030,,2026-02-03 03:53:07.680,2026-02-03 03:53:07.680,,,1.5,,,,1184,899.78,,35.6,,,,UTC+0530,US7nt0+2+q,,,7f30e6b8-bcf8-4a45-89b5-908955c2d63b.com.samsung.health.exercise.live_data.json,,1.3864099,com.sec.android.app.shealth,,,,,2026-02-03 03:43:00.000,7f30e6b8-bcf8-4a45-89b5-908955c2d63b,,
19594a82-e364-43a6-83db-aa741fa3f132.live_data_internal.json,0,0,,,,339.02002,0,,0,,19594a82-e364-43a6-83db-aa741fa3f132.sensing_status.json,1,0,,0,,,3,,,0.0,,,,,,2409182,,63070030,,,2026-02-04 02:10:31.129,0,,,,,,,,63070030,,2026-02-04 02:50:43.459,2026-02-04 02:10:31.137,,,,,,,0,0.0,,339.0,,,,UTC+0530,US7nt0+2+q,,,19594a82-e364-43a6-83db-aa741fa3f132.com.samsung.health.exercise.live_data.json,,,com.sec.android.app.shealth,,,,,2026-02-04 02:50:42.160,19594a82-e364-43a6-83db-aa741fa3f132,,
,,,,,,,1,,,,,4,0,,0,,,,,,,,,,,,780000,,63070030,,faa08f78-0432-4298-afb8-68a09659b152.com.samsung.health.exercise.location_data.json,2026-02-04 04:02:00.000,1001,,,,,30001,,,63070030,,2026-02-04 04:21:13.237,2026-02-04 04:21:13.237,,,1.4283333,,,,1238,931.47003,,37.28,,,,UTC+0530,US7nt0+2+q,,,faa08f78-0432-4298-afb8-68a09659b152.com.samsung.health.exercise.live_data.json,,1.1941923,com.sec.android.app.shealth,,,,,2026-02-04 04:15:00.000,faa08f78-0432-4298-afb8-68a09659b152,,
,,,,,,,1,,,,,4,0,,0,,,,,,,,,,,,1439624,,63070030,,d295a779-07df-44d2-9ea7-9d65cf67aec4.com.samsung.health.exercise.location_data.json,2026-02-04 13:50:00.000,1001,,,,,30001,,,63070030,,2026-02-04 14:15:44.220,2026-02-04 14:15:44.220,,,1.4106666,,,,2522,1905.02,,75.71,,,,UTC+0530,US7nt0+2+q,,,d295a779-07df-44d2-9ea7-9d65cf67aec4.com.samsung.health.exercise.live_data.json,,1.323276,com.sec.android.app.shealth,,,,,2026-02-04 14:14:00.000,d295a779-07df-44d2-9ea7-9d65cf67aec4,,
,,,,,,,1,,,,,4,0,,0,,,,,,,,,,,,1435000,,63070030,,8f476387-b28b-4c7d-988c-1c4ce6ce1e63.com.samsung.health.exercise.location_data.json,2026-02-04 14:18:05.000,1001,,,,,30001,,,63070030,,2026-02-04 14:48:54.669,2026-02-04 14:48:54.669,,,1.454,,,,2658,2018.85,,79.840004,,,,UTC+0530,US7nt0+2+q,,,8f476387-b28b-4c7d-988c-1c4ce6ce1e63.com.samsung.health.exercise.live_data.json,,1.406864,com.sec.android.app.shealth,,,,,2026-02-04 14:42:00.000,8f476387-b28b-4c7d-988c-1c4ce6ce1e63,,
29568479-c03a-4784-b303-73fc3a323c0a.live_data_internal.json,0,0,,,,381.02002,0,,0,,29568479-c03a-4784-b303-73fc3a323c0a.sensing_status.json,1,0,,0,,,3,,,0.0,,,,,,2706453,,63070030,,,2026-02-05 01:54:50.307,0,,,,,,,,63070030,,2026-02-05 02:39:59.195,2026-02-05 01:54:50.313,,,,,,,0,0.0,,381.0,,,,UTC+0530,US7nt0+2+q,,,29568479-c03a-4784-b303-73fc3a323c0a.com.samsung.health.exercise.live_data.json,,,com.sec.android.app.shealth,,,,,2026-02-05 02:39:58.453,29568479-c03a-4784-b303-73fc3a323c0a,,
,,,,,,,1,,,,,4,0,,0,,,,,,,,,,,,660000,,63070030,,116f0e43-0a0d-44ef-ad0b-50e554d5407b.com.samsung.health.exercise.location_data.json,2026-02-05 03:35:00.000,1001,,,,,30001,,,63070030,,2026-02-05 03:49:26.568,2026-02-05 03:49:26.568,,,1.4545888,,,,1256,953.17,,37.73,,,,UTC+0530,US7nt0+2+q,,,116f0e43-0a0d-44ef-ad0b-50e554d5407b.com.samsung.health.exercise.live_data.json,,1.4441969,com.sec.android.app.shealth,,,,,2026-02-05 03:46:00.000,116f0e43-0a0d-44ef-ad0b-50e554d5407b,,
e0f0493a-b6d9-4188-8aab-f1d9c698b803.live_data_internal.json,0,0,,,,,0,,0,,e0f0493a-b6d9-4188-8aab-f1d9c698b803.sensing_status.json,1,0,,0,,,3,,,0.0,,,,,,1539819,,63070030,,,2026-02-06 02:01:20.970,0,,,,,,,,63070030,,2026-02-06 02:27:02.478,2026-02-06 02:01:20.976,,,,,,,0,0.0,,216.0,,,,UTC+0530,US7nt0+2+q,,,e0f0493a-b6d9-4188-8aab-f1d9c698b803.com.samsung.health.exercise.live_data.json,,,com.sec.android.app.shealth,,,,,2026-02-06 02:27:01.806,e0f0493a-b6d9-4188-8aab-f1d9c698b803,,
,,,,,,,1,,,,,4,0,,0,,,,,,,,,,,,720000,,63070030,,6fc7b49c-7ef6-4774-bb55-2de6b258091d.com.samsung.health.exercise.location_data.json,2026-02-06 03:30:00.000,1001,,,,,30001,,,63070030,,2026-02-06 03:53:47.794,2026-02-06 03:53:47.794,,,1.4215001,,,,1154,869.27,,34.72,,,,UTC+0530,US7nt0+2+q,,,6fc7b49c-7ef6-4774-bb55-2de6b258091d.com.samsung.health.exercise.live_data.json,,1.2073195,com.sec.android.app.shealth,,,,,2026-02-06 03:42:00.000,6fc7b49c-7ef6-4774-bb55-2de6b258091d,,
,,,,,,,1,,,,,4,0,,0,,,,,,,,,,,,655000,,63070030,,5af25e7b-3c92-424e-a418-e0337a46a3cc.com.samsung.health.exercise.location_data.json,2026-02-06 10:09:05.000,1001,,,,,30001,,,63070030,,2026-02-06 10:20:48.369,2026-02-06 10:20:48.369,,,1.3611112,,,,1103,831.35004,,33.15,,,,UTC+0530,US7nt0+2+q,,,5af25e7b-3c92-424e-a418-e0337a46a3cc.com.samsung.health.exercise.live_data.json,,1.2692367,com.sec.android.app.shealth,,,,,2026-02-06 10:20:00.000,5af25e7b-3c92-424e-a418-e0337a46a3cc,,
,,,,,,,1,,,,,4,0,,0,,,,,,,,,,,,660000,,63070030,,ccea1f27-4a4d-48b2-a62b-e6f7786351eb.com.samsung.health.exercise.location_data.json,2026-02-07 14:23:00.000,1001,,,,,30001,,,63070030,,2026-02-07 14:36:09.361,2026-02-07 14:36:09.361,,,1.7981666,,,,1230,922.5,,36.98,,,,UTC+0530,US7nt0+2+q,,,ccea1f27-4a4d-48b2-a62b-e6f7786351eb.com.samsung.health.exercise.live_data.json,,1.3977274,com.sec.android.app.shealth,,,,,2026-02-07 14:34:00.000,ccea1f27-4a4d-48b2-a62b-e6f7786351eb,,
,,,,,,,1,,,,,4,0,,0,,,,,,,,,,,,840000,,63070030,,c4fb1ef1-2b02-41a0-a183-302ef3a6df87.com.samsung.health.exercise.location_data.json,2026-02-08 01:25:00.000,1001,,,,,30001,,,63070030,,2026-02-08 01:40:31.178,2026-02-08 01:40:31.178,,,1.3611112,,,,1426,1062.16,,42.87,,,,UTC+0530,US7nt0+2+q,,,c4fb1ef1-2b02-41a0-a183-302ef3a6df87.com.samsung.health.exercise.live_data.json,,1.2644762,com.sec.android.app.shealth,,,,,2026-02-08 01:39:00.000,c4fb1ef1-2b02-41a0-a183-302ef3a6df87,,
,,,,,,,1,,,,,4,0,,0,,,,,,,,,,,,1259000,,63070030,,01eea83a-57aa-40ce-83a6-ccb384fb20c1.com.samsung.health.exercise.location_data.json,2026-02-08 02:05:01.000,1001,,,,,30001,,,63070030,,2026-02-08 02:31:01.275,2026-02-08 02:31:01.275,,,1.5068332,,,,2236,1679.04,,67.22,,,,UTC+0530,US7nt0+2+q,,,01eea83a-57aa-40ce-83a6-ccb384fb20c1.com.samsung.health.exercise.live_data.json,,1.3336298,com.sec.android.app.shealth,,,,,2026-02-08 02:26:00.000,01eea83a-57aa-40ce-83a6-ccb384fb20c1,,
,,,,,,,1,,,,,4,0,,0,,,,,,,,,,,,627000,,63070030,,fff82609-4a4a-407c-a81d-cb77cdd2a5c9.com.samsung.health.exercise.location_data.json,2026-02-09 05:44:33.000,1001,,,,,30001,,,63070030,,2026-02-09 06:05:25.555,2026-02-09 06:05:25.555,,,1.4201841,,,,1100,837.58,,33.15,,,,UTC+0530,US7nt0+2+q,,,fff82609-4a4a-407c-a81d-cb77cdd2a5c9.com.samsung.health.exercise.live_data.json,,1.3358532,com.sec.android.app.shealth,,,,,2026-02-09 05:55:00.000,fff82609-4a4a-407c-a81d-cb77cdd2a5c9,,
,,,,,,,1,,,,,4,0,,0,,,,,,,,,,,,651000,,63070030,,,2026-02-10 03:39:09.000,1001,,,,,30001,,,63070030,,2026-02-10 03:54:58.232,2026-02-10 03:54:58.232,,,1.3611112,,,,1148,859.71,,34.49,,,,UTC+0530,US7nt0+2+q,,,3161f135-dff0-4e19-a42a-3098b03064b7.com.samsung.health.exercise.live_data.json,,1.3205991,com.sec.android.app.shealth,,,,,2026-02-10 03:50:00.000,3161f135-dff0-4e19-a42a-3098b03064b7,,
,,,,,,,1,,,,,4,0,,0,,,,,,,,,,,,642000,,63070030,,07f7501f-9a16-4d45-9cff-95ab2bcb1313.com.samsung.health.exercise.location_data.json,2026-02-10 10:39:18.000,1001,,,,,30001,,,63070030,,2026-02-10 10:56:44.540,2026-02-10 10:56:44.540,,,1.3611112,,,,1055,791.3,,31.72,,,,UTC+0530,US7nt0+2+q,,,07f7501f-9a16-4d45-9cff-95ab2bcb1313.com.samsung.health.exercise.live_data.json,,1.2325546,com.sec.android.app.shealth,,,,,2026-02-10 10:50:00.000,07f7501f-9a16-4d45-9cff-95ab2bcb1313,,
,,,,,,,1,,,,,4,0,,0,,,,,,,,,,,,720000,,63070030,,fa5916cf-8ba1-4b15-8fba-354b06b227fc.com.samsung.health.exercise.location_data.json,2026-02-11 04:39:00.000,1001,,,,,30001,,,63070030,,2026-02-11 04:52:22.000,2026-02-11 04:52:22.000,,,1.3888888,,,,1181,892.81,,35.49,,,,UTC+0530,US7nt0+2+q,,,fa5916cf-8ba1-4b15-8fba-354b06b227fc.com.samsung.health.exercise.live_data.json,,1.2400138,com.sec.android.app.shealth,,,,,2026-02-11 04:51:00.000,fa5916cf-8ba1-4b15-8fba-354b06b227fc,,
7aa507bd-7160-47a0-8e28-fa8378caf662.live_data_internal.json,0,0,,,,372.06006,0,,0,,7aa507bd-7160-47a0-8e28-fa8378caf662.sensing_status.json,1,0,,0,,,3,,,0.0,,,,,,2643036,,63070030,,,2026-02-12 03:02:24.815,0,,,,,,,,63070030,,2026-02-12 03:46:31.357,2026-02-12 03:02:24.821,,,,,,,0,0.0,,372.0,,,,UTC+0530,US7nt0+2+q,,,7aa507bd-7160-47a0-8e28-fa8378caf662.com.samsung.health.exercise.live_data.json,,,com.sec.android.app.shealth,,,,,2026-02-12 03:46:30.546,7aa507bd-7160-47a0-8e28-fa8378caf662,,
,,,,,,,1,,,,,4,0,,0,,,,,,,,,,,,840000,,63070030,,8b1d1d83-0eaa-4f88-a77d-db3824ea2ebe.com.samsung.health.exercise.location_data.json,2026-02-12 03:54:00.000,1001,,,,,30001,,,63070030,,2026-02-12 04:25:18.789,2026-02-12 04:25:18.789,,,1.4166666,,,,1189,895.78,,35.88,,,,UTC+0530,US7nt0+2+q,,,8b1d1d83-0eaa-4f88-a77d-db3824ea2ebe.com.samsung.health.exercise.live_data.json,,1.0664047,com.sec.android.app.shealth,,,,,2026-02-12 04:08:00.000,8b1d1d83-0eaa-4f88-a77d-db3824ea2ebe,,
,,,,,,,1,,,,,4,0,,0,,,,,,,,,,,,1440000,,63070030,,ab3dabbc-4fae-4382-aa5d-12e3442ec3c5.com.samsung.health.exercise.location_data.json,2026-02-14 17:51:00.000,1001,,,,,30001,,,63070030,,2026-02-14 18:16:04.577,2026-02-14 18:16:04.577,,,1.8413334,,,,2436,1838.95,,73.22,,,,UTC+0530,US7nt0+2+q,,,ab3dabbc-4fae-4382-aa5d-12e3442ec3c5.com.samsung.health.exercise.live_data.json,,1.2770486,com.sec.android.app.shealth,,,,,2026-02-14 18:15:00.000,ab3dabbc-4fae-4382-aa5d-12e3442ec3c5,,
,,,,,,,1,,,,,4,0,,0,,,,,,,,,,,,2640000,,63070030,,29c51e22-7fe5-46d3-b044-95bc728f98af.com.samsung.health.exercise.location_data.json,2026-02-15 15:41:00.000,1001,,,,,30001,,,63070030,,2026-02-15 16:26:31.922,2026-02-15 16:26:31.922,,,1.3745826,,,,4420,3301.59,,132.78,,,,UTC+0530,US7nt0+2+q,,,29c51e22-7fe5-46d3-b044-95bc728f98af.com.samsung.health.exercise.live_data.json,,1.2506022,com.sec.android.app.shealth,,,,,2026-02-15 16:25:00.000,29c51e22-7fe5-46d3-b044-95bc728f98af,,
,,,,,,,1,,,,,4,0,,0,,,,,,,,,,,,1791000,,63070030,,979c9c88-4da9-4cd5-8066-56b042acfbf7.com.samsung.health.exercise.location_data.json,2026-02-16 16:05:09.000,1001,,,,,30001,,,63070030,,2026-02-16 16:37:32.915,2026-02-16 16:37:32.915,,,1.3611112,,,,3235,2435.51,,97.13,,,,UTC+0530,US7nt0+2+q,,,979c9c88-4da9-4cd5-8066-56b042acfbf7.com.samsung.health.exercise.live_data.json,,1.3598604,com.sec.android.app.shealth,,,,,2026-02-16 16:35:00.000,979c9c88-4da9-4cd5-8066-56b042acfbf7,,
,,,,,,,1,,,,,4,0,,0,,,,,,,,,,,,637000,,63070030,,,2026-02-17 03:36:23.000,1001,,,,,30001,,,63070030,,2026-02-17 04:36:57.945,2026-02-17 04:36:57.945,,,1.3888888,,,,1176,887.41,,35.329998,,,,UTC+0530,US7nt0+2+q,,,a13fd084-80b7-46f9-8d7a-23ec9e983e8e.com.samsung.health.exercise.live_data.json,,1.3888888,com.sec.android.app.shealth,,,,,2026-02-17 03:47:00.000,a13fd084-80b7-46f9-8d7a-23ec9e983e8e,,
,,,,,,,1,,,,,4,0,,0,,,,,,,,,,,,1019959,,63070030,,,2026-02-17 17:51:00.000,1001,,,,,30001,,,63070030,,2026-02-17 18:09:41.117,2026-02-17 18:09:41.117,,,1.3888888,,,,1815,1367.24,,54.54,,,,UTC+0530,US7nt0+2+q,,,7041853f-819e-48e1-bd6f-975f5f557a77.com.samsung.health.exercise.live_data.json,,1.3404853,com.sec.android.app.shealth,,,,,2026-02-17 18:08:00.000,7041853f-819e-48e1-bd6f-975f5f557a77,,
,,,,,,,1,,,,,4,0,,0,,,,,,,,,,,,720000,,63070030,,,2026-02-18 05:22:00.000,1001,,,,,30001,,,63070030,,2026-02-18 05:35:07.855,2026-02-18 05:35:07.855,,,1.3611112,,,,1108,834.02,,33.32,,,,UTC+0530,US7nt0+2+q,,,4480250b-7b29-4a4f-9013-e874723ed8a2.com.samsung.health.exercise.live_data.json,,1.1583612,com.sec.android.app.shealth,,,,,2026-02-18 05:34:00.000,4480250b-7b29-4a4f-9013-e874723ed8a2,,
,,,,,,,1,,,,,4,0,,0,,,,,,,,,,,,1260000,,63070030,,,2026-02-18 12:11:00.000,1001,,,,,30001,,,63070030,,2026-02-18 12:33:33.131,2026-02-18 12:33:33.131,,,1.3888888,,,,2256,1704.77,,67.76,,,,UTC+0530,US7nt0+2+q,,,3aaa974f-c14b-41a4-bba0-0869b58c6984.com.samsung.health.exercise.live_data.json,,1.352992,com.sec.android.app.shealth,,,,,2026-02-18 12:32:00.000,3aaa974f-c14b-41a4-bba0-0869b58c6984,,
,,,,,,,1,,,,,4,0,,0,,,,,,,,,,,,1199541,,63070030,,,2026-02-18 12:46:00.000,1001,,,,,30001,,,63070030,,2026-02-18 13:44:39.083,2026-02-18 13:44:39.083,,,1.5274999,,,,2294,1762.22,,68.89,,,,UTC+0530,US7nt0+2+q,,,8bef422d-6b4d-4e7e-8558-cc7c70a3d81e.com.samsung.health.exercise.live_data.json,,1.4690787,com.sec.android.app.shealth,,,,,2026-02-18 13:06:00.000,8bef422d-6b4d-4e7e-8558-cc7c70a3d81e,,
,,,,,,,1,,,,,4,0,,0,,,,,,,,,,,,660000,,63070030,,,2026-02-19 03:43:00.000,1001,,,,,30001,,,63070030,,2026-02-19 03:59:55.990,2026-02-19 03:59:55.990,,,1.4201666,,,,1172,887.68,,35.21,,,,UTC+0530,US7nt0+2+q,,,5c085495-4f6a-434a-b449-9a33ee09ae2d.com.samsung.health.exercise.live_data.json,,1.3449696,com.sec.android.app.shealth,,,,,2026-02-19 03:54:00.000,5c085495-4f6a-434a-b449-9a33ee09ae2d,,
,,,,,,,1,,,,,4,0,,0,,,,,,,,,,,,1320000,,63070030,,cea0c898-347a-4741-900c-6f6d06d546f4.com.samsung.health.exercise.location_data.json,2026-02-19 13:56:00.000,1001,,,,,30001,,,63070030,,2026-02-19 14:22:15.310,2026-02-19 14:22:15.310,,,1.4466665,,,,2407,1825.87,,72.27,,,,UTC+0530,US7nt0+2+q,,,cea0c898-347a-4741-900c-6f6d06d546f4.com.samsung.health.exercise.live_data.json,,1.3832347,com.sec.android.app.shealth,,,,,2026-02-19 14:18:00.000,cea0c898-347a-4741-900c-6f6d06d546f4,,
,,,,,,,1,,,,,4,0,,0,,,,,,,,,,,,1260000,,63070030,,5413015e-442a-4479-8ff0-19d1dd1eaa22.com.samsung.health.exercise.location_data.json,2026-02-19 14:19:00.000,1001,,,,,30001,,,63070030,,2026-02-19 14:43:10.640,2026-02-19 14:43:10.640,,,1.4166666,,,,2265,1713.41,,68.07,,,,UTC+0530,US7nt0+2+q,,,5413015e-442a-4479-8ff0-19d1dd1eaa22.com.samsung.health.exercise.live_data.json,,1.3598492,com.sec.android.app.shealth,,,,,2026-02-19 14:40:00.000,5413015e-442a-4479-8ff0-19d1dd1eaa22,,
,,,,,,,1,,,,,4,0,,0,,,,,,,,,,,,1320000,,63070030,,793f748e-c694-4347-958d-bf353a3e180d.com.samsung.health.exercise.location_data.json,2026-02-19 14:41:00.000,1001,,,,,30001,,,63070030,,2026-02-19 15:04:22.902,2026-02-19 15:04:22.902,,,1.3888888,,,,2210,1648.52,,66.33,,,,UTC+0530,US7nt0+2+q,,,793f748e-c694-4347-958d-bf353a3e180d.com.samsung.health.exercise.live_data.json,,1.2488787,com.sec.android.app.shealth,,,,,2026-02-19 15:03:00.000,793f748e-c694-4347-958d-bf353a3e180d,,
,,,,,,,1,,,,,4,0,,0,,,,,,,,,,,,1376319,,63070030,,1325fb5f-242a-4abc-9a28-80a567a7801c.com.samsung.health.exercise.location_data.json,2026-02-19 15:11:03.000,1001,,,,,30001,,,63070030,,2026-02-19 15:36:56.473,2026-02-19 15:36:56.473,,,1.3055556,,,,2338,1745.48,,70.2,,,,UTC+0530,US7nt0+2+q,,,1325fb5f-242a-4abc-9a28-80a567a7801c.com.samsung.health.exercise.live_data.json,,1.2682233,com.sec.android.app.shealth,,,,,2026-02-19 15:34:00.000,1325fb5f-242a-4abc-9a28-80a567a7801c,,
,,,,,,,1,,,,,4,0,,0,,,,,,,,,,,,1080000,,63070030,,a13420fb-420f-4512-950c-7a51414219d0.com.samsung.health.exercise.location_data.json,2026-02-19 17:04:00.000,1001,,,,,30001,,,63070030,,2026-02-19 17:23:38.494,2026-02-19 17:23:38.494,,,1.3163574,,,,1907,1430.84,,57.35,,,,UTC+0530,US7nt0+2+q,,,a13420fb-420f-4512-950c-7a51414219d0.com.samsung.health.exercise.live_data.json,,1.3163574,com.sec.android.app.shealth,,,,,2026-02-19 17:22:00.000,a13420fb-420f-4512-950c-7a51414219d0,,
,,,,,,,1,,,,,4,0,,0,,,,,,,,,,,,651000,,63070030,,dfea9e94-f4be-45b5-8b3f-c310b1794584.com.samsung.health.exercise.location_data.json,2026-02-20 03:39:09.000,1001,,,,,30001,,,63070030,,2026-02-20 04:12:01.354,2026-02-20 04:12:01.354,,,1.446,,,,1137,859.89,,34.2,,,,UTC+0530,US7nt0+2+q,,,dfea9e94-f4be-45b5-8b3f-c310b1794584.com.samsung.health.exercise.live_data.json,,1.3208756,com.sec.android.app.shealth,,,,,2026-02-20 03:50:00.000,dfea9e94-f4be-45b5-8b3f-c310b1794584,,
,,,,,,,1,,,,,4,0,,0,,,,,,,,,,,,1320000,,63070030,,4c798411-1f12-4f11-9873-5922d263a938.com.samsung.health.exercise.location_data.json,2026-02-21 15:02:00.000,1001,,,,,30001,,,63070030,,2026-02-21 15:26:04.530,2026-02-21 15:26:04.530,,,1.4481666,,,,2206,1653.94,,66.46,,,,UTC+0530,US7nt0+2+q,,,4c798411-1f12-4f11-9873-5922d263a938.com.samsung.health.exercise.live_data.json,,1.2529849,com.sec.android.app.shealth,,,,,2026-02-21 15:24:00.000,4c798411-1f12-4f11-9873-5922d263a938,,
,,,,,,,1,,,,,4,0,,0,,,,,,,,,,,,1379105,,63070030,,55950c37-da2c-4ec5-acec-8d89fc09a8c9.com.samsung.health.exercise.location_data.json,2026-02-21 15:32:00.000,1001,,,,,30001,,,63070030,,2026-02-21 15:56:56.892,2026-02-21 15:56:56.892,,,1.4441667,,,,2539,1921.07,,76.3,,,,UTC+0530,US7nt0+2+q,,,55950c37-da2c-4ec5-acec-8d89fc09a8c9.com.samsung.health.exercise.live_data.json,,1.3929831,com.sec.android.app.shealth,,,,,2026-02-21 15:55:00.000,55950c37-da2c-4ec5-acec-8d89fc09a8c9,,
,,,,,,,1,,,,,4,0,,0,,,,,,,,,,,,928000,,63070030,,842cb075-f1c6-46a6-8c83-63a0bfbe2f4b.com.samsung.health.exercise.location_data.json,2026-02-22 12:59:32.000,1001,,,,,30001,,,63070030,,2026-02-22 13:16:48.477,2026-02-22 13:16:48.477,,,1.3611112,,,,1646,1236.46,,49.42,,,,UTC+0530,US7nt0+2+q,,,842cb075-f1c6-46a6-8c83-63a0bfbe2f4b.com.samsung.health.exercise.live_data.json,,1.3323923,com.sec.android.app.shealth,,,,,2026-02-22 13:15:00.000,842cb075-f1c6-46a6-8c83-63a0bfbe2f4b,,
,,,,,,,1,,,,,4,0,,0,,,,,,,,,,,,3047000,,63070030,,4390fd49-ba7c-4dc7-8f4c-9fb2ad45df2d.com.samsung.health.exercise.location_data.json,2026-02-22 13:57:13.000,1001,,,,,30001,,,63070030,,2026-02-22 14:49:39.249,2026-02-22 14:49:39.249,,,1.3611112,,,,5254,3942.11,,157.74,,,,UTC+0530,US7nt0+2+q,,,4390fd49-ba7c-4dc7-8f4c-9fb2ad45df2d.com.samsung.health.exercise.live_data.json,,1.2937677,com.sec.android.app.shealth,,,,,2026-02-22 14:48:00.000,4390fd49-ba7c-4dc7-8f4c-9fb2ad45df2d,,
,,,,,,,1,,,,,4,0,,0,,,,,,,,,,,,720000,,63070030,,b214a5a4-0a2e-45c3-a72b-93c394e576e3.com.samsung.health.exercise.location_data.json,2026-02-23 03:29:00.000,1001,,,,,30001,,,63070030,,2026-02-23 04:01:49.753,2026-02-23 04:01:49.753,,,1.3611112,,,,1199,894.48,,36.11,,,,UTC+0530,US7nt0+2+q,,,b214a5a4-0a2e-45c3-a72b-93c394e576e3.com.samsung.health.exercise.live_data.json,,1.2423334,com.sec.android.app.shealth,,,,,2026-02-23 03:41:00.000,b214a5a4-0a2e-45c3-a72b-93c394e576e3,,
,,,,,,,1,,,,,4,0,,0,,,,,,,,,,,,658894,,63070030,,c9e8c6a3-b2e4-45a3-a814-490592166fdb.com.samsung.health.exercise.location_data.json,2026-02-23 14:23:01.000,1001,,,,,30001,,,63070030,,2026-02-23 14:37:24.418,2026-02-23 14:37:24.418,,,1.4278334,,,,1136,860.32,,34.13,,,,UTC+0530,US7nt0+2+q,,,c9e8c6a3-b2e4-45a3-a814-490592166fdb.com.samsung.health.exercise.live_data.json,,1.3057032,com.sec.android.app.shealth,,,,,2026-02-23 14:34:00.000,c9e8c6a3-b2e4-45a3-a814-490592166fdb,,
,,,,,,,1,,,,,4,0,,0,,,,,,,,,,,,649000,,63070030,,157b37ee-7370-4a5d-aa68-c98695c3d2da.com.samsung.health.exercise.location_data.json,2026-02-23 14:37:11.000,1001,,,,,30001,,,63070030,,2026-02-23 14:48:26.261,2026-02-23 14:48:26.261,,,1.4308333,,,,1029,780.3,,30.92,,,,UTC+0530,US7nt0+2+q,,,157b37ee-7370-4a5d-aa68-c98695c3d2da.com.samsung.health.exercise.live_data.json,,1.2023112,com.sec.android.app.shealth,,,,,2026-02-23 14:48:00.000,157b37ee-7370-4a5d-aa68-c98695c3d2da,,
,,,,,,,1,,,,,4,0,,0,,,,,,,,,,,,780000,,63070030,,,2026-02-24 03:30:00.000,1001,,,,,30001,,,63070030,,2026-02-24 03:47:25.241,2026-02-24 03:47:25.241,,,1.3055556,,,,1280,951.89996,,38.48,,,,UTC+0530,US7nt0+2+q,,,ab6800df-7845-4db3-b4ba-874d22a5b045.com.samsung.health.exercise.live_data.json,,1.2203845,com.sec.android.app.shealth,,,,,2026-02-24 03:43:00.000,ab6800df-7845-4db3-b4ba-874d22a5b045,,
,,,,,,,1,,,,,4,0,,0,,,,,,,,,,,,660000,,63070030,,9b12abe7-f30c-4388-8414-c12e3b4e8937.com.samsung.health.exercise.location_data.json,2026-02-25 03:26:00.000,1001,,,,,30001,,,63070030,,2026-02-25 04:38:21.713,2026-02-25 04:38:21.713,,,1.3888888,,,,1121,845.92,,33.73,,,,UTC+0530,US7nt0+2+q,,,9b12abe7-f30c-4388-8414-c12e3b4e8937.com.samsung.health.exercise.live_data.json,,1.2816969,com.sec.android.app.shealth,,,,,2026-02-25 03:37:00.000,9b12abe7-f30c-4388-8414-c12e3b4e8937,,
,,,,,,,1,,,,,4,0,,0,,,,,,,,,,,,660000,,63070030,,5741dd9c-a3c8-4e12-8b6b-67057334619a.com.samsung.health.exercise.location_data.json,2026-02-25 09:10:00.000,1001,,,,,30001,,,63070030,,2026-02-25 09:27:38.417,2026-02-25 09:27:38.417,,,1.3674135,,,,1078,815.01,,32.38,,,,UTC+0530,US7nt0+2+q,,,5741dd9c-a3c8-4e12-8b6b-67057334619a.com.samsung.health.exercise.live_data.json,,1.2348635,com.sec.android.app.shealth,,,,,2026-02-25 09:21:00.000,5741dd9c-a3c8-4e12-8b6b-67057334619a,,
,,,,,,,1,,,,,4,0,,0,,,,,,,,,,,,1199747,,63070030,,cebf90e3-a1dd-4c4d-8e81-044cac552f9f.com.samsung.health.exercise.location_data.json,2026-02-25 12:10:00.000,1001,,,,,30001,,,63070030,,2026-02-25 12:31:37.134,2026-02-25 12:31:37.134,,,1.4166666,,,,2212,1690.24,,66.46,,,,UTC+0530,US7nt0+2+q,,,cebf90e3-a1dd-4c4d-8e81-044cac552f9f.com.samsung.health.exercise.live_data.json,,1.4088303,com.sec.android.app.shealth,,,,,2026-02-25 12:30:00.000,cebf90e3-a1dd-4c4d-8e81-044cac552f9f,,
,,,,,,,1,,,,,4,0,,0,,,,,,,,,,,,718000,,63070030,,c1019ec3-7c78-4ee9-8b1d-23adfd7d4565.com.samsung.health.exercise.location_data.json,2026-02-26 03:41:02.000,1001,,,,,30001,,,63070030,,2026-02-26 04:07:02.682,2026-02-26 04:07:02.682,,,1.4541222,,,,1233,922.88,,37.09,,,,UTC+0530,US7nt0+2+q,,,c1019ec3-7c78-4ee9-8b1d-23adfd7d4565.com.samsung.health.exercise.live_data.json,,1.2853482,com.sec.android.app.shealth,,,,,2026-02-26 03:53:00.000,c1019ec3-7c78-4ee9-8b1d-23adfd7d4565,,
,,,,,,,1,,,,,4,0,,0,,,,,,,,,,,,643000,,63070030,,,2026-02-27 03:26:17.000,1001,,,,,30001,,,63070030,,2026-02-27 03:42:53.077,2026-02-27 03:42:53.077,,,1.441,,,,1135,852.18,,34.11,,,,UTC+0530,US7nt0+2+q,,,242d509d-1213-4409-a911-a05c694ada21.com.samsung.health.exercise.live_data.json,,1.3253189,com.sec.android.app.shealth,,,,,2026-02-27 03:37:00.000,242d509d-1213-4409-a911-a05c694ada21,,
,,,,,,,1,,,,,4,0,,0,,,,,,,,,,,,704862,,63070030,,,2026-02-28 04:49:15.000,1001,,,,,30001,,,63070030,,2026-02-28 05:03:33.354,2026-02-28 05:03:33.354,,,1.4444444,,,,1322,1007.05,,39.75,,,,UTC+0530,US7nt0+2+q,,,7f4cce36-67e5-40ff-9c73-0140256f0de4.com.samsung.health.exercise.live_data.json,,1.4287194,com.sec.android.app.shealth,,,,,2026-02-28 05:01:00.000,7f4cce36-67e5-40ff-9c73-0140256f0de4,,
,,,,,,,1,,,,,4,0,,0,,,,,,,,,,,,878000,,63070030,,84dd6423-f0b8-4613-ad31-3b57e6806672.com.samsung.health.exercise.location_data.json,2026-03-01 13:29:22.000,1001,,,,,30001,,,63070030,,2026-03-01 13:55:01.534,2026-03-01 13:55:01.534,,,1.4617355,,,,1630,1235.04,,49.0,,,,UTC+0530,US7nt0+2+q,,,84dd6423-f0b8-4613-ad31-3b57e6806672.com.samsung.health.exercise.live_data.json,,1.4066515,com.sec.android.app.shealth,,,,,2026-03-01 13:44:00.000,84dd6423-f0b8-4613-ad31-3b57e6806672,,
,,,,,,,1,,,,,4,0,,0,,,,,,,,,,,,3779989,,63070030,,9d23f31c-21d4-4b66-8b72-0111aad1a195.com.samsung.health.exercise.location_data.json,2026-03-01 15:16:00.000,1001,,,,,30001,,,63070030,,2026-03-01 16:25:29.213,2026-03-01 16:25:29.213,,,1.4722222,,,,6636,5045.83,,199.27,,,,UTC+0530,US7nt0+2+q,,,9d23f31c-21d4-4b66-8b72-0111aad1a195.com.samsung.health.exercise.live_data.json,,1.3348795,com.sec.android.app.shealth,,,,,2026-03-01 16:19:00.000,9d23f31c-21d4-4b66-8b72-0111aad1a195,,
,,,,,,,1,,,,,4,0,,0,,,,,,,,,,,,660000,,63070030,,93c1035c-5a00-403f-ac65-8abd16a32f36.com.samsung.health.exercise.location_data.json,2026-03-02 03:37:00.000,1001,,,,,30001,,,63070030,,2026-03-02 05:51:43.771,2026-03-02 05:51:43.771,,,1.3611112,,,,1046,783.51,,31.42,,,,UTC+0530,US7nt0+2+q,,,93c1035c-5a00-403f-ac65-8abd16a32f36.com.samsung.health.exercise.live_data.json,,1.1871364,com.sec.android.app.shealth,,,,,2026-03-02 03:48:00.000,93c1035c-5a00-403f-ac65-8abd16a32f36,,
,,,,,,,1,,,,,4,0,,0,,,,,,,,,,,,642000,,63070030,,,2026-03-03 03:44:18.000,1001,,,,,30001,,,63070030,,2026-03-03 04:57:31.021,2026-03-03 04:57:31.021,,,1.3888888,,,,1161,876.17,,34.91,,,,UTC+0530,US7nt0+2+q,,,44c92930-fd9e-4392-b05c-33e629c11e56.com.samsung.health.exercise.live_data.json,,1.3647507,com.sec.android.app.shealth,,,,,2026-03-03 03:55:00.000,44c92930-fd9e-4392-b05c-33e629c11e56,,
,,,,,,,1,,,,,4,0,,0,,,,,,,,,,,,660000,,63110130,,866b2fbe-5082-452b-89b8-ea495f82ef7d.com.samsung.health.exercise.location_data.json,2026-03-03 08:43:00.000,1001,,,,,30001,,,63110130,,2026-03-03 08:55:57.993,2026-03-03 08:55:57.993,,,1.3611112,,,,1058,796.44,,31.82,,,,UTC+0530,US7nt0+2+q,,,866b2fbe-5082-452b-89b8-ea495f82ef7d.com.samsung.health.exercise.live_data.json,,1.2067273,com.sec.android.app.shealth,,,,,2026-03-03 08:54:00.000,866b2fbe-5082-452b-89b8-ea495f82ef7d,,
2e2f7a33-6506-493d-a54d-018b5e5d961d.live_data_internal.json,0,0,,77.49939,,391.72656,0,,0,,2e2f7a33-6506-493d-a54d-018b5e5d961d.sensing_status.json,1,0,,0,,,3,,12.907767,0.0,,,2e2f7a33-6506-493d-a54d-018b5e5d961d.location_data_internal.json,,,4378990,,63110130,,2e2f7a33-6506-493d-a54d-018b5e5d961d.com.samsung.health.exercise.location_data.json,2026-03-04 13:40:01.524,1001,,901.4514,771.0,,30001,,837.5496,63110130,,2026-03-04 15:21:00.282,2026-03-04 13:40:01.537,,,8.774356,,,,7024,6965.67,,359.0,,1052.0,,UTC+0530,US7nt0+2+q,,,2e2f7a33-6506-493d-a54d-018b5e5d961d.com.samsung.health.exercise.live_data.json,,1.5910621,com.sec.android.app.shealth,60.096863,95.59918,,,2026-03-04 15:20:58.481,2e2f7a33-6506-493d-a54d-018b5e5d961d,,
,,,,,,,1,,,,,4,0,,0,,,,,,,,,,,,2100000,,63110130,,e26fb10e-2f1f-4f3d-bf45-6f5adc28916d.com.samsung.health.exercise.location_data.json,2026-03-04 13:05:00.000,1001,,,,,30001,,,63110130,,2026-03-04 13:40:01.880,2026-03-04 13:40:01.880,,,1.4501667,,,,3643,2760.87,,109.4,,,,UTC+0530,US7nt0+2+q,,,e26fb10e-2f1f-4f3d-bf45-6f5adc28916d.com.samsung.health.exercise.live_data.json,,1.3147001,com.sec.android.app.shealth,,,,,2026-03-04 13:40:00.000,e26fb10e-2f1f-4f3d-bf45-6f5adc28916d,,
f04ccbc6-080a-44f5-a115-f7462dc3d6d3.live_data_internal.json,0,1,,77.49643,,,0,,0,,f04ccbc6-080a-44f5-a115-f7462dc3d6d3.sensing_status.json,1,0,,0,,,3,,12.92231,0.0,,,f04ccbc6-080a-44f5-a115-f7462dc3d6d3.location_data_internal.json,,,1999867,,63110130,,f04ccbc6-080a-44f5-a115-f7462dc3d6d3.com.samsung.health.exercise.location_data.json,2026-03-05 01:24:46.836,1002,,817.96277,118.0,,30001,,797.29034,63110130,,2026-03-05 01:58:08.946,2026-03-05 01:24:46.844,,,3.332857,145.09044,,,4838,5006.48,,301.0,175.16423,112.0,,UTC+0530,US7nt0+2+q,,,f04ccbc6-080a-44f5-a115-f7462dc3d6d3.com.samsung.health.exercise.live_data.json,,2.5044923,com.sec.android.app.shealth,23.337036,29.895264,,,2026-03-05 01:58:07.739,f04ccbc6-080a-44f5-a115-f7462dc3d6d3,,
,,,,,,,1,,,,,4,0,,0,,,,,,,,,,,,660000,,63110130,,7d6c85ca-eaf4-40b1-aee0-7f040a3c5c92.com.samsung.health.exercise.location_data.json,2026-03-05 03:42:00.000,1001,,,,,30001,,,63110130,,2026-03-05 05:35:23.902,2026-03-05 05:35:23.902,,,1.3888888,,,,1117,843.12,,33.58,,,,UTC+0530,US7nt0+2+q,,,7d6c85ca-eaf4-40b1-aee0-7f040a3c5c92.com.samsung.health.exercise.live_data.json,,1.2774546,com.sec.android.app.shealth,,,,,2026-03-05 03:53:00.000,7d6c85ca-eaf4-40b1-aee0-7f040a3c5c92,,
,,,,,,,1,,,,,4,0,,0,,,,,,,,,,,,628000,,63110130,,,2026-03-06 03:28:32.000,1001,,,,,30001,,,63110130,,2026-03-06 04:02:38.713,2026-03-06 04:02:38.713,,,1.3888888,,,,1170,880.61,,35.21,,,,UTC+0530,US7nt0+2+q,,,3181fea2-3e47-482d-9f11-89d4ba71a0f7.com.samsung.health.exercise.live_data.json,,1.3888888,com.sec.android.app.shealth,,,,,2026-03-06 03:39:00.000,3181fea2-3e47-482d-9f11-89d4ba71a0f7,,
,,,,,,,1,,,,,4,0,,0,,,,,,,,,,,,2460000,,63110130,,5ffca35c-fac9-44d4-9d24-3ec1f10f2181.com.samsung.health.exercise.location_data.json,2026-03-07 01:18:00.000,1001,,,,,30001,,,63110130,,2026-03-07 02:01:39.155,2026-03-07 02:01:39.155,,,1.4674729,,,,4400,3340.58,,132.02,,,,UTC+0530,US7nt0+2+q,,,5ffca35c-fac9-44d4-9d24-3ec1f10f2181.com.samsung.health.exercise.live_data.json,,1.3579594,com.sec.android.app.shealth,,,,,2026-03-07 01:59:00.000,5ffca35c-fac9-44d4-9d24-3ec1f10f2181,,
