com.samsung.shealth.sleep,6311013,11
total_sleep_time_weight,original_efficiency,mental_recovery,wake_score,factor_01,factor_02,factor_03,factor_04,factor_05,factor_06,factor_07,factor_08,factor_09,factor_10,deep_score,integrated_id,latency_weight,has_sleep_data,bedtime_detection_delay,sleep_efficiency_with_latency,wakeup_time_detection_delay,total_rem_duration,combined_id,nap_score,sleep_type,sleep_latency,data_version,latency_score,deep_weight,rem_weight,physical_recovery,original_wake_up_time,movement_awakening,is_integrated,original_bed_time,goal_bed_time,quality,extra_data,wake_weight,rem_score,goal_wake_up_time,sleep_cycle,total_light_duration,efficiency,sleep_score,sleep_duration,stage_analyzed_type,total_sleep_time_score,com.samsung.health.sleep.create_sh_ver,com.samsung.health.sleep.start_time,com.samsung.health.sleep.custom,com.samsung.health.sleep.modify_sh_ver,com.samsung.health.sleep.update_time,com.samsung.health.sleep.create_time,com.samsung.health.sleep.client_data_id,com.samsung.health.sleep.client_data_ver,com.samsung.health.sleep.time_offset,com.samsung.health.sleep.deviceuuid,com.samsung.health.sleep.comment,com.samsung.health.sleep.pkg_name,com.samsung.health.sleep.end_time,com.samsung.health.sleep.datauuid
,,,,,,,,,,,,,,,,,0,,,,,,,,,,,,,,,,,,82800000,0,,,,25200000,,,0.0,,,,,62670070,2024-06-20 18:30:00.000,,62670070,2024-06-21 08:15:33.434,2024-06-21 08:15:33.434,,,UTC+0530,US7nt0+2+q,,com.sec.android.app.shealth,2024-06-21 00:00:00.000,b855cb84-eac7-4390-a217-b0f29fedd1e7,
,,,,,,,,,,,,,,,,,0,,,,,,,,,,,,,,,,,,82800000,0,,,,25200000,,,0.0,,,,,62701610,2024-07-08 19:10:00.000,,62701610,2024-07-09 01:43:38.861,2024-07-09 01:43:38.861,,,UTC+0530,US7nt0+2+q,,com.sec.android.app.shealth,2024-07-09 00:20:00.000,75b11398-7aa4-4cc4-bfe5-608f6380b57f,
,,,,,,,,,,,,,,,,,0,,,,,,,,,,,,,,,,,,82800000,0,,,,25200000,,,0.0,,,,,62701610,2024-07-09 19:30:00.000,,62701610,2024-07-10 04:40:11.573,2024-07-10 04:40:11.573,,,UTC+0530,US7nt0+2+q,,com.sec.android.app.shealth,2024-07-10 01:10:00.000,05f41c37-7ad1-4431-a3e1-9f334cdc210e,
,,,,,,,,,,,,,,,,,0,,,,,,,,,,,,,,,,,,82800000,0,,,,25200000,,,0.0,,,,,62701610,2024-07-11 19:10:00.000,,62701610,2024-07-12 05:05:24.302,2024-07-12 05:05:24.302,,,UTC+0530,US7nt0+2+q,,com.sec.android.app.shealth,2024-07-12 02:20:00.000,16339626-a932-42de-a13c-98402a548491,
,,,,,,,,,,,,,,,,,0,,,,,,,,,,,,,,,,,,82800000,0,,,,25200000,,,0.0,,,,,62850050,2024-12-09 19:40:00.000,,62850050,2024-12-16 17:16:40.996,2024-12-16 17:16:40.996,,,UTC+0530,US7nt0+2+q,,com.sec.android.app.shealth,2024-12-10 03:30:00.000,4a112a1c-fdd4-46b8-9d95-513c4234ea09,
,,,,,,,,,,,,,,,,,0,,,,,,,,,,,,,,,,,,82800000,0,,,,25200000,,,0.0,,,,,62850050,2024-12-10 19:20:00.000,,62850050,2024-12-16 17:16:43.246,2024-12-16 17:16:43.246,,,UTC+0530,US7nt0+2+q,,com.sec.android.app.shealth,2024-12-11 03:50:00.000,7941fb48-e964-4a4e-affe-7d803ac543d3,
,,,,,,,,,,,,,,,,,0,,,,,,,,,,,,,,,,,,82800000,0,,,,25200000,,,0.0,,,,,62850050,2024-12-11 17:00:00.000,,62850050,2024-12-16 17:16:44.753,2024-12-16 17:16:44.753,,,UTC+0530,US7nt0+2+q,,com.sec.android.app.shealth,2024-12-11 23:10:00.000,32c1755e-cdb4-4d8a-8c80-8d781ac6b441,
,,,,,,,,,,,,,,,,,0,,,,,,,,,,,,,,,,,,82800000,0,,,,25200000,,,0.0,,,,,62850050,2024-12-12 17:50:00.000,,62850050,2024-12-16 17:16:47.108,2024-12-16 17:16:47.108,,,UTC+0530,US7nt0+2+q,,com.sec.android.app.shealth,2024-12-13 00:40:00.000,f68b463e-d139-4234-ae9f-84b8a07b3b4a,
,,,,,,,,,,,,,,,,,0,,,,,,,,,,,,,,,,,,82800000,0,,,,25200000,,,0.0,,,,,62850050,2024-12-13 17:10:00.000,,62850050,2024-12-16 17:16:48.263,2024-12-16 17:16:48.263,,,UTC+0530,US7nt0+2+q,,com.sec.android.app.shealth,2024-12-13 23:50:00.000,11ecedbf-442a-443a-a900-187c22ada6d0,
,,,,,,,,,,,,,,,,,0,,,,,,,,,,,,,,,,,,82800000,0,,,,25200000,,,0.0,,,,,62850050,2024-12-14 18:10:00.000,,62850050,2024-12-16 17:16:52.361,2024-12-16 17:16:52.361,,,UTC+0530,US7nt0+2+q,,com.sec.android.app.shealth,2024-12-14 22:50:00.000,6dfa3778-7cf0-4169-80ac-bfb90fb64039,
,,,,,,,,,,,,,,,,,0,,,,,,,,,,,,,,,,,,82800000,0,,,,25200000,,,0.0,,,,,62850050,2024-12-15 16:50:00.000,,62850050,2024-12-16 17:16:54.221,2024-12-16 17:16:54.221,,,UTC+0530,US7nt0+2+q,,com.sec.android.app.shealth,2024-12-15 22:40:00.000,c95b62fd-e23c-44ba-b0e6-0c796df2611d,
,,,,,,,,,,,,,,,,,0,,,,,,,,,,,,,,,,,,82800000,0,,,,25200000,,,0.0,,,,,62850050,2024-11-30 19:10:00.000,,62850050,2024-12-16 17:17:34.412,2024-12-16 17:17:34.412,,,UTC+0530,US7nt0+2+q,,com.sec.android.app.shealth,2024-12-01 03:50:00.000,60dd6f7a-f961-4ed1-9aee-0c685fcd7b81,
,,,,,,,,,,,,,,,,,0,,,,,,,,,,,,,,,,,,82800000,0,,,,25200000,,,0.0,,,,,62850050,2024-12-02 19:00:00.000,,62850050,2024-12-16 17:17:37.391,2024-12-16 17:17:37.391,,,UTC+0530,US7nt0+2+q,,com.sec.android.app.shealth,2024-12-03 01:10:00.000,8b28e68c-be9d-4fd0-9d61-cac1593e54cc,
,,,,,,,,,,,,,,,,,0,,,,,,,,,,,,,,,,,,82800000,0,,,,25200000,,,0.0,,,,,62850050,2024-12-03 19:30:00.000,,62850050,2024-12-16 17:17:39.683,2024-12-16 17:17:39.683,,,UTC+0530,US7nt0+2+q,,com.sec.android.app.shealth,2024-12-04 04:30:00.000,2b3c6e68-adab-42da-a893-d578a96b6c48,
,,,,,,,,,,,,,,,,,0,,,,,,,,,,,,,,,,,,82800000,0,,,,25200000,,,0.0,,,,,62850050,2024-12-04 20:40:00.000,,62850050,2024-12-16 17:17:41.829,2024-12-16 17:17:41.829,,,UTC+0530,US7nt0+2+q,,com.sec.android.app.shealth,2024-12-05 02:20:00.000,6e7b34fd-cb67-4521-b5fc-cb5841990bc9,
,,,,,,,,,,,,,,,,,0,,,,,,,,,,,,,,,,,,82800000,0,,,,25200000,,,0.0,,,,,62850050,2024-12-05 16:50:00.000,,62850050,2024-12-16 17:17:43.143,2024-12-16 17:17:43.143,,,UTC+0530,US7nt0+2+q,,com.sec.android.app.shealth,2024-12-06 03:10:00.000,60e9b3d3-d40c-4707-b588-c9de17b5b306,
,,,,,,,,,,,,,,,,,0,,,,,,,,,,,,,,,,,,82800000,0,,,,25200000,,,0.0,,,,,62850050,2024-12-06 18:50:00.000,,62850050,2024-12-16 17:17:44.139,2024-12-16 17:17:44.139,,,UTC+0530,US7nt0+2+q,,com.sec.android.app.shealth,2024-12-07 02:30:00.000,d155329e-3186-4af0-9bf1-57a0cd7a4f98,
,,,,,,,,,,,,,,,,,0,,,,,,,,,,,,,,,,,,82800000,0,,,,25200000,,,0.0,,,,,62850050,2024-12-07 19:00:00.000,,62850050,2024-12-16 17:17:46.341,2024-12-16 17:17:46.341,,,UTC+0530,US7nt0+2+q,,com.sec.android.app.shealth,2024-12-08 04:00:00.000,bd9adb70-09df-4f3c-9aa6-0acc04ccda9a,
,,,,,,,,,,,,,,,,,0,,,,,,,,,,,,,,,,,,82800000,0,,,,25200000,,,0.0,,,,,62850050,2024-12-08 19:50:00.000,,62850050,2024-12-16 17:17:48.577,2024-12-16 17:17:48.577,,,UTC+0530,US7nt0+2+q,,com.sec.android.app.shealth,2024-12-09 01:50:00.000,fa54af97-f5d3-45fa-848a-f5fee8176f6a,
,,,,,,,,,,,,,,,,,0,,,,,,,,,,,,,,,,,,82800000,0,,,,25200000,,,0.0,,,,,62850050,2024-12-16 17:20:00.000,,62850050,2024-12-17 05:00:15.146,2024-12-17 05:00:15.146,,,UTC+0530,US7nt0+2+q,,com.sec.android.app.shealth,2024-12-16 23:30:00.000,b7f8e5b3-e156-486b-a428-dd76834ada1c,
,,,,,,,,,,,,,,,,,0,,,,,,,,,,,,,,,,,,82800000,0,,,,25200000,,,0.0,,,,,62850050,2024-12-17 18:20:00.000,,62850050,2024-12-18 04:58:52.760,2024-12-18 04:58:52.760,,,UTC+0530,US7nt0+2+q,,com.sec.android.app.shealth,2024-12-18 02:20:00.000,b0f031c3-2db9-4475-9e42-06db23d76ccc,
,,,,,,,,,,,,,,,,,0,,,,,,,,,,,,,,,,,,82800000,0,,,,25200000,,,0.0,,,,,62850050,2024-12-18 16:40:00.000,,62850050,2024-12-19 05:41:13.967,2024-12-19 05:41:13.967,,,UTC+0530,US7nt0+2+q,,com.sec.android.app.shealth,2024-12-19 02:30:00.000,ba554a3e-05b0-4011-ba14-b3374fed6dff,
,,,,,,,,,,,,,,,,,0,,,,,,,,,,,,,,,,,,82800000,0,,,,25200000,,,0.0,,,,,62850050,2024-12-19 17:50:00.000,,62850050,2024-12-20 06:11:14.444,2024-12-20 06:11:14.444,,,UTC+0530,US7nt0+2+q,,com.sec.android.app.shealth,2024-12-20 01:40:00.000,5f304b6e-8df8-4699-8003-4e1fd2f9813e,
,,,,,,,,,,,,,,,,,0,,,,,,,,,,,,,,,,,,82800000,0,,,,25200000,,,0.0,,,,,62850050,2024-12-20 17:50:00.000,,62850050,2024-12-21 04:54:57.983,2024-12-21 04:54:57.983,,,UTC+0530,US7nt0+2+q,,com.sec.android.app.shealth,2024-12-20 23:30:00.000,efb531b0-657b-4f60-9ee3-80f43645d709,
,,,,,,,,,,,,,,,,,0,,,,,,,,,,,,,,,,,,82800000,0,,,,25200000,,,0.0,,,,,62850050,2024-12-21 17:20:00.000,,62850050,2024-12-22 04:38:18.132,2024-12-22 04:38:18.132,,,UTC+0530,US7nt0+2+q,,com.sec.android.app.shealth,2024-12-21 23:40:00.000,0c9766c1-ffdc-4a04-8398-6c9a4a8a0374,
,,,,,,,,,,,,,,,,,0,,,,,,,,,,,,,,,,,,82800000,0,,,,25200000,,,0.0,,,,,62850050,2024-12-22 19:00:00.000,,62850050,2024-12-23 04:49:36.558,2024-12-23 04:49:36.558,,,UTC+0530,US7nt0+2+q,,com.sec.android.app.shealth,2024-12-23 01:30:00.000,f6a2c900-c15d-4ddf-b11d-13458824fdaf,
,,,,,,,,,,,,,,,,,0,,,,,,,,,,,,,,,,,,82800000,0,,,,25200000,,,0.0,,,,,62850050,2024-12-23 16:50:00.000,,62850050,2024-12-24 04:51:24.964,2024-12-24 04:51:24.964,,,UTC+0530,US7nt0+2+q,,com.sec.android.app.shealth,2024-12-23 22:50:00.000,68ffc412-3812-4ea9-8702-80cddfed1f34,
,,,,,,,,,,,,,,,,,0,,,,,,,,,,,,,,,,,,82800000,0,,,,25200000,,,0.0,,,,,62850050,2024-12-24 17:10:00.000,,62850050,2024-12-25 04:39:02.506,2024-12-25 04:39:02.506,,,UTC+0530,US7nt0+2+q,,com.sec.android.app.shealth,2024-12-25 01:30:00.000,4982625a-149a-4965-af41-6458c10f0585,
,,,,,,,,,,,,,,,,,0,,,,,,,,,,,,,,,,,,82800000,0,,,,25200000,,,0.0,,,,,62850050,2024-12-25 18:50:00.000,,62850050,2024-12-26 05:02:22.641,2024-12-26 05:02:22.641,,,UTC+0530,US7nt0+2+q,,com.sec.android.app.shealth,2024-12-26 01:30:00.000,bdd073b3-ebaa-4719-b7ca-85ec1afd539d,
,,,,,,,,,,,,,,,,,0,,,,,,,,,,,,,,,,,,82800000,0,,,,25200000,,,0.0,,,,,62850050,2024-12-26 18:20:00.000,,62850050,2024-12-27 04:39:08.350,2024-12-27 04:39:08.350,,,UTC+0530,US7nt0+2+q,,com.sec.android.app.shealth,2024-12-27 01:30:00.000,8dbc7a80-48b0-4b73-a234-ac02c492fdf8,
,,,,,,,,,,,,,,,,,0,,,,,,,,,,,,,,,,,,82800000,0,,,,25200000,,,0.0,,,,,62850050,2024-12-27 19:30:00.000,,62850050,2024-12-28 06:10:22.088,2024-12-28 06:10:22.088,,,UTC+0530,US7nt0+2+q,,com.sec.android.app.shealth,2024-12-28 01:30:00.000,24332c76-47fd-4a65-bc09-c171bbbe7368,
,,,,,,,,,,,,,,,,,0,,,,,,,,,,,,,,,,,,82800000,0,,,,25200000,,,0.0,,,,,62850050,2024-12-28 18:20:00.000,,62850050,2024-12-29 03:42:36.751,2024-12-29 03:42:36.751,,,UTC+0530,US7nt0+2+q,,com.sec.android.app.shealth,2024-12-29 03:40:00.000,9705c03d-41a0-49e3-b280-98c435e54fb3,
,,,,,,,,,,,,,,,,,0,,,,,,,,,,,,,,,,,,82800000,0,,,,25200000,,,0.0,,,,,62850050,2024-12-29 18:40:00.000,,62850050,2024-12-30 02:32:10.655,2024-12-30 02:32:10.655,,,UTC+0530,US7nt0+2+q,,com.sec.android.app.shealth,2024-12-30 02:00:00.000,db5133c7-8718-47e0-a204-a0a15a874788,
,,,,,,,,,,,,,,,,,0,,,,,,,,,,,,,,,,,,82800000,0,,,,25200000,,,0.0,,,,,62850050,2024-12-30 18:30:00.000,,62850050,2024-12-31 01:47:18.781,2024-12-31 01:47:18.781,,,UTC+0530,US7nt0+2+q,,com.sec.android.app.shealth,2024-12-31 01:30:00.000,ab228376-e2f6-458c-a963-20f2c31373fc,
,,,,,,,,,,,,,,,,,0,,,,,,,,,,,,,,,,,,82800000,0,,,,25200000,,,0.0,,,,,62850050,2024-12-31 18:20:00.000,,62850050,2025-01-01 03:43:06.353,2025-01-01 03:43:06.353,,,UTC+0530,US7nt0+2+q,,com.sec.android.app.shealth,2025-01-01 00:50:00.000,1ac80368-19ae-4e12-bdf6-3f31b0a6444d,
,,,,,,,,,,,,,,,,,0,,,,,,,,,,,,,,,,,,82800000,0,,,,25200000,,,0.0,,,,,62850050,2025-01-01 18:20:00.000,,62850050,2025-01-02 04:54:11.027,2025-01-02 04:54:11.027,,,UTC+0530,US7nt0+2+q,,com.sec.android.app.shealth,2025-01-02 01:30:00.000,6b51d938-ff95-4652-8c3b-146ad5839b20,
,,,,,,,,,,,,,,,,,0,,,,,,,,,,,,,,,,,,82800000,0,,,,25200000,,,0.0,,,,,62850050,2025-01-02 17:30:00.000,,62850050,2025-01-03 04:53:05.156,2025-01-03 04:53:05.156,,,UTC+0530,US7nt0+2+q,,com.sec.android.app.shealth,2025-01-03 01:30:00.000,007dccd5-b4ca-4b69-838b-c663c45c0079,
,,,,,,,,,,,,,,,,,0,,,,,,,,,,,,,,,,,,82800000,0,,,,25200000,,,0.0,,,,,62850050,2025-01-03 18:30:00.000,,62850050,2025-01-04 05:26:13.776,2025-01-04 05:26:13.776,,,UTC+0530,US7nt0+2+q,,com.sec.android.app.shealth,2025-01-04 02:20:00.000,e24612ac-476e-491b-ac9b-2e667dabe149,
,,,,,,,,,,,,,,,,,0,,,,,,,,,,,,,,,,,,82800000,0,,,,25200000,,,0.0,,,,,62850050,2025-01-04 19:10:00.000,,62850050,2025-01-05 04:43:32.301,2025-01-05 04:43:32.301,,,UTC+0530,US7nt0+2+q,,com.sec.android.app.shealth,2025-01-05 04:40:00.000,cd56d841-f35c-4564-b6f5-6438cc287871,
,,,,,,,,,,,,,,,,,0,,,,,,,,,,,,,,,,,,82800000,0,,,,25200000,,,0.0,,,,,62850050,2025-01-05 18:30:00.000,,62850050,2025-01-06 04:38:35.472,2025-01-06 04:38:35.472,,,UTC+0530,US7nt0+2+q,,com.sec.android.app.shealth,2025-01-06 01:20:00.000,89dee20a-d4d5-4659-a518-5f5b2dd7cfe4,
,,,,,,,,,,,,,,,,,0,,,,,,,,,,,,,,,,,,82800000,0,,,,25200000,,,0.0,,,,,62850050,2025-01-06 16:40:00.000,,62850050,2025-01-07 04:45:08.060,2025-01-07 04:45:08.060,,,UTC+0530,US7nt0+2+q,,com.sec.android.app.shealth,2025-01-07 02:20:00.000,db2d8be7-bab8-4d4b-acd2-a6ae110f257f,
,,,,,,,,,,,,,,,,,0,,,,,,,,,,,,,,,,,,82800000,0,,,,25200000,,,0.0,,,,,62850050,2025-01-07 18:20:00.000,,62850050,2025-01-08 05:01:23.537,2025-01-08 05:01:23.537,,,UTC+0530,US7nt0+2+q,,com.sec.android.app.shealth,2025-01-08 02:00:00.000,3afc55ea-2eaa-4ffa-a3a8-04dce1db1b7c,
,,,,,,,,,,,,,,,,,0,,,,,,,,,,,,,,,,,,82800000,0,,,,25200000,,,0.0,,,,,62850050,2025-01-08 18:50:00.000,,62850050,2025-01-09 04:57:46.839,2025-01-09 04:57:46.839,,,UTC+0530,US7nt0+2+q,,com.sec.android.app.shealth,2025-01-09 02:30:00.000,1fb59c56-1587-42e0-ba01-67863bec143c,
,,,,,,,,,,,,,,,,,0,,,,,,,,,,,,,,,,,,82800000,0,,,,25200000,,,0.0,,,,,62850050,2025-01-09 18:30:00.000,,62850050,2025-01-10 04:55:07.350,2025-01-10 04:55:07.350,,,UTC+0530,US7nt0+2+q,,com.sec.android.app.shealth,2025-01-10 02:10:00.000,c19f78b2-d0dc-4894-ad46-26380967c0dc,
,,,,,,,,,,,,,,,,,0,,,,,,,,,,,,,,,,,,82800000,0,,,,25200000,,,0.0,,,,,62850050,2025-01-10 18:20:00.000,,62850050,2025-01-11 04:42:14.115,2025-01-11 04:42:14.115,,,UTC+0530,US7nt0+2+q,,com.sec.android.app.shealth,2025-01-11 00:50:00.000,fd048dfa-24bb-4043-932e-4040744b654a,
,,,,,,,,,,,,,,,,,0,,,,,,,,,,,,,,,,,,82800000,0,,,,25200000,,,0.0,,,,,62850050,2025-01-11 17:40:00.000,,62850050,2025-01-12 07:12:51.751,2025-01-12 07:12:51.751,,,UTC+0530,US7nt0+2+q,,com.sec.android.app.shealth,2025-01-12 01:10:00.000,d1fce23b-a172-40ee-afaf-6ea5a5fdb865,
,,,,,,,,,,,,,,,,,0,,,,,,,,,,,,,,,,,,82800000,0,,,,25200000,,,0.0,,,,,62850050,2025-01-12 18:40:00.000,,62850050,2025-01-13 03:20:49.664,2025-01-13 03:20:49.664,,,UTC+0530,US7nt0+2+q,,com.sec.android.app.shealth,2025-01-13 02:20:00.000,4500ae3a-a77a-4918-8d03-6f82c99b0496,
,,,,,,,,,,,,,,,,,0,,,,,,,,,,,,,,,,,,82800000,0,,,,25200000,,,0.0,,,,,62850050,2025-01-13 18:30:00.000,,62850050,2025-01-15 04:20:13.677,2025-01-15 04:20:13.677,,,UTC+0530,US7nt0+2+q,,com.sec.android.app.shealth,2025-01-14 03:10:00.000,5fb84aea-555b-4484-9f08-85a09fba6e9c,
,,,,,,,,,,,,,,,,,0,,,,,,,,,,,,,,,,,,82800000,0,,,,25200000,,,0.0,,,,,62850050,2025-01-14 18:50:00.000,,62850050,2025-01-15 04:20:28.588,2025-01-15 04:20:28.588,,,UTC+0530,US7nt0+2+q,,com.sec.android.app.shealth,2025-01-15 00:30:00.000,be39c71e-6bb9-4f63-b2d1-74b56b5d21d5,
,,,,,,,,,,,,,,,,,0,,,,,,,,,,,,,,,,,,82800000,0,,,,25200000,,,0.0,,,,,62850050,2025-01-15 18:10:00.000,,62850050,2025-01-16 04:38:04.133,2025-01-16 04:38:04.133,,,UTC+0530,US7nt0+2+q,,com.sec.android.app.shealth,2025-01-16 02:30:00.000,924fe626-d845-4eb1-a484-7f4ef5571e9e,
,,,,,,,,,,,,,,,,,0,,,,,,,,,,,,,,,,,,82800000,0,,,,25200000,,,0.0,,,,,62900750,2025-01-16 17:00:00.000,,62900750,2025-01-18 01:32:06.193,2025-01-18 01:32:06.193,,,UTC+0530,US7nt0+2+q,,com.sec.android.app.shealth,2025-01-17 01:30:00.000,445a214d-ab59-4dee-90a0-2c10db2e68a4,
,,,,,,,,,,,,,,,,,0,,,,,,,,,,,,,,,,,,82800000,0,,,,25200000,,,0.0,,,,,62900750,2025-01-17 17:50:00.000,,62900750,2025-01-18 01:33:30.531,2025-01-18 01:33:30.531,,,UTC+0530,US7nt0+2+q,,com.sec.android.app.shealth,2025-01-17 23:50:00.000,80641e71-20dc-4eb2-a42b-d1edcf4a209f,
,,,,,,,,,,,,,,,,,0,,,,,,,,,,,,,,,,,,82800000,0,,,,25200000,,,0.0,,,,,62900750,2025-01-18 20:10:00.000,,62900750,2025-01-19 04:53:53.523,2025-01-19 04:53:53.523,,,UTC+0530,US7nt0+2+q,,com.sec.android.app.shealth,2025-01-19 04:10:00.000,f3ca7756-ef8e-4421-aeef-0924c1e86e86,
,,,,,,,,,,,,,,,,,0,,,,,,,,,,,,,,,,,,82800000,0,,,,25200000,,,0.0,,,,,62900750,2025-01-20 17:40:00.000,,62900750,2025-01-21 04:54:07.868,2025-01-21 04:54:07.868,,,UTC+0530,US7nt0+2+q,,com.sec.android.app.shealth,2025-01-21 01:40:00.000,4ee41930-98c8-49c3-ad4c-14c2a130c9ea,
,,,,,,,,,,,,,,,,,0,,,,,,,,,,,,,,,,,,82800000,0,,,,25200000,,,0.0,,,,,62900750,2025-01-19 18:40:00.000,,62900750,2025-01-21 04:54:09.631,2025-01-21 04:54:09.631,,,UTC+0530,US7nt0+2+q,,com.sec.android.app.shealth,2025-01-20 00:00:00.000,d793a9fe-e5dc-4f4e-902b-238ac8a6b176,
,,,,,,,,,,,,,,,,,0,,,,,,,,,,,,,,,,,,82800000,0,,,,25200000,,,0.0,,,,,62900750,2025-01-21 18:40:00.000,,62900750,2025-01-22 04:40:31.582,2025-01-22 04:40:31.582,,,UTC+0530,US7nt0+2+q,,com.sec.android.app.shealth,2025-01-22 01:30:00.000,2deb31a8-f81b-4040-9659-c4a3220177a6,
,,,,,,,,,,,,,,,,,0,,,,,,,,,,,,,,,,,,82800000,0,,,,25200000,,,0.0,,,,,62900750,2025-01-22 17:10:00.000,,62900750,2025-01-23 04:46:22.762,2025-01-23 04:46:22.762,,,UTC+0530,US7nt0+2+q,,com.sec.android.app.shealth,2025-01-23 01:00:00.000,10508cec-c8a4-4351-824a-c5c08d01fe6f,
,,,,,,,,,,,,,,,,,0,,,,,,,,,,,,,,,,,,82800000,0,,,,25200000,,,0.0,,,,,62900750,2025-01-23 17:00:00.000,,62900750,2025-01-24 02:13:59.716,2025-01-24 02:13:59.716,,,UTC+0530,US7nt0+2+q,,com.sec.android.app.shealth,2025-01-24 01:50:00.000,76f88c37-45e5-4395-a721-ef6f9b4d2264,
,,,,,,,,,,,,,,,,,0,,,,,,,,,,,,,,,,,,82800000,0,,,,25200000,,,0.0,,,,,62900750,2025-01-24 19:00:00.000,,62900750,2025-01-25 06:26:28.435,2025-01-25 06:26:28.435,,,UTC+0530,US7nt0+2+q,,com.sec.android.app.shealth,2025-01-25 01:30:00.000,b3a5aa2c-1aff-46f6-a513-b96d14363e3c,
,,,,,,,,,,,,,,,,,0,,,,,,,,,,,,,,,,,,82800000,0,,,,25200000,,,0.0,,,,,62900750,2025-01-26 17:50:00.000,,62900750,2025-01-27 02:09:03.639,2025-01-27 02:09:03.639,,,UTC+0530,US7nt0+2+q,,com.sec.android.app.shealth,2025-01-27 01:40:00.000,36c90f70-747e-435b-afe0-a933d1d50824,
,,,,,,,,,,,,,,,,,0,,,,,,,,,,,,,,,,,,82800000,0,,,,25200000,,,0.0,,,,,62900750,2025-01-27 17:20:00.000,,62900750,2025-01-28 03:06:07.801,2025-01-28 03:06:07.801,,,UTC+0530,US7nt0+2+q,,com.sec.android.app.shealth,2025-01-28 01:20:00.000,e49a9bfd-e05e-46cd-9c6d-1c22e41a94d2,
,,,,,,,,,,,,,,,,,0,,,,,,,,,,,,,,,,,,82800000,0,,,,25200000,,,0.0,,,,,62900750,2025-01-25 17:50:00.000,,62900750,2025-01-28 03:06:40.780,2025-01-28 03:06:40.780,,,UTC+0530,US7nt0+2+q,,com.sec.android.app.shealth,2025-01-26 03:10:00.000,69e1b29f-9658-4dfc-913d-288161d930ca,
,,,,,,,,,,,,,,,,,0,,,,,,,,,,,,,,,,,,82800000,0,,,,25200000,,,0.0,,,,,62900750,2025-01-28 16:20:00.000,,62900750,2025-01-29 04:47:33.375,2025-01-29 04:47:33.375,,,UTC+0530,US7nt0+2+q,,com.sec.android.app.shealth,2025-01-29 01:50:00.000,9f1e8ed1-b638-4644-acfa-8481b3d90c17,
,,,,,,,,,,,,,,,,,0,,,,,,,,,,,,,,,,,,82800000,0,,,,25200000,,,0.0,,,,,62900750,2025-01-29 17:40:00.000,,62900750,2025-01-30 06:40:41.731,2025-01-30 06:40:41.731,,,UTC+0530,US7nt0+2+q,,com.sec.android.app.shealth,2025-01-30 01:50:00.000,d5648d4a-d20b-43eb-982c-5d4072e0633c,
,,,,,,,,,,,,,,,,,0,,,,,,,,,,,,,,,,,,82800000,0,,,,25200000,,,0.0,,,,,62900750,2025-01-30 18:30:00.000,,62900750,2025-01-31 05:13:47.837,2025-01-31 05:13:47.837,,,UTC+0530,US7nt0+2+q,,com.sec.android.app.shealth,2025-01-30 22:30:00.000,0ef4a240-4ada-442c-8e5d-a451a6fe8263,
,,,,,,,,,,,,,,,,,0,,,,,,,,,,,,,,,,,,82800000,0,,,,25200000,,,0.0,,,,,62900750,2025-01-31 18:30:00.000,,62900750,2025-02-01 04:53:35.536,2025-02-01 04:53:35.536,,,UTC+0530,US7nt0+2+q,,com.sec.android.app.shealth,2025-02-01 02:20:00.000,2f71cdca-194d-4e39-b8f9-dbc6bf8057d0,
,,,,,,,,,,,,,,,,,0,,,,,,,,,,,,,,,,,,82800000,0,,,,25200000,,,0.0,,,,,62900750,2025-02-01 19:20:00.000,,62900750,2025-02-02 04:32:19.505,2025-02-02 04:32:19.505,,,UTC+0530,US7nt0+2+q,,com.sec.android.app.shealth,2025-02-02 01:10:00.000,8791c178-245f-4af1-a5eb-63afe2b9c1cc,
,,,,,,,,,,,,,,,,,0,,,,,,,,,,,,,,,,,,82800000,0,,,,25200000,,,0.0,,,,,62900750,2025-02-02 18:40:00.000,,62900750,2025-02-05 17:53:24.042,2025-02-05 17:53:24.042,,,UTC+0530,US7nt0+2+q,,com.sec.android.app.shealth,2025-02-03 02:00:00.000,344abeac-8839-4e33-a8ea-0e92a555a0bd,
,,,,,,,,,,,,,,,,,0,,,,,,,,,,,,,,,,,,82800000,0,,,,25200000,,,0.0,,,,,62900750,2025-02-03 18:30:00.000,,62900750,2025-02-05 17:53:26.552,2025-02-05 17:53:26.552,,,UTC+0530,US7nt0+2+q,,com.sec.android.app.shealth,2025-02-04 02:00:00.000,36aefbda-fcfd-4d7f-943a-f445d258d6d6,
,,,,,,,,,,,,,,,,,0,,,,,,,,,,,,,,,,,,82800000,0,,,,25200000,,,0.0,,,,,62900750,2025-02-04 17:40:00.000,,62900750,2025-02-05 17:53:28.187,2025-02-05 17:53:28.187,,,UTC+0530,US7nt0+2+q,,com.sec.android.app.shealth,2025-02-05 01:40:00.000,604ca416-070a-4f36-832d-948b9558de18,
,,,,,,,,,,,,,,,,,0,,,,,,,,,,,,,,,,,,82800000,0,,,,25200000,,,0.0,,,,,62900750,2025-02-05 18:40:00.000,,62900750,2025-02-06 04:47:37.913,2025-02-06 04:47:37.913,,,UTC+0530,US7nt0+2+q,,com.sec.android.app.shealth,2025-02-06 01:50:00.000,c892afa8-4df1-41c9-8aee-27b10efa39e9,
,,,,,,,,,,,,,,,,,0,,,,,,,,,,,,,,,,,,82800000,0,,,,25200000,,,0.0,,,,,62910110,2025-02-06 17:50:00.000,,62910110,2025-02-07 04:38:38.141,2025-02-07 04:38:38.141,,,UTC+0530,US7nt0+2+q,,com.sec.android.app.shealth,2025-02-07 01:50:00.000,697e0c6d-b7e5-46aa-bf80-85a50f171b86,
,,,,,,,,,,,,,,,,,0,,,,,,,,,,,,,,,,,,82800000,0,,,,25200000,,,0.0,,,,,62920010,2025-02-07 18:30:00.000,,62920010,2025-02-08 06:52:09.888,2025-02-08 06:52:09.888,,,UTC+0530,US7nt0+2+q,,com.sec.android.app.shealth,2025-02-08 02:30:00.000,9cb87c86-f819-47d8-85cd-b4d30e755329,
,,,,,,,,,,,,,,,,,0,,,,,,,,,,,,,,,,,,82800000,0,,,,25200000,,,0.0,,,,,62920010,2025-02-08 20:30:00.000,,62920010,2025-02-09 06:09:12.658,2025-02-09 06:09:12.658,,,UTC+0530,US7nt0+2+q,,com.sec.android.app.shealth,2025-02-09 00:30:00.000,3db6d733-236d-4983-871c-b64412f8db12,
,,,,,,,,,,,,,,,,,0,,,,,,,,,,,,,,,,,,82800000,0,,,,25200000,,,0.0,,,,,62920010,2025-02-09 18:50:00.000,,62920010,2025-02-10 04:45:57.814,2025-02-10 04:45:57.814,,,UTC+0530,US7nt0+2+q,,com.sec.android.app.shealth,2025-02-10 01:10:00.000,62d89b30-ad20-44dc-a443-a90712573e61,
,,,,,,,,,,,,,,,,,0,,,,,,,,,,,,,,,,,,82800000,0,,,,25200000,,,0.0,,,,,62920010,2025-02-10 17:40:00.000,,62920010,2025-02-11 04:51:55.301,2025-02-11 04:51:55.301,,,UTC+0530,US7nt0+2+q,,com.sec.android.app.shealth,2025-02-11 02:20:00.000,341b2b03-3fbf-4dd8-9084-5751c6cdddb9,
,,,,,,,,,,,,,,,,,0,,,,,,,,,,,,,,,,,,82800000,0,,,,25200000,,,0.0,,,,,62920010,2025-02-11 18:20:00.000,,62920010,2025-02-12 04:54:58.218,2025-02-12 04:54:58.218,,,UTC+0530,US7nt0+2+q,,com.sec.android.app.shealth,2025-02-12 01:20:00.000,3e6ae36f-b79d-443e-9262-b493458d9f5a,
,,,,,,,,,,,,,,,,,0,,,,,,,,,,,,,,,,,,82800000,0,,,,25200000,,,0.0,,,,,62920010,2025-02-12 19:10:00.000,,62920010,2025-02-13 14:15:15.724,2025-02-13 14:15:15.724,,,UTC+0530,US7nt0+2+q,,com.sec.android.app.shealth,2025-02-13 00:10:00.000,352f244a-7fed-42fd-8908-4317c4f97de3,
,,,,,,,,,,,,,,,,,0,,,,,,,,,,,,,,,,,,82800000,0,,,,25200000,,,0.0,,,,,62920010,2025-02-13 18:50:00.000,,62920010,2025-02-14 04:53:26.497,2025-02-14 04:53:26.497,,,UTC+0530,US7nt0+2+q,,com.sec.android.app.shealth,2025-02-14 00:20:00.000,c881414c-f0fb-49f2-bc35-ef2782178fb9,
,,,,,,,,,,,,,,,,,0,,,,,,,,,,,,,,,,,,82800000,0,,,,25200000,,,0.0,,,,,62920010,2025-02-14 17:40:00.000,,62920010,2025-02-15 05:03:08.736,2025-02-15 05:03:08.736,,,UTC+0530,US7nt0+2+q,,com.sec.android.app.shealth,2025-02-15 01:10:00.000,11648e28-ee45-40b7-9fbb-0b91ab4e91a9,
,,,,,,,,,,,,,,,,,0,,,,,,,,,,,,,,,,,,82800000,0,,,,25200000,,,0.0,,,,,62920010,2025-02-15 19:20:00.000,,62920010,2025-02-16 00:56:37.576,2025-02-16 00:56:37.576,,,UTC+0530,US7nt0+2+q,,com.sec.android.app.shealth,2025-02-16 00:20:00.000,73a96a06-9269-4e1c-9718-4035ad03a118,
,,,,,,,,,,,,,,,,,0,,,,,,,,,,,,,,,,,,82800000,0,,,,25200000,,,0.0,,,,,62920010,2025-02-16 17:40:00.000,,62920010,2025-02-17 04:44:03.008,2025-02-17 04:44:03.008,,,UTC+0530,US7nt0+2+q,,com.sec.android.app.shealth,2025-02-17 02:00:00.000,ca292120-e886-46cc-a972-022a1ca4d87d,
,,,,,,,,,,,,,,,,,0,,,,,,,,,,,,,,,,,,82800000,0,,,,25200000,,,0.0,,,,,62920010,2025-02-17 17:10:00.000,,62920010,2025-02-18 05:16:58.674,2025-02-18 05:16:58.674,,,UTC+0530,US7nt0+2+q,,com.sec.android.app.shealth,2025-02-18 00:00:00.000,c9cc426e-2eae-4c28-9682-a9208310b3e8,
,,,,,,,,,,,,,,,,,0,,,,,,,,,,,,,,,,,,82800000,0,,,,25200000,,,0.0,,,,,62920010,2025-02-18 18:30:00.000,,62920010,2025-02-19 04:37:54.073,2025-02-19 04:37:54.073,,,UTC+0530,US7nt0+2+q,,com.sec.android.app.shealth,2025-02-19 00:40:00.000,04eae2eb-6d92-4e23-b1aa-d90fcc1f0587,
,,,,,,,,,,,,,,,,,0,,,,,,,,,,,,,,,,,,82800000,0,,,,25200000,,,0.0,,,,,62920010,2025-02-19 16:50:00.000,,62920010,2025-02-20 04:37:25.235,2025-02-20 04:37:25.235,,,UTC+0530,US7nt0+2+q,,com.sec.android.app.shealth,2025-02-19 23:20:00.000,ae637d94-ccf3-4c9d-be2e-dbacf25c7fae,
,,,,,,,,,,,,,,,,,0,,,,,,,,,,,,,,,,,,82800000,0,,,,25200000,,,0.0,,,,,62920010,2025-02-20 17:50:00.000,,62920010,2025-02-21 06:14:10.417,2025-02-21 06:14:10.417,,,UTC+0530,US7nt0+2+q,,com.sec.android.app.shealth,2025-02-21 00:50:00.000,a7eff878-4d76-4e3f-a96d-7f933403d5c9,
,,,,,,,,,,,,,,,,,0,,,,,,,,,,,,,,,,,,82800000,0,,,,25200000,,,0.0,,,,,62920010,2025-02-21 16:50:00.000,,62920010,2025-02-22 05:03:52.399,2025-02-22 05:03:52.399,,,UTC+0530,US7nt0+2+q,,com.sec.android.app.shealth,2025-02-22 01:00:00.000,76b05dbb-dd76-4556-8ab2-03c9f1d975a1,
,,,,,,,,,,,,,,,,,0,,,,,,,,,,,,,,,,,,82800000,0,,,,25200000,,,0.0,,,,,62920010,2025-02-22 19:20:00.000,,62920010,2025-02-23 05:17:33.277,2025-02-23 05:17:33.277,,,UTC+0530,US7nt0+2+q,,com.sec.android.app.shealth,2025-02-23 01:20:00.000,b42cecc0-2f55-4ff6-8305-c8cad417e9f5,
,,,,,,,,,,,,,,,,,0,,,,,,,,,,,,,,,,,,82800000,0,,,,25200000,,,0.0,,,,,62930070,2025-02-24 17:50:00.000,,62930070,2025-02-25 08:23:21.652,2025-02-25 08:23:21.652,,,UTC+0530,US7nt0+2+q,,com.sec.android.app.shealth,2025-02-25 03:00:00.000,2da99abd-7f4e-4691-a595-852cfad12792,
,,,,,,,,,,,,,,,,,0,,,,,,,,,,,,,,,,,,82800000,0,,,,25200000,,,0.0,,,,,62930070,2025-02-25 19:50:00.000,,62930070,2025-02-26 04:53:52.011,2025-02-26 04:53:52.011,,,UTC+0530,US7nt0+2+q,,com.sec.android.app.shealth,2025-02-25 23:30:00.000,331a81c8-7218-49c2-895c-7e6ddf493afe,
,,,,,,,,,,,,,,,,,0,,,,,,,,,,,,,,,,,,82800000,0,,,,25200000,,,0.0,,,,,62930070,2025-02-26 17:10:00.000,,62930070,2025-02-27 04:42:26.322,2025-02-27 04:42:26.322,,,UTC+0530,US7nt0+2+q,,com.sec.android.app.shealth,2025-02-27 01:10:00.000,ea5fac8d-02cd-4d1e-891a-dbafc56341c0,
,,,,,,,,,,,,,,,,,0,,,,,,,,,,,,,,,,,,82800000,0,,,,25200000,,,0.0,,,,,62930070,2025-02-27 16:20:00.000,,62930070,2025-02-28 04:52:10.412,2025-02-28 04:52:10.412,,,UTC+0530,US7nt0+2+q,,com.sec.android.app.shealth,2025-02-28 02:30:00.000,69b025a5-e380-4999-87f4-815639265962,
,,,,,,,,,,,,,,,,,0,,,,,,,,,,,,,,,,,,82800000,0,,,,25200000,,,0.0,,,,,62930070,2025-02-28 18:10:00.000,,62930070,2025-03-01 05:09:22.858,2025-03-01 05:09:22.858,,,UTC+0530,US7nt0+2+q,,com.sec.android.app.shealth,2025-03-01 02:30:00.000,6e360162-e677-4037-b1c3-b3b596e2b6f2,
,,,,,,,,,,,,,,,,,0,,,,,,,,,,,,,,,,,,82800000,0,,,,25200000,,,0.0,,,,,62930070,2025-03-01 20:20:00.000,,62930070,2025-03-02 04:44:08.332,2025-03-02 04:44:08.332,,,UTC+0530,US7nt0+2+q,,com.sec.android.app.shealth,2025-03-02 02:40:00.000,1f0e5344-5e3d-4e0c-85e7-23ba26c1c7b0,
,,,,,,,,,,,,,,,,,0,,,,,,,,,,,,,,,,,,82800000,0,,,,25200000,,,0.0,,,,,62930070,2025-03-02 17:00:00.000,,62930070,2025-03-03 04:50:46.437,2025-03-03 04:50:46.437,,,UTC+0530,US7nt0+2+q,,com.sec.android.app.shealth,2025-03-02 23:20:00.000,71316a2e-0ac8-47c4-bb54-e1a031ac4e0e,
,,,,,,,,,,,,,,,,,0,,,,,,,,,,,,,,,,,,82800000,0,,,,25200000,,,0.0,,,,,62930070,2025-03-03 17:30:00.000,,62930070,2025-03-04 06:35:56.438,2025-03-04 06:35:56.438,,,UTC+0530,US7nt0+2+q,,com.sec.android.app.shealth,2025-03-04 02:30:00.000,0054e2ee-4146-4f6c-a022-a9c5b6377cad,
,,,,,,,,,,,,,,,,,0,,,,,,,,,,,,,,,,,,82800000,0,,,,25200000,,,0.0,,,,,62930070,2025-03-04 16:50:00.000,,62930070,2025-03-05 04:45:10.448,2025-03-05 04:45:10.448,,,UTC+0530,US7nt0+2+q,,com.sec.android.app.shealth,2025-03-05 02:10:00.000,8a4fe8ce-1864-4eb9-810f-8cef51f82b1b,
,,,,,,,,,,,,,,,,,0,,,,,,,,,,,,,,,,,,82800000,0,,,,25200000,,,0.0,,,,,62930070,2025-03-05 16:40:00.000,,62930070,2025-03-06 06:52:10.102,2025-03-06 06:52:10.102,,,UTC+0530,US7nt0+2+q,,com.sec.android.app.shealth,2025-03-06 01:30:00.000,fec184a2-8167-48ae-bf5d-c050891d5983,
,,,,,,,,,,,,,,,,,0,,,,,,,,,,,,,,,,,,82800000,0,,,,25200000,,,0.0,,,,,62930070,2025-03-06 16:20:00.000,,62930070,2025-03-07 00:19:53.268,2025-03-07 00:19:53.268,,,UTC+0530,US7nt0+2+q,,com.sec.android.app.shealth,2025-03-07 00:10:00.000,1177bb3b-23d9-4755-9bb8-33462fb67c39,
,,,,,,,,,,,,,,,,,0,,,,,,,,,,,,,,,,,,82800000,0,,,,25200000,,,0.0,,,,,62930070,2025-03-07 17:00:00.000,,62930070,2025-03-08 07:01:30.378,2025-03-08 07:01:30.378,,,UTC+0530,US7nt0+2+q,,com.sec.android.app.shealth,2025-03-08 01:30:00.000,6ca20cfc-c6c1-422e-b6b2-c761f4a24660,
,,,,,,,,,,,,,,,,,0,,,,,,,,,,,,,,,,,,82800000,0,,,,25200000,,,0.0,,,,,62930070,2025-03-08 19:00:00.000,,62930070,2025-03-09 05:29:34.924,2025-03-09 05:29:34.924,,,UTC+0530,US7nt0+2+q,,com.sec.android.app.shealth,2025-03-09 01:30:00.000,d8e5d1ae-d756-434e-aafe-06a11575ce91,
,,,,,,,,,,,,,,,,,0,,,,,,,,,,,,,,,,,,82800000,0,,,,25200000,,,0.0,,,,,62930070,2025-03-09 16:10:00.000,,62930070,2025-03-10 04:43:20.708,2025-03-10 04:43:20.708,,,UTC+0530,US7nt0+2+q,,com.sec.android.app.shealth,2025-03-09 22:50:00.000,3cc146ad-5042-43c9-9e21-f5aa611d33e8,
,,,,,,,,,,,,,,,,,0,,,,,,,,,,,,,,,,,,82800000,0,,,,25200000,,,0.0,,,,,62930070,2025-03-10 16:50:00.000,,62930070,2025-03-11 04:45:39.620,2025-03-11 04:45:39.620,,,UTC+0530,US7nt0+2+q,,com.sec.android.app.shealth,2025-03-11 02:00:00.000,8847180d-362e-40ae-aedb-b09f224744b5,
,,,,,,,,,,,,,,,,,0,,,,,,,,,,,,,,,,,,82800000,0,,,,25200000,,,0.0,,,,,62930070,2025-03-11 17:30:00.000,,62930070,2025-03-12 04:43:54.588,2025-03-12 04:43:54.588,,,UTC+0530,US7nt0+2+q,,com.sec.android.app.shealth,2025-03-12 01:20:00.000,43d91b42-e074-49ca-a04c-3c8abce72e21,
,,,,,,,,,,,,,,,,,0,,,,,,,,,,,,,,,,,,82800000,0,,,,25200000,,,0.0,,,,,62930070,2025-03-12 17:00:00.000,,62930070,2025-03-13 04:57:08.289,2025-03-13 04:57:08.289,,,UTC+0530,US7nt0+2+q,,com.sec.android.app.shealth,2025-03-13 01:00:00.000,2af6e796-12b5-403d-9400-683852dd724a,
,,,,,,,,,,,,,,,,,0,,,,,,,,,,,,,,,,,,82800000,0,,,,25200000,,,0.0,,,,,62930070,2025-03-13 17:00:00.000,,62930070,2025-03-14 04:42:58.255,2025-03-14 04:42:58.255,,,UTC+0530,US7nt0+2+q,,com.sec.android.app.shealth,2025-03-14 02:20:00.000,61840879-e35e-462c-a1b3-5405e1b8baa1,
,,,,,,,,,,,,,,,,,0,,,,,,,,,,,,,,,,,,82800000,0,,,,25200000,,,0.0,,,,,62930070,2025-03-14 18:50:00.000,,62930070,2025-03-15 06:22:02.515,2025-03-15 06:22:02.515,,,UTC+0530,US7nt0+2+q,,com.sec.android.app.shealth,2025-03-15 02:30:00.000,2c7b543f-7324-4589-bfb7-710f5e10e701,
,,,,,,,,,,,,,,,,,0,,,,,,,,,,,,,,,,,,82800000,0,,,,25200000,,,0.0,,,,,62930070,2025-03-15 17:10:00.000,,62930070,2025-03-16 04:44:18.873,2025-03-16 04:44:18.873,,,UTC+0530,US7nt0+2+q,,com.sec.android.app.shealth,2025-03-15 23:40:00.000,d05ab2da-3c7a-4f68-b571-aa7a08baaf09,
,,,,,,,,,,,,,,,,,0,,,,,,,,,,,,,,,,,,82800000,0,,,,25200000,,,0.0,,,,,62930070,2025-03-16 18:50:00.000,,62930070,2025-03-17 06:09:30.585,2025-03-17 06:09:30.585,,,UTC+0530,US7nt0+2+q,,com.sec.android.app.shealth,2025-03-16 23:30:00.000,2dc11e19-39c2-4f0c-9b4b-5829081cd897,
,,,,,,,,,,,,,,,,,0,,,,,,,,,,,,,,,,,,82800000,0,,,,25200000,,,0.0,,,,,62930070,2025-03-17 17:00:00.000,,62930070,2025-03-18 05:42:59.095,2025-03-18 05:42:59.095,,,UTC+0530,US7nt0+2+q,,com.sec.android.app.shealth,2025-03-18 01:30:00.000,64f79f4a-965c-4869-af51-ab8f79fde94f,
,,,,,,,,,,,,,,,,,0,,,,,,,,,,,,,,,,,,82800000,0,,,,25200000,,,0.0,,,,,62930070,2025-03-18 18:50:00.000,,62930070,2025-03-19 04:46:17.276,2025-03-19 04:46:17.276,,,UTC+0530,US7nt0+2+q,,com.sec.android.app.shealth,2025-03-19 02:20:00.000,2ceef599-ab9b-4664-9f2d-2a09cbdd6d4a,
,,,,,,,,,,,,,,,,,0,,,,,,,,,,,,,,,,,,82800000,0,,,,25200000,,,0.0,,,,,62930070,2025-03-19 16:50:00.000,,62930070,2025-03-20 04:40:45.651,2025-03-20 04:40:45.651,,,UTC+0530,US7nt0+2+q,,com.sec.android.app.shealth,2025-03-20 01:20:00.000,cfa8a5cd-e72c-4278-9fec-acbb700ff58e,
,,,,,,,,,,,,,,,,,0,,,,,,,,,,,,,,,,,,82800000,0,,,,25200000,,,0.0,,,,,62930070,2025-03-20 18:30:00.000,,62930070,2025-03-21 05:15:00.260,2025-03-21 05:15:00.260,,,UTC+0530,US7nt0+2+q,,com.sec.android.app.shealth,2025-03-20 23:40:00.000,904b18b2-4c23-47d0-b3de-1dcd2b2230bc,
,,,,,,,,,,,,,,,,,0,,,,,,,,,,,,,,,,,,82800000,0,,,,25200000,,,0.0,,,,,62930070,2025-03-21 16:20:00.000,,62930070,2025-03-22 06:34:42.268,2025-03-22 06:34:42.268,,,UTC+0530,US7nt0+2+q,,com.sec.android.app.shealth,2025-03-22 02:40:00.000,156d8dfa-15b8-4ab4-93aa-d5377a878af7,
,,,,,,,,,,,,,,,,,0,,,,,,,,,,,,,,,,,,82800000,0,,,,25200000,,,0.0,,,,,62930070,2025-03-22 17:40:00.000,,62930070,2025-03-23 07:03:39.426,2025-03-23 07:03:39.426,,,UTC+0530,US7nt0+2+q,,com.sec.android.app.shealth,2025-03-23 02:20:00.000,481f5230-a24d-413e-a499-0d76ff31758a,
,,,,,,,,,,,,,,,,,0,,,,,,,,,,,,,,,,,,82800000,0,,,,25200000,,,0.0,,,,,62930070,2025-03-23 17:50:00.000,,62930070,2025-03-24 01:09:09.393,2025-03-24 01:09:09.393,,,UTC+0530,US7nt0+2+q,,com.sec.android.app.shealth,2025-03-24 00:50:00.000,cf59a4d2-bac6-46f3-98ee-19b3ea0d673f,
,,,,,,,,,,,,,,,,,0,,,,,,,,,,,,,,,,,,82800000,0,,,,25200000,,,0.0,,,,,62930070,2025-03-24 17:50:00.000,,62930070,2025-03-25 05:02:14.287,2025-03-25 05:02:14.287,,,UTC+0530,US7nt0+2+q,,com.sec.android.app.shealth,2025-03-24 23:40:00.000,53695d94-4e6c-4118-9b43-069a33513c43,
,,,,,,,,,,,,,,,,,0,,,,,,,,,,,,,,,,,,82800000,0,,,,25200000,,,0.0,,,,,62930070,2025-03-25 20:20:00.000,,62930070,2025-03-26 04:40:10.736,2025-03-26 04:40:10.736,,,UTC+0530,US7nt0+2+q,,com.sec.android.app.shealth,2025-03-26 02:20:00.000,7d7813a5-06b9-4e49-8d73-cd53aa741e51,
,,,,,,,,,,,,,,,,,0,,,,,,,,,,,,,,,,,,82800000,0,,,,25200000,,,0.0,,,,,62930070,2025-03-26 18:30:00.000,,62930070,2025-03-27 04:45:50.347,2025-03-27 04:45:50.347,,,UTC+0530,US7nt0+2+q,,com.sec.android.app.shealth,2025-03-27 01:20:00.000,abc95442-fb47-4a33-a5e9-6a632c5d9a6a,
,,,,,,,,,,,,,,,,,0,,,,,,,,,,,,,,,,,,82800000,0,,,,25200000,,,0.0,,,,,62930070,2025-03-27 18:50:00.000,,62930070,2025-03-28 05:06:49.113,2025-03-28 05:06:49.113,,,UTC+0530,US7nt0+2+q,,com.sec.android.app.shealth,2025-03-28 01:10:00.000,700f0a11-97f1-450e-8550-c9923c39f7f1,
,,,,,,,,,,,,,,,,,0,,,,,,,,,,,,,,,,,,82800000,0,,,,25200000,,,0.0,,,,,62930070,2025-03-29 18:40:00.000,,62930070,2025-03-30 04:46:58.333,2025-03-30 04:46:58.333,,,UTC+0530,US7nt0+2+q,,com.sec.android.app.shealth,2025-03-30 03:00:00.000,d6a3fc7d-5818-46ab-817d-e68040e3266c,
,,,,,,,,,,,,,,,,,0,,,,,,,,,,,,,,,,,,82800000,0,,,,25200000,,,0.0,,,,,62930070,2025-03-28 18:20:00.000,,62930070,2025-03-30 04:47:13.601,2025-03-30 04:47:13.601,,,UTC+0530,US7nt0+2+q,,com.sec.android.app.shealth,2025-03-29 01:00:00.000,c4a7ff1d-9adb-435e-9b45-82eb2ddf62dc,
,,,,,,,,,,,,,,,,,0,,,,,,,,,,,,,,,,,,82800000,0,,,,25200000,,,0.0,,,,,62930070,2025-03-30 20:50:00.000,,62930070,2025-03-31 04:40:46.331,2025-03-31 04:40:46.331,,,UTC+0530,US7nt0+2+q,,com.sec.android.app.shealth,2025-03-31 02:30:00.000,36c1725c-9932-416c-b84e-47ee03f4d165,
,,,,,,,,,,,,,,,,,0,,,,,,,,,,,,,,,,,,82800000,0,,,,25200000,,,0.0,,,,,62930070,2025-04-01 19:30:00.000,,62930070,2025-04-02 05:39:36.260,2025-04-02 05:39:36.260,,,UTC+0530,US7nt0+2+q,,com.sec.android.app.shealth,2025-04-02 01:50:00.000,95ead240-18d4-471d-92e3-6c5f2ad83ec5,
,,,,,,,,,,,,,,,,,0,,,,,,,,,,,,,,,,,,82800000,0,,,,25200000,,,0.0,,,,,62930070,2025-03-31 19:00:00.000,,62930070,2025-04-02 05:39:52.407,2025-04-02 05:39:52.407,,,UTC+0530,US7nt0+2+q,,com.sec.android.app.shealth,2025-04-01 00:20:00.000,6fc98531-00b6-45bd-a16a-cb14bbf22ffd,
,,,,,,,,,,,,,,,,,0,,,,,,,,,,,,,,,,,,82800000,0,,,,25200000,,,0.0,,,,,62930070,2025-04-02 17:10:00.000,,62930070,2025-04-03 06:39:13.473,2025-04-03 06:39:13.473,,,UTC+0530,US7nt0+2+q,,com.sec.android.app.shealth,2025-04-03 02:10:00.000,d24a58cb-8fb2-4d48-86ce-6c835b63f989,
,,,,,,,,,,,,,,,,,0,,,,,,,,,,,,,,,,,,82800000,0,,,,25200000,,,0.0,,,,,62930070,2025-04-03 18:50:00.000,,62930070,2025-04-04 06:13:50.942,2025-04-04 06:13:50.942,,,UTC+0530,US7nt0+2+q,,com.sec.android.app.shealth,2025-04-04 01:40:00.000,4a2f55b7-4762-4cf8-a7e7-30e101664dc2,
,,,,,,,,,,,,,,,,,0,,,,,,,,,,,,,,,,,,82800000,0,,,,25200000,,,0.0,,,,,62950170,2025-04-05 18:40:00.000,,62950170,2025-04-06 09:27:42.254,2025-04-06 09:27:42.254,,,UTC+0530,US7nt0+2+q,,com.sec.android.app.shealth,2025-04-06 02:40:00.000,2fd4027e-ca6b-4e09-8fb3-290018d4ce5a,
,,,,,,,,,,,,,,,,,0,,,,,,,,,,,,,,,,,,82800000,0,,,,25200000,,,0.0,,,,,62950170,2025-04-06 17:40:00.000,,62950170,2025-04-07 05:21:12.925,2025-04-07 05:21:12.925,,,UTC+0530,US7nt0+2+q,,com.sec.android.app.shealth,2025-04-06 22:50:00.000,dd5bb7dc-3223-485c-aa0f-ef156e1a78d9,
,,,,,,,,,,,,,,,,,0,,,,,,,,,,,,,,,,,,82800000,0,,,,25200000,,,0.0,,,,,62950170,2025-04-08 20:00:00.000,,62950170,2025-04-09 01:27:48.945,2025-04-09 01:27:48.945,,,UTC+0530,US7nt0+2+q,,com.sec.android.app.shealth,2025-04-09 01:27:47.188,d70edce5-2c56-46cd-82bf-69fe69f77d47,
,,,,,,,,,,,,,,,,,0,,,,,,,,,,,,,,,,,,82800000,0,,,,25200000,,,0.0,,,,,62950170,2025-04-10 18:50:00.000,,62950170,2025-04-11 13:29:01.872,2025-04-11 13:29:01.872,,,UTC+0530,US7nt0+2+q,,com.sec.android.app.shealth,2025-04-10 23:10:00.000,bc1af65f-02a4-417f-a289-bc30653e08de,
,,,,,,,,,,,,,,,,,0,,,,,,,,,,,,,,,,,,82800000,0,,,,25200000,,,0.0,,,,,62950170,2025-04-09 17:00:00.000,,62950170,2025-04-11 13:29:04.386,2025-04-11 13:29:04.386,,,UTC+0530,US7nt0+2+q,,com.sec.android.app.shealth,2025-04-10 02:10:00.000,403fcae5-45b1-4414-b38f-9e921510e5a6,
,,,,,,,,,,,,,,,,,0,,,,,,,,,,,,,,,,,,82800000,0,,,,25200000,,,0.0,,,,,62950170,2025-04-07 17:30:00.000,,62950170,2025-04-11 13:29:07.390,2025-04-11 13:29:07.390,,,UTC+0530,US7nt0+2+q,,com.sec.android.app.shealth,2025-04-08 02:10:00.000,32a0e73a-bee5-4c35-9a0a-a38d37e8fdf0,
,,,,,,,,,,,,,,,,,0,,,,,,,,,,,,,,,,,,82800000,0,,,,25200000,,,0.0,,,,,62950170,2025-04-04 18:20:00.000,,62950170,2025-04-11 13:29:09.332,2025-04-11 13:29:09.332,,,UTC+0530,US7nt0+2+q,,com.sec.android.app.shealth,2025-04-05 00:40:00.000,d76bfbf4-9892-43f6-875a-b9997104210f,
,,,,,,,,,,,,,,,,,0,,,,,,,,,,,,,,,,,,82800000,0,,,,25200000,,,0.0,,,,,62950170,2025-04-11 17:50:00.000,,62950170,2025-04-12 12:10:45.967,2025-04-12 12:10:45.967,,,UTC+0530,US7nt0+2+q,,com.sec.android.app.shealth,2025-04-12 03:50:00.000,6a393b10-afed-42df-b217-daf236522499,
,,,,,,,,,,,,,,,,,0,,,,,,,,,,,,,,,,,,82800000,0,,,,25200000,,,0.0,,,,,62950170,2025-04-12 18:40:00.000,,62950170,2025-04-13 09:42:44.195,2025-04-13 09:42:44.195,,,UTC+0530,US7nt0+2+q,,com.sec.android.app.shealth,2025-04-13 02:50:00.000,4c0a9ae1-a733-4c32-a8bd-e516b2d5abbd,
,,,,,,,,,,,,,,,,,0,,,,,,,,,,,,,,,,,,82800000,0,,,,25200000,,,0.0,,,,,62950170,2025-04-15 17:20:00.000,,62950170,2025-04-16 15:24:01.059,2025-04-16 15:24:01.059,,,UTC+0530,US7nt0+2+q,,com.sec.android.app.shealth,2025-04-16 01:50:00.000,0e8e8f10-2519-4f0f-baa1-7e5673cc9325,
,,,,,,,,,,,,,,,,,0,,,,,,,,,,,,,,,,,,82800000,0,,,,25200000,,,0.0,,,,,62950170,2025-04-13 17:50:00.000,,62950170,2025-04-16 15:24:04.017,2025-04-16 15:24:04.017,,,UTC+0530,US7nt0+2+q,,com.sec.android.app.shealth,2025-04-14 02:40:00.000,4fa8ede8-f944-4af0-af8d-ba4d9483b659,
,,,,,,,,,,,,,,,,,0,,,,,,,,,,,,,,,,,,82800000,0,,,,25200000,,,0.0,,,,,62950170,2025-04-14 18:30:00.000,,62950170,2025-04-16 15:24:07.797,2025-04-16 15:24:07.797,,,UTC+0530,US7nt0+2+q,,com.sec.android.app.shealth,2025-04-15 02:00:00.000,11a105d3-535a-4d07-bcf9-fe47a40eaf61,
,,,,,,,,,,,,,,,,,0,,,,,,,,,,,,,,,,,,82800000,0,,,,25200000,,,0.0,,,,,62950170,2025-04-16 17:40:00.000,,62950170,2025-04-17 09:12:05.032,2025-04-17 09:12:05.032,,,UTC+0530,US7nt0+2+q,,com.sec.android.app.shealth,2025-04-17 01:00:00.000,c3eb5a01-e27d-49d9-9da8-8828df320789,
,,,,,,,,,,,,,,,,,0,,,,,,,,,,,,,,,,,,82800000,0,,,,25200000,,,0.0,,,,,62950170,2025-04-17 17:30:00.000,,62950170,2025-04-18 14:31:07.228,2025-04-18 14:31:07.228,,,UTC+0530,US7nt0+2+q,,com.sec.android.app.shealth,2025-04-18 02:30:00.000,6712ce16-226b-4b7c-99c0-5bc30e1a984b,
,,,,,,,,,,,,,,,,,0,,,,,,,,,,,,,,,,,,82800000,0,,,,25200000,,,0.0,,,,,62950170,2025-04-18 18:10:00.000,,62950170,2025-04-19 02:59:49.742,2025-04-19 02:59:49.742,,,UTC+0530,US7nt0+2+q,,com.sec.android.app.shealth,2025-04-19 02:59:47.807,2429ba08-eda5-47fe-9179-24a5990fd722,
,,,,,,,,,,,,,,,,,0,,,,,,,,,,,,,,,,,,82800000,0,,,,25200000,,,0.0,,,,,62950170,2025-04-19 17:10:00.000,,62950170,2025-04-20 02:34:57.606,2025-04-20 02:34:57.606,,,UTC+0530,US7nt0+2+q,,com.sec.android.app.shealth,2025-04-20 02:34:54.944,8be77bb0-b0ee-44d5-a917-632b76cb4fbb,
,,,,,,,,,,,,,,,,,0,,,,,,,,,,,,,,,,,,82800000,0,,,,25200000,,,0.0,,,,,62950170,2025-04-20 19:30:00.000,,62950170,2025-04-21 08:20:02.089,2025-04-21 08:20:02.089,,,UTC+0530,US7nt0+2+q,,com.sec.android.app.shealth,2025-04-21 02:10:00.000,563d2b8f-0092-4746-a529-1cb22ab7a1e6,
,,,,,,,,,,,,,,,,,0,,,,,,,,,,,,,,,,,,82800000,0,,,,25200000,,,0.0,,,,,62950170,2025-04-21 18:50:00.000,,62950170,2025-04-22 09:02:19.821,2025-04-22 09:02:19.821,,,UTC+0530,US7nt0+2+q,,com.sec.android.app.shealth,2025-04-22 02:10:00.000,88412e31-bee4-4672-ab0a-fad69ad327ae,
,,,,,,,,,,,,,,,,,0,,,,,,,,,,,,,,,,,,82800000,0,,,,25200000,,,0.0,,,,,62950170,2025-04-23 18:10:00.000,,62950170,2025-04-24 10:10:43.058,2025-04-24 10:10:43.058,,,UTC+0530,US7nt0+2+q,,com.sec.android.app.shealth,2025-04-23 23:40:00.000,fad15c61-b905-4bc9-b3ec-e0e83811eddc,
,,,,,,,,,,,,,,,,,0,,,,,,,,,,,,,,,,,,82800000,0,,,,25200000,,,0.0,,,,,62950170,2025-04-22 18:30:00.000,,62950170,2025-04-24 10:10:49.896,2025-04-24 10:10:49.896,,,UTC+0530,US7nt0+2+q,,com.sec.android.app.shealth,2025-04-23 01:40:00.000,2fefabbd-0b9a-4377-b076-ca280a179b83,
,,,,,,,,,,,,,,,,,0,,,,,,,,,,,,,,,,,,82800000,0,,,,25200000,,,0.0,,,,,62950170,2025-04-24 19:00:00.000,,62950170,2025-04-25 02:51:32.321,2025-04-25 02:51:32.321,,,UTC+0530,US7nt0+2+q,,com.sec.android.app.shealth,2025-04-25 02:40:00.000,1c9c2273-5d99-49e4-a3ca-a5838f935b09,
,,,,,,,,,,,,,,,,,0,,,,,,,,,,,,,,,,,,82800000,0,,,,25200000,,,0.0,,,,,62950170,2025-04-26 19:50:00.000,,62950170,2025-04-27 12:04:35.828,2025-04-27 12:04:35.828,,,UTC+0530,US7nt0+2+q,,com.sec.android.app.shealth,2025-04-27 03:10:00.000,df3cb7f0-7cf1-46c3-8bbf-2509ad26082e,
,,,,,,,,,,,,,,,,,0,,,,,,,,,,,,,,,,,,82800000,0,,,,25200000,,,0.0,,,,,62950170,2025-04-25 20:00:00.000,,62950170,2025-04-27 12:05:09.482,2025-04-27 12:05:09.482,,,UTC+0530,US7nt0+2+q,,com.sec.android.app.shealth,2025-04-25 21:30:00.000,4ac2f74c-d9a5-4ea5-8715-e7fd7fd39584,
,,,,,,,,,,,,,,,,,0,,,,,,,,,,,,,,,,,,82800000,0,,,,25200000,,,0.0,,,,,62950170,2025-04-27 18:40:00.000,,62950170,2025-04-28 01:30:24.704,2025-04-28 01:30:24.704,,,UTC+0530,US7nt0+2+q,,com.sec.android.app.shealth,2025-04-28 00:30:00.000,43cbe1e5-825d-4493-b3a6-f55e59532635,
,,,,,,,,,,,,,,,,,0,,,,,,,,,,,,,,,,,,82800000,0,,,,25200000,,,0.0,,,,,62950170,2025-04-28 19:00:00.000,,62950170,2025-04-29 03:45:18.763,2025-04-29 03:45:18.763,,,UTC+0530,US7nt0+2+q,,com.sec.android.app.shealth,2025-04-29 03:20:00.000,609d6f9e-622a-4c4d-88f2-55282d6ec883,
,,,,,,,,,,,,,,,,,0,,,,,,,,,,,,,,,,,,82800000,0,,,,25200000,,,0.0,,,,,62950170,2025-04-29 19:00:00.000,,62950170,2025-04-30 00:10:19.493,2025-04-30 00:10:19.493,,,UTC+0530,US7nt0+2+q,,com.sec.android.app.shealth,2025-04-29 23:50:00.000,f13ad35c-7238-4468-a6a9-f7e09293f253,
,,,,,,,,,,,,,,,,,0,,,,,,,,,,,,,,,,,,82800000,0,,,,25200000,,,0.0,,,,,62950170,2025-04-30 20:20:00.000,,62950170,2025-05-01 04:37:22.768,2025-05-01 04:37:22.768,,,UTC+0530,US7nt0+2+q,,com.sec.android.app.shealth,2025-05-01 03:20:00.000,5db436ba-16ef-43fa-a6d6-32dea28a236c,
,,,,,,,,,,,,,,,,,0,,,,,,,,,,,,,,,,,,82800000,0,,,,25200000,,,0.0,,,,,62950170,2025-05-01 17:00:00.000,,62950170,2025-05-02 09:39:10.808,2025-05-02 09:39:10.808,,,UTC+0530,US7nt0+2+q,,com.sec.android.app.shealth,2025-05-02 00:30:00.000,48eb50d5-1715-43c8-a131-7d858f401f50,
,,,,,,,,,,,,,,,,,0,,,,,,,,,,,,,,,,,,82800000,0,,,,25200000,,,0.0,,,,,62950170,2025-05-03 18:30:00.000,,62950170,2025-05-04 04:56:39.005,2025-05-04 04:56:39.005,,,UTC+0530,US7nt0+2+q,,com.sec.android.app.shealth,2025-05-04 03:30:00.000,0d643339-8c7b-479a-8918-0e08cc9ffa8b,
,,,,,,,,,,,,,,,,,0,,,,,,,,,,,,,,,,,,82800000,0,,,,25200000,,,0.0,,,,,62950170,2025-05-02 19:30:00.000,,62950170,2025-05-04 04:56:46.411,2025-05-04 04:56:46.411,,,UTC+0530,US7nt0+2+q,,com.sec.android.app.shealth,2025-05-03 03:30:00.000,ace43236-900c-4572-90da-7441c6295e0d,
,,,,,,,,,,,,,,,,,0,,,,,,,,,,,,,,,,,,82800000,0,,,,25200000,,,0.0,,,,,62950170,2025-05-04 18:00:00.000,,62950170,2025-05-05 05:38:39.206,2025-05-05 05:38:39.206,,,UTC+0530,US7nt0+2+q,,com.sec.android.app.shealth,2025-05-05 02:40:00.000,21c05000-f701-472e-bb24-82bd7a373536,
,,,,,,,,,,,,,,,,,0,,,,,,,,,,,,,,,,,,82800000,0,,,,25200000,,,0.0,,,,,62950170,2025-05-05 17:10:00.000,,62950170,2025-05-06 17:22:20.595,2025-05-06 17:22:20.595,,,UTC+0530,US7nt0+2+q,,com.sec.android.app.shealth,2025-05-06 00:10:00.000,38c188a6-3c9b-4c05-8953-859b6870430d,
,,,,,,,,,,,,,,,,,0,,,,,,,,,,,,,,,,,,82800000,0,,,,25200000,,,0.0,,,,,62950170,2025-05-07 17:40:00.000,,62950170,2025-05-08 04:10:23.378,2025-05-08 04:10:23.378,,,UTC+0530,US7nt0+2+q,,com.sec.android.app.shealth,2025-05-08 03:00:00.000,738dd801-91d9-497f-b10b-eeb82064c856,
,,,,,,,,,,,,,,,,,0,,,,,,,,,,,,,,,,,,82800000,0,,,,25200000,,,0.0,,,,,62950170,2025-05-06 17:50:00.000,,62950170,2025-05-08 04:10:29.105,2025-05-08 04:10:29.105,,,UTC+0530,US7nt0+2+q,,com.sec.android.app.shealth,2025-05-07 00:40:00.000,3b585a11-6107-485d-a2e3-8f4b88f24b4a,
,,,,,,,,,,,,,,,,,0,,,,,,,,,,,,,,,,,,82800000,0,,,,25200000,,,0.0,,,,,62950170,2025-05-08 18:40:00.000,,62950170,2025-05-09 05:42:24.551,2025-05-09 05:42:24.551,,,UTC+0530,US7nt0+2+q,,com.sec.android.app.shealth,2025-05-09 02:30:00.000,835584a0-6369-40ef-ae9e-3d2931c8e9c3,
,,,,,,,,,,,,,,,,,0,,,,,,,,,,,,,,,,,,82800000,0,,,,25200000,,,0.0,,,,,62950170,2025-05-09 17:40:00.000,,62950170,2025-05-10 02:58:57.807,2025-05-10 02:58:57.807,,,UTC+0530,US7nt0+2+q,,com.sec.android.app.shealth,2025-05-10 02:50:00.000,6dea0761-faef-4ac9-bc77-91a6b112ff9f,
,,,,,,,,,,,,,,,,,0,,,,,,,,,,,,,,,,,,82800000,0,,,,25200000,,,0.0,,,,,62950170,2025-05-10 19:00:00.000,,62950170,2025-05-11 04:39:38.246,2025-05-11 04:39:38.246,,,UTC+0530,US7nt0+2+q,,com.sec.android.app.shealth,2025-05-11 03:30:00.000,916434aa-09f4-4a39-9899-3a31e514511b,
,,,,,,,,,,,,,,,,,0,,,,,,,,,,,,,,,,,,82800000,0,,,,25200000,,,0.0,,,,,62950170,2025-05-11 20:00:00.000,,62950170,2025-05-12 08:24:35.455,2025-05-12 08:24:35.455,,,UTC+0530,US7nt0+2+q,,com.sec.android.app.shealth,2025-05-12 02:50:00.000,1e2b8ab0-75d4-4c0f-abf0-dceac0721964,
,,,,,,,,,,,,,,,,,0,,,,,,,,,,,,,,,,,,82800000,0,,,,25200000,,,0.0,,,,,62950170,2025-05-12 17:40:00.000,,62950170,2025-05-13 06:52:47.552,2025-05-13 06:52:47.552,,,UTC+0530,US7nt0+2+q,,com.sec.android.app.shealth,2025-05-13 01:00:00.000,fd46c2af-4b0b-42f0-a210-64075519a4f1,
,,,,,,,,,,,,,,,,,0,,,,,,,,,,,,,,,,,,82800000,0,,,,25200000,,,0.0,,,,,62950170,2025-05-14 19:10:00.000,,62950170,2025-05-15 06:26:02.255,2025-05-15 06:26:02.255,,,UTC+0530,US7nt0+2+q,,com.sec.android.app.shealth,2025-05-15 02:40:00.000,a5c34627-901d-4430-a30f-6a318adb16de,
,,,,,,,,,,,,,,,,,0,,,,,,,,,,,,,,,,,,82800000,0,,,,25200000,,,0.0,,,,,62950170,2025-05-13 19:40:00.000,,62950170,2025-05-15 06:26:04.640,2025-05-15 06:26:04.640,,,UTC+0530,US7nt0+2+q,,com.sec.android.app.shealth,2025-05-14 02:40:00.000,8028ca50-c1c0-4c8e-a769-b3407a8b45b6,
,,,,,,,,,,,,,,,,,0,,,,,,,,,,,,,,,,,,82800000,0,,,,25200000,,,0.0,,,,,62950170,2025-05-15 19:20:00.000,,62950170,2025-05-16 05:43:08.898,2025-05-16 05:43:08.898,,,UTC+0530,US7nt0+2+q,,com.sec.android.app.shealth,2025-05-16 02:20:00.000,803b260a-259d-495a-bd76-9e6ce8fbfe1f,
,,,,,,,,,,,,,,,,,0,,,,,,,,,,,,,,,,,,82800000,0,,,,25200000,,,0.0,,,,,62950170,2025-05-16 20:10:00.000,,62950170,2025-05-17 05:48:31.218,2025-05-17 05:48:31.218,,,UTC+0530,US7nt0+2+q,,com.sec.android.app.shealth,2025-05-17 04:50:00.000,0e22f76a-4b6c-4558-a75c-5df9a1266ca1,
,,,,,,,,,,,,,,,,,0,,,,,,,,,,,,,,,,,,82800000,0,,,,25200000,,,0.0,,,,,62950170,2025-05-17 20:20:00.000,,62950170,2025-05-18 04:51:15.182,2025-05-18 04:51:15.182,,,UTC+0530,US7nt0+2+q,,com.sec.android.app.shealth,2025-05-18 03:00:00.000,ddf7c57a-b95d-435c-a6b7-0084ee2b6839,
,,,,,,,,,,,,,,,,,0,,,,,,,,,,,,,,,,,,82800000,0,,,,25200000,,,0.0,,,,,62950170,2025-05-18 04:00:00.000,,62950170,2025-05-18 08:08:16.925,2025-05-18 08:08:16.925,,,UTC+0530,US7nt0+2+q,,com.sec.android.app.shealth,2025-05-18 08:00:00.000,1535c179-cd26-43ae-a0f0-5cbe5c605841,
,,,,,,,,,,,,,,,,,0,,,,,,,,,,,,,,,,,,82800000,0,,,,25200000,,,0.0,,,,,62950170,2025-05-19 20:10:00.000,,62950170,2025-05-20 05:04:02.655,2025-05-20 05:04:02.655,,,UTC+0530,US7nt0+2+q,,com.sec.android.app.shealth,2025-05-20 02:30:00.000,f7e28da6-e31a-45ae-a405-c216c847bd0c,
,,,,,,,,,,,,,,,,,0,,,,,,,,,,,,,,,,,,82800000,0,,,,25200000,,,0.0,,,,,62950170,2025-05-18 19:00:00.000,,62950170,2025-05-20 05:04:05.773,2025-05-20 05:04:05.773,,,UTC+0530,US7nt0+2+q,,com.sec.android.app.shealth,2025-05-19 03:30:00.000,c9aa47e8-f586-4ff4-b7e8-f6a598b52834,
,,,,,,,,,,,,,,,,,0,,,,,,,,,,,,,,,,,,82800000,0,,,,25200000,,,0.0,,,,,62950170,2025-05-20 19:40:00.000,,62950170,2025-05-21 04:43:15.748,2025-05-21 04:43:15.748,,,UTC+0530,US7nt0+2+q,,com.sec.android.app.shealth,2025-05-21 02:40:00.000,6d4e8f17-75ba-4a7c-a57a-19022d33c55a,
,,,,,,,,,,,,,,,,,0,,,,,,,,,,,,,,,,,,82800000,0,,,,25200000,,,0.0,,,,,62950170,2025-05-21 18:00:00.000,,62950170,2025-05-22 04:41:14.962,2025-05-22 04:41:14.962,,,UTC+0530,US7nt0+2+q,,com.sec.android.app.shealth,2025-05-22 02:30:00.000,2b5910ff-2bc3-4b55-a832-fc5585a75ddc,
,,,,,,,,,,,,,,,,,0,,,,,,,,,,,,,,,,,,82800000,0,,,,25200000,,,0.0,,,,,62950170,2025-05-22 19:00:00.000,,62950170,2025-05-23 05:43:02.904,2025-05-23 05:43:02.904,,,UTC+0530,US7nt0+2+q,,com.sec.android.app.shealth,2025-05-23 02:50:00.000,a4bfe2d1-af00-48cc-a76b-8186f366ec37,
,,,,,,,,,,,,,,,,,0,,,,,,,,,,,,,,,,,,82800000,0,,,,25200000,,,0.0,,,,,62950170,2025-05-23 21:40:00.000,,62950170,2025-05-24 04:43:09.854,2025-05-24 04:43:09.854,,,UTC+0530,US7nt0+2+q,,com.sec.android.app.shealth,2025-05-24 01:00:00.000,4c6222b9-31f2-4d62-8d6a-4fa490d1710a,
,,,,,,,,,,,,,,,,,0,,,,,,,,,,,,,,,,,,82800000,0,,,,25200000,,,0.0,,,,,62950170,2025-05-24 17:50:00.000,,62950170,2025-05-25 05:57:38.096,2025-05-25 05:57:38.096,,,UTC+0530,US7nt0+2+q,,com.sec.android.app.shealth,2025-05-25 02:30:00.000,ef858690-0dcc-46dc-a904-0adaf857957b,
,,,,,,,,,,,,,,,,,0,,,,,,,,,,,,,,,,,,82800000,0,,,,25200000,,,0.0,,,,,62950170,2025-05-26 18:20:00.000,,62950170,2025-05-27 08:22:53.800,2025-05-27 08:22:53.800,,,UTC+0530,US7nt0+2+q,,com.sec.android.app.shealth,2025-05-27 02:30:00.000,1e574fa2-a676-45bc-af1e-40b24cb01bab,
,,,,,,,,,,,,,,,,,0,,,,,,,,,,,,,,,,,,82800000,0,,,,25200000,,,0.0,,,,,62950170,2025-05-25 19:40:00.000,,62950170,2025-05-27 08:22:55.726,2025-05-27 08:22:55.726,,,UTC+0530,US7nt0+2+q,,com.sec.android.app.shealth,2025-05-26 02:30:00.000,84662efa-9249-4b10-9dff-60f5359d544f,
,,,,,,,,,,,,,,,,,0,,,,,,,,,,,,,,,,,,82800000,0,,,,25200000,,,0.0,,,,,62950170,2025-05-27 16:50:00.000,,62950170,2025-05-28 05:36:31.892,2025-05-28 05:36:31.892,,,UTC+0530,US7nt0+2+q,,com.sec.android.app.shealth,2025-05-28 00:10:00.000,2f6796cd-6a7f-42cc-9a10-fe2d2b9d9020,
,,,,,,,,,,,,,,,,,0,,,,,,,,,,,,,,,,,,82800000,0,,,,25200000,,,0.0,,,,,62950170,2025-05-30 19:00:00.000,,62950170,2025-05-31 05:24:35.811,2025-05-31 05:24:35.811,,,UTC+0530,US7nt0+2+q,,com.sec.android.app.shealth,2025-05-31 02:30:00.000,ff107b0b-4dbf-480c-87ef-0f0c99aa1564,
,,,,,,,,,,,,,,,,,0,,,,,,,,,,,,,,,,,,82800000,0,,,,25200000,,,0.0,,,,,62950170,2025-05-28 19:20:00.000,,62950170,2025-05-31 05:24:38.969,2025-05-31 05:24:38.969,,,UTC+0530,US7nt0+2+q,,com.sec.android.app.shealth,2025-05-29 00:40:00.000,d8086531-672e-417e-98a0-02a84d63a81f,
,,,,,,,,,,,,,,,,,0,,,,,,,,,,,,,,,,,,82800000,0,,,,25200000,,,0.0,,,,,62950170,2025-05-29 19:00:00.000,,62950170,2025-05-31 05:24:43.574,2025-05-31 05:24:43.574,,,UTC+0530,US7nt0+2+q,,com.sec.android.app.shealth,2025-05-30 04:00:00.000,e7eb96c3-dd65-48f0-8c8b-bbfcc1c65268,
,,,,,,,,,,,,,,,,,0,,,,,,,,,,,,,,,,,,82800000,0,,,,25200000,,,0.0,,,,,62950170,2025-05-31 18:40:00.000,,62950170,2025-06-01 02:55:51.982,2025-06-01 02:55:51.982,,,UTC+0530,US7nt0+2+q,,com.sec.android.app.shealth,2025-06-01 01:00:00.000,753152ee-6cc3-4f47-a381-a04822112750,
,,,,,,,,,,,,,,,,,0,,,,,,,,,,,,,,,,,,82800000,0,,,,25200000,,,0.0,,,,,62950170,2025-06-01 19:10:00.000,,62950170,2025-06-02 06:40:34.340,2025-06-02 06:40:34.340,,,UTC+0530,US7nt0+2+q,,com.sec.android.app.shealth,2025-06-02 03:50:00.000,3cabdb35-9226-455c-b6c1-738f08a1dd21,
,,,,,,,,,,,,,,,,,0,,,,,,,,,,,,,,,,,,82800000,0,,,,25200000,,,0.0,,,,,63010030,2025-06-03 21:20:00.000,,63010030,2025-06-11 19:28:04.592,2025-06-11 19:28:04.592,,,UTC+0530,US7nt0+2+q,,com.sec.android.app.shealth,2025-06-04 04:30:00.000,506a69af-38ae-4d9a-9371-62ce6b025db9,
,,,,,,,,,,,,,,,,,0,,,,,,,,,,,,,,,,,,82800000,0,,,,25200000,,,0.0,,,,,63010030,2025-06-04 20:50:00.000,,63010030,2025-06-11 19:28:07.236,2025-06-11 19:28:07.236,,,UTC+0530,US7nt0+2+q,,com.sec.android.app.shealth,2025-06-05 05:10:00.000,a0b9ec9b-e0c2-47c5-8e5f-c42bdad43dc5,
,,,,,,,,,,,,,,,,,0,,,,,,,,,,,,,,,,,,82800000,0,,,,25200000,,,0.0,,,,,63010030,2025-06-05 18:40:00.000,,63010030,2025-06-11 19:28:08.422,2025-06-11 19:28:08.422,,,UTC+0530,US7nt0+2+q,,com.sec.android.app.shealth,2025-06-06 03:00:00.000,337d5d75-8901-4cb3-9fcc-8d7938e684cf,
,,,,,,,,,,,,,,,,,0,,,,,,,,,,,,,,,,,,82800000,0,,,,25200000,,,0.0,,,,,63010030,2025-06-06 22:10:00.000,,63010030,2025-06-11 19:28:10.817,2025-06-11 19:28:10.817,,,UTC+0530,US7nt0+2+q,,com.sec.android.app.shealth,2025-06-07 05:20:00.000,97cdabba-4f14-4070-8764-8fd5f63deaa8,
,,,,,,,,,,,,,,,,,0,,,,,,,,,,,,,,,,,,82800000,0,,,,25200000,,,0.0,,,,,63010030,2025-06-07 20:10:00.000,,63010030,2025-06-11 19:28:12.037,2025-06-11 19:28:12.037,,,UTC+0530,US7nt0+2+q,,com.sec.android.app.shealth,2025-06-08 03:40:00.000,56546fb6-dce8-471a-9476-854943e91b86,
,,,,,,,,,,,,,,,,,0,,,,,,,,,,,,,,,,,,82800000,0,,,,25200000,,,0.0,,,,,63010030,2025-06-08 19:40:00.000,,63010030,2025-06-11 19:28:15.760,2025-06-11 19:28:15.760,,,UTC+0530,US7nt0+2+q,,com.sec.android.app.shealth,2025-06-09 03:50:00.000,63bca3f1-6b13-4d6c-a87a-7edd4c7e329d,
,,,,,,,,,,,,,,,,,0,,,,,,,,,,,,,,,,,,82800000,0,,,,25200000,,,0.0,,,,,63010030,2025-06-09 17:10:00.000,,63010030,2025-06-11 19:28:16.806,2025-06-11 19:28:16.806,,,UTC+0530,US7nt0+2+q,,com.sec.android.app.shealth,2025-06-09 23:30:00.000,138ed2fa-8d6c-49a4-92b2-d91745592726,
,,,,,,,,,,,,,,,,,0,,,,,,,,,,,,,,,,,,82800000,0,,,,25200000,,,0.0,,,,,63010030,2025-06-10 19:30:00.000,,63010030,2025-06-11 19:28:17.917,2025-06-11 19:28:17.917,,,UTC+0530,US7nt0+2+q,,com.sec.android.app.shealth,2025-06-10 23:40:00.000,be03fd34-ea61-42fc-a3aa-d76d7e516fb7,
,,,,,,,,,,,,,,,,,0,,,,,,,,,,,,,,,,,,82800000,0,,,,25200000,,,0.0,,,,,63010030,2025-06-16 18:30:00.000,,63010030,2025-06-17 07:21:48.299,2025-06-17 07:21:48.299,,,UTC+0530,US7nt0+2+q,,com.sec.android.app.shealth,2025-06-17 02:10:00.000,3ddec517-2919-41e4-99cc-0aada1264b58,
,,,,,,,,,,,,,,,,,0,,,,,,,,,,,,,,,,,,82800000,0,,,,25200000,,,0.0,,,,,63010030,2025-06-11 19:30:00.000,,63010030,2025-06-17 07:21:53.455,2025-06-17 07:21:53.455,,,UTC+0530,US7nt0+2+q,,com.sec.android.app.shealth,2025-06-12 03:30:00.000,f9a8ddd9-b304-4065-9fcd-086dff833cd7,
,,,,,,,,,,,,,,,,,0,,,,,,,,,,,,,,,,,,82800000,0,,,,25200000,,,0.0,,,,,63010030,2025-06-12 17:10:00.000,,63010030,2025-06-17 07:21:55.684,2025-06-17 07:21:55.684,,,UTC+0530,US7nt0+2+q,,com.sec.android.app.shealth,2025-06-12 21:30:00.000,7fd8f281-cf60-4fae-b75b-861465505b01,
,,,,,,,,,,,,,,,,,0,,,,,,,,,,,,,,,,,,82800000,0,,,,25200000,,,0.0,,,,,63010030,2025-06-13 17:40:00.000,,63010030,2025-06-17 07:21:58.394,2025-06-17 07:21:58.394,,,UTC+0530,US7nt0+2+q,,com.sec.android.app.shealth,2025-06-14 03:00:00.000,6ebd7ffe-d298-4df1-8cca-b034927f656c,
,,,,,,,,,,,,,,,,,0,,,,,,,,,,,,,,,,,,82800000,0,,,,25200000,,,0.0,,,,,63010030,2025-06-14 17:40:00.000,,63010030,2025-06-17 07:22:00.545,2025-06-17 07:22:00.545,,,UTC+0530,US7nt0+2+q,,com.sec.android.app.shealth,2025-06-14 23:20:00.000,932286e8-9571-46d7-90e7-4ec2d17cb2d3,
,,,,,,,,,,,,,,,,,0,,,,,,,,,,,,,,,,,,82800000,0,,,,25200000,,,0.0,,,,,63010030,2025-06-15 18:30:00.000,,63010030,2025-06-17 07:22:19.383,2025-06-17 07:22:19.383,,,UTC+0530,US7nt0+2+q,,com.sec.android.app.shealth,2025-06-16 00:00:00.000,b5caaf89-c15a-408b-a31a-4c5381a4b87b,
,,,,,,,,,,,,,,,,,0,,,,,,,,,,,,,,,,,,82800000,0,,,,25200000,,,0.0,,,,,63010030,2025-06-17 18:50:00.000,,63010030,2025-06-18 00:06:18.279,2025-06-18 00:06:18.279,,,UTC+0530,US7nt0+2+q,,com.sec.android.app.shealth,2025-06-17 23:40:00.000,e4af0fa2-991a-4060-8dfb-b40fa1dca2b2,
,,,,,,,,,,,,,,,,,0,,,,,,,,,,,,,,,,,,82800000,0,,,,25200000,,,0.0,,,,,63010030,2025-06-18 18:20:00.000,,63010030,2025-06-22 07:21:51.301,2025-06-22 07:21:51.301,,,UTC+0530,US7nt0+2+q,,com.sec.android.app.shealth,2025-06-19 03:20:00.000,38f34622-b1a5-45cb-8a57-6f1365c8e886,
,,,,,,,,,,,,,,,,,0,,,,,,,,,,,,,,,,,,82800000,0,,,,25200000,,,0.0,,,,,63010030,2025-06-19 19:20:00.000,,63010030,2025-06-22 07:21:52.928,2025-06-22 07:21:52.928,,,UTC+0530,US7nt0+2+q,,com.sec.android.app.shealth,2025-06-19 22:50:00.000,b17da1d4-42f3-49b0-8a09-ea6d9efdf4a8,
,,,,,,,,,,,,,,,,,0,,,,,,,,,,,,,,,,,,82800000,0,,,,25200000,,,0.0,,,,,63010030,2025-06-20 19:50:00.000,,63010030,2025-06-22 07:21:55.893,2025-06-22 07:21:55.893,,,UTC+0530,US7nt0+2+q,,com.sec.android.app.shealth,2025-06-21 02:50:00.000,a61472b0-4ab0-46f9-8f2c-53a91a1e82e9,
,,,,,,,,,,,,,,,,,0,,,,,,,,,,,,,,,,,,82800000,0,,,,25200000,,,0.0,,,,,63010030,2025-06-22 03:10:00.000,,63010030,2025-06-22 07:22:20.386,2025-06-22 07:22:20.386,,,UTC+0530,US7nt0+2+q,,com.sec.android.app.shealth,2025-06-22 05:40:00.000,0db5d29b-68d3-4e07-983f-c9a4b2cbd34e,
,,,,,,,,,,,,,,,,,0,,,,,,,,,,,,,,,,,,82800000,0,,,,25200000,,,0.0,,,,,63020310,2025-07-14 17:40:00.000,,63020310,2025-07-15 05:02:08.396,2025-07-15 05:02:08.396,,,UTC+0530,US7nt0+2+q,,com.sec.android.app.shealth,2025-07-15 02:00:00.000,a36d9073-8c04-4c7c-a13c-33728802d717,
,,,,,,,,,,,,,,,,,0,,,,,,,,,,,,,,,,,,82800000,0,,,,25200000,,,0.0,,,,,63020310,2025-07-13 19:20:00.000,,63020310,2025-07-15 05:02:10.489,2025-07-15 05:02:10.489,,,UTC+0530,US7nt0+2+q,,com.sec.android.app.shealth,2025-07-14 02:10:00.000,5c282201-3430-4b56-bee3-091c871024fb,
,,,,,,,,,,,,,,,,,0,,,,,,,,,,,,,,,,,,82800000,0,,,,25200000,,,0.0,,,,,63020310,2025-07-12 16:10:00.000,,63020310,2025-07-15 05:02:11.946,2025-07-15 05:02:11.946,,,UTC+0530,US7nt0+2+q,,com.sec.android.app.shealth,2025-07-13 02:40:00.000,587e87b3-42ef-4337-9e98-e47ff9752d47,
,,,,,,,,,,,,,,,,,0,,,,,,,,,,,,,,,,,,82800000,0,,,,25200000,,,0.0,,,,,63020310,2025-07-11 21:00:00.000,,63020310,2025-07-15 05:02:13.279,2025-07-15 05:02:13.279,,,UTC+0530,US7nt0+2+q,,com.sec.android.app.shealth,2025-07-12 04:30:00.000,92e2cd26-d500-4816-80a0-9d932c52334f,
,,,,,,,,,,,,,,,,,0,,,,,,,,,,,,,,,,,,82800000,0,,,,25200000,,,0.0,,,,,63020310,2025-07-10 19:20:00.000,,63020310,2025-07-15 05:02:14.554,2025-07-15 05:02:14.554,,,UTC+0530,US7nt0+2+q,,com.sec.android.app.shealth,2025-07-11 02:10:00.000,860de43c-52dc-4b62-9a70-e2d551b06990,
,,,,,,,,,,,,,,,,,0,,,,,,,,,,,,,,,,,,82800000,0,,,,25200000,,,0.0,,,,,63020310,2025-07-09 19:50:00.000,,63020310,2025-07-15 05:02:16.454,2025-07-15 05:02:16.454,,,UTC+0530,US7nt0+2+q,,com.sec.android.app.shealth,2025-07-10 02:40:00.000,5666831c-f55c-4017-a4b4-98e0f341d6a8,
,,,,,,,,,,,,,,,,,0,,,,,,,,,,,,,,,,,,82800000,0,,,,25200000,,,0.0,,,,,63020310,2025-06-22 19:50:00.000,,63020310,2025-07-15 05:02:20.756,2025-07-15 05:02:20.756,,,UTC+0530,US7nt0+2+q,,com.sec.android.app.shealth,2025-06-22 23:20:00.000,0d6f685e-f342-404f-b4ca-56e83a2d2500,
,,,,,,,,,,,,,,,,,0,,,,,,,,,,,,,,,,,,82800000,0,,,,25200000,,,0.0,,,,,63020310,2025-06-23 21:10:00.000,,63020310,2025-07-15 05:02:22.062,2025-07-15 05:02:22.062,,,UTC+0530,US7nt0+2+q,,com.sec.android.app.shealth,2025-06-24 04:50:00.000,64b0067a-45cd-4dc4-8a5f-dd7ad67b8022,
,,,,,,,,,,,,,,,,,0,,,,,,,,,,,,,,,,,,82800000,0,,,,25200000,,,0.0,,,,,63020310,2025-06-24 20:40:00.000,,63020310,2025-07-15 05:02:23.529,2025-07-15 05:02:23.529,,,UTC+0530,US7nt0+2+q,,com.sec.android.app.shealth,2025-06-25 05:20:00.000,9cc3c9f4-7d4f-4f5d-ab26-c7c305909298,
,,,,,,,,,,,,,,,,,0,,,,,,,,,,,,,,,,,,82800000,0,,,,25200000,,,0.0,,,,,63020310,2025-06-25 21:00:00.000,,63020310,2025-07-15 05:02:24.967,2025-07-15 05:02:24.967,,,UTC+0530,US7nt0+2+q,,com.sec.android.app.shealth,2025-06-26 02:30:00.000,437f5b4c-a85a-4cce-a666-14a4e586e1e2,
,,,,,,,,,,,,,,,,,0,,,,,,,,,,,,,,,,,,82800000,0,,,,25200000,,,0.0,,,,,63020310,2025-06-26 19:20:00.000,,63020310,2025-07-15 05:02:25.870,2025-07-15 05:02:25.870,,,UTC+0530,US7nt0+2+q,,com.sec.android.app.shealth,2025-06-27 02:10:00.000,6f754f3e-2993-4df1-9229-e16895a5ab26,
,,,,,,,,,,,,,,,,,0,,,,,,,,,,,,,,,,,,82800000,0,,,,25200000,,,0.0,,,,,63020310,2025-06-27 18:50:00.000,,63020310,2025-07-15 05:02:27.065,2025-07-15 05:02:27.065,,,UTC+0530,US7nt0+2+q,,com.sec.android.app.shealth,2025-06-28 01:10:00.000,3da3f3b2-e418-4de8-b39b-857a6fa5119b,
,,,,,,,,,,,,,,,,,0,,,,,,,,,,,,,,,,,,82800000,0,,,,25200000,,,0.0,,,,,63020310,2025-06-28 18:50:00.000,,63020310,2025-07-15 05:02:29.568,2025-07-15 05:02:29.568,,,UTC+0530,US7nt0+2+q,,com.sec.android.app.shealth,2025-06-29 02:50:00.000,f6a1a1ad-41f3-4bc0-814d-fc0026365a5d,
,,,,,,,,,,,,,,,,,0,,,,,,,,,,,,,,,,,,82800000,0,,,,25200000,,,0.0,,,,,63020310,2025-06-29 20:10:00.000,,63020310,2025-07-15 05:03:01.088,2025-07-15 05:03:01.088,,,UTC+0530,US7nt0+2+q,,com.sec.android.app.shealth,2025-06-30 04:40:00.000,5960c9e6-73f6-4079-a304-96ce8288de45,
,,,,,,,,,,,,,,,,,0,,,,,,,,,,,,,,,,,,82800000,0,,,,25200000,,,0.0,,,,,63020310,2025-06-30 18:50:00.000,,63020310,2025-07-15 05:03:06.460,2025-07-15 05:03:06.460,,,UTC+0530,US7nt0+2+q,,com.sec.android.app.shealth,2025-07-01 04:20:00.000,b97f97a8-30d9-453b-9c9c-b6ba079e6c1a,
,,,,,,,,,,,,,,,,,0,,,,,,,,,,,,,,,,,,82800000,0,,,,25200000,,,0.0,,,,,63020310,2025-07-01 19:20:00.000,,63020310,2025-07-15 05:03:07.816,2025-07-15 05:03:07.816,,,UTC+0530,US7nt0+2+q,,com.sec.android.app.shealth,2025-07-02 03:30:00.000,f5df5a03-79cb-4026-8e0b-c2808c1f94fe,
,,,,,,,,,,,,,,,,,0,,,,,,,,,,,,,,,,,,82800000,0,,,,25200000,,,0.0,,,,,63020310,2025-07-02 18:50:00.000,,63020310,2025-07-15 05:03:09.088,2025-07-15 05:03:09.088,,,UTC+0530,US7nt0+2+q,,com.sec.android.app.shealth,2025-07-03 04:50:00.000,6ce846f3-1008-4a53-9d17-1e0e631689cb,
,,,,,,,,,,,,,,,,,0,,,,,,,,,,,,,,,,,,82800000,0,,,,25200000,,,0.0,,,,,63020310,2025-07-03 19:20:00.000,,63020310,2025-07-15 05:03:10.026,2025-07-15 05:03:10.026,,,UTC+0530,US7nt0+2+q,,com.sec.android.app.shealth,2025-07-04 04:10:00.000,429081f3-9f81-44d4-b306-dd47ce653d24,
,,,,,,,,,,,,,,,,,0,,,,,,,,,,,,,,,,,,82800000,0,,,,25200000,,,0.0,,,,,63020310,2025-07-04 19:00:00.000,,63020310,2025-07-15 05:03:11.963,2025-07-15 05:03:11.963,,,UTC+0530,US7nt0+2+q,,com.sec.android.app.shealth,2025-07-05 04:40:00.000,f8dc387f-909a-425d-9266-b017f7e398fc,
,,,,,,,,,,,,,,,,,0,,,,,,,,,,,,,,,,,,82800000,0,,,,25200000,,,0.0,,,,,63020310,2025-07-05 18:20:00.000,,63020310,2025-07-15 05:03:13.927,2025-07-15 05:03:13.927,,,UTC+0530,US7nt0+2+q,,com.sec.android.app.shealth,2025-07-05 23:50:00.000,7d022906-7508-4db5-98f3-7c9cf29c26d5,
,,,,,,,,,,,,,,,,,0,,,,,,,,,,,,,,,,,,82800000,0,,,,25200000,,,0.0,,,,,63020310,2025-07-06 19:00:00.000,,63020310,2025-07-15 05:03:16.167,2025-07-15 05:03:16.167,,,UTC+0530,US7nt0+2+q,,com.sec.android.app.shealth,2025-07-07 02:40:00.000,04aaa899-3d39-4ef1-858a-a87df1df9ba2,
,,,,,,,,,,,,,,,,,0,,,,,,,,,,,,,,,,,,82800000,0,,,,25200000,,,0.0,,,,,63020310,2025-07-08 18:40:00.000,,63020310,2025-07-15 05:04:13.916,2025-07-15 05:04:13.916,,,UTC+0530,US7nt0+2+q,,com.sec.android.app.shealth,2025-07-09 00:10:00.000,9e0c4386-2f7f-4789-b3c1-2c88aff498f7,
,,,,,,,,,,,,,,,,,0,,,,,,,,,,,,,,,,,,82800000,0,,,,25200000,,,0.0,,,,,63020310,2025-07-07 17:20:00.000,,63020310,2025-07-15 05:04:15.078,2025-07-15 05:04:15.078,,,UTC+0530,US7nt0+2+q,,com.sec.android.app.shealth,2025-07-08 01:30:00.000,365c3817-cde6-4303-8a5a-7938320e0612,
,,,,,,,,,,,,,,,,,0,,,,,,,,,,,,,,,,,,82800000,0,,,,25200000,,,0.0,,,,,63030110,2025-07-19 19:10:00.000,,63030110,2025-07-20 07:46:49.233,2025-07-20 07:46:49.233,,,UTC+0530,US7nt0+2+q,,com.sec.android.app.shealth,2025-07-20 03:00:00.000,b5bb1f66-ff94-474d-8240-64cff31b85c7,
,,,,,,,,,,,,,,,,,0,,,,,,,,,,,,,,,,,,82800000,0,,,,25200000,,,0.0,,,,,63030110,2025-07-15 18:50:00.000,,63030110,2025-07-20 07:46:52.128,2025-07-20 07:46:52.128,,,UTC+0530,US7nt0+2+q,,com.sec.android.app.shealth,2025-07-16 02:10:00.000,00b85001-34a0-46c3-b15b-4329ba3de814,
,,,,,,,,,,,,,,,,,0,,,,,,,,,,,,,,,,,,82800000,0,,,,25200000,,,0.0,,,,,63030110,2025-07-16 18:20:00.000,,63030110,2025-07-20 07:46:53.068,2025-07-20 07:46:53.068,,,UTC+0530,US7nt0+2+q,,com.sec.android.app.shealth,2025-07-17 03:00:00.000,3c6c338a-3400-4a2e-a95a-48a391ea66e4,
,,,,,,,,,,,,,,,,,0,,,,,,,,,,,,,,,,,,82800000,0,,,,25200000,,,0.0,,,,,63030110,2025-07-17 18:40:00.000,,63030110,2025-07-20 07:46:53.966,2025-07-20 07:46:53.966,,,UTC+0530,US7nt0+2+q,,com.sec.android.app.shealth,2025-07-18 01:00:00.000,fe46cc7b-e667-40ed-ab92-3e2aeefe1bed,
,,,,,,,,,,,,,,,,,0,,,,,,,,,,,,,,,,,,82800000,0,,,,25200000,,,0.0,,,,,63030110,2025-07-18 18:00:00.000,,63030110,2025-07-20 07:46:55.709,2025-07-20 07:46:55.709,,,UTC+0530,US7nt0+2+q,,com.sec.android.app.shealth,2025-07-19 03:00:00.000,cb1953ed-4dcb-4bda-8e63-fe465440ce0d,
,,,,,,,,,,,,,,,,,0,,,,,,,,,,,,,,,,,,82800000,0,,,,25200000,,,0.0,,,,,63030110,2025-07-20 18:40:00.000,,63030110,2025-07-22 19:44:26.771,2025-07-22 19:44:26.771,,,UTC+0530,US7nt0+2+q,,com.sec.android.app.shealth,2025-07-21 01:40:00.000,de025659-b9fe-45ef-a095-20af602ea44a,
,,,,,,,,,,,,,,,,,0,,,,,,,,,,,,,,,,,,82800000,0,,,,25200000,,,0.0,,,,,63030110,2025-07-21 19:50:00.000,,63030110,2025-07-22 19:44:30.430,2025-07-22 19:44:30.430,,,UTC+0530,US7nt0+2+q,,com.sec.android.app.shealth,2025-07-22 02:00:00.000,4fee6e7d-74f6-4657-9511-9b39497a5f4c,
,,,,,,,,,,,,,,,,,0,,,,,,,,,,,,,,,,,,82800000,0,,,,25200000,,,0.0,,,,,63030110,2025-07-22 20:10:00.000,,63030110,2025-07-23 11:00:33.580,2025-07-23 11:00:33.580,,,UTC+0530,US7nt0+2+q,,com.sec.android.app.shealth,2025-07-23 03:00:00.000,79494ca8-a68e-41dd-8480-7f4f047f5403,
,,,,,,,,,,,,,,,,,0,,,,,,,,,,,,,,,,,,82800000,0,,,,25200000,,,0.0,,,,,63030110,2025-07-27 19:00:00.000,,63030110,2025-07-28 15:10:27.845,2025-07-28 15:10:27.845,,,UTC+0530,US7nt0+2+q,,com.sec.android.app.shealth,2025-07-28 00:30:00.000,a515940f-912f-4fbf-ad21-9b435c877c0c,
,,,,,,,,,,,,,,,,,0,,,,,,,,,,,,,,,,,,82800000,0,,,,25200000,,,0.0,,,,,63030110,2025-07-23 18:10:00.000,,63030110,2025-07-28 15:10:29.943,2025-07-28 15:10:29.943,,,UTC+0530,US7nt0+2+q,,com.sec.android.app.shealth,2025-07-24 02:20:00.000,ebcd79df-0058-46f5-83a9-1e47ae7d8d71,
,,,,,,,,,,,,,,,,,0,,,,,,,,,,,,,,,,,,82800000,0,,,,25200000,,,0.0,,,,,63030110,2025-07-24 18:20:00.000,,63030110,2025-07-28 15:10:32.417,2025-07-28 15:10:32.417,,,UTC+0530,US7nt0+2+q,,com.sec.android.app.shealth,2025-07-25 02:40:00.000,82eda81e-1c52-4200-af4b-4b21deebaa6e,
,,,,,,,,,,,,,,,,,0,,,,,,,,,,,,,,,,,,82800000,0,,,,25200000,,,0.0,,,,,63030110,2025-07-25 18:10:00.000,,63030110,2025-07-28 15:10:33.651,2025-07-28 15:10:33.651,,,UTC+0530,US7nt0+2+q,,com.sec.android.app.shealth,2025-07-26 03:10:00.000,3402fc56-634e-46c2-8afe-95058d60d1e0,
,,,,,,,,,,,,,,,,,0,,,,,,,,,,,,,,,,,,82800000,0,,,,25200000,,,0.0,,,,,63030110,2025-07-26 20:30:00.000,,63030110,2025-07-28 15:10:34.710,2025-07-28 15:10:34.710,,,UTC+0530,US7nt0+2+q,,com.sec.android.app.shealth,2025-07-27 02:30:00.000,b981206f-0a94-4376-93b6-56e6a47f266d,
,,,,,,,,,,,,,,,,,0,,,,,,,,,,,,,,,,,,82800000,0,,,,25200000,,,0.0,,,,,63030110,2025-07-28 17:40:00.000,,63030110,2025-07-29 11:12:46.201,2025-07-29 11:12:46.201,,,UTC+0530,US7nt0+2+q,,com.sec.android.app.shealth,2025-07-29 00:30:00.000,8224ca10-76d2-418d-ab0d-b5241323fec8,
,,,,,,,,,,,,,,,,,0,,,,,,,,,,,,,,,,,,82800000,0,,,,25200000,,,0.0,,,,,63030110,2025-07-29 15:40:00.000,,63030110,2025-07-30 02:15:36.927,2025-07-30 02:15:36.927,,,UTC+0530,US7nt0+2+q,,com.sec.android.app.shealth,2025-07-30 02:10:00.000,ee122f3d-84ad-4ec9-bfdf-c978486500ae,
,,,,,,,,,,,,,,,,,0,,,,,,,,,,,,,,,,,,82800000,0,,,,25200000,,,0.0,,,,,63030110,2025-07-30 19:10:00.000,,63030110,2025-07-31 14:09:57.071,2025-07-31 14:09:57.071,,,UTC+0530,US7nt0+2+q,,com.sec.android.app.shealth,2025-07-31 02:10:00.000,202f724c-8f2f-43e5-a01f-7c8b309cd7ff,
,,,,,,,,,,,,,,,,,0,,,,,,,,,,,,,,,,,,82800000,0,,,,25200000,,,0.0,,,,,63030110,2025-07-31 18:30:00.000,,63030110,2025-08-01 07:21:25.992,2025-08-01 07:21:25.992,,,UTC+0530,US7nt0+2+q,,com.sec.android.app.shealth,2025-08-01 01:30:00.000,dca5f48d-44e0-4e68-b622-c649fb290d28,
,,,,,,,,,,,,,,,,,0,,,,,,,,,,,,,,,,,,82800000,0,,,,25200000,,,0.0,,,,,63030110,2025-08-01 18:30:00.000,,63030110,2025-08-02 07:09:13.750,2025-08-02 07:09:13.750,,,UTC+0530,US7nt0+2+q,,com.sec.android.app.shealth,2025-08-02 04:00:00.000,99028e9d-b1ef-477b-bcfc-6381ee202c97,
,,,,,,,,,,,,,,,,,0,,,,,,,,,,,,,,,,,,82800000,0,,,,25200000,,,0.0,,,,,63030110,2025-08-02 18:20:00.000,,63030110,2025-08-03 08:40:59.613,2025-08-03 08:40:59.613,,,UTC+0530,US7nt0+2+q,,com.sec.android.app.shealth,2025-08-03 02:50:00.000,996827e4-4497-44c9-b072-adf3362a1cd9,
,,,,,,,,,,,,,,,,,0,,,,,,,,,,,,,,,,,,82800000,0,,,,25200000,,,0.0,,,,,63030110,2025-08-03 18:40:00.000,,63030110,2025-08-04 03:36:05.677,2025-08-04 03:36:05.677,,,UTC+0530,US7nt0+2+q,,com.sec.android.app.shealth,2025-08-04 02:10:00.000,119a09d7-fd7b-4c30-a26d-c494a754990b,
,,,,,,,,,,,,,,,,,0,,,,,,,,,,,,,,,,,,82800000,0,,,,25200000,,,0.0,,,,,63030110,2025-08-04 17:30:00.000,,63030110,2025-08-05 01:36:50.695,2025-08-05 01:36:50.695,,,UTC+0530,US7nt0+2+q,,com.sec.android.app.shealth,2025-08-05 01:36:49.380,33e02001-31c2-426b-9d80-0e352d5d34c3,
,,,,,,,,,,,,,,,,,0,,,,,,,,,,,,,,,,,,82800000,0,,,,25200000,,,0.0,,,,,63030110,2025-08-05 19:20:00.000,,63030110,2025-08-06 02:09:34.054,2025-08-06 02:09:34.054,,,UTC+0530,US7nt0+2+q,,com.sec.android.app.shealth,2025-08-06 02:09:33.502,f0d2fbba-b21c-4d9c-8b07-11a9c00f7e96,
,,,,,,,,,,,,,,,,,0,,,,,,,,,,,,,,,,,,82800000,0,,,,25200000,,,0.0,,,,,63030110,2025-08-06 21:00:00.000,,63030110,2025-08-07 02:50:50.903,2025-08-07 02:50:50.903,,,UTC+0530,US7nt0+2+q,,com.sec.android.app.shealth,2025-08-07 02:40:00.000,006644bb-58ef-4bc9-8637-ad88ecdc5ef5,
,,,,,,,,,,,,,,,,,0,,,,,,,,,,,,,,,,,,82800000,0,,,,25200000,,,0.0,,,,,63030110,2025-08-07 18:10:00.000,,63030110,2025-08-08 03:59:27.982,2025-08-08 03:59:27.982,,,UTC+0530,US7nt0+2+q,,com.sec.android.app.shealth,2025-08-08 03:50:00.000,5241251c-8520-4875-8f4f-abae0115c12e,
,,,,,,,,,,,,,,,,,0,,,,,,,,,,,,,,,,,,82800000,0,,,,25200000,,,0.0,,,,,63030110,2025-08-08 18:20:00.000,,63030110,2025-08-09 04:05:59.925,2025-08-09 04:05:59.925,,,UTC+0530,US7nt0+2+q,,com.sec.android.app.shealth,2025-08-09 04:00:00.000,a69318cf-236d-43d9-b088-d967b3232a25,
,,,,,,,,,,,,,,,,,0,,,,,,,,,,,,,,,,,,82800000,0,,,,25200000,,,0.0,,,,,63030110,2025-08-09 19:20:00.000,,63030110,2025-08-10 12:56:57.958,2025-08-10 12:56:57.958,,,UTC+0530,US7nt0+2+q,,com.sec.android.app.shealth,2025-08-10 04:40:00.000,c5b071b3-1ec4-4fad-8502-0aa3efa3e0d5,
,,,,,,,,,,,,,,,,,0,,,,,,,,,,,,,,,,,,82800000,0,,,,25200000,,,0.0,,,,,63030110,2025-08-10 19:30:00.000,,63030110,2025-08-11 15:01:39.158,2025-08-11 15:01:39.158,,,UTC+0530,US7nt0+2+q,,com.sec.android.app.shealth,2025-08-11 00:00:00.000,b3523c25-c572-4a60-90f0-45e19331bf2d,
,,,,,,,,,,,,,,,,,0,,,,,,,,,,,,,,,,,,82800000,0,,,,25200000,,,0.0,,,,,63030110,2025-08-11 18:10:00.000,,63030110,2025-08-12 07:29:03.396,2025-08-12 07:29:03.396,,,UTC+0530,US7nt0+2+q,,com.sec.android.app.shealth,2025-08-12 02:40:00.000,1438674c-232f-43d8-ba7f-fe3983ffdcb3,
,,,,,,,,,,,,,,,,,0,,,,,,,,,,,,,,,,,,82800000,0,,,,25200000,,,0.0,,,,,63030110,2025-08-12 18:50:00.000,,63030110,2025-08-13 03:06:03.781,2025-08-13 03:06:03.781,,,UTC+0530,US7nt0+2+q,,com.sec.android.app.shealth,2025-08-13 00:50:00.000,f1f4710c-d467-4264-8020-9eede1f1580c,
,,,,,,,,,,,,,,,,,0,,,,,,,,,,,,,,,,,,82800000,0,,,,25200000,,,0.0,,,,,63030110,2025-08-14 17:00:00.000,,63030110,2025-08-15 14:54:34.549,2025-08-15 14:54:34.549,,,UTC+0530,US7nt0+2+q,,com.sec.android.app.shealth,2025-08-15 04:40:00.000,4d22e33b-cf30-45ad-a8b8-8bc2d2b15413,
,,,,,,,,,,,,,,,,,0,,,,,,,,,,,,,,,,,,82800000,0,,,,25200000,,,0.0,,,,,63030110,2025-08-15 18:20:00.000,,63030110,2025-08-16 06:33:23.850,2025-08-16 06:33:23.850,,,UTC+0530,US7nt0+2+q,,com.sec.android.app.shealth,2025-08-16 02:10:00.000,c811194e-54ca-4944-a52d-792ddb00e671,
,,,,,,,,,,,,,,,,,0,,,,,,,,,,,,,,,,,,82800000,0,,,,25200000,,,0.0,,,,,63030110,2025-08-16 18:10:00.000,,63030110,2025-08-17 06:15:03.690,2025-08-17 06:15:03.690,,,UTC+0530,US7nt0+2+q,,com.sec.android.app.shealth,2025-08-17 02:30:00.000,1c83326d-4615-4906-bf7b-9e4bff95b205,
,,,,,,,,,,,,,,,,,0,,,,,,,,,,,,,,,,,,82800000,0,,,,25200000,,,0.0,,,,,63030110,2025-08-17 17:20:00.000,,63030110,2025-08-18 02:32:07.440,2025-08-18 02:32:07.440,,,UTC+0530,US7nt0+2+q,,com.sec.android.app.shealth,2025-08-18 02:00:00.000,82e85cc2-978d-42f8-a273-763892e76af8,
,,,,,,,,,,,,,,,,,0,,,,,,,,,,,,,,,,,,82800000,0,,,,25200000,,,0.0,,,,,63030110,2025-08-19 17:00:00.000,,63030110,2025-08-20 15:37:28.574,2025-08-20 15:37:28.574,,,UTC+0530,US7nt0+2+q,,com.sec.android.app.shealth,2025-08-20 02:10:00.000,a891dbc2-59a4-49ae-9822-a29f27880681,
,,,,,,,,,,,,,,,,,0,,,,,,,,,,,,,,,,,,82800000,0,,,,25200000,,,0.0,,,,,63030110,2025-08-20 17:10:00.000,,63030110,2025-08-21 17:27:20.199,2025-08-21 17:27:20.199,,,UTC+0530,US7nt0+2+q,,com.sec.android.app.shealth,2025-08-21 02:20:00.000,eef07fd3-ee88-467d-8441-03f3cf8d5f05,
,,,,,,,,,,,,,,,,,0,,,,,,,,,,,,,,,,,,82800000,0,,,,25200000,,,0.0,,,,,63030110,2025-08-21 19:50:00.000,,63030110,2025-08-22 02:33:22.537,2025-08-22 02:33:22.537,,,UTC+0530,US7nt0+2+q,,com.sec.android.app.shealth,2025-08-22 02:33:20.846,f76fcabe-9a88-4688-98ca-87ade436eb81,
,,,,,,,,,,,,,,,,,0,,,,,,,,,,,,,,,,,,82800000,0,,,,25200000,,,0.0,,,,,63030110,2025-08-24 18:30:00.000,,63030110,2025-08-25 02:02:58.253,2025-08-25 02:02:58.253,,,UTC+0530,US7nt0+2+q,,com.sec.android.app.shealth,2025-08-25 02:00:00.000,322ef7fe-5965-427a-a6b7-e1bf90fec1dd,
,,,,,,,,,,,,,,,,,0,,,,,,,,,,,,,,,,,,82800000,0,,,,25200000,,,0.0,,,,,63030110,2025-08-22 19:30:00.000,,63030110,2025-08-25 02:03:03.563,2025-08-25 02:03:03.563,,,UTC+0530,US7nt0+2+q,,com.sec.android.app.shealth,2025-08-23 04:40:00.000,04848bbe-c104-4ea6-95fc-ff0fc310b975,
,,,,,,,,,,,,,,,,,0,,,,,,,,,,,,,,,,,,82800000,0,,,,25200000,,,0.0,,,,,63030110,2025-08-18 18:10:00.000,,63030110,2025-08-25 02:03:07.592,2025-08-25 02:03:07.592,,,UTC+0530,US7nt0+2+q,,com.sec.android.app.shealth,2025-08-19 02:00:00.000,f329c5a6-5941-4649-8f26-a31ca116af17,
,,,,,,,,,,,,,,,,,0,,,,,,,,,,,,,,,,,,82800000,0,,,,25200000,,,0.0,,,,,63030110,2025-08-25 19:30:00.000,,63030110,2025-08-26 05:22:25.704,2025-08-26 05:22:25.704,,,UTC+0530,US7nt0+2+q,,com.sec.android.app.shealth,2025-08-26 02:00:00.000,30d502c0-9b01-4487-8a49-0a7faeb048e9,
,,,,,,,,,,,,,,,,,0,,,,,,,,,,,,,,,,,,82800000,0,,,,25200000,,,0.0,,,,,63030110,2025-08-26 18:30:00.000,,63030110,2025-08-27 05:35:36.802,2025-08-27 05:35:36.802,,,UTC+0530,US7nt0+2+q,,com.sec.android.app.shealth,2025-08-27 00:30:00.000,cf564583-9d4a-4ff4-a66d-0b49cefee656,
,,,,,,,,,,,,,,,,,0,,,,,,,,,,,,,,,,,,82800000,0,,,,25200000,,,0.0,,,,,63030110,2025-08-27 19:10:00.000,,63030110,2025-08-28 00:54:30.755,2025-08-28 00:54:30.755,,,UTC+0530,US7nt0+2+q,,com.sec.android.app.shealth,2025-08-27 23:00:00.000,a316b442-a4a8-4ef4-92ed-9ad299ce460f,
,,,,,,,,,,,,,,,,,0,,,,,,,,,,,,,,,,,,82800000,0,,,,25200000,,,0.0,,,,,63030110,2025-08-28 17:40:00.000,,63030110,2025-08-29 03:54:45.901,2025-08-29 03:54:45.901,,,UTC+0530,US7nt0+2+q,,com.sec.android.app.shealth,2025-08-29 01:10:00.000,d30ec021-c075-4c46-9002-3257f676f379,
,,,,,,,,,,,,,,,,,0,,,,,,,,,,,,,,,,,,82800000,0,,,,25200000,,,0.0,,,,,63030110,2025-08-30 18:40:00.000,,63030110,2025-08-31 03:18:19.362,2025-08-31 03:18:19.362,,,UTC+0530,US7nt0+2+q,,com.sec.android.app.shealth,2025-08-31 03:10:00.000,f4a1c00e-eb43-4296-8632-2b60bdf7b6de,
,,,,,,,,,,,,,,,,,0,,,,,,,,,,,,,,,,,,82800000,0,,,,25200000,,,0.0,,,,,63030110,2025-09-01 18:50:00.000,,63030110,2025-09-02 08:20:46.671,2025-09-02 08:20:46.671,,,UTC+0530,US7nt0+2+q,,com.sec.android.app.shealth,2025-09-02 03:00:00.000,998a4cc6-d4fc-4491-87ff-451f82ba603a,
,,,,,,,,,,,,,,,,,0,,,,,,,,,,,,,,,,,,82800000,0,,,,25200000,,,0.0,,,,,63030110,2025-09-02 19:40:00.000,,63030110,2025-09-03 09:50:57.570,2025-09-03 09:50:57.570,,,UTC+0530,US7nt0+2+q,,com.sec.android.app.shealth,2025-09-03 02:10:00.000,b9bd052a-5549-4d67-8efb-1a8e70f110ba,
,,,,,,,,,,,,,,,,,0,,,,,,,,,,,,,,,,,,82800000,0,,,,25200000,,,0.0,,,,,63030110,2025-09-03 19:30:00.000,,63030110,2025-09-04 13:50:09.769,2025-09-04 13:50:09.769,,,UTC+0530,US7nt0+2+q,,com.sec.android.app.shealth,2025-09-04 01:10:00.000,50ea7065-f935-4bfc-b986-0d6fec91023d,
,,,,,,,,,,,,,,,,,0,,,,,,,,,,,,,,,,,,82800000,0,,,,25200000,,,0.0,,,,,63030110,2025-08-31 18:50:00.000,,63030110,2025-09-04 13:50:16.338,2025-09-04 13:50:16.338,,,UTC+0530,US7nt0+2+q,,com.sec.android.app.shealth,2025-09-01 01:20:00.000,a83bab7b-9477-42ba-9df8-4de6c6f3e3d9,
,,,,,,,,,,,,,,,,,0,,,,,,,,,,,,,,,,,,82800000,0,,,,25200000,,,0.0,,,,,63030110,2025-08-29 19:50:00.000,,63030110,2025-09-04 13:50:19.225,2025-09-04 13:50:19.225,,,UTC+0530,US7nt0+2+q,,com.sec.android.app.shealth,2025-08-30 03:00:00.000,03ffc7b6-4dac-43f3-ac5e-e9f5f78237f0,
,,,,,,,,,,,,,,,,,0,,,,,,,,,,,,,,,,,,82800000,0,,,,25200000,,,0.0,,,,,63030110,2025-09-05 18:20:00.000,,63030110,2025-09-06 04:38:52.988,2025-09-06 04:38:52.988,,,UTC+0530,US7nt0+2+q,,com.sec.android.app.shealth,2025-09-06 03:30:00.000,b770541f-6d9b-4411-a76b-2e6736eb165b,
,,,,,,,,,,,,,,,,,0,,,,,,,,,,,,,,,,,,82800000,0,,,,25200000,,,0.0,,,,,63030110,2025-09-09 21:00:00.000,,63030110,2025-09-10 15:11:48.164,2025-09-10 15:11:48.164,,,UTC+0530,US7nt0+2+q,,com.sec.android.app.shealth,2025-09-10 03:00:00.000,77fb82fc-383a-40f2-8f3b-b3bd00898663,
,,,,,,,,,,,,,,,,,0,,,,,,,,,,,,,,,,,,82800000,0,,,,25200000,,,0.0,,,,,63030110,2025-09-06 19:40:00.000,,63030110,2025-09-10 15:20:15.944,2025-09-10 15:20:15.944,,,UTC+0530,US7nt0+2+q,,com.sec.android.app.shealth,2025-09-07 04:10:00.000,940b77bb-c4fe-4c52-8318-c9bd6e003891,
,,,,,,,,,,,,,,,,,0,,,,,,,,,,,,,,,,,,82800000,0,,,,25200000,,,0.0,,,,,63030110,2025-09-07 20:00:00.000,,63030110,2025-09-10 15:20:21.273,2025-09-10 15:20:21.273,,,UTC+0530,US7nt0+2+q,,com.sec.android.app.shealth,2025-09-08 04:10:00.000,92be68db-cd38-4bc1-a47c-7f18e61719d5,
,,,,,,,,,,,,,,,,,0,,,,,,,,,,,,,,,,,,82800000,0,,,,25200000,,,0.0,,,,,63030110,2025-09-10 17:50:00.000,,63030110,2025-09-11 13:52:09.818,2025-09-11 13:52:09.818,,,UTC+0530,US7nt0+2+q,,com.sec.android.app.shealth,2025-09-11 02:40:00.000,32087a5d-d584-4104-be2a-3eb83af7b3b2,
,,,,,,,,,,,,,,,,,0,,,,,,,,,,,,,,,,,,82800000,0,,,,25200000,,,0.0,,,,,63030110,2025-09-11 18:30:00.000,,63030110,2025-09-12 17:09:24.813,2025-09-12 17:09:24.813,,,UTC+0530,US7nt0+2+q,,com.sec.android.app.shealth,2025-09-12 01:30:00.000,674ff365-d3d0-445b-8f0d-ded3fab88c9c,
,,,,,,,,,,,,,,,,,0,,,,,,,,,,,,,,,,,,82800000,0,,,,25200000,,,0.0,,,,,63030110,2025-09-14 21:00:00.000,,63030110,2025-09-15 03:24:00.885,2025-09-15 03:24:00.885,,,UTC+0530,US7nt0+2+q,,com.sec.android.app.shealth,2025-09-15 02:30:00.000,9eb4c9d4-df06-489b-bf48-0c53cffe8bb1,
,,,,,,,,,,,,,,,,,0,,,,,,,,,,,,,,,,,,82800000,0,,,,25200000,,,0.0,,,,,63030110,2025-09-16 17:10:00.000,,63030110,2025-09-17 12:04:56.022,2025-09-17 12:04:56.022,,,UTC+0530,US7nt0+2+q,,com.sec.android.app.shealth,2025-09-17 02:00:00.000,6f6a47f3-5d09-421a-a5f5-b6a91a740c10,
,,,,,,,,,,,,,,,,,0,,,,,,,,,,,,,,,,,,82800000,0,,,,25200000,,,0.0,,,,,63030110,2025-09-17 19:40:00.000,,63030110,2025-09-18 16:41:01.452,2025-09-18 16:41:01.452,,,UTC+0530,US7nt0+2+q,,com.sec.android.app.shealth,2025-09-18 02:40:00.000,aa4ef190-1a56-4bcf-87c5-acd0cfa583ea,
,,,,,,,,,,,,,,,,,0,,,,,,,,,,,,,,,,,,82800000,0,,,,25200000,,,0.0,,,,,63030110,2025-09-18 18:30:00.000,,63030110,2025-09-19 16:22:00.150,2025-09-19 16:22:00.150,,,UTC+0530,US7nt0+2+q,,com.sec.android.app.shealth,2025-09-19 01:00:00.000,8b39aefd-bcdb-4aef-b057-ef88a7680af7,
,,,,,,,,,,,,,,,,,0,,,,,,,,,,,,,,,,,,82800000,0,,,,25200000,,,0.0,,,,,63030110,2025-09-13 18:20:00.000,,63030110,2025-09-19 16:25:46.648,2025-09-19 16:25:46.648,,,UTC+0530,US7nt0+2+q,,com.sec.android.app.shealth,2025-09-14 04:00:00.000,327a7785-46f9-443c-8dcb-1a12990ccfce,
,,,,,,,,,,,,,,,,,0,,,,,,,,,,,,,,,,,,82800000,0,,,,25200000,,,0.0,,,,,63030110,2025-09-19 19:00:00.000,,63030110,2025-09-20 02:08:32.144,2025-09-20 02:08:32.144,,,UTC+0530,US7nt0+2+q,,com.sec.android.app.shealth,2025-09-20 01:50:00.000,ed15b9e4-db73-488f-b8a8-e9b12651ae29,
,,,,,,,,,,,,,,,,,0,,,,,,,,,,,,,,,,,,82800000,0,,,,25200000,,,0.0,,,,,63030110,2025-09-20 20:20:00.000,,63030110,2025-09-21 07:12:26.925,2025-09-21 07:12:26.925,,,UTC+0530,US7nt0+2+q,,com.sec.android.app.shealth,2025-09-21 04:30:00.000,15d05fd7-79f2-4340-a361-c11cbbdef2c9,
,,,,,,,,,,,,,,,,,0,,,,,,,,,,,,,,,,,,82800000,0,,,,25200000,,,0.0,,,,,63030110,2025-09-21 20:10:00.000,,63030110,2025-09-22 12:53:02.229,2025-09-22 12:53:02.229,,,UTC+0530,US7nt0+2+q,,com.sec.android.app.shealth,2025-09-21 23:50:00.000,922846af-aceb-4abb-b5c0-f52567bc5dcd,
,,,,,,,,,,,,,,,,,0,,,,,,,,,,,,,,,,,,82800000,0,,,,25200000,,,0.0,,,,,63030110,2025-09-22 18:20:00.000,,63030110,2025-09-23 02:28:14.480,2025-09-23 02:28:14.480,,,UTC+0530,US7nt0+2+q,,com.sec.android.app.shealth,2025-09-23 00:40:00.000,cabae76f-2d7e-4daa-bf80-0193f56aefc3,
,,,,,,,,,,,,,,,,,0,,,,,,,,,,,,,,,,,,82800000,0,,,,25200000,,,0.0,,,,,63030110,2025-09-23 17:40:00.000,,63030110,2025-09-24 12:48:35.896,2025-09-24 12:48:35.896,,,UTC+0530,US7nt0+2+q,,com.sec.android.app.shealth,2025-09-24 00:30:00.000,7a5648c6-9dea-40e4-9406-51f777974cc1,
,,,,,,,,,,,,,,,,,0,,,,,,,,,,,,,,,,,,82800000,0,,,,25200000,,,0.0,,,,,63030110,2025-09-24 18:00:00.000,,63030110,2025-09-25 13:57:37.108,2025-09-25 13:57:37.108,,,UTC+0530,US7nt0+2+q,,com.sec.android.app.shealth,2025-09-25 01:00:00.000,daef2aab-3ab7-4e1b-8cb1-3c80137a53a6,
,,,,,,,,,,,,,,,,,0,,,,,,,,,,,,,,,,,,82800000,0,,,,25200000,,,0.0,,440,,,63051050,2025-09-25 17:30:00.000,,63051050,2025-09-27 03:20:17.655,2025-09-27 03:20:17.655,,,UTC+0530,US7nt0+2+q,,com.sec.android.app.shealth,2025-09-26 00:50:00.000,b0a562fa-8034-435d-be25-4792dcd3d701,
,,,,,,,,,,,,,,,,,0,,,,,,,,,,,,,,,,,,82800000,0,,,,25200000,,,0.0,,370,,,63051050,2025-10-03 20:30:00.000,,63051050,2025-10-04 03:00:31.924,2025-10-04 03:00:31.924,,,UTC+0530,US7nt0+2+q,,com.sec.android.app.shealth,2025-10-04 02:40:00.000,92bba929-a6cf-4e16-a640-d9178b846861,
,,,,,,,,,,,,,,,,,0,,,,,,,,,,,,,,,,,,82800000,0,,,,25200000,,,0.0,,480,,,63051050,2025-10-02 18:20:00.000,,63051050,2025-10-04 03:00:37.242,2025-10-04 03:00:37.242,,,UTC+0530,US7nt0+2+q,,com.sec.android.app.shealth,2025-10-03 02:20:00.000,b014ba32-c4dc-426d-8907-e0883d1ef81f,
,,,,,,,,,,,,,,,,,0,,,,,,,,,,,,,,,,,,82800000,0,,,,25200000,,,0.0,,510,,,63051050,2025-10-01 18:10:00.000,,63051050,2025-10-04 03:00:41.231,2025-10-04 03:00:41.231,,,UTC+0530,US7nt0+2+q,,com.sec.android.app.shealth,2025-10-02 02:40:00.000,7195692d-59d8-4f96-b30e-c2ac0e7c7690,
,,,,,,,,,,,,,,,,,0,,,,,,,,,,,,,,,,,,82800000,0,,,,25200000,,,0.0,,410,,,63051050,2025-09-30 19:00:00.000,,63051050,2025-10-04 03:00:46.276,2025-10-04 03:00:46.276,,,UTC+0530,US7nt0+2+q,,com.sec.android.app.shealth,2025-10-01 01:50:00.000,16edf150-313c-4b00-82ce-b4e6178a6625,
,,,,,,,,,,,,,,,,,0,,,,,,,,,,,,,,,,,,82800000,0,,,,25200000,,,0.0,,580,,,63051050,2025-10-05 18:10:00.000,,63051050,2025-10-06 16:23:46.121,2025-10-06 16:23:46.121,,,UTC+0530,US7nt0+2+q,,com.sec.android.app.shealth,2025-10-06 03:50:00.000,03d17415-12a3-423d-b847-55b073931bcd,
,,,,,,,,,,,,,,,,,0,,,,,,,,,,,,,,,,,,82800000,0,,,,25200000,,,0.0,,450,,,63051050,2025-10-04 18:40:00.000,,63051050,2025-10-06 16:24:22.975,2025-10-06 16:24:22.975,,,UTC+0530,US7nt0+2+q,,com.sec.android.app.shealth,2025-10-05 02:10:00.000,4fef8f54-12d0-49b1-afca-2f5a8b3331fa,
,,,,,,,,,,,,,,,,,0,,,,,,,,,,,,,,,,,,82800000,0,,,,25200000,,,0.0,,270,,,63051050,2025-10-07 18:30:00.000,,63051050,2025-10-07 23:18:27.953,2025-10-07 23:18:27.953,,,UTC+0530,US7nt0+2+q,,com.sec.android.app.shealth,2025-10-07 23:00:00.000,61ae4c59-a9bc-42ec-914c-9a2d7f133aca,
,,,,,,,,,,,,,,,,,0,,,,,,,,,,,,,,,,,,82800000,0,,,,25200000,,,0.0,,460,,,63051050,2025-10-08 17:00:00.000,,63051050,2025-10-09 01:54:27.436,2025-10-09 01:54:27.436,,,UTC+0530,US7nt0+2+q,,com.sec.android.app.shealth,2025-10-09 00:40:00.000,ef23cee8-71e8-4dcd-abdc-6e864d8e9545,
,,,,,,,,,,,,,,,,,0,,,,,,,,,,,,,,,,,,82800000,0,,,,25200000,,,0.0,,470,,,63051050,2025-10-09 18:50:00.000,,63051050,2025-10-10 05:17:24.235,2025-10-10 05:17:24.235,,,UTC+0530,US7nt0+2+q,,com.sec.android.app.shealth,2025-10-10 02:40:00.000,fe5f61dd-4b54-4ecd-ac5f-127066831a30,
,,,,,,,,,,,,,,,,,0,,,,,,,,,,,,,,,,,,82800000,0,,,,25200000,,,0.0,,430,,,63051050,2025-10-10 17:00:00.000,,63051050,2025-10-11 06:22:36.479,2025-10-11 06:22:36.479,,,UTC+0530,US7nt0+2+q,,com.sec.android.app.shealth,2025-10-11 00:10:00.000,e5e123db-ae0b-47ec-ba00-edff5ee25c90,
,,,,,,,,,,,,,,,,,0,,,,,,,,,,,,,,,,,,82800000,0,,,,25200000,,,0.0,,370,,,63051050,2025-10-11 18:10:00.000,,63051050,2025-10-12 06:32:21.353,2025-10-12 06:32:21.353,,,UTC+0530,US7nt0+2+q,,com.sec.android.app.shealth,2025-10-12 00:20:00.000,5a98bff6-dc0e-4e91-90db-83bf607bb57b,
,,,,,,,,,,,,,,,,,0,,,,,,,,,,,,,,,,,,82800000,0,,,,25200000,,,0.0,,388,,,63051050,2025-10-12 19:50:00.000,,63051050,2025-10-13 02:18:08.796,2025-10-13 02:18:08.796,,,UTC+0530,US7nt0+2+q,,com.sec.android.app.shealth,2025-10-13 02:18:07.468,1b89bebf-ae7b-426d-8b31-bcd63388749f,
,,,,,,,,,,,,,,,,,0,,,,,,,,,,,,,,,,,,82800000,0,,,,25200000,,,0.0,,540,,,63051050,2025-10-14 16:20:00.000,,63051050,2025-10-15 08:51:12.684,2025-10-15 08:51:12.684,,,UTC+0530,US7nt0+2+q,,com.sec.android.app.shealth,2025-10-15 01:20:00.000,c41c312d-307e-4ad5-9877-587d377563dc,
,,,,,,,,,,,,,,,,,0,,,,,,,,,,,,,,,,,,82800000,0,,,,25200000,,,0.0,,400,,,63051050,2025-10-15 19:10:00.000,,63051050,2025-10-16 07:58:53.748,2025-10-16 07:58:53.748,,,UTC+0530,US7nt0+2+q,,com.sec.android.app.shealth,2025-10-16 01:50:00.000,900d2d6c-1e52-4161-be71-7ebb7edb8adb,
,,,,,,,,,,,,,,,,,0,,,,,,,,,,,,,,,,,,82800000,0,,,,25200000,,,0.0,,350,,,63051050,2025-10-13 20:10:00.000,,63051050,2025-10-16 14:59:03.204,2025-10-16 14:59:03.204,,,UTC+0530,US7nt0+2+q,,com.sec.android.app.shealth,2025-10-14 02:00:00.000,5ce5b1b6-637d-407d-8a72-19f3e6993ef4,
,,,,,,,,,,,,,,,,,0,,,,,,,,,,,,,,,,,,82800000,0,,,,25200000,,,0.0,,380,,,63051050,2025-10-16 16:50:00.000,,63051050,2025-10-17 13:10:56.276,2025-10-17 13:10:56.276,,,UTC+0530,US7nt0+2+q,,com.sec.android.app.shealth,2025-10-16 23:10:00.000,3e6d84dd-8d30-4caa-a70c-b69a26b1cf72,
,,,,,,,,,,,,,,,,,0,,,,,,,,,,,,,,,,,,82800000,0,,,,25200000,,,0.0,,420,,,63051050,2025-10-17 18:10:00.000,,63051050,2025-10-18 06:00:19.113,2025-10-18 06:00:19.113,,,UTC+0530,US7nt0+2+q,,com.sec.android.app.shealth,2025-10-18 01:10:00.000,8e9f1706-0a69-46b4-b9eb-0543d0b22390,
,,,,,,,,,,,,,,,,,0,,,,,,,,,,,,,,,,,,82800000,0,,,,25200000,,,0.0,,550,,,63051050,2025-10-18 18:30:00.000,,63051050,2025-10-19 13:24:59.489,2025-10-19 13:24:59.489,,,UTC+0530,US7nt0+2+q,,com.sec.android.app.shealth,2025-10-19 03:40:00.000,596efc3d-8e79-4752-89cd-c704e685daea,
,,,,,,,,,,,,,,,,,0,,,,,,,,,,,,,,,,,,82800000,0,,,,25200000,,,0.0,,360,,,63051050,2025-10-19 18:20:00.000,,63051050,2025-10-20 15:06:51.103,2025-10-20 15:06:51.103,,,UTC+0530,US7nt0+2+q,,com.sec.android.app.shealth,2025-10-20 00:20:00.000,5f8cc4f2-11fa-44bf-aac6-19f901c0c52a,
,,,,,,,,,,,,,,,,,0,,,,,,,,,,,,,,,,,,82800000,0,,,,25200000,,,0.0,,500,,,63051050,2025-10-21 19:00:00.000,,63051050,2025-10-22 03:39:29.540,2025-10-22 03:39:29.540,,,UTC+0530,US7nt0+2+q,,com.sec.android.app.shealth,2025-10-22 03:20:00.000,6a3d1182-d053-4db7-b251-fc40a9d1d076,
,,,,,,,,,,,,,,,,,0,,,,,,,,,,,,,,,,,,82800000,0,,,,25200000,,,0.0,,590,,,63051050,2025-10-23 18:50:00.000,,63051050,2025-10-24 08:19:14.289,2025-10-24 08:19:14.289,,,UTC+0530,US7nt0+2+q,,com.sec.android.app.shealth,2025-10-24 04:40:00.000,04264454-7e1e-4112-b714-dea7918f8897,
,,,,,,,,,,,,,,,,,0,,,,,,,,,,,,,,,,,,82800000,0,,,,25200000,,,0.0,,520,,,63051050,2025-10-20 18:20:00.000,,63051050,2025-10-24 08:19:37.840,2025-10-24 08:19:37.840,,,UTC+0530,US7nt0+2+q,,com.sec.android.app.shealth,2025-10-21 03:00:00.000,015f5647-3c38-49b1-95d1-5a5bab0cf17a,
,,,,,,,,,,,,,,,,,0,,,,,,,,,,,,,,,,,,82800000,0,,,,25200000,,,0.0,,570,,,63051050,2025-10-22 19:10:00.000,,63051050,2025-10-24 08:19:40.108,2025-10-24 08:19:40.108,,,UTC+0530,US7nt0+2+q,,com.sec.android.app.shealth,2025-10-23 04:40:00.000,7f487f7a-6bf4-49bd-9e0b-70a492db05c0,
,,,,,,,,,,,,,,,,,0,,,,,,,,,,,,,,,,,,82800000,0,,,,25200000,,,0.0,,440,,,63051050,2025-10-24 19:00:00.000,,63051050,2025-10-25 06:51:22.489,2025-10-25 06:51:22.489,,,UTC+0530,US7nt0+2+q,,com.sec.android.app.shealth,2025-10-25 02:20:00.000,96093afc-d256-40a7-8a32-51c27d5ef2d1,
,,,,,,,,,,,,,,,,,0,,,,,,,,,,,,,,,,,,82800000,0,,,,25200000,,,0.0,,590,,,63051050,2025-10-25 19:10:00.000,,63051050,2025-10-26 16:16:27.305,2025-10-26 16:16:27.305,,,UTC+0530,US7nt0+2+q,,com.sec.android.app.shealth,2025-10-26 05:00:00.000,93d6d60c-4243-4f41-aa69-19c16704ff68,
,,,,,,,,,,,,,,,,,0,,,,,,,,,,,,,,,,,,82800000,0,,,,25200000,,,0.0,,360,,,63051050,2025-10-26 18:40:00.000,,63051050,2025-10-27 01:20:15.027,2025-10-27 01:20:15.027,,,UTC+0530,US7nt0+2+q,,com.sec.android.app.shealth,2025-10-27 00:40:00.000,7189b617-7cc0-4e3b-ac3e-f484fc5efb5d,
,,,,,,,,,,,,,,,,,0,,,,,,,,,,,,,,,,,,82800000,0,,,,25200000,,,0.0,,590,,,63051050,2025-10-27 16:30:00.000,,63051050,2025-10-28 03:18:29.663,2025-10-28 03:18:29.663,,,UTC+0530,US7nt0+2+q,,com.sec.android.app.shealth,2025-10-28 02:20:00.000,6e000534-2389-4411-bb75-c1f43384d82e,
,,,,,,,,,,,,,,,,,0,,,,,,,,,,,,,,,,,,82800000,0,,,,25200000,,,0.0,,580,,,63051050,2025-10-29 17:20:00.000,,63051050,2025-10-30 04:44:53.268,2025-10-30 04:44:53.268,,,UTC+0530,US7nt0+2+q,,com.sec.android.app.shealth,2025-10-30 03:00:00.000,adf35ec8-2370-436e-a804-3f29c02eda72,
,,,,,,,,,,,,,,,,,0,,,,,,,,,,,,,,,,,,82800000,0,,,,25200000,,,0.0,,530,,,63051050,2025-10-30 17:10:00.000,,63051050,2025-10-31 16:37:40.556,2025-10-31 16:37:40.556,,,UTC+0530,US7nt0+2+q,,com.sec.android.app.shealth,2025-10-31 02:00:00.000,85814ae2-995d-4e72-b66d-c6ccb3594800,
,,,,,,,,,,,,,,,,,0,,,,,,,,,,,,,,,,,,82800000,0,,,,25200000,,,0.0,,470,,,63051050,2025-10-31 19:50:00.000,,63051050,2025-11-01 04:08:33.953,2025-11-01 04:08:33.953,,,UTC+0530,US7nt0+2+q,,com.sec.android.app.shealth,2025-11-01 03:40:00.000,58a2056b-e462-4ec6-8eb7-85cf2eaa7fff,
,,,,,,,,,,,,,,,,,0,,,,,,,,,,,,,,,,,,82800000,0,,,,25200000,,,0.0,,330,,,63051050,2025-11-01 17:50:00.000,,63051050,2025-11-02 04:46:35.876,2025-11-02 04:46:35.876,,,UTC+0530,US7nt0+2+q,,com.sec.android.app.shealth,2025-11-01 23:20:00.000,59edd391-9d16-41c3-b7ac-d2bfbf16637e,
,,,,,,,,,,,,,,,,,0,,,,,,,,,,,,,,,,,,82800000,0,,,,25200000,,,0.0,,432,,,63051050,2025-11-02 18:40:00.000,,63051050,2025-11-03 01:52:05.819,2025-11-03 01:52:05.819,,,UTC+0530,US7nt0+2+q,,com.sec.android.app.shealth,2025-11-03 01:52:04.398,9842781e-4a22-4fac-9dc8-37a13c846746,
,,,,,,,,,,,,,,,,,0,,,,,,,,,,,,,,,,,,82800000,0,,,,25200000,,,0.0,,560,,,63051050,2025-11-03 17:50:00.000,,63051050,2025-11-04 06:29:56.381,2025-11-04 06:29:56.381,,,UTC+0530,US7nt0+2+q,,com.sec.android.app.shealth,2025-11-04 03:10:00.000,940a20f6-e424-46f6-8f4d-02a9e2d84920,
,,,,,,,,,,,,,,,,,0,,,,,,,,,,,,,,,,,,82800000,0,,,,25200000,,,0.0,,450,,,63051050,2025-11-05 17:10:00.000,,63051050,2025-11-06 03:58:59.411,2025-11-06 03:58:59.411,,,UTC+0530,US7nt0+2+q,,com.sec.android.app.shealth,2025-11-06 00:40:00.000,89294543-ad7d-4fdb-bb9e-24c629c3176b,
,,,,,,,,,,,,,,,,,0,,,,,,,,,,,,,,,,,,82800000,0,,,,25200000,,,0.0,,410,,,63051050,2025-11-04 19:00:00.000,,63051050,2025-11-06 03:59:02.224,2025-11-06 03:59:02.224,,,UTC+0530,US7nt0+2+q,,com.sec.android.app.shealth,2025-11-05 01:50:00.000,57dd8d6c-2dc6-4c1f-929e-b1102bcec5fd,
,,,,,,,,,,,,,,,,,0,,,,,,,,,,,,,,,,,,82800000,0,,,,25200000,,,0.0,,460,,,63051050,2025-11-06 17:00:00.000,,63051050,2025-11-07 02:55:31.987,2025-11-07 02:55:31.987,,,UTC+0530,US7nt0+2+q,,com.sec.android.app.shealth,2025-11-07 00:40:00.000,5e5a3e9b-3399-4644-b2be-350d540c511e,
,,,,,,,,,,,,,,,,,0,,,,,,,,,,,,,,,,,,82800000,0,,,,25200000,,,0.0,,530,,,63051050,2025-11-07 17:40:00.000,,63051050,2025-11-08 06:08:34.304,2025-11-08 06:08:34.304,,,UTC+0530,US7nt0+2+q,,com.sec.android.app.shealth,2025-11-08 02:30:00.000,87533448-8147-4857-9962-c396e6eafd70,
,,,,,,,,,,,,,,,,,0,,,,,,,,,,,,,,,,,,82800000,0,,,,25200000,,,0.0,,460,,,63051050,2025-11-08 17:20:00.000,,63051050,2025-11-09 06:25:52.376,2025-11-09 06:25:52.376,,,UTC+0530,US7nt0+2+q,,com.sec.android.app.shealth,2025-11-09 01:00:00.000,b85538f1-ab2d-4caf-948b-c8cf4615bdcd,
,,,,,,,,,,,,,,,,,0,,,,,,,,,,,,,,,,,,82800000,0,,,,25200000,,,0.0,,410,,,63051050,2025-11-09 18:20:00.000,,63051050,2025-11-10 05:51:37.506,2025-11-10 05:51:37.506,,,UTC+0530,US7nt0+2+q,,com.sec.android.app.shealth,2025-11-10 01:10:00.000,933b91b3-2032-494f-b072-869e695430fe,
,,,,,,,,,,,,,,,,,0,,,,,,,,,,,,,,,,,,82800000,0,,,,25200000,,,0.0,,530,,,63051050,2025-11-10 17:30:00.000,,63051050,2025-11-11 16:24:46.408,2025-11-11 16:24:46.408,,,UTC+0530,US7nt0+2+q,,com.sec.android.app.shealth,2025-11-11 02:20:00.000,9344f6b1-9bf1-477b-9559-4ae5196df607,
,,,,,,,,,,,,,,,,,0,,,,,,,,,,,,,,,,,,82800000,0,,,,25200000,,,0.0,,440,,,63051050,2025-11-11 19:00:00.000,,63051050,2025-11-12 04:59:10.727,2025-11-12 04:59:10.727,,,UTC+0530,US7nt0+2+q,,com.sec.android.app.shealth,2025-11-12 02:20:00.000,c0bccf81-f300-43cc-8963-39ecfa15bef6,
,,,,,,,,,,,,,,,,,0,,,,,,,,,,,,,,,,,,82800000,0,,,,25200000,,,0.0,,480,,,63051050,2025-11-12 16:10:00.000,,63051050,2025-11-13 09:31:09.485,2025-11-13 09:31:09.485,,,UTC+0530,US7nt0+2+q,,com.sec.android.app.shealth,2025-11-13 00:10:00.000,ccb4e3cf-e19b-4e68-b6fe-314835fec4a0,
,,,,,,,,,,,,,,,,,0,,,,,,,,,,,,,,,,,,82800000,0,,,,25200000,,,0.0,,560,,,63060070,2025-11-13 15:00:00.000,,63060070,2025-11-14 02:35:02.485,2025-11-14 02:35:02.485,,,UTC+0530,US7nt0+2+q,,com.sec.android.app.shealth,2025-11-14 00:20:00.000,45b9f27f-c932-45b3-b8c5-4c66c354477a,
,,,,,,,,,,,,,,,,,0,,,,,,,,,,,,,,,,,,82800000,0,,,,25200000,,,0.0,,470,,,63060070,2025-11-14 18:50:00.000,,63060070,2025-11-15 16:29:55.100,2025-11-15 16:29:55.100,,,UTC+0530,US7nt0+2+q,,com.sec.android.app.shealth,2025-11-15 02:40:00.000,e01a0747-f642-4a4b-bcfb-3b2175637702,
,,,,,,,,,,,,,,,,,0,,,,,,,,,,,,,,,,,,82800000,0,,,,25200000,,,0.0,,570,,,63060070,2025-11-15 17:10:00.000,,63060070,2025-11-16 04:45:36.132,2025-11-16 04:45:36.132,,,UTC+0530,US7nt0+2+q,,com.sec.android.app.shealth,2025-11-16 02:40:00.000,09489943-2fec-49e8-8ee0-e4e6ef01ea42,
,,,,,,,,,,,,,,,,,0,,,,,,,,,,,,,,,,,,82800000,0,,,,25200000,,,0.0,,520,,,63060070,2025-11-16 18:10:00.000,,63060070,2025-11-17 05:27:24.845,2025-11-17 05:27:24.845,,,UTC+0530,US7nt0+2+q,,com.sec.android.app.shealth,2025-11-17 02:50:00.000,cf5b22be-b2ff-4c66-8fc1-2cb099375b71,
,,,,,,,,,,,,,,,,,0,,,,,,,,,,,,,,,,,,82800000,0,,,,25200000,,,0.0,,590,,,63060070,2025-11-17 16:50:00.000,,63060070,2025-11-18 03:05:57.253,2025-11-18 03:05:57.253,,,UTC+0530,US7nt0+2+q,,com.sec.android.app.shealth,2025-11-18 02:40:00.000,3132390e-35ab-4c42-9622-f303ad6349e1,
,,,,,,,,,,,,,,,,,0,,,,,,,,,,,,,,,,,,82800000,0,,,,25200000,,,0.0,,430,,,63060070,2025-11-18 19:40:00.000,,63060070,2025-11-19 02:50:39.154,2025-11-19 02:50:39.154,,,UTC+0530,US7nt0+2+q,,com.sec.android.app.shealth,2025-11-19 02:50:00.000,797cbee7-b47e-4bdf-b8c5-8f03c5823007,
,,,,,,,,,,,,,,,,,0,,,,,,,,,,,,,,,,,,82800000,0,,,,25200000,,,0.0,,320,,,63060070,2025-11-19 17:40:00.000,,63060070,2025-11-20 01:02:32.391,2025-11-20 01:02:32.391,,,UTC+0530,US7nt0+2+q,,com.sec.android.app.shealth,2025-11-19 23:00:00.000,f373959b-45dc-48c8-b038-70d9fa57d5e1,
,,,,,,,,,,,,,,,,,0,,,,,,,,,,,,,,,,,,82800000,0,,,,25200000,,,0.0,,400,,,63060070,2025-11-21 19:50:00.000,,63060070,2025-11-22 13:43:57.417,2025-11-22 13:43:57.417,,,UTC+0530,US7nt0+2+q,,com.sec.android.app.shealth,2025-11-22 02:30:00.000,f4315326-45b0-4d92-88cd-9ea5bd163680,
,,,,,,,,,,,,,,,,,0,,,,,,,,,,,,,,,,,,82800000,0,,,,25200000,,,0.0,,450,,,63060070,2025-11-20 18:40:00.000,,63060070,2025-11-22 13:44:01.172,2025-11-22 13:44:01.172,,,UTC+0530,US7nt0+2+q,,com.sec.android.app.shealth,2025-11-21 02:10:00.000,03bc9fd2-7ab7-4b41-9a1f-649d447370d0,
,,,,,,,,,,,,,,,,,0,,,,,,,,,,,,,,,,,,82800000,0,,,,25200000,,,0.0,,459,,,63060070,2025-11-22 18:50:00.000,,63060070,2025-11-23 02:29:21.699,2025-11-23 02:29:21.699,,,UTC+0530,US7nt0+2+q,,com.sec.android.app.shealth,2025-11-23 02:29:21.220,50dff51b-422d-44ec-b03f-8f70f3108854,
,,,,,,,,,,,,,,,,,0,,,,,,,,,,,,,,,,,,82800000,0,,,,25200000,,,0.0,,520,,,63060070,2025-11-24 17:40:00.000,,63060070,2025-11-25 02:49:37.140,2025-11-25 02:49:37.140,,,UTC+0530,US7nt0+2+q,,com.sec.android.app.shealth,2025-11-25 02:20:00.000,15963d73-757d-44e2-8724-f14eb0440190,
,,,,,,,,,,,,,,,,,0,,,,,,,,,,,,,,,,,,82800000,0,,,,25200000,,,0.0,,500,,,63060070,2025-11-23 18:00:00.000,,63060070,2025-11-25 02:49:40.976,2025-11-25 02:49:40.976,,,UTC+0530,US7nt0+2+q,,com.sec.android.app.shealth,2025-11-24 02:20:00.000,3d27b532-6f0f-4af4-8f3c-dd1deaef66ce,
,,,,,,,,,,,,,,,,,0,,,,,,,,,,,,,,,,,,82800000,0,,,,25200000,,,0.0,,350,,,63060070,2025-11-25 18:30:00.000,,63060070,2025-11-26 13:37:49.065,2025-11-26 13:37:49.065,,,UTC+0530,US7nt0+2+q,,com.sec.android.app.shealth,2025-11-26 00:20:00.000,741eb2cb-1b53-453f-96ad-cf2ce874b522,
,,,,,,,,,,,,,,,,,0,,,,,,,,,,,,,,,,,,82800000,0,,,,25200000,,,0.0,,510,,,63060070,2025-11-26 18:00:00.000,,63060070,2025-11-27 04:47:20.719,2025-11-27 04:47:20.719,,,UTC+0530,US7nt0+2+q,,com.sec.android.app.shealth,2025-11-27 02:30:00.000,ad09d428-71d4-41ed-b5f9-e7fa396c3442,
,,,,,,,,,,,,,,,,,0,,,,,,,,,,,,,,,,,,82800000,0,,,,25200000,,,0.0,,470,,,63060070,2025-11-27 18:30:00.000,,63060070,2025-11-28 03:13:25.666,2025-11-28 03:13:25.666,,,UTC+0530,US7nt0+2+q,,com.sec.android.app.shealth,2025-11-28 02:20:00.000,8237788a-7f94-44af-964a-c1b7f9022f3b,
,,,,,,,,,,,,,,,,,0,,,,,,,,,,,,,,,,,,82800000,0,,,,25200000,,,0.0,,390,,,63060070,2025-11-28 20:00:00.000,,63060070,2025-11-29 05:23:09.201,2025-11-29 05:23:09.201,,,UTC+0530,US7nt0+2+q,,com.sec.android.app.shealth,2025-11-29 02:30:00.000,6fea815a-e3b6-471d-9697-d54a32b18b94,
,,,,,,,,,,,,,,,,,0,,,,,,,,,,,,,,,,,,82800000,0,,,,25200000,,,0.0,,460,,,63060070,2025-12-01 19:40:00.000,,63060070,2025-12-02 09:04:13.305,2025-12-02 09:04:13.305,,,UTC+0530,US7nt0+2+q,,com.sec.android.app.shealth,2025-12-02 03:20:00.000,749338a5-7420-463d-93c8-5b4f42272570,
,,,,,,,,,,,,,,,,,0,,,,,,,,,,,,,,,,,,82800000,0,,,,25200000,,,0.0,,240,,,63060070,2025-12-02 18:30:00.000,,63060070,2025-12-03 04:09:57.343,2025-12-03 04:09:57.343,,,UTC+0530,US7nt0+2+q,,com.sec.android.app.shealth,2025-12-02 22:30:00.000,1995911e-d211-47b7-b478-90d03146ea6d,
,,,,,,,,,,,,,,,,,0,,,,,,,,,,,,,,,,,,82800000,0,,,,25200000,,,0.0,,600,,,63060070,2025-12-03 17:40:00.000,,63060070,2025-12-04 05:20:00.729,2025-12-04 05:20:00.729,,,UTC+0530,US7nt0+2+q,,com.sec.android.app.shealth,2025-12-04 03:40:00.000,41a80527-7656-4579-a70f-adac4f7417e1,
,,,,,,,,,,,,,,,,,0,,,,,,,,,,,,,,,,,,82800000,0,,,,25200000,,,0.0,,420,,,63060070,2025-12-04 19:40:00.000,,63060070,2025-12-05 17:41:56.449,2025-12-05 17:41:56.449,,,UTC+0530,US7nt0+2+q,,com.sec.android.app.shealth,2025-12-05 02:40:00.000,cb0108af-5214-4578-b116-d67b37d4e040,
,,,,,,,,,,,,,,,,,0,,,,,,,,,,,,,,,,,,82800000,0,,,,25200000,,,0.0,,320,,,63060070,2025-12-05 20:10:00.000,,63060070,2025-12-06 08:37:13.616,2025-12-06 08:37:13.616,,,UTC+0530,US7nt0+2+q,,com.sec.android.app.shealth,2025-12-06 01:30:00.000,ca388459-5835-4e3d-b569-ea8560900ad5,
,,,,,,,,,,,,,,,,,0,,,,,,,,,,,,,,,,,,82800000,0,,,,25200000,,,0.0,,410,,,63060070,2025-11-30 20:40:00.000,,63060070,2025-12-06 08:38:01.302,2025-12-06 08:38:01.302,,,UTC+0530,US7nt0+2+q,,com.sec.android.app.shealth,2025-12-01 03:30:00.000,202bba96-4da1-4709-8b3f-041a57ba4420,
,,,,,,,,,,,,,,,,,0,,,,,,,,,,,,,,,,,,82800000,0,,,,25200000,,,0.0,,370,,,63060070,2025-12-06 19:20:00.000,,63060070,2025-12-07 13:45:11.804,2025-12-07 13:45:11.804,,,UTC+0530,US7nt0+2+q,,com.sec.android.app.shealth,2025-12-07 01:30:00.000,fd172f7e-24e0-459b-84ef-eafa697cc0f4,
,,,,,,,,,,,,,,,,,0,,,,,,,,,,,,,,,,,,82800000,0,,,,25200000,,,0.0,,460,,,63060070,2025-12-08 17:50:00.000,,63060070,2025-12-09 15:51:40.397,2025-12-09 15:51:40.397,,,UTC+0530,US7nt0+2+q,,com.sec.android.app.shealth,2025-12-09 01:30:00.000,cdaa1bae-517c-4192-898f-13a29295d33e,
,,,,,,,,,,,,,,,,,0,,,,,,,,,,,,,,,,,,82800000,0,,,,25200000,,,0.0,,550,,,63070030,2025-12-12 17:20:00.000,,63070030,2025-12-13 06:42:44.099,2025-12-13 06:42:44.099,,,UTC+0530,US7nt0+2+q,,com.sec.android.app.shealth,2025-12-13 02:30:00.000,0e7bfc5e-564f-4a03-a222-a3c525d127ce,
,,,,,,,,,,,,,,,,,0,,,,,,,,,,,,,,,,,,82800000,0,,,,25200000,,,0.0,,250,,,63070030,2025-12-09 19:00:00.000,,63070030,2025-12-13 06:42:47.179,2025-12-13 06:42:47.179,,,UTC+0530,US7nt0+2+q,,com.sec.android.app.shealth,2025-12-09 23:10:00.000,d7aee561-0571-4d48-bd9d-b1c9e54bc9f8,
,,,,,,,,,,,,,,,,,0,,,,,,,,,,,,,,,,,,82800000,0,,,,25200000,,,0.0,,470,,,63070030,2025-12-10 19:00:00.000,,63070030,2025-12-13 06:42:48.454,2025-12-13 06:42:48.454,,,UTC+0530,US7nt0+2+q,,com.sec.android.app.shealth,2025-12-11 02:50:00.000,6185ec51-2d58-4960-8aad-e07e9f51d45c,
,,,,,,,,,,,,,,,,,0,,,,,,,,,,,,,,,,,,82800000,0,,,,25200000,,,0.0,,280,,,63070030,2025-12-11 19:40:00.000,,63070030,2025-12-13 06:42:50.646,2025-12-13 06:42:50.646,,,UTC+0530,US7nt0+2+q,,com.sec.android.app.shealth,2025-12-12 00:20:00.000,11a1976a-a763-4b67-93f3-83e38b103de2,
,,,,,,,,,,,,,,,,,0,,,,,,,,,,,,,,,,,,82800000,0,,,,25200000,,,0.0,,470,,,63070030,2025-12-07 20:00:00.000,,63070030,2025-12-13 06:42:52.284,2025-12-13 06:42:52.284,,,UTC+0530,US7nt0+2+q,,com.sec.android.app.shealth,2025-12-08 03:50:00.000,3556a5af-ecc3-465c-b2c8-64a073bc8267,
,,,,,,,,,,,,,,,,,0,,,,,,,,,,,,,,,,,,82800000,0,,,,25200000,,,0.0,,410,,,63070030,2025-12-14 19:40:00.000,,63070030,2025-12-15 10:33:56.365,2025-12-15 10:33:56.365,,,UTC+0530,US7nt0+2+q,,com.sec.android.app.shealth,2025-12-15 02:30:00.000,a77916ff-9814-4387-8384-f8d8a0a19b78,
,,,,,,,,,,,,,,,,,0,,,,,,,,,,,,,,,,,,82800000,0,,,,25200000,,,0.0,,630,,,63070030,2025-12-13 17:30:00.000,,63070030,2025-12-15 10:33:59.113,2025-12-15 10:33:59.113,,,UTC+0530,US7nt0+2+q,,com.sec.android.app.shealth,2025-12-14 04:00:00.000,18b4ddf8-7901-42e7-affe-5b8acb8950ec,
,,,,,,,,,,,,,,,,,0,,,,,,,,,,,,,,,,,,82800000,0,,,,25200000,,,0.0,,520,,,63070030,2025-12-15 17:40:00.000,,63070030,2025-12-16 05:26:22.541,2025-12-16 05:26:22.541,,,UTC+0530,US7nt0+2+q,,com.sec.android.app.shealth,2025-12-16 02:20:00.000,7c7faa9c-91e9-4648-9df9-7189c3c41a94,
,,,,,,,,,,,,,,,,,0,,,,,,,,,,,,,,,,,,82800000,0,,,,25200000,,,0.0,,270,,,63070030,2025-12-17 18:00:00.000,,63070030,2025-12-18 16:17:29.157,2025-12-18 16:17:29.157,,,UTC+0530,US7nt0+2+q,,com.sec.android.app.shealth,2025-12-17 22:30:00.000,a00f8052-7771-4841-8a40-6b42eaf19c10,
,,,,,,,,,,,,,,,,,0,,,,,,,,,,,,,,,,,,82800000,0,,,,25200000,,,0.0,,540,,,63070030,2025-12-16 17:30:00.000,,63070030,2025-12-18 16:17:35.160,2025-12-18 16:17:35.160,,,UTC+0530,US7nt0+2+q,,com.sec.android.app.shealth,2025-12-17 02:30:00.000,b2b4b073-634b-46ac-9114-88e02816344b,
,,,,,,,,,,,,,,,,,0,,,,,,,,,,,,,,,,,,82800000,0,,,,25200000,,,0.0,,620,,,63070030,2025-12-18 16:20:00.000,,63070030,2025-12-19 12:49:18.567,2025-12-19 12:49:18.567,,,UTC+0530,US7nt0+2+q,,com.sec.android.app.shealth,2025-12-19 02:40:00.000,17b32de5-4a43-4872-861d-85c786617134,
,,,,,,,,,,,,,,,,,0,,,,,,,,,,,,,,,,,,82800000,0,,,,25200000,,,0.0,,420,,,63070030,2025-12-19 19:20:00.000,,63070030,2025-12-20 07:53:30.224,2025-12-20 07:53:30.224,,,UTC+0530,US7nt0+2+q,,com.sec.android.app.shealth,2025-12-20 02:20:00.000,41a8957d-db27-423c-bf21-fe24cefa6936,
,,,,,,,,,,,,,,,,,0,,,,,,,,,,,,,,,,,,82800000,0,,,,25200000,,,0.0,,400,,,63070030,2025-12-20 18:50:00.000,,63070030,2025-12-21 09:42:37.029,2025-12-21 09:42:37.029,,,UTC+0530,US7nt0+2+q,,com.sec.android.app.shealth,2025-12-21 01:30:00.000,b57d1abc-451f-40f5-865e-a14662120c0f,
,,,,,,,,,,,,,,,,,0,,,,,,,,,,,,,,,,,,82800000,0,,,,25200000,,,0.0,,500,,,63070030,2025-12-21 18:10:00.000,,63070030,2025-12-22 04:41:22.282,2025-12-22 04:41:22.282,,,UTC+0530,US7nt0+2+q,,com.sec.android.app.shealth,2025-12-22 02:30:00.000,a35084dc-d4ef-4269-b012-dd6a1d7ada31,
,,,,,,,,,,,,,,,,,0,,,,,,,,,,,,,,,,,,82800000,0,,,,25200000,,,0.0,,340,,,63070030,2025-12-23 20:50:00.000,,63070030,2025-12-24 05:34:47.383,2025-12-24 05:34:47.383,,,UTC+0530,US7nt0+2+q,,com.sec.android.app.shealth,2025-12-24 02:30:00.000,779e4f1c-f866-462e-8a69-f9eaf9de7a5d,
,,,,,,,,,,,,,,,,,0,,,,,,,,,,,,,,,,,,82800000,0,,,,25200000,,,0.0,,390,,,63070030,2025-12-25 18:00:00.000,,63070030,2025-12-26 02:44:16.797,2025-12-26 02:44:16.797,,,UTC+0530,US7nt0+2+q,,com.sec.android.app.shealth,2025-12-26 00:30:00.000,81e13c71-ebaf-4499-b5ab-5fba3bfaa12d,
,,,,,,,,,,,,,,,,,0,,,,,,,,,,,,,,,,,,82800000,0,,,,25200000,,,0.0,,530,,,63070030,2025-12-26 17:40:00.000,,63070030,2025-12-27 17:46:37.977,2025-12-27 17:46:37.977,,,UTC+0530,US7nt0+2+q,,com.sec.android.app.shealth,2025-12-27 02:30:00.000,e76092dc-fc48-4781-872a-45edf0364132,
,,,,,,,,,,,,,,,,,0,,,,,,,,,,,,,,,,,,82800000,0,,,,25200000,,,0.0,,460,,,63070030,2025-12-24 18:50:00.000,,63070030,2025-12-27 17:47:23.286,2025-12-27 17:47:23.286,,,UTC+0530,US7nt0+2+q,,com.sec.android.app.shealth,2025-12-25 02:30:00.000,ed9c767d-f174-4a79-ba26-dd04d52d3468,
,,,,,,,,,,,,,,,,,0,,,,,,,,,,,,,,,,,,82800000,0,,,,25200000,,,0.0,,480,,,63070030,2025-12-28 18:40:00.000,,63070030,2025-12-29 15:38:49.183,2025-12-29 15:38:49.183,,,UTC+0530,US7nt0+2+q,,com.sec.android.app.shealth,2025-12-29 02:40:00.000,f4b7bb0b-5d98-4d39-beed-e224989994d4,
,,,,,,,,,,,,,,,,,0,,,,,,,,,,,,,,,,,,82800000,0,,,,25200000,,,0.0,,480,,,63070030,2025-12-27 19:20:00.000,,63070030,2025-12-29 15:38:51.853,2025-12-29 15:38:51.853,,,UTC+0530,US7nt0+2+q,,com.sec.android.app.shealth,2025-12-28 03:20:00.000,cb671aca-908b-4242-9d41-7a28b3891fd5,
,,,,,,,,,,,,,,,,,0,,,,,,,,,,,,,,,,,,82800000,0,,,,25200000,,,0.0,,500,,,63070030,2025-12-30 18:00:00.000,,63070030,2025-12-31 11:18:53.432,2025-12-31 11:18:53.432,,,UTC+0530,US7nt0+2+q,,com.sec.android.app.shealth,2025-12-31 02:20:00.000,7cbf4448-cb04-4447-a032-5082979524cd,
,,,,,,,,,,,,,,,,,0,,,,,,,,,,,,,,,,,,82800000,0,,,,25200000,,,0.0,,440,,,63070030,2025-12-31 18:10:00.000,,63070030,2026-01-01 02:22:52.962,2026-01-01 02:22:52.962,,,UTC+0530,US7nt0+2+q,,com.sec.android.app.shealth,2026-01-01 01:30:00.000,98a1386b-a52e-4bda-bfeb-0a509606b5fb,
,,,,,,,,,,,,,,,,,0,,,,,,,,,,,,,,,,,,82800000,0,,,,25200000,,,0.0,,480,,,63070030,2026-01-01 18:00:00.000,,63070030,2026-01-02 03:23:32.391,2026-01-02 03:23:32.391,,,UTC+0530,US7nt0+2+q,,com.sec.android.app.shealth,2026-01-02 02:00:00.000,ea31739a-8f30-4e02-aef9-41e02beb770e,
,,,,,,,,,,,,,,,,,0,,,,,,,,,,,,,,,,,,82800000,0,,,,25200000,,,0.0,,490,,,63070030,2026-01-02 18:10:00.000,,63070030,2026-01-03 17:35:23.640,2026-01-03 17:35:23.640,,,UTC+0530,US7nt0+2+q,,com.sec.android.app.shealth,2026-01-03 02:20:00.000,83e17597-369a-4538-8a4b-7c76b2b3a8c2,
,,,,,,,,,,,,,,,,,0,,,,,,,,,,,,,,,,,,82800000,0,,,,25200000,,,0.0,,410,,,63070030,2025-12-29 18:30:00.000,,63070030,2026-01-03 17:35:27.377,2026-01-03 17:35:27.377,,,UTC+0530,US7nt0+2+q,,com.sec.android.app.shealth,2025-12-30 01:20:00.000,2f8b7b8f-bf63-4799-a309-ea428734603c,
,,,,,,,,,,,,,,,,,0,,,,,,,,,,,,,,,,,,82800000,0,,,,25200000,,,0.0,,680,,,63070030,2026-01-03 17:40:00.000,,63070030,2026-01-04 15:18:00.623,2026-01-04 15:18:00.623,,,UTC+0530,US7nt0+2+q,,com.sec.android.app.shealth,2026-01-04 05:00:00.000,9600cb98-75a2-4336-9ae2-9fe2d4f7fe4e,
,,,,,,,,,,,,,,,,,0,,,,,,,,,,,,,,,,,,82800000,0,,,,25200000,,,0.0,,550,,,63070030,2026-01-04 17:10:00.000,,63070030,2026-01-05 13:55:19.523,2026-01-05 13:55:19.523,,,UTC+0530,US7nt0+2+q,,com.sec.android.app.shealth,2026-01-05 02:20:00.000,7a9dc7a1-ce1c-4f82-b357-4d576d38a9fb,
,,,,,,,,,,,,,,,,,0,,,,,,,,,,,,,,,,,,82800000,0,,,,25200000,,,0.0,,490,,,63070030,2026-01-05 17:20:00.000,,63070030,2026-01-06 16:22:15.328,2026-01-06 16:22:15.328,,,UTC+0530,US7nt0+2+q,,com.sec.android.app.shealth,2026-01-06 01:30:00.000,ce5e9a63-0ea9-49e8-8bcc-3a1f0513ffcc,
,,,,,,,,,,,,,,,,,0,,,,,,,,,,,,,,,,,,82800000,0,,,,25200000,,,0.0,,550,,,63070030,2026-01-06 17:20:00.000,,63070030,2026-01-07 03:57:49.175,2026-01-07 03:57:49.175,,,UTC+0530,US7nt0+2+q,,com.sec.android.app.shealth,2026-01-07 02:30:00.000,76399c3f-d7e0-49fb-9e0e-5d0e162f5946,
,,,,,,,,,,,,,,,,,0,,,,,,,,,,,,,,,,,,82800000,0,,,,25200000,,,0.0,,400,,,63070030,2026-01-11 18:50:00.000,,63070030,2026-01-12 06:32:25.414,2026-01-12 06:32:25.414,,,UTC+0530,US7nt0+2+q,,com.sec.android.app.shealth,2026-01-12 01:30:00.000,852223c8-9896-4877-8294-275f5ed94e5f,
,,,,,,,,,,,,,,,,,0,,,,,,,,,,,,,,,,,,82800000,0,,,,25200000,,,0.0,,670,,,63070030,2026-01-10 17:40:00.000,,63070030,2026-01-12 06:32:30.447,2026-01-12 06:32:30.447,,,UTC+0530,US7nt0+2+q,,com.sec.android.app.shealth,2026-01-11 04:50:00.000,eae8fbb4-f657-4a7c-bfb4-bb656e062774,
,,,,,,,,,,,,,,,,,0,,,,,,,,,,,,,,,,,,82800000,0,,,,25200000,,,0.0,,470,,,63070030,2026-01-08 19:10:00.000,,63070030,2026-01-12 06:32:33.875,2026-01-12 06:32:33.875,,,UTC+0530,US7nt0+2+q,,com.sec.android.app.shealth,2026-01-09 03:00:00.000,4b8915ff-56a5-473a-b382-563d99fb0632,
,,,,,,,,,,,,,,,,,0,,,,,,,,,,,,,,,,,,82800000,0,,,,25200000,,,0.0,,440,,,63070030,2026-01-07 19:10:00.000,,63070030,2026-01-12 06:32:35.226,2026-01-12 06:32:35.226,,,UTC+0530,US7nt0+2+q,,com.sec.android.app.shealth,2026-01-08 02:30:00.000,41f7d3ad-e90f-46ec-86f1-e2c69bc3d68e,
,,,,,,,,,,,,,,,,,0,,,,,,,,,,,,,,,,,,82800000,0,,,,25200000,,,0.0,,490,,,63070030,2026-01-12 18:30:00.000,,63070030,2026-01-13 10:37:06.396,2026-01-13 10:37:06.396,,,UTC+0530,US7nt0+2+q,,com.sec.android.app.shealth,2026-01-13 02:40:00.000,8fa15a2b-31f6-4090-bd43-b80a25ef31b7,
,,,,,,,,,,,,,,,,,0,,,,,,,,,,,,,,,,,,82800000,0,,,,25200000,,,0.0,,310,,,63070030,2026-01-13 19:40:00.000,,63070030,2026-01-14 10:40:22.531,2026-01-14 10:40:22.531,,,UTC+0530,US7nt0+2+q,,com.sec.android.app.shealth,2026-01-14 00:50:00.000,7ce065d5-a816-4984-9e95-26488731b85b,
,,,,,,,,,,,,,,,,,0,,,,,,,,,,,,,,,,,,82800000,0,,,,25200000,,,0.0,,570,,,63070030,2026-01-14 17:00:00.000,,63070030,2026-01-15 04:01:34.622,2026-01-15 04:01:34.622,,,UTC+0530,US7nt0+2+q,,com.sec.android.app.shealth,2026-01-15 02:30:00.000,206c015a-cbc8-417b-80a4-6a33ef92e311,
,,,,,,,,,,,,,,,,,0,,,,,,,,,,,,,,,,,,82800000,0,,,,25200000,,,0.0,,627,,,63070030,2026-01-16 16:40:00.000,,63070030,2026-01-17 03:07:13.984,2026-01-17 03:07:13.984,,,UTC+0530,US7nt0+2+q,,com.sec.android.app.shealth,2026-01-17 03:07:12.519,650a7deb-09eb-452b-928b-2a6d58402f4c,
,,,,,,,,,,,,,,,,,0,,,,,,,,,,,,,,,,,,82800000,0,,,,25200000,,,0.0,,580,,,63070030,2026-01-15 17:00:00.000,,63070030,2026-01-17 03:07:19.947,2026-01-17 03:07:19.947,,,UTC+0530,US7nt0+2+q,,com.sec.android.app.shealth,2026-01-16 02:40:00.000,65291972-7cbc-426b-9467-c8cc81a515d2,
,,,,,,,,,,,,,,,,,0,,,,,,,,,,,,,,,,,,82800000,0,,,,25200000,,,0.0,,430,,,63070030,2026-01-17 19:30:00.000,,63070030,2026-01-18 08:50:55.241,2026-01-18 08:50:55.241,,,UTC+0530,US7nt0+2+q,,com.sec.android.app.shealth,2026-01-18 02:40:00.000,e3b0e3fb-b1ec-4969-967d-623bb405529c,
,,,,,,,,,,,,,,,,,0,,,,,,,,,,,,,,,,,,82800000,0,,,,25200000,,,0.0,,480,,,63070030,2026-01-18 18:40:00.000,,63070030,2026-01-19 08:34:19.672,2026-01-19 08:34:19.672,,,UTC+0530,US7nt0+2+q,,com.sec.android.app.shealth,2026-01-19 02:40:00.000,08eb7f5e-291c-47d3-a8c7-f6842b6ea2d8,
,,,,,,,,,,,,,,,,,0,,,,,,,,,,,,,,,,,,82800000,0,,,,25200000,,,0.0,,520,,,63070030,2026-01-19 18:00:00.000,,63070030,2026-01-20 08:17:07.044,2026-01-20 08:17:07.044,,,UTC+0530,US7nt0+2+q,,com.sec.android.app.shealth,2026-01-20 02:40:00.000,fd54d4ee-c4d2-4f13-a215-4a1ed7120b45,
,,,,,,,,,,,,,,,,,0,,,,,,,,,,,,,,,,,,82800000,0,,,,25200000,,,0.0,,490,,,63070030,2026-01-20 19:10:00.000,,63070030,2026-01-21 14:10:17.651,2026-01-21 14:10:17.651,,,UTC+0530,US7nt0+2+q,,com.sec.android.app.shealth,2026-01-21 03:20:00.000,ee5d2a6c-62e0-48ad-b52a-e933466c7b5c,
,,,,,,,,,,,,,,,,,0,,,,,,,,,,,,,,,,,,82800000,0,,,,25200000,,,0.0,,420,,,63070030,2026-01-21 16:50:00.000,,63070030,2026-01-22 14:45:23.632,2026-01-22 14:45:23.632,,,UTC+0530,US7nt0+2+q,,com.sec.android.app.shealth,2026-01-21 23:50:00.000,b6057923-8360-4bac-b695-b02b872928a7,
,,,,,,,,,,,,,,,,,0,,,,,,,,,,,,,,,,,,82800000,0,,,,25200000,,,0.0,,518,,,63070030,2026-01-23 19:20:00.000,,63070030,2026-01-24 03:58:11.204,2026-01-24 03:58:11.204,,,UTC+0530,US7nt0+2+q,,com.sec.android.app.shealth,2026-01-24 03:58:09.872,08ab8459-2b34-42a4-9f01-a506fce547ac,
,,,,,,,,,,,,,,,,,0,,,,,,,,,,,,,,,,,,82800000,0,,,,25200000,,,0.0,,560,,,63070030,2026-01-24 18:10:00.000,,63070030,2026-01-25 04:38:06.084,2026-01-25 04:38:06.084,,,UTC+0530,US7nt0+2+q,,com.sec.android.app.shealth,2026-01-25 03:30:00.000,46af1ac6-0991-4bcb-acb1-d4719af5dcea,
,,,,,,,,,,,,,,,,,0,,,,,,,,,,,,,,,,,,82800000,0,,,,25200000,,,0.0,,450,,,63070030,2026-01-25 18:00:00.000,,63070030,2026-01-26 03:07:19.022,2026-01-26 03:07:19.022,,,UTC+0530,US7nt0+2+q,,com.sec.android.app.shealth,2026-01-26 01:30:00.000,2c16aa57-ad88-4903-a722-c258945ddb45,
,,,,,,,,,,,,,,,,,0,,,,,,,,,,,,,,,,,,82800000,0,,,,25200000,,,0.0,,370,,,63070030,2026-01-26 19:20:00.000,,63070030,2026-01-27 05:51:53.138,2026-01-27 05:51:53.138,,,UTC+0530,US7nt0+2+q,,com.sec.android.app.shealth,2026-01-27 01:30:00.000,ef2e1474-7972-4308-a000-821e72fc9f8d,
,,,,,,,,,,,,,,,,,0,,,,,,,,,,,,,,,,,,82800000,0,,,,25200000,,,0.0,,410,,,63070030,2026-01-28 17:10:00.000,,63070030,2026-01-29 15:30:37.283,2026-01-29 15:30:37.283,,,UTC+0530,US7nt0+2+q,,com.sec.android.app.shealth,2026-01-29 00:00:00.000,92cd5ba2-78fb-4fd5-becf-2735de57c908,
,,,,,,,,,,,,,,,,,0,,,,,,,,,,,,,,,,,,82800000,0,,,,25200000,,,0.0,,400,,,63070030,2026-01-29 16:50:00.000,,63070030,2026-01-30 01:40:02.044,2026-01-30 01:40:02.044,,,UTC+0530,US7nt0+2+q,,com.sec.android.app.shealth,2026-01-29 23:30:00.000,b94c3d40-026c-4d15-bd0d-b5d29e74b740,
,,,,,,,,,,,,,,,,,0,,,,,,,,,,,,,,,,,,82800000,0,,,,25200000,,,0.0,,480,,,63070030,2026-01-30 17:20:00.000,,63070030,2026-01-31 01:52:54.453,2026-01-31 01:52:54.453,,,UTC+0530,US7nt0+2+q,,com.sec.android.app.shealth,2026-01-31 01:20:00.000,63610182-db85-4789-977d-3418847990ee,
,,,,,,,,,,,,,,,,,0,,,,,,,,,,,,,,,,,,82800000,0,,,,25200000,,,0.0,,500,,,63070030,2026-01-31 18:40:00.000,,63070030,2026-02-01 03:57:09.501,2026-02-01 03:57:09.501,,,UTC+0530,US7nt0+2+q,,com.sec.android.app.shealth,2026-02-01 03:00:00.000,001b7e91-e8c3-4a96-9200-e74bc9ea0d85,
,,,,,,,,,,,,,,,,,0,,,,,,,,,,,,,,,,,,82800000,0,,,,25200000,,,0.0,,480,,,63070030,2026-02-01 16:50:00.000,,63070030,2026-02-02 10:00:12.897,2026-02-02 10:00:12.897,,,UTC+0530,US7nt0+2+q,,com.sec.android.app.shealth,2026-02-02 00:50:00.000,2171c49c-860c-4aa6-850d-76f1e0bfae9f,
,,,,,,,,,,,,,,,,,0,,,,,,,,,,,,,,,,,,82800000,0,,,,25200000,,,0.0,,450,,,63070030,2026-02-02 18:00:00.000,,63070030,2026-02-03 10:33:51.895,2026-02-03 10:33:51.895,,,UTC+0530,US7nt0+2+q,,com.sec.android.app.shealth,2026-02-03 01:30:00.000,fe703d67-114d-4067-9369-f3416d3b5c1a,
,,,,,,,,,,,,,,,,,0,,,,,,,,,,,,,,,,,,82800000,0,,,,25200000,,,0.0,,520,,,63070030,2026-02-03 16:30:00.000,,63070030,2026-02-04 01:40:52.864,2026-02-04 01:40:52.864,,,UTC+0530,US7nt0+2+q,,com.sec.android.app.shealth,2026-02-04 01:10:00.000,02f6c459-b66e-4d45-8e6f-0ad5bdfdd3b3,
,,,,,,,,,,,,,,,,,0,,,,,,,,,,,,,,,,,,82800000,0,,,,25200000,,,0.0,,470,,,63070030,2026-02-04 17:20:00.000,,63070030,2026-02-05 01:54:20.907,2026-02-05 01:54:20.907,,,UTC+0530,US7nt0+2+q,,com.sec.android.app.shealth,2026-02-05 01:10:00.000,671bc4d6-2249-4dfe-a39a-0c940956dd69,
,,,,,,,,,,,,,,,,,0,,,,,,,,,,,,,,,,,,82800000,0,,,,25200000,,,0.0,,500,,,63070030,2026-02-05 16:50:00.000,,63070030,2026-02-06 01:32:16.213,2026-02-06 01:32:16.213,,,UTC+0530,US7nt0+2+q,,com.sec.android.app.shealth,2026-02-06 01:10:00.000,bb9947a0-bab4-4464-8dc6-07232bc1833f,
,,,,,,,,,,,,,,,,,0,,,,,,,,,,,,,,,,,,82800000,0,,,,25200000,,,0.0,,350,,,63070030,2026-02-06 19:30:00.000,,63070030,2026-02-07 10:21:40.514,2026-02-07 10:21:40.514,,,UTC+0530,US7nt0+2+q,,com.sec.android.app.shealth,2026-02-07 01:20:00.000,918823f8-30bb-47d2-8953-b73c57066826,
,,,,,,,,,,,,,,,,,0,,,,,,,,,,,,,,,,,,82800000,0,,,,25200000,,,0.0,,260,,,63070030,2026-02-07 18:00:00.000,,63070030,2026-02-08 01:50:40.906,2026-02-08 01:50:40.906,,,UTC+0530,US7nt0+2+q,,com.sec.android.app.shealth,2026-02-07 22:20:00.000,f72a1ddd-324d-496c-a170-f4348d83ad94,
,,,,,,,,,,,,,,,,,0,,,,,,,,,,,,,,,,,,82800000,0,,,,25200000,,,0.0,,250,,,63070030,2026-02-08 21:50:00.000,,63070030,2026-02-09 07:13:43.795,2026-02-09 07:13:43.795,,,UTC+0530,US7nt0+2+q,,com.sec.android.app.shealth,2026-02-09 02:00:00.000,cdb27c0a-95a7-49cc-9b93-816b51bd24cc,
,,,,,,,,,,,,,,,,,0,,,,,,,,,,,,,,,,,,82800000,0,,,,25200000,,,0.0,,350,,,63070030,2026-02-09 18:50:00.000,,63070030,2026-02-10 03:38:33.483,2026-02-10 03:38:33.483,,,UTC+0530,US7nt0+2+q,,com.sec.android.app.shealth,2026-02-10 00:40:00.000,53d91370-ca76-449b-ae38-3af064761232,
,,,,,,,,,,,,,,,,,0,,,,,,,,,,,,,,,,,,82800000,0,,,,25200000,,,0.0,,510,,,63070030,2026-02-10 17:00:00.000,,63070030,2026-02-11 06:09:42.193,2026-02-11 06:09:42.193,,,UTC+0530,US7nt0+2+q,,com.sec.android.app.shealth,2026-02-11 01:30:00.000,d884f6a0-5b2f-4a5a-ae90-7afbcba83447,
,,,,,,,,,,,,,,,,,0,,,,,,,,,,,,,,,,,,82800000,0,,,,25200000,,,0.0,,500,,,63070030,2026-02-11 17:10:00.000,,63070030,2026-02-12 03:01:19.922,2026-02-12 03:01:19.922,,,UTC+0530,US7nt0+2+q,,com.sec.android.app.shealth,2026-02-12 01:30:00.000,d4b91752-33a3-4e5d-bf0e-da2b66f97785,
,,,,,,,,,,,,,,,,,0,,,,,,,,,,,,,,,,,,82800000,0,,,,25200000,,,0.0,,200,,,63070030,2026-02-12 19:20:00.000,,63070030,2026-02-13 01:47:26.479,2026-02-13 01:47:26.479,,,UTC+0530,US7nt0+2+q,,com.sec.android.app.shealth,2026-02-12 22:40:00.000,ef5640f1-0441-4d07-a376-c91120035e66,
,,,,,,,,,,,,,,,,,0,,,,,,,,,,,,,,,,,,82800000,0,,,,25200000,,,0.0,,500,,,63070030,2026-02-13 21:00:00.000,,63070030,2026-02-14 06:23:07.606,2026-02-14 06:23:07.606,,,UTC+0530,US7nt0+2+q,,com.sec.android.app.shealth,2026-02-14 05:20:00.000,a971d794-0cee-4014-be87-58b6e290049b,
,,,,,,,,,,,,,,,,,0,,,,,,,,,,,,,,,,,,82800000,0,,,,25200000,,,0.0,,400,,,63070030,2026-02-14 18:50:00.000,,63070030,2026-02-15 04:13:17.817,2026-02-15 04:13:17.817,,,UTC+0530,US7nt0+2+q,,com.sec.android.app.shealth,2026-02-15 01:30:00.000,a3b14338-1aef-4537-909e-93774edc626f,
,,,,,,,,,,,,,,,,,0,,,,,,,,,,,,,,,,,,82800000,0,,,,25200000,,,0.0,,290,,,63070030,2026-02-15 20:40:00.000,,63070030,2026-02-16 03:43:39.119,2026-02-16 03:43:39.119,,,UTC+0530,US7nt0+2+q,,com.sec.android.app.shealth,2026-02-16 01:30:00.000,e5ff384a-9b83-47cc-894c-ae82fc1554db,
,,,,,,,,,,,,,,,,,0,,,,,,,,,,,,,,,,,,82800000,0,,,,25200000,,,0.0,,380,,,63070030,2026-02-17 19:40:00.000,,63070030,2026-02-18 05:37:06.772,2026-02-18 05:37:06.772,,,UTC+0530,US7nt0+2+q,,com.sec.android.app.shealth,2026-02-18 02:00:00.000,ea1bcf8e-e752-4eeb-ad68-fffd1dbab734,
,,,,,,,,,,,,,,,,,0,,,,,,,,,,,,,,,,,,82800000,0,,,,25200000,,,0.0,,420,,,63070030,2026-02-18 18:30:00.000,,63070030,2026-02-19 04:33:03.530,2026-02-19 04:33:03.530,,,UTC+0530,US7nt0+2+q,,com.sec.android.app.shealth,2026-02-19 01:30:00.000,fbd5a237-a937-4b76-bf8e-9582dbddf658,
,,,,,,,,,,,,,,,,,0,,,,,,,,,,,,,,,,,,82800000,0,,,,25200000,,,0.0,,500,,,63070030,2026-02-21 17:30:00.000,,63070030,2026-02-22 02:16:47.770,2026-02-22 02:16:47.770,,,UTC+0530,US7nt0+2+q,,com.sec.android.app.shealth,2026-02-22 01:50:00.000,9da196eb-7d87-4192-9d14-4371bff1c496,
,,,,,,,,,,,,,,,,,0,,,,,,,,,,,,,,,,,,82800000,0,,,,25200000,,,0.0,,390,,,63070030,2026-02-22 17:30:00.000,,63070030,2026-02-23 16:04:22.785,2026-02-23 16:04:22.785,,,UTC+0530,US7nt0+2+q,,com.sec.android.app.shealth,2026-02-23 00:00:00.000,40c53913-43d5-46ad-8250-11df7d8e6db3,
,,,,,,,,,,,,,,,,,0,,,,,,,,,,,,,,,,,,82800000,0,,,,25200000,,,0.0,,610,,,63070030,2026-02-20 18:10:00.000,,63070030,2026-02-23 16:04:25.463,2026-02-23 16:04:25.463,,,UTC+0530,US7nt0+2+q,,com.sec.android.app.shealth,2026-02-21 04:20:00.000,10dee372-1d12-4731-8428-294967a80e68,
,,,,,,,,,,,,,,,,,0,,,,,,,,,,,,,,,,,,82800000,0,,,,25200000,,,0.0,,420,,,63070030,2026-02-19 18:30:00.000,,63070030,2026-02-23 16:04:26.692,2026-02-23 16:04:26.692,,,UTC+0530,US7nt0+2+q,,com.sec.android.app.shealth,2026-02-20 01:30:00.000,0c21aa55-2d99-4693-a76d-4ca23285d2c2,
,,,,,,,,,,,,,,,,,0,,,,,,,,,,,,,,,,,,82800000,0,,,,25200000,,,0.0,,480,,,63070030,2026-02-23 16:30:00.000,,63070030,2026-02-24 01:02:31.948,2026-02-24 01:02:31.948,,,UTC+0530,US7nt0+2+q,,com.sec.android.app.shealth,2026-02-24 00:30:00.000,ad525833-ad4b-42d1-8f46-c925aaca4b15,
,,,,,,,,,,,,,,,,,0,,,,,,,,,,,,,,,,,,82800000,0,,,,25200000,,,0.0,,460,,,63070030,2026-02-24 16:00:00.000,,63070030,2026-02-25 02:29:48.065,2026-02-25 02:29:48.065,,,UTC+0530,US7nt0+2+q,,com.sec.android.app.shealth,2026-02-24 23:40:00.000,03a8bd2c-477a-43ae-a1b6-64e1c28f1371,
,,,,,,,,,,,,,,,,,0,,,,,,,,,,,,,,,,,,82800000,0,,,,25200000,,,0.0,,240,,,63070030,2026-02-25 21:30:00.000,,63070030,2026-02-26 02:20:46.208,2026-02-26 02:20:46.208,,,UTC+0530,US7nt0+2+q,,com.sec.android.app.shealth,2026-02-26 01:30:00.000,f076d930-7e23-44a5-96c0-9179598145f6,
,,,,,,,,,,,,,,,,,0,,,,,,,,,,,,,,,,,,82800000,0,,,,25200000,,,0.0,,530,,,63070030,2026-02-26 16:20:00.000,,63070030,2026-02-27 17:03:54.777,2026-02-27 17:03:54.777,,,UTC+0530,US7nt0+2+q,,com.sec.android.app.shealth,2026-02-27 01:10:00.000,75b015f9-0c6a-4d4f-80c9-4696e6b095de,
,,,,,,,,,,,,,,,,,0,,,,,,,,,,,,,,,,,,82800000,0,,,,25200000,,,0.0,,530,,,63070030,2026-02-27 16:50:00.000,,63070030,2026-02-28 13:17:44.202,2026-02-28 13:17:44.202,,,UTC+0530,US7nt0+2+q,,com.sec.android.app.shealth,2026-02-28 01:40:00.000,03f27da5-0c0b-44f6-ae4f-22f9be97713b,
,,,,,,,,,,,,,,,,,0,,,,,,,,,,,,,,,,,,82800000,0,,,,25200000,,,0.0,,520,,,63070030,2026-02-28 17:30:00.000,,63070030,2026-03-01 09:20:38.925,2026-03-01 09:20:38.925,,,UTC+0530,US7nt0+2+q,,com.sec.android.app.shealth,2026-03-01 02:10:00.000,c7364921-e77c-4406-8cb6-b19dcc32300d,
,,,,,,,,,,,,,,,,,0,,,,,,,,,,,,,,,,,,82800000,0,,,,25200000,,,0.0,,500,,,63070030,2026-03-01 16:50:00.000,,63070030,2026-03-02 09:34:35.164,2026-03-02 09:34:35.164,,,UTC+0530,US7nt0+2+q,,com.sec.android.app.shealth,2026-03-02 01:10:00.000,64b13673-1eee-485a-b3f7-dd5c60f84b8b,
,,,,,,,,,,,,,,,,,0,,,,,,,,,,,,,,,,,,82800000,0,,,,25200000,,,0.0,,470,,,63110130,2026-03-02 18:00:00.000,,63110130,2026-03-03 07:50:25.578,2026-03-03 07:50:25.578,,,UTC+0530,US7nt0+2+q,,com.sec.android.app.shealth,2026-03-03 01:50:00.000,b6aa89da-44be-4534-a0c9-8f12764d4451,
,,,,,,,,,,,,,,,,,0,,,,,,,,,,,,,,,,,,82800000,0,,,,25200000,,,0.0,,450,,,63110130,2026-03-04 16:20:00.000,,63110130,2026-03-05 01:24:28.562,2026-03-05 01:24:28.562,,,UTC+0530,US7nt0+2+q,,com.sec.android.app.shealth,2026-03-04 23:50:00.000,73a136d8-495a-4593-8e4a-ca6bc89a440c,
,,,,,,,,,,,,,,,,,0,,,,,,,,,,,,,,,,,,82800000,0,,,,25200000,,,0.0,,340,,,63110130,2026-03-03 20:00:00.000,,63110130,2026-03-05 01:24:32.227,2026-03-05 01:24:32.227,,,UTC+0530,US7nt0+2+q,,com.sec.android.app.shealth,2026-03-04 01:40:00.000,2c7fe40d-9e5b-423f-8b69-ef21d677979c,
,,,,,,,,,,,,,,,,,0,,,,,,,,,,,,,,,,,,82800000,0,,,,25200000,,,0.0,,480,,,63110130,2026-03-05 16:20:00.000,,63110130,2026-03-06 09:28:01.188,2026-03-06 09:28:01.188,,,UTC+0530,US7nt0+2+q,,com.sec.android.app.shealth,2026-03-06 00:20:00.000,d8aabf51-0e1f-472c-8bcd-228e47aa74ed,
,,,,,,,,,,,,,,,,,0,,,,,,,,,,,,,,,,,,82800000,0,,,,25200000,,,0.0,,340,,,63110130,2026-03-06 18:10:00.000,,63110130,2026-03-07 01:15:28.098,2026-03-07 01:15:28.098,,,UTC+0530,US7nt0+2+q,,com.sec.android.app.shealth,2026-03-06 23:50:00.000,523437ca-0559-4436-8ae1-75bbf976568b,
