com.samsung.shealth.step_daily_trend,6311013,6
binning_data,update_time,create_time,source_pkg_name,source_type,count,speed,distance,calorie,deviceuuid,pkg_name,datauuid,day_time
a2482e06-dd3d-4f28-920a-4b7561d66f5e.binning_data.json,2024-06-21 18:08:16.196,2024-06-21 09:31:25.077,com.sec.android.app.shealth,-2,4697,1.3348819,3580.0,148.70999,VfS0qUERdZ,com.sec.android.app.shealth,a2482e06-dd3d-4f28-920a-4b7561d66f5e,1718928000000,
77c06eeb-61c0-4baa-b4f7-8c06202e51a4.binning_data.json,2024-06-21 18:30:01.145,2024-06-21 18:30:01.145,com.sec.android.app.shealth,0,4697,1.3348819,3580.0,148.70999,US7nt0+2+q,com.sec.android.app.shealth,77c06eeb-61c0-4baa-b4f7-8c06202e51a4,1718928000000,
353f4302-1e90-4ac8-858c-bcb47ce9f070.binning_data.json,2024-06-22 17:13:45.019,2024-06-21 18:55:24.622,com.sec.android.app.shealth,-2,3037,1.2137611,2269.79,95.14998,VfS0qUERdZ,com.sec.android.app.shealth,353f4302-1e90-4ac8-858c-bcb47ce9f070,1719014400000,
8a1648bd-c1ae-47f2-b472-bf026fe6c3aa.binning_data.json,2024-06-22 18:30:02.306,2024-06-22 18:30:02.306,com.sec.android.app.shealth,0,3037,1.2137611,2269.79,95.14998,US7nt0+2+q,com.sec.android.app.shealth,8a1648bd-c1ae-47f2-b472-bf026fe6c3aa,1719014400000,
702b206a-829c-40cf-b09b-6a9a1a1b7597.binning_data.json,2024-06-23 17:31:47.288,2024-06-23 01:55:45.439,com.sec.android.app.shealth,-2,9709,1.2745463,7387.9204,312.81995,VfS0qUERdZ,com.sec.android.app.shealth,702b206a-829c-40cf-b09b-6a9a1a1b7597,1719100800000,
860931e8-ce78-488b-9191-9063a72e9881.binning_data.json,2024-06-23 18:30:02.760,2024-06-23 18:30:02.760,com.sec.android.app.shealth,0,9709,1.2745463,7387.9204,312.81995,US7nt0+2+q,com.sec.android.app.shealth,860931e8-ce78-488b-9191-9063a72e9881,1719100800000,
dde57013-d802-48f8-af8a-3520ec8b4c9f.binning_data.json,2024-06-24 18:30:03.705,2024-06-24 00:44:35.544,com.sec.android.app.shealth,-2,12877,1.2935603,9801.71,413.51996,VfS0qUERdZ,com.sec.android.app.shealth,dde57013-d802-48f8-af8a-3520ec8b4c9f,1719187200000,
8d37755b-f1df-4d37-8be3-6db73a417664.binning_data.json,2024-06-24 18:30:02.210,2024-06-24 18:30:02.210,com.sec.android.app.shealth,0,12877,1.2935603,9801.71,413.51996,US7nt0+2+q,com.sec.android.app.shealth,8d37755b-f1df-4d37-8be3-6db73a417664,1719187200000,
9da33e92-9203-4655-b40c-30d93d07e7d7.binning_data.json,2024-06-25 16:51:56.705,2024-06-25 01:01:12.257,com.sec.android.app.shealth,-2,12053,1.3442338,9421.53,416.46994,VfS0qUERdZ,com.sec.android.app.shealth,9da33e92-9203-4655-b40c-30d93d07e7d7,1719273600000,
ba4e991f-2dd2-48a6-89e2-c05aef682b78.binning_data.json,2024-06-25 18:30:03.225,2024-06-25 18:30:03.225,com.sec.android.app.shealth,0,12053,1.3442338,9421.53,416.46994,US7nt0+2+q,com.sec.android.app.shealth,ba4e991f-2dd2-48a6-89e2-c05aef682b78,1719273600000,
3f5341cb-ec50-4cde-b6c8-ba75e35b1055.binning_data.json,2024-06-26 17:55:35.102,2024-06-26 00:34:45.138,com.sec.android.app.shealth,-2,11483,1.5500842,9515.87,452.05994,VfS0qUERdZ,com.sec.android.app.shealth,3f5341cb-ec50-4cde-b6c8-ba75e35b1055,1719360000000,
0a6082d6-6d68-434d-99dd-ebd5c06149d0.binning_data.json,2024-06-26 18:30:02.147,2024-06-26 18:30:02.147,com.sec.android.app.shealth,0,11483,1.5500842,9515.87,452.05994,US7nt0+2+q,com.sec.android.app.shealth,0a6082d6-6d68-434d-99dd-ebd5c06149d0,1719360000000,
71aeda95-b8e4-4f11-8bd8-c5ab60b36b45.binning_data.json,2024-06-27 16:12:33.398,2024-06-27 00:14:13.300,com.sec.android.app.shealth,-2,12185,1.547395,10029.03,470.30994,VfS0qUERdZ,com.sec.android.app.shealth,71aeda95-b8e4-4f11-8bd8-c5ab60b36b45,1719446400000,
1697df45-40fe-4fd0-9ab5-eb57a3a3eaf8.binning_data.json,2024-06-27 18:30:01.974,2024-06-27 18:30:01.974,com.sec.android.app.shealth,0,12185,1.547395,10029.03,470.30994,US7nt0+2+q,com.sec.android.app.shealth,1697df45-40fe-4fd0-9ab5-eb57a3a3eaf8,1719446400000,
1826c505-68d1-43f8-9092-857b50dd14b0.binning_data.json,2024-06-28 16:34:16.141,2024-06-28 00:47:27.607,com.sec.android.app.shealth,-2,11971,1.3101302,9079.58,374.1299,VfS0qUERdZ,com.sec.android.app.shealth,1826c505-68d1-43f8-9092-857b50dd14b0,1719532800000,
a7f5a201-dbe2-4222-a2c3-48d34e9d7bbb.binning_data.json,2024-06-28 18:30:05.181,2024-06-28 18:30:05.181,com.sec.android.app.shealth,0,11971,1.3101302,9079.58,374.1299,US7nt0+2+q,com.sec.android.app.shealth,a7f5a201-dbe2-4222-a2c3-48d34e9d7bbb,1719532800000,
e5ad904e-c3d7-4cb2-93a5-b9532ad1f769.binning_data.json,2024-06-29 18:20:26.155,2024-06-29 01:17:18.377,com.sec.android.app.shealth,-2,12745,1.4816729,10292.3,471.05997,VfS0qUERdZ,com.sec.android.app.shealth,e5ad904e-c3d7-4cb2-93a5-b9532ad1f769,1719619200000,
18319bcb-3845-4b49-8254-87eecfa3b43e.binning_data.json,2024-06-29 18:30:04.087,2024-06-29 18:30:04.087,com.sec.android.app.shealth,0,12745,1.4816729,10292.3,471.05997,US7nt0+2+q,com.sec.android.app.shealth,18319bcb-3845-4b49-8254-87eecfa3b43e,1719619200000,
7a32ad07-8bc4-4d15-b206-ed5d3661bcfb.binning_data.json,2024-06-30 18:04:57.845,2024-06-29 18:39:07.270,com.sec.android.app.shealth,-2,7448,1.3225996,5677.66,234.72998,VfS0qUERdZ,com.sec.android.app.shealth,7a32ad07-8bc4-4d15-b206-ed5d3661bcfb,1719705600000,
6cd08fa6-bffc-4ed8-bb08-a8c3a752b295.binning_data.json,2024-06-30 18:30:01.940,2024-06-30 18:30:01.940,com.sec.android.app.shealth,0,7448,1.3225996,5677.66,234.72998,US7nt0+2+q,com.sec.android.app.shealth,6cd08fa6-bffc-4ed8-bb08-a8c3a752b295,1719705600000,
484a7040-c583-4cbe-8c53-26906bac83f9.binning_data.json,2024-07-01 17:34:23.001,2024-06-30 21:35:47.966,com.sec.android.app.shealth,-2,12771,1.3341523,9693.4795,398.71997,VfS0qUERdZ,com.sec.android.app.shealth,484a7040-c583-4cbe-8c53-26906bac83f9,1719792000000,
7991ab06-cd52-4283-bd77-5c37ba377f88.binning_data.json,2024-07-01 18:30:02.583,2024-07-01 18:30:02.583,com.sec.android.app.shealth,0,12771,1.3341523,9693.4795,398.71997,US7nt0+2+q,com.sec.android.app.shealth,7991ab06-cd52-4283-bd77-5c37ba377f88,1719792000000,
81b2c638-907f-44c5-b1d9-75000cca4f91.binning_data.json,2024-07-02 17:32:44.204,2024-07-02 01:28:29.306,com.sec.android.app.shealth,-2,2979,1.2423744,2229.23,93.34999,VfS0qUERdZ,com.sec.android.app.shealth,81b2c638-907f-44c5-b1d9-75000cca4f91,1719878400000,
0ce2b6f9-e460-40ab-bdd0-ce5e1e09731a.binning_data.json,2024-07-02 18:30:02.998,2024-07-02 18:30:02.998,com.sec.android.app.shealth,0,2979,1.2423744,2229.23,93.34999,US7nt0+2+q,com.sec.android.app.shealth,0ce2b6f9-e460-40ab-bdd0-ce5e1e09731a,1719878400000,
05dc0adc-cd48-4b3d-bc93-a9627dd3013e.binning_data.json,2024-07-03 18:30:04.715,2024-07-03 02:23:00.947,com.sec.android.app.shealth,-2,10070,1.1951473,7434.93,307.48993,VfS0qUERdZ,com.sec.android.app.shealth,05dc0adc-cd48-4b3d-bc93-a9627dd3013e,1719964800000,
ae2e02b0-c386-4aac-8a1b-7c3aaf737f2e.binning_data.json,2024-07-03 18:30:03.869,2024-07-03 18:30:03.869,com.sec.android.app.shealth,0,10070,1.1951473,7434.93,307.48993,US7nt0+2+q,com.sec.android.app.shealth,ae2e02b0-c386-4aac-8a1b-7c3aaf737f2e,1719964800000,
c037865b-fcc2-4ef4-8158-e76f6141a7bf.binning_data.json,2024-07-04 18:26:16.237,2024-07-03 18:43:58.896,com.sec.android.app.shealth,-2,7172,1.6460593,6152.29,307.46997,VfS0qUERdZ,com.sec.android.app.shealth,c037865b-fcc2-4ef4-8158-e76f6141a7bf,1720051200000,
11126a11-0cfc-4134-8ae7-ada92e844c22.binning_data.json,2024-07-04 18:30:03.697,2024-07-04 18:30:03.697,com.sec.android.app.shealth,0,7172,1.6460593,6152.29,307.46997,US7nt0+2+q,com.sec.android.app.shealth,11126a11-0cfc-4134-8ae7-ada92e844c22,1720051200000,
5c1401c1-91fa-483e-b868-41e603a7f312.binning_data.json,2024-07-05 17:29:37.571,2024-07-05 01:28:16.166,com.sec.android.app.shealth,-2,4695,1.9756134,4355.74,238.08,VfS0qUERdZ,com.sec.android.app.shealth,5c1401c1-91fa-483e-b868-41e603a7f312,1720137600000,
76af9fd7-3473-4bd5-8c7e-8a8013c8b192.binning_data.json,2024-07-05 18:30:03.731,2024-07-05 18:30:03.731,com.sec.android.app.shealth,0,4695,1.9756134,4355.74,238.08,US7nt0+2+q,com.sec.android.app.shealth,76af9fd7-3473-4bd5-8c7e-8a8013c8b192,1720137600000,
e5e391c2-8561-42ee-87a7-4f51c5599bdf.binning_data.json,2024-07-06 16:51:32.710,2024-07-06 04:15:24.224,com.sec.android.app.shealth,-2,5667,1.3666704,4346.66,180.91998,VfS0qUERdZ,com.sec.android.app.shealth,e5e391c2-8561-42ee-87a7-4f51c5599bdf,1720224000000,
65f7f6a0-7fb3-4f10-8397-aefebcf39622.binning_data.json,2024-07-06 18:30:05.999,2024-07-06 18:30:05.999,com.sec.android.app.shealth,0,5667,1.3666704,4346.66,180.91998,US7nt0+2+q,com.sec.android.app.shealth,65f7f6a0-7fb3-4f10-8397-aefebcf39622,1720224000000,
3b518d49-bd25-44a5-9335-ca8eb7455e46.binning_data.json,2024-07-07 18:14:36.405,2024-07-07 01:53:35.543,com.sec.android.app.shealth,-2,1067,1.2843964,802.05,33.1,VfS0qUERdZ,com.sec.android.app.shealth,3b518d49-bd25-44a5-9335-ca8eb7455e46,1720310400000,
b54cd708-3974-4d65-80f4-4543ead5b080.binning_data.json,2024-07-07 18:30:03.491,2024-07-07 18:30:03.491,com.sec.android.app.shealth,0,1067,1.2843964,802.05,33.1,US7nt0+2+q,com.sec.android.app.shealth,b54cd708-3974-4d65-80f4-4543ead5b080,1720310400000,
b674cfc7-0ecf-4481-94a6-266338f849c1.binning_data.json,2024-07-08 17:25:25.579,2024-07-07 18:54:28.416,com.sec.android.app.shealth,-2,6152,1.475998,5084.0,247.94998,VfS0qUERdZ,com.sec.android.app.shealth,b674cfc7-0ecf-4481-94a6-266338f849c1,1720396800000,
bcaafb81-978c-48fe-b4bc-d1621525b295.binning_data.json,2024-07-08 18:30:02.233,2024-07-08 18:30:02.233,com.sec.android.app.shealth,0,6152,1.475998,5084.0,247.94998,US7nt0+2+q,com.sec.android.app.shealth,bcaafb81-978c-48fe-b4bc-d1621525b295,1720396800000,
d434141a-cf76-4492-94f3-1cd192475389.binning_data.json,2024-07-09 18:09:25.461,2024-07-09 00:54:04.661,com.sec.android.app.shealth,-2,8147,1.7010978,7098.3003,363.38998,VfS0qUERdZ,com.sec.android.app.shealth,d434141a-cf76-4492-94f3-1cd192475389,1720483200000,
7c333398-507b-4939-afc9-b7869ecc5787.binning_data.json,2024-07-09 18:30:04.349,2024-07-09 18:30:04.349,com.sec.android.app.shealth,0,8147,1.7010978,7098.3003,363.38998,US7nt0+2+q,com.sec.android.app.shealth,7c333398-507b-4939-afc9-b7869ecc5787,1720483200000,
a3504f8b-c27f-4072-acc3-f3f977d03b83.binning_data.json,2024-07-10 17:15:07.091,2024-07-10 01:05:31.920,com.sec.android.app.shealth,-2,6802,1.5224532,5582.52,261.95996,VfS0qUERdZ,com.sec.android.app.shealth,a3504f8b-c27f-4072-acc3-f3f977d03b83,1720569600000,
8c1888f6-9454-4339-b322-650c5cf76b45.binning_data.json,2024-07-10 18:30:05.207,2024-07-10 18:30:05.207,com.sec.android.app.shealth,0,6802,1.5224532,5582.52,261.95996,US7nt0+2+q,com.sec.android.app.shealth,8c1888f6-9454-4339-b322-650c5cf76b45,1720569600000,
f159c29b-76b9-4d9f-8859-d9e6335239e7.binning_data.json,2024-07-11 18:05:02.689,2024-07-11 00:30:13.177,com.sec.android.app.shealth,-2,1140,1.2995166,863.14996,36.159996,VfS0qUERdZ,com.sec.android.app.shealth,f159c29b-76b9-4d9f-8859-d9e6335239e7,1720656000000,
0011284a-1422-4547-a51d-cce9654b9b72.binning_data.json,2024-07-11 18:30:06.596,2024-07-11 18:30:06.596,com.sec.android.app.shealth,0,1140,1.2995166,863.14996,36.159996,US7nt0+2+q,com.sec.android.app.shealth,0011284a-1422-4547-a51d-cce9654b9b72,1720656000000,
e9106486-3097-45eb-b65d-1b2ab452137b.binning_data.json,2024-07-12 17:11:59.562,2024-07-11 18:52:58.966,com.sec.android.app.shealth,-2,2446,1.3872155,1889.09,79.82,VfS0qUERdZ,com.sec.android.app.shealth,e9106486-3097-45eb-b65d-1b2ab452137b,1720742400000,
8b30759f-3d1f-456a-bb20-3dbb13cfc20d.binning_data.json,2024-07-12 18:30:05.329,2024-07-12 18:30:05.329,com.sec.android.app.shealth,0,2446,1.3872155,1889.09,79.82,US7nt0+2+q,com.sec.android.app.shealth,8b30759f-3d1f-456a-bb20-3dbb13cfc20d,1720742400000,
d23550ff-db0c-491c-9f82-3b13f1c3a13e.binning_data.json,2024-07-13 18:28:50.434,2024-07-13 02:04:26.717,com.sec.android.app.shealth,-2,10455,1.4165548,8293.9795,369.59998,VfS0qUERdZ,com.sec.android.app.shealth,d23550ff-db0c-491c-9f82-3b13f1c3a13e,1720828800000,
63b18f48-b087-42ae-8d1f-6d90ae55935a.binning_data.json,2024-07-13 18:30:03.504,2024-07-13 18:30:03.504,com.sec.android.app.shealth,0,10455,1.4165548,8293.9795,369.59998,US7nt0+2+q,com.sec.android.app.shealth,63b18f48-b087-42ae-8d1f-6d90ae55935a,1720828800000,
2a2560cb-c30b-4608-8168-75d653d3114f.binning_data.json,2024-07-14 17:58:27.272,2024-07-13 18:32:18.332,com.sec.android.app.shealth,-2,11465,1.1395315,8417.2295,352.61996,VfS0qUERdZ,com.sec.android.app.shealth,2a2560cb-c30b-4608-8168-75d653d3114f,1720915200000,
283c7269-a432-43d6-9a42-aaa210920f15.binning_data.json,2024-07-14 18:30:07.856,2024-07-14 18:30:07.856,com.sec.android.app.shealth,0,11465,1.1395315,8417.2295,352.61996,US7nt0+2+q,com.sec.android.app.shealth,283c7269-a432-43d6-9a42-aaa210920f15,1720915200000,
bdf19f38-6b01-45ba-845a-7bdd7919190c.binning_data.json,2024-07-15 15:27:18.391,2024-07-15 01:40:48.463,com.sec.android.app.shealth,-2,1936,1.3108135,1460.71,59.719997,VfS0qUERdZ,com.sec.android.app.shealth,bdf19f38-6b01-45ba-845a-7bdd7919190c,1721001600000,
5fb392e2-05cd-4eb1-be77-75d4f284c94f.binning_data.json,2024-07-15 18:30:05.071,2024-07-15 18:30:05.071,com.sec.android.app.shealth,0,1936,1.3108135,1460.71,59.719997,US7nt0+2+q,com.sec.android.app.shealth,5fb392e2-05cd-4eb1-be77-75d4f284c94f,1721001600000,
8529299b-ce67-4fbe-aca3-3e353ee41b40.binning_data.json,2024-07-16 18:12:54.291,2024-07-16 02:12:58.178,com.sec.android.app.shealth,-2,5669,1.2477071,4228.78,173.17996,VfS0qUERdZ,com.sec.android.app.shealth,8529299b-ce67-4fbe-aca3-3e353ee41b40,1721088000000,
c1e114d5-8dde-4028-8519-d1a22d14d58b.binning_data.json,2024-07-16 18:30:03.116,2024-07-16 18:30:03.116,com.sec.android.app.shealth,0,5669,1.2477071,4228.78,173.17996,US7nt0+2+q,com.sec.android.app.shealth,c1e114d5-8dde-4028-8519-d1a22d14d58b,1721088000000,
db7c8a9e-7f37-4397-add0-f765dc965585.binning_data.json,2024-07-17 18:00:01.229,2024-07-16 19:16:41.520,com.sec.android.app.shealth,-2,2821,1.1565056,2076.06,88.579994,VfS0qUERdZ,com.sec.android.app.shealth,db7c8a9e-7f37-4397-add0-f765dc965585,1721174400000,
8d6efaa6-f75b-4b57-a7e2-9c290d670ff5.binning_data.json,2024-07-17 18:30:06.843,2024-07-17 18:30:06.843,com.sec.android.app.shealth,0,2821,1.1565056,2076.06,88.579994,US7nt0+2+q,com.sec.android.app.shealth,8d6efaa6-f75b-4b57-a7e2-9c290d670ff5,1721174400000,
f8f8e6be-e6f0-4e29-85d8-132722cd194e.binning_data.json,2024-07-18 17:31:37.053,2024-07-17 19:32:46.578,com.sec.android.app.shealth,-2,3142,1.159706,2321.94,98.87999,VfS0qUERdZ,com.sec.android.app.shealth,f8f8e6be-e6f0-4e29-85d8-132722cd194e,1721260800000,
4aef5b7d-0255-4e11-9678-90fb44ab6c57.binning_data.json,2024-07-18 18:30:04.442,2024-07-18 18:30:04.442,com.sec.android.app.shealth,0,3142,1.159706,2321.94,98.87999,US7nt0+2+q,com.sec.android.app.shealth,4aef5b7d-0255-4e11-9678-90fb44ab6c57,1721260800000,
213912e1-cf9f-49b5-aec1-8f052522081a.binning_data.json,2024-07-19 17:27:01.384,2024-07-18 18:36:09.993,com.sec.android.app.shealth,-2,4432,1.4312161,3449.26,143.95999,VfS0qUERdZ,com.sec.android.app.shealth,213912e1-cf9f-49b5-aec1-8f052522081a,1721347200000,
85b98d31-50b8-4600-855b-69790ee22c36.binning_data.json,2024-07-19 18:30:06.291,2024-07-19 18:30:06.291,com.sec.android.app.shealth,0,4432,1.4312161,3449.26,143.95999,US7nt0+2+q,com.sec.android.app.shealth,85b98d31-50b8-4600-855b-69790ee22c36,1721347200000,
fa57de31-06c4-4b36-9c0d-16e7bacb9381.binning_data.json,2024-07-20 17:27:57.670,2024-07-19 19:39:28.442,com.sec.android.app.shealth,-2,803,1.2822427,602.3,25.23,VfS0qUERdZ,com.sec.android.app.shealth,fa57de31-06c4-4b36-9c0d-16e7bacb9381,1721433600000,
8d38c295-8f80-425a-986d-101262ad89ab.binning_data.json,2024-07-20 18:30:04.638,2024-07-20 18:30:04.638,com.sec.android.app.shealth,0,803,1.2822427,602.3,25.23,US7nt0+2+q,com.sec.android.app.shealth,8d38c295-8f80-425a-986d-101262ad89ab,1721433600000,
4fb65b6a-409f-4d83-9052-3d416c8b4bdc.binning_data.json,2024-07-21 16:57:21.514,2024-07-20 19:43:56.039,com.sec.android.app.shealth,-2,3884,1.1635722,2866.68,122.689995,VfS0qUERdZ,com.sec.android.app.shealth,4fb65b6a-409f-4d83-9052-3d416c8b4bdc,1721520000000,
17e44f10-1029-4dfb-a0be-e6050a4d464f.binning_data.json,2024-07-21 18:30:04.446,2024-07-21 18:30:04.446,com.sec.android.app.shealth,0,3884,1.1635722,2866.68,122.689995,US7nt0+2+q,com.sec.android.app.shealth,17e44f10-1029-4dfb-a0be-e6050a4d464f,1721520000000,
0c0fd23a-3f86-44ce-a5c5-6645ce8eb2dc.binning_data.json,2024-07-22 17:26:01.271,2024-07-21 19:16:42.409,com.sec.android.app.shealth,-2,7307,1.2146351,5432.23,225.39998,VfS0qUERdZ,com.sec.android.app.shealth,0c0fd23a-3f86-44ce-a5c5-6645ce8eb2dc,1721606400000,
2e41935d-343d-4a80-883a-7e93289b5a29.binning_data.json,2024-07-22 18:30:05.570,2024-07-22 18:30:05.570,com.sec.android.app.shealth,0,7307,1.2146351,5432.23,225.39998,US7nt0+2+q,com.sec.android.app.shealth,2e41935d-343d-4a80-883a-7e93289b5a29,1721606400000,
33236b7c-4aef-4995-a141-d394b5fd057a.binning_data.json,2024-07-23 17:26:56.264,2024-07-23 02:37:05.036,com.sec.android.app.shealth,-2,2998,1.3162885,2284.83,96.829994,VfS0qUERdZ,com.sec.android.app.shealth,33236b7c-4aef-4995-a141-d394b5fd057a,1721692800000,
b2558f9f-51fb-4195-84dd-b863457523a5.binning_data.json,2024-07-23 18:30:03.664,2024-07-23 18:30:03.664,com.sec.android.app.shealth,0,2998,1.3162885,2284.83,96.829994,US7nt0+2+q,com.sec.android.app.shealth,b2558f9f-51fb-4195-84dd-b863457523a5,1721692800000,
a53eedfb-1fd4-49e3-aa55-908a0b3d985d.binning_data.json,2024-07-24 17:56:35.403,2024-07-24 02:32:52.221,com.sec.android.app.shealth,-2,4701,1.2316399,3519.7898,147.65997,VfS0qUERdZ,com.sec.android.app.shealth,a53eedfb-1fd4-49e3-aa55-908a0b3d985d,1721779200000,
3f266836-5bb1-49fe-916c-c5261212971a.binning_data.json,2024-07-24 18:30:07.603,2024-07-24 18:30:07.603,com.sec.android.app.shealth,0,4701,1.2316399,3519.7898,147.65997,US7nt0+2+q,com.sec.android.app.shealth,3f266836-5bb1-49fe-916c-c5261212971a,1721779200000,
e928135d-4c88-4a6a-ad93-e036879a070b.binning_data.json,2024-07-25 17:48:04.027,2024-07-24 18:48:31.405,com.sec.android.app.shealth,-2,2600,1.1696422,1916.9,81.22999,VfS0qUERdZ,com.sec.android.app.shealth,e928135d-4c88-4a6a-ad93-e036879a070b,1721865600000,
a243f07c-b70a-48c1-904e-76c4120cec43.binning_data.json,2024-07-25 18:30:08.562,2024-07-25 18:30:08.562,com.sec.android.app.shealth,0,2600,1.1696422,1916.9,81.22999,US7nt0+2+q,com.sec.android.app.shealth,a243f07c-b70a-48c1-904e-76c4120cec43,1721865600000,
9bf5ec9f-15bd-472e-96a4-10e382a1c604.binning_data.json,2024-07-26 16:28:12.666,2024-07-25 20:42:03.499,com.sec.android.app.shealth,-2,2355,1.3029207,1781.42,74.81,VfS0qUERdZ,com.sec.android.app.shealth,9bf5ec9f-15bd-472e-96a4-10e382a1c604,1721952000000,
9229e101-f029-41d3-8bbc-0e6a0a87d24e.binning_data.json,2024-07-26 18:30:04.954,2024-07-26 18:30:04.954,com.sec.android.app.shealth,0,2355,1.3029207,1781.42,74.81,US7nt0+2+q,com.sec.android.app.shealth,9229e101-f029-41d3-8bbc-0e6a0a87d24e,1721952000000,
fc5346cc-f948-49ba-92f7-0bcaebc30b79.binning_data.json,2024-07-27 16:35:11.087,2024-07-27 02:25:54.079,com.sec.android.app.shealth,-2,2760,1.3531896,2108.42,88.37999,VfS0qUERdZ,com.sec.android.app.shealth,fc5346cc-f948-49ba-92f7-0bcaebc30b79,1722038400000,
bc194619-cff6-4d3b-9a61-2efee2c5880f.binning_data.json,2024-07-27 18:30:05.607,2024-07-27 18:30:05.607,com.sec.android.app.shealth,0,2760,1.3531896,2108.42,88.37999,US7nt0+2+q,com.sec.android.app.shealth,bc194619-cff6-4d3b-9a61-2efee2c5880f,1722038400000,
3ee1fb8c-a756-4d8c-898d-21804ed3da1e.binning_data.json,2024-07-28 18:21:55.447,2024-07-28 04:15:00.996,com.sec.android.app.shealth,-2,3999,1.3370137,3048.5,127.69999,VfS0qUERdZ,com.sec.android.app.shealth,3ee1fb8c-a756-4d8c-898d-21804ed3da1e,1722124800000,
e33f49f7-2a16-47d1-8b67-2a54743d0e2f.binning_data.json,2024-07-28 18:30:05.408,2024-07-28 18:30:05.408,com.sec.android.app.shealth,0,3999,1.3370137,3048.5,127.69999,US7nt0+2+q,com.sec.android.app.shealth,e33f49f7-2a16-47d1-8b67-2a54743d0e2f,1722124800000,
47509b82-8a1f-4006-810e-f6e8c50f245b.binning_data.json,2024-07-29 18:07:33.330,2024-07-29 02:04:05.154,com.sec.android.app.shealth,-2,3116,1.2615262,2337.2,98.06999,VfS0qUERdZ,com.sec.android.app.shealth,47509b82-8a1f-4006-810e-f6e8c50f245b,1722211200000,
ca01b8a5-d6e1-40b3-9d8a-c5c57ac29094.binning_data.json,2024-07-29 18:30:05.913,2024-07-29 18:30:05.913,com.sec.android.app.shealth,0,3116,1.2615262,2337.2,98.06999,US7nt0+2+q,com.sec.android.app.shealth,ca01b8a5-d6e1-40b3-9d8a-c5c57ac29094,1722211200000,
a1e6dca7-4a7d-4dba-92da-affd6d0e4120.binning_data.json,2024-07-30 17:31:01.104,2024-07-29 19:35:08.047,com.sec.android.app.shealth,-2,3428,1.433748,2669.27,111.59999,VfS0qUERdZ,com.sec.android.app.shealth,a1e6dca7-4a7d-4dba-92da-affd6d0e4120,1722297600000,
c7a704c1-9ce3-4a22-a274-70f83fea0ecd.binning_data.json,2024-07-30 18:30:04.624,2024-07-30 18:30:04.624,com.sec.android.app.shealth,0,3428,1.433748,2669.27,111.59999,US7nt0+2+q,com.sec.android.app.shealth,c7a704c1-9ce3-4a22-a274-70f83fea0ecd,1722297600000,
6632421a-9bae-45e7-8a4e-1c1d53ba41ec.binning_data.json,2024-07-31 16:59:56.813,2024-07-30 19:30:53.949,com.sec.android.app.shealth,-2,4070,1.2098625,3015.03,126.38999,VfS0qUERdZ,com.sec.android.app.shealth,6632421a-9bae-45e7-8a4e-1c1d53ba41ec,1722384000000,
19cfdd3e-37dc-4b16-8c7c-5e8b242c97f4.binning_data.json,2024-07-31 18:30:11.345,2024-07-31 18:30:11.345,com.sec.android.app.shealth,0,4070,1.2098625,3015.03,126.38999,US7nt0+2+q,com.sec.android.app.shealth,19cfdd3e-37dc-4b16-8c7c-5e8b242c97f4,1722384000000,
7211c63b-e2c7-4a74-8a74-f0738c0ae1c1.binning_data.json,2024-08-01 18:30:07.501,2024-08-01 02:35:43.350,com.sec.android.app.shealth,-2,3076,1.2445091,2311.66,97.74999,VfS0qUERdZ,com.sec.android.app.shealth,7211c63b-e2c7-4a74-8a74-f0738c0ae1c1,1722470400000,
f84d92fe-43a0-4457-bec5-300825bde599.binning_data.json,2024-08-01 18:30:05.757,2024-08-01 18:30:05.757,com.sec.android.app.shealth,0,3076,1.2445091,2311.66,97.74999,US7nt0+2+q,com.sec.android.app.shealth,f84d92fe-43a0-4457-bec5-300825bde599,1722470400000,
7c676ddb-f88b-46b2-b2ed-840c1f69d70b.binning_data.json,2024-08-02 17:35:02.323,2024-08-01 18:30:31.754,com.sec.android.app.shealth,-2,1530,1.3571167,1171.42,48.559994,VfS0qUERdZ,com.sec.android.app.shealth,7c676ddb-f88b-46b2-b2ed-840c1f69d70b,1722556800000,
74c9cb5c-8ef7-4f9e-8c38-05901535193d.binning_data.json,2024-08-02 18:30:03.561,2024-08-02 18:30:03.561,com.sec.android.app.shealth,0,1530,1.3571167,1171.42,48.559994,US7nt0+2+q,com.sec.android.app.shealth,74c9cb5c-8ef7-4f9e-8c38-05901535193d,1722556800000,
9c13d3a9-f000-4023-a0e5-cd9949296b8e.binning_data.json,2024-08-03 18:10:06.043,2024-08-02 18:51:03.261,com.sec.android.app.shealth,-2,4262,1.275564,3209.19,132.70999,VfS0qUERdZ,com.sec.android.app.shealth,9c13d3a9-f000-4023-a0e5-cd9949296b8e,1722643200000,
f4061d2f-e264-4772-af5b-7177eb4d63d2.binning_data.json,2024-08-03 18:30:05.679,2024-08-03 18:30:05.679,com.sec.android.app.shealth,0,4262,1.275564,3209.19,132.70999,US7nt0+2+q,com.sec.android.app.shealth,f4061d2f-e264-4772-af5b-7177eb4d63d2,1722643200000,
512d4aa9-9660-4595-ae81-0fe7218dfb21.binning_data.json,2024-08-04 18:08:51.189,2024-08-03 18:32:34.363,com.sec.android.app.shealth,-2,7849,1.3302252,5939.8804,241.55997,VfS0qUERdZ,com.sec.android.app.shealth,512d4aa9-9660-4595-ae81-0fe7218dfb21,1722729600000,
311d5d20-742f-4a71-b031-a2f177624c4f.binning_data.json,2024-08-04 18:30:05.239,2024-08-04 18:30:05.239,com.sec.android.app.shealth,0,7849,1.3302252,5939.8804,241.55997,US7nt0+2+q,com.sec.android.app.shealth,311d5d20-742f-4a71-b031-a2f177624c4f,1722729600000,
87a00c3d-6d89-463f-aa0d-a1eb96275784.binning_data.json,2024-08-05 14:46:56.205,2024-08-05 02:44:11.486,com.sec.android.app.shealth,-2,6055,1.2716832,4540.5195,184.17995,VfS0qUERdZ,com.sec.android.app.shealth,87a00c3d-6d89-463f-aa0d-a1eb96275784,1722816000000,
f28fd53f-c0d8-4e6c-bbee-52a26c1332da.binning_data.json,2024-08-05 18:30:06.415,2024-08-05 18:30:06.415,com.sec.android.app.shealth,0,6055,1.2716832,4540.5195,184.17995,US7nt0+2+q,com.sec.android.app.shealth,f28fd53f-c0d8-4e6c-bbee-52a26c1332da,1722816000000,
b0f9a119-0ee2-4d0b-88d1-cc2e3856409c.binning_data.json,2024-08-06 16:23:40.248,2024-08-06 02:02:38.459,com.sec.android.app.shealth,-2,3347,1.2547339,2501.0999,102.08999,VfS0qUERdZ,com.sec.android.app.shealth,b0f9a119-0ee2-4d0b-88d1-cc2e3856409c,1722902400000,
efde0c12-1ccc-4a8f-b422-e1b129090f49.binning_data.json,2024-08-06 18:30:04.979,2024-08-06 18:30:04.979,com.sec.android.app.shealth,0,3347,1.2547339,2501.0999,102.08999,US7nt0+2+q,com.sec.android.app.shealth,efde0c12-1ccc-4a8f-b422-e1b129090f49,1722902400000,
1929459b-f42f-4462-8dca-e795a4a266fa.binning_data.json,2024-08-07 15:10:00.574,2024-08-07 02:58:19.780,com.sec.android.app.shealth,-2,3738,1.2765287,2805.54,114.429985,VfS0qUERdZ,com.sec.android.app.shealth,1929459b-f42f-4462-8dca-e795a4a266fa,1722988800000,
2e0fe9fa-30fa-4ac0-8ac0-bdcb5b983c63.binning_data.json,2024-08-07 18:30:04.754,2024-08-07 18:30:04.754,com.sec.android.app.shealth,0,3738,1.2765287,2805.54,114.429985,US7nt0+2+q,com.sec.android.app.shealth,2e0fe9fa-30fa-4ac0-8ac0-bdcb5b983c63,1722988800000,
e7091132-0961-431e-bbf0-2dd54e59f20e.binning_data.json,2024-08-08 18:21:29.747,2024-08-08 02:55:07.032,com.sec.android.app.shealth,-2,5489,1.2861401,4139.07,170.00998,VfS0qUERdZ,com.sec.android.app.shealth,e7091132-0961-431e-bbf0-2dd54e59f20e,1723075200000,
fe4dfccd-2ab1-4463-ae8d-6d331bd69666.binning_data.json,2024-08-08 18:30:04.153,2024-08-08 18:30:04.153,com.sec.android.app.shealth,0,5489,1.2861401,4139.07,170.00998,US7nt0+2+q,com.sec.android.app.shealth,fe4dfccd-2ab1-4463-ae8d-6d331bd69666,1723075200000,
4bb26aa3-beb7-4dc3-8b15-ca22cc8927f5.binning_data.json,2024-08-09 17:44:33.212,2024-08-08 18:56:31.963,com.sec.android.app.shealth,-2,9654,1.4296365,7486.7,308.38998,VfS0qUERdZ,com.sec.android.app.shealth,4bb26aa3-beb7-4dc3-8b15-ca22cc8927f5,1723161600000,
2b3865ac-bc00-4c6c-81c4-8351324d4567.binning_data.json,2024-08-09 18:30:06.630,2024-08-09 18:30:06.630,com.sec.android.app.shealth,0,9654,1.4296365,7486.7,308.38998,US7nt0+2+q,com.sec.android.app.shealth,2b3865ac-bc00-4c6c-81c4-8351324d4567,1723161600000,
641012e9-0c7f-4825-96b3-993a2b502035.binning_data.json,2024-08-10 17:26:29.642,2024-08-10 02:40:47.936,com.sec.android.app.shealth,-2,3605,1.5498058,2904.6401,123.09,VfS0qUERdZ,com.sec.android.app.shealth,641012e9-0c7f-4825-96b3-993a2b502035,1723248000000,
59e67563-914f-4d72-a1b6-2bb4ab42fc9a.binning_data.json,2024-08-10 18:30:07.374,2024-08-10 18:30:07.374,com.sec.android.app.shealth,0,3605,1.5498058,2904.6401,123.09,US7nt0+2+q,com.sec.android.app.shealth,59e67563-914f-4d72-a1b6-2bb4ab42fc9a,1723248000000,
f219687c-4324-4afd-b3d3-e6b856ba5163.binning_data.json,2024-08-11 18:16:21.024,2024-08-11 01:03:36.708,com.sec.android.app.shealth,-2,9221,1.4059417,7150.21,295.44998,VfS0qUERdZ,com.sec.android.app.shealth,f219687c-4324-4afd-b3d3-e6b856ba5163,1723334400000,
acdff650-f784-4072-ad90-32ff235aa01b.binning_data.json,2024-08-11 18:30:03.925,2024-08-11 18:30:03.925,com.sec.android.app.shealth,0,9221,1.4059417,7150.21,295.44998,US7nt0+2+q,com.sec.android.app.shealth,acdff650-f784-4072-ad90-32ff235aa01b,1723334400000,
0cf538cb-6875-4554-a686-a13a372e8bcb.binning_data.json,2024-08-12 15:44:05.557,2024-08-11 18:35:15.663,com.sec.android.app.shealth,-2,9998,1.2472692,7466.7197,305.17993,VfS0qUERdZ,com.sec.android.app.shealth,0cf538cb-6875-4554-a686-a13a372e8bcb,1723420800000,
6dc10d8a-0e08-45c2-b344-1e2435a8fc19.binning_data.json,2024-08-12 18:30:03.155,2024-08-12 18:30:03.155,com.sec.android.app.shealth,0,9998,1.2472692,7466.7197,305.17993,US7nt0+2+q,com.sec.android.app.shealth,6dc10d8a-0e08-45c2-b344-1e2435a8fc19,1723420800000,
a03af956-e479-4f85-be46-58942429edd6.binning_data.json,2024-08-13 16:27:29.318,2024-08-13 02:19:15.660,com.sec.android.app.shealth,-2,17008,1.2774969,12716.8,513.62994,VfS0qUERdZ,com.sec.android.app.shealth,a03af956-e479-4f85-be46-58942429edd6,1723507200000,
4980712f-43a5-4bae-a5de-cfa50b8faad0.binning_data.json,2024-08-13 18:30:05.501,2024-08-13 18:30:05.501,com.sec.android.app.shealth,0,17008,1.2774969,12716.8,513.62994,US7nt0+2+q,com.sec.android.app.shealth,4980712f-43a5-4bae-a5de-cfa50b8faad0,1723507200000,
d3fe9319-57bc-4f89-9855-70bab8b595dc.binning_data.json,2024-08-14 16:16:28.286,2024-08-14 01:45:11.862,com.sec.android.app.shealth,-2,19701,1.3158107,14790.77,784.2499,VfS0qUERdZ,com.sec.android.app.shealth,d3fe9319-57bc-4f89-9855-70bab8b595dc,1723593600000,
8c3df278-dd50-46c5-926f-524e838efffc.binning_data.json,2024-08-14 18:30:05.176,2024-08-14 18:30:05.176,com.sec.android.app.shealth,0,19701,1.3158107,14790.77,784.2499,US7nt0+2+q,com.sec.android.app.shealth,8c3df278-dd50-46c5-926f-524e838efffc,1723593600000,
4650a512-c20a-452e-8f27-6a0ba3a8df13.binning_data.json,2024-08-15 16:04:43.963,2024-08-15 00:56:42.762,com.sec.android.app.shealth,-2,5714,1.3101681,4306.7495,225.89996,VfS0qUERdZ,com.sec.android.app.shealth,4650a512-c20a-452e-8f27-6a0ba3a8df13,1723680000000,
73873d6f-8c36-464d-a9b3-7c7fc802021c.binning_data.json,2024-08-15 18:30:10.308,2024-08-15 18:30:10.308,com.sec.android.app.shealth,0,5714,1.3101681,4306.7495,225.89996,US7nt0+2+q,com.sec.android.app.shealth,73873d6f-8c36-464d-a9b3-7c7fc802021c,1723680000000,
ed9a3081-85f6-4d2d-9db3-eaa40cd67350.binning_data.json,2024-08-16 15:36:12.649,2024-08-16 02:43:00.789,com.sec.android.app.shealth,-2,8935,1.2606674,6675.98,352.52997,VfS0qUERdZ,com.sec.android.app.shealth,ed9a3081-85f6-4d2d-9db3-eaa40cd67350,1723766400000,
b3a7a19a-9c73-4e32-b6ca-65a77864a8b1.binning_data.json,2024-08-16 18:30:04.814,2024-08-16 18:30:04.814,com.sec.android.app.shealth,0,8935,1.2606674,6675.98,352.52997,US7nt0+2+q,com.sec.android.app.shealth,b3a7a19a-9c73-4e32-b6ca-65a77864a8b1,1723766400000,
41849e62-0f69-4129-96b9-37b71f05e137.binning_data.json,2024-08-17 17:32:35.800,2024-08-17 01:48:35.573,com.sec.android.app.shealth,-2,4727,1.2756965,3541.6099,186.18999,VfS0qUERdZ,com.sec.android.app.shealth,41849e62-0f69-4129-96b9-37b71f05e137,1723852800000,
5b6bcd04-918b-439f-adef-4a9f80dfa91e.binning_data.json,2024-08-17 18:30:04.518,2024-08-17 18:30:04.518,com.sec.android.app.shealth,0,4727,1.2756965,3541.6099,186.18999,US7nt0+2+q,com.sec.android.app.shealth,5b6bcd04-918b-439f-adef-4a9f80dfa91e,1723852800000,
bcf3a044-1f84-42c3-8202-716cf7704c53.binning_data.json,2024-08-18 16:57:10.179,2024-08-18 02:02:26.495,com.sec.android.app.shealth,-2,10654,1.3400209,8083.6294,422.54993,VfS0qUERdZ,com.sec.android.app.shealth,bcf3a044-1f84-42c3-8202-716cf7704c53,1723939200000,
3e5244f1-3ffe-4c0b-8613-6c5d9ccda052.binning_data.json,2024-08-18 18:30:03.156,2024-08-18 18:30:03.156,com.sec.android.app.shealth,0,10654,1.3400209,8083.6294,422.54993,US7nt0+2+q,com.sec.android.app.shealth,3e5244f1-3ffe-4c0b-8613-6c5d9ccda052,1723939200000,
ec711605-49ed-499b-a5ba-c29ce9de7a48.binning_data.json,2024-08-19 18:30:14.812,2024-08-19 00:54:34.240,com.sec.android.app.shealth,-2,7275,1.2632369,5459.44,287.87997,VfS0qUERdZ,com.sec.android.app.shealth,ec711605-49ed-499b-a5ba-c29ce9de7a48,1724025600000,
a3608c5f-364a-432f-9fec-edfd0a7972f0.binning_data.json,2024-08-19 18:30:11.310,2024-08-19 18:30:11.310,com.sec.android.app.shealth,0,7275,1.2632369,5459.44,287.87997,US7nt0+2+q,com.sec.android.app.shealth,a3608c5f-364a-432f-9fec-edfd0a7972f0,1724025600000,
52dd2661-dbe0-447a-b3c4-49eb7f8557db.binning_data.json,2024-08-20 15:39:34.565,2024-08-20 02:15:27.162,com.sec.android.app.shealth,-2,6340,1.290756,4752.9,251.10997,VfS0qUERdZ,com.sec.android.app.shealth,52dd2661-dbe0-447a-b3c4-49eb7f8557db,1724112000000,
2f732e7a-37ec-4785-858a-c708e14a2702.binning_data.json,2024-08-20 18:30:03.729,2024-08-20 18:30:03.729,com.sec.android.app.shealth,0,6340,1.290756,4752.9,251.10997,US7nt0+2+q,com.sec.android.app.shealth,2f732e7a-37ec-4785-858a-c708e14a2702,1724112000000,
d11b68d9-2378-4107-a8ca-56aa4932f0de.binning_data.json,2024-08-21 17:10:01.121,2024-08-21 01:13:22.736,com.sec.android.app.shealth,-2,12811,1.3298528,9672.029,508.4899,VfS0qUERdZ,com.sec.android.app.shealth,d11b68d9-2378-4107-a8ca-56aa4932f0de,1724198400000,
99ad1091-3330-45a9-99cc-14970580d1aa.binning_data.json,2024-08-21 18:30:05.152,2024-08-21 18:30:05.152,com.sec.android.app.shealth,0,12811,1.3298528,9672.029,508.4899,US7nt0+2+q,com.sec.android.app.shealth,99ad1091-3330-45a9-99cc-14970580d1aa,1724198400000,
38711006-fe6d-46d8-b581-b02e18d5af8a.binning_data.json,2024-08-22 16:26:37.673,2024-08-22 01:22:43.988,com.sec.android.app.shealth,-2,5325,1.333668,4015.5398,210.30995,VfS0qUERdZ,com.sec.android.app.shealth,38711006-fe6d-46d8-b581-b02e18d5af8a,1724284800000,
2822b22a-6dce-4474-bf0d-fc4b182f3c54.binning_data.json,2024-08-22 18:30:04.301,2024-08-22 18:30:04.301,com.sec.android.app.shealth,0,5325,1.333668,4015.5398,210.30995,US7nt0+2+q,com.sec.android.app.shealth,2822b22a-6dce-4474-bf0d-fc4b182f3c54,1724284800000,
5189d063-7576-4654-9a77-a829827c8e32.binning_data.json,2024-08-23 17:01:11.187,2024-08-23 01:39:31.677,com.sec.android.app.shealth,-2,7863,1.3083436,5921.23,308.61996,VfS0qUERdZ,com.sec.android.app.shealth,5189d063-7576-4654-9a77-a829827c8e32,1724371200000,
5ff2fb9f-0893-4160-b4dd-a9fc2fdbe7bf.binning_data.json,2024-08-23 18:30:05.539,2024-08-23 18:30:05.539,com.sec.android.app.shealth,0,7863,1.3083436,5921.23,308.61996,US7nt0+2+q,com.sec.android.app.shealth,5ff2fb9f-0893-4160-b4dd-a9fc2fdbe7bf,1724371200000,
5d1ea6f4-74f1-4955-ad7a-b7d0e14dc185.binning_data.json,2024-08-24 18:24:16.638,2024-08-24 01:20:35.413,com.sec.android.app.shealth,-2,3694,1.267403,2775.4,142.51,VfS0qUERdZ,com.sec.android.app.shealth,5d1ea6f4-74f1-4955-ad7a-b7d0e14dc185,1724457600000,
5eacfccd-00d6-49b1-9132-7b457efdd839.binning_data.json,2024-08-24 18:30:05.978,2024-08-24 18:30:05.978,com.sec.android.app.shealth,0,3694,1.267403,2775.4,142.51,US7nt0+2+q,com.sec.android.app.shealth,5eacfccd-00d6-49b1-9132-7b457efdd839,1724457600000,
189a552b-1e42-427a-bcb1-c0824734ec55.binning_data.json,2024-08-25 17:47:34.252,2024-08-25 01:02:44.404,com.sec.android.app.shealth,-2,7292,1.2003442,5414.83,279.08,VfS0qUERdZ,com.sec.android.app.shealth,189a552b-1e42-427a-bcb1-c0824734ec55,1724544000000,
8d4044fc-aabc-41c3-aec2-37a11bf7dfdd.binning_data.json,2024-08-25 18:30:03.398,2024-08-25 18:30:03.398,com.sec.android.app.shealth,0,7292,1.2003442,5414.83,279.08,US7nt0+2+q,com.sec.android.app.shealth,8d4044fc-aabc-41c3-aec2-37a11bf7dfdd,1724544000000,
7e1a4995-3d0d-40ec-8580-e7cb94f5a7a5.binning_data.json,2024-08-26 15:54:36.844,2024-08-25 22:18:39.569,com.sec.android.app.shealth,-2,13985,1.1874564,10341.91,550.01996,VfS0qUERdZ,com.sec.android.app.shealth,7e1a4995-3d0d-40ec-8580-e7cb94f5a7a5,1724630400000,
f8fa410b-0719-463a-a823-c0bc9361243b.binning_data.json,2024-08-26 18:30:05.757,2024-08-26 18:30:05.757,com.sec.android.app.shealth,0,13985,1.1874564,10341.91,550.01996,US7nt0+2+q,com.sec.android.app.shealth,f8fa410b-0719-463a-a823-c0bc9361243b,1724630400000,
505f5cd4-0e53-4047-9ddb-34f213be42b3.binning_data.json,2024-08-27 12:56:13.567,2024-08-27 00:50:49.382,com.sec.android.app.shealth,-2,5949,1.2572986,4439.0103,235.15997,VfS0qUERdZ,com.sec.android.app.shealth,505f5cd4-0e53-4047-9ddb-34f213be42b3,1724716800000,
ed8eda7e-c8a0-441c-b7de-3a50d372fce1.binning_data.json,2024-08-27 18:30:06.236,2024-08-27 18:30:06.236,com.sec.android.app.shealth,0,5949,1.2572986,4439.0103,235.15997,US7nt0+2+q,com.sec.android.app.shealth,ed8eda7e-c8a0-441c-b7de-3a50d372fce1,1724716800000,
8a0cf3cd-0205-43f3-8467-060f4bee23c7.binning_data.json,2024-08-28 13:26:52.441,2024-08-27 19:42:59.355,com.sec.android.app.shealth,-2,2902,1.2511793,2169.1301,113.91997,VfS0qUERdZ,com.sec.android.app.shealth,8a0cf3cd-0205-43f3-8467-060f4bee23c7,1724803200000,
31b25bf4-0bf0-4a48-bbd2-3daf73255b15.binning_data.json,2024-08-28 18:30:05.849,2024-08-28 18:30:05.849,com.sec.android.app.shealth,0,2902,1.2511793,2169.1301,113.91997,US7nt0+2+q,com.sec.android.app.shealth,31b25bf4-0bf0-4a48-bbd2-3daf73255b15,1724803200000,
26a64b55-476a-4a3e-b461-170f5c5b45d7.binning_data.json,2024-08-29 15:34:33.948,2024-08-29 01:10:30.278,com.sec.android.app.shealth,-2,5799,1.2018209,4289.1,227.95998,VfS0qUERdZ,com.sec.android.app.shealth,26a64b55-476a-4a3e-b461-170f5c5b45d7,1724889600000,
ec73ac0b-abcc-4304-8a15-594ff5c6076b.binning_data.json,2024-08-29 18:30:04.193,2024-08-29 18:30:04.193,com.sec.android.app.shealth,0,5799,1.2018209,4289.1,227.95998,US7nt0+2+q,com.sec.android.app.shealth,ec73ac0b-abcc-4304-8a15-594ff5c6076b,1724889600000,
e72dcc6f-2232-4b39-b62a-230330e79832.binning_data.json,2024-08-30 15:51:20.605,2024-08-30 03:22:26.610,com.sec.android.app.shealth,-2,4878,1.2282279,3622.96,192.77998,VfS0qUERdZ,com.sec.android.app.shealth,e72dcc6f-2232-4b39-b62a-230330e79832,1724976000000,
494b4781-a32a-46cb-a5e9-6fbe2f12e21e.binning_data.json,2024-08-30 18:30:06.201,2024-08-30 18:30:06.201,com.sec.android.app.shealth,0,4878,1.2282279,3622.96,192.77998,US7nt0+2+q,com.sec.android.app.shealth,494b4781-a32a-46cb-a5e9-6fbe2f12e21e,1724976000000,
41544791-6ede-47ab-9ccf-bf149c862005.binning_data.json,2024-08-31 17:03:30.350,2024-08-31 03:10:47.968,com.sec.android.app.shealth,-2,498,1.3119686,376.04,19.15,VfS0qUERdZ,com.sec.android.app.shealth,41544791-6ede-47ab-9ccf-bf149c862005,1725062400000,
c7f414ed-f6b5-4de3-b799-0e6d1e0f6ea6.binning_data.json,2024-08-31 18:30:07.902,2024-08-31 18:30:07.902,com.sec.android.app.shealth,0,498,1.3119686,376.04,19.15,US7nt0+2+q,com.sec.android.app.shealth,c7f414ed-f6b5-4de3-b799-0e6d1e0f6ea6,1725062400000,
b27bb7bc-efd3-44d6-a517-bf005bcc5509.binning_data.json,2024-09-01 15:52:19.042,2024-09-01 02:47:40.464,com.sec.android.app.shealth,-2,908,1.2876306,682.2,34.819996,VfS0qUERdZ,com.sec.android.app.shealth,b27bb7bc-efd3-44d6-a517-bf005bcc5509,1725148800000,
ef8b73e8-2101-410f-98b4-4b17f4dedc44.binning_data.json,2024-09-01 18:30:04.805,2024-09-01 18:30:04.805,com.sec.android.app.shealth,0,908,1.2876306,682.2,34.819996,US7nt0+2+q,com.sec.android.app.shealth,ef8b73e8-2101-410f-98b4-4b17f4dedc44,1725148800000,
092f62e4-a4a1-444f-a6ff-677705434618.binning_data.json,2024-09-02 15:26:27.340,2024-09-01 18:55:39.707,com.sec.android.app.shealth,-2,3982,1.2291867,2960.8901,156.51997,VfS0qUERdZ,com.sec.android.app.shealth,092f62e4-a4a1-444f-a6ff-677705434618,1725235200000,
d6cffc25-04cf-4b90-b432-34f6729cfaf8.binning_data.json,2024-09-02 18:30:06.784,2024-09-02 18:30:06.784,com.sec.android.app.shealth,0,3982,1.2291867,2960.8901,156.51997,US7nt0+2+q,com.sec.android.app.shealth,d6cffc25-04cf-4b90-b432-34f6729cfaf8,1725235200000,
1d3d90e0-41d2-4b58-94a6-307d54af831c.binning_data.json,2024-09-03 11:36:48.417,2024-09-03 01:03:47.196,com.sec.android.app.shealth,-2,4594,1.3156796,3453.03,181.05997,VfS0qUERdZ,com.sec.android.app.shealth,1d3d90e0-41d2-4b58-94a6-307d54af831c,1725321600000,
68e0d16b-4b12-474d-a1ab-5f2d26b84c8d.binning_data.json,2024-09-03 18:30:04.917,2024-09-03 18:30:04.917,com.sec.android.app.shealth,0,4594,1.3156796,3453.03,181.05997,US7nt0+2+q,com.sec.android.app.shealth,68e0d16b-4b12-474d-a1ab-5f2d26b84c8d,1725321600000,
a823aa72-a700-4c82-91ef-619ade7f31ab.binning_data.json,2024-09-04 17:35:01.590,2024-09-03 19:12:10.822,com.sec.android.app.shealth,-2,16143,1.2179127,11988.61,636.7799,VfS0qUERdZ,com.sec.android.app.shealth,a823aa72-a700-4c82-91ef-619ade7f31ab,1725408000000,
fbb7aff2-7c4f-471d-b3e3-7dcebff32197.binning_data.json,2024-09-04 18:30:03.342,2024-09-04 18:30:03.342,com.sec.android.app.shealth,0,16143,1.2179127,11988.61,636.7799,US7nt0+2+q,com.sec.android.app.shealth,fbb7aff2-7c4f-471d-b3e3-7dcebff32197,1725408000000,
c31f987b-2cbb-4d6b-8182-4207611f3f7a.binning_data.json,2024-09-05 16:48:07.588,2024-09-05 01:32:31.120,com.sec.android.app.shealth,-2,1584,1.3656282,1205.81,62.269997,VfS0qUERdZ,com.sec.android.app.shealth,c31f987b-2cbb-4d6b-8182-4207611f3f7a,1725494400000,
e45c1db1-69eb-40de-8aa2-77a5d9345134.binning_data.json,2024-09-05 18:30:05.300,2024-09-05 18:30:05.300,com.sec.android.app.shealth,0,1584,1.3656282,1205.81,62.269997,US7nt0+2+q,com.sec.android.app.shealth,e45c1db1-69eb-40de-8aa2-77a5d9345134,1725494400000,
fab9c252-a75a-4b3a-b279-9b7aff38b8d5.binning_data.json,2024-09-06 18:30:03.669,2024-09-06 02:28:02.610,com.sec.android.app.shealth,-2,5841,1.3092641,4396.09,228.83998,VfS0qUERdZ,com.sec.android.app.shealth,fab9c252-a75a-4b3a-b279-9b7aff38b8d5,1725580800000,
8529a051-cf2a-4c6c-92be-dbe40b9f723b.binning_data.json,2024-09-06 18:30:02.822,2024-09-06 18:30:02.822,com.sec.android.app.shealth,0,5841,1.3092641,4396.09,228.83998,US7nt0+2+q,com.sec.android.app.shealth,8529a051-cf2a-4c6c-92be-dbe40b9f723b,1725580800000,
b08b4b1a-f553-4552-80d4-b0a923909f7c.binning_data.json,2024-09-07 16:33:22.326,2024-09-07 00:35:46.858,com.sec.android.app.shealth,-2,4028,1.2024143,2988.8198,154.31999,VfS0qUERdZ,com.sec.android.app.shealth,b08b4b1a-f553-4552-80d4-b0a923909f7c,1725667200000,
0920e71e-ecae-44fa-8c7a-6f700d257f6b.binning_data.json,2024-09-07 18:30:09.462,2024-09-07 18:30:09.462,com.sec.android.app.shealth,0,4028,1.2024143,2988.8198,154.31999,US7nt0+2+q,com.sec.android.app.shealth,0920e71e-ecae-44fa-8c7a-6f700d257f6b,1725667200000,
3f466ae4-4a7a-49d7-8e67-656cd68f30ce.binning_data.json,2024-09-08 18:17:04.768,2024-09-08 03:52:25.319,com.sec.android.app.shealth,-2,2561,1.2809196,1923.49,97.89,VfS0qUERdZ,com.sec.android.app.shealth,3f466ae4-4a7a-49d7-8e67-656cd68f30ce,1725753600000,
2f4533ff-e9af-401c-8d52-a8e96d699f56.binning_data.json,2024-09-08 18:30:04.925,2024-09-08 18:30:04.925,com.sec.android.app.shealth,0,2561,1.2809196,1923.49,97.89,US7nt0+2+q,com.sec.android.app.shealth,2f4533ff-e9af-401c-8d52-a8e96d699f56,1725753600000,
4775415f-69a3-4132-b325-02d5c3187d88.binning_data.json,2024-09-09 16:35:02.268,2024-09-08 18:33:58.511,com.sec.android.app.shealth,-2,4442,1.1990286,3291.2698,172.10997,VfS0qUERdZ,com.sec.android.app.shealth,4775415f-69a3-4132-b325-02d5c3187d88,1725840000000,
63a053e1-e3ff-493a-a172-b47940c4d348.binning_data.json,2024-09-09 18:30:04.449,2024-09-09 18:30:04.449,com.sec.android.app.shealth,0,4442,1.1990286,3291.2698,172.10997,US7nt0+2+q,com.sec.android.app.shealth,63a053e1-e3ff-493a-a172-b47940c4d348,1725840000000,
54f4ae0f-dba8-4307-b255-f98e5c9af23d.binning_data.json,2024-09-10 15:36:55.061,2024-09-09 18:47:40.688,com.sec.android.app.shealth,-2,4957,1.2442187,3699.91,195.32997,VfS0qUERdZ,com.sec.android.app.shealth,54f4ae0f-dba8-4307-b255-f98e5c9af23d,1725926400000,
e0ce5a5a-1e27-4056-afbb-848f070529ea.binning_data.json,2024-09-10 18:30:04.729,2024-09-10 18:30:04.729,com.sec.android.app.shealth,0,4957,1.2442187,3699.91,195.32997,US7nt0+2+q,com.sec.android.app.shealth,e0ce5a5a-1e27-4056-afbb-848f070529ea,1725926400000,
d4ec0265-201d-4954-a603-1668adc47414.binning_data.json,2024-09-11 16:57:15.588,2024-09-11 02:12:36.630,com.sec.android.app.shealth,-2,5077,1.3193251,3814.4,200.92998,VfS0qUERdZ,com.sec.android.app.shealth,d4ec0265-201d-4954-a603-1668adc47414,1726012800000,
5a854167-de3c-4a97-b6f5-ba80717b260d.binning_data.json,2024-09-11 18:30:06.892,2024-09-11 18:30:06.892,com.sec.android.app.shealth,0,5077,1.3193251,3814.4,200.92998,US7nt0+2+q,com.sec.android.app.shealth,5a854167-de3c-4a97-b6f5-ba80717b260d,1726012800000,
3f8af083-ccd5-4184-8db7-99a99f44110b.binning_data.json,2024-09-12 18:25:05.555,2024-09-12 02:32:50.473,com.sec.android.app.shealth,-2,4978,1.2715236,3731.79,196.32999,VfS0qUERdZ,com.sec.android.app.shealth,3f8af083-ccd5-4184-8db7-99a99f44110b,1726099200000,
0dfd4d7a-02c3-4b46-9d77-5d59949dc2e1.binning_data.json,2024-09-12 18:30:07.961,2024-09-12 18:30:07.961,com.sec.android.app.shealth,0,4978,1.2715236,3731.79,196.32999,US7nt0+2+q,com.sec.android.app.shealth,0dfd4d7a-02c3-4b46-9d77-5d59949dc2e1,1726099200000,
76872413-ab60-4492-97e8-1e33f895ea56.binning_data.json,2024-09-13 16:27:00.295,2024-09-13 01:30:21.615,com.sec.android.app.shealth,-2,12130,1.3123847,9211.55,483.10995,VfS0qUERdZ,com.sec.android.app.shealth,76872413-ab60-4492-97e8-1e33f895ea56,1726185600000,
c87544d4-7329-441d-9b72-a6827cd45e55.binning_data.json,2024-09-13 18:30:06.884,2024-09-13 18:30:06.884,com.sec.android.app.shealth,0,12130,1.3123847,9211.55,483.10995,US7nt0+2+q,com.sec.android.app.shealth,c87544d4-7329-441d-9b72-a6827cd45e55,1726185600000,
e5c78806-55ef-44d2-8070-fc2351d040a3.binning_data.json,2024-09-14 16:10:08.935,2024-09-13 21:38:59.377,com.sec.android.app.shealth,-2,12434,1.2678642,9350.53,483.13998,VfS0qUERdZ,com.sec.android.app.shealth,e5c78806-55ef-44d2-8070-fc2351d040a3,1726272000000,
de45afff-e781-483c-80a5-799874aba594.binning_data.json,2024-09-14 18:30:07.578,2024-09-14 18:30:07.578,com.sec.android.app.shealth,0,12434,1.2678642,9350.53,483.13998,US7nt0+2+q,com.sec.android.app.shealth,de45afff-e781-483c-80a5-799874aba594,1726272000000,
8ef01c07-7f73-4623-ad5f-db29f14a4bb9.binning_data.json,2024-09-15 15:55:58.153,2024-09-15 02:08:05.583,com.sec.android.app.shealth,-2,465,1.2728853,347.68,17.49,VfS0qUERdZ,com.sec.android.app.shealth,8ef01c07-7f73-4623-ad5f-db29f14a4bb9,1726358400000,
4136b585-ad65-424a-8415-995b9a217f0d.binning_data.json,2024-09-15 18:30:05.415,2024-09-15 18:30:05.415,com.sec.android.app.shealth,0,465,1.2728853,347.68,17.49,US7nt0+2+q,com.sec.android.app.shealth,4136b585-ad65-424a-8415-995b9a217f0d,1726358400000,
45d48ec3-5338-4ed9-bd39-560428e5ebf2.binning_data.json,2024-09-16 17:31:59.869,2024-09-16 03:36:25.501,com.sec.android.app.shealth,-2,418,1.3200077,315.99002,16.089998,VfS0qUERdZ,com.sec.android.app.shealth,45d48ec3-5338-4ed9-bd39-560428e5ebf2,1726444800000,
973eced0-4749-4215-a1d3-2d3622bdfc0d.binning_data.json,2024-09-16 18:30:09.636,2024-09-16 18:30:09.636,com.sec.android.app.shealth,0,418,1.3200077,315.99002,16.089998,US7nt0+2+q,com.sec.android.app.shealth,973eced0-4749-4215-a1d3-2d3622bdfc0d,1726444800000,
79726c18-4762-44e9-a5a8-ee005843dadf.binning_data.json,2024-09-17 16:35:22.334,2024-09-17 01:57:33.279,com.sec.android.app.shealth,-2,6228,1.3026401,4661.7803,245.90997,VfS0qUERdZ,com.sec.android.app.shealth,79726c18-4762-44e9-a5a8-ee005843dadf,1726531200000,
bfcd3017-cda4-4554-bcd3-6fc1c13b5c88.binning_data.json,2024-09-17 18:30:05.772,2024-09-17 18:30:05.772,com.sec.android.app.shealth,0,6228,1.3026401,4661.7803,245.90997,US7nt0+2+q,com.sec.android.app.shealth,bfcd3017-cda4-4554-bcd3-6fc1c13b5c88,1726531200000,
1fd22289-018e-4a73-a159-6bdb9f822cae.binning_data.json,2024-09-18 15:23:40.021,2024-09-18 00:56:01.229,com.sec.android.app.shealth,-2,6043,1.3695012,4550.08,239.35997,VfS0qUERdZ,com.sec.android.app.shealth,1fd22289-018e-4a73-a159-6bdb9f822cae,1726617600000,
f0ba611b-1f2d-454e-894f-36a2bf738fe1.binning_data.json,2024-09-18 18:30:23.558,2024-09-18 18:30:23.558,com.sec.android.app.shealth,0,6043,1.3695012,4550.08,239.35997,US7nt0+2+q,com.sec.android.app.shealth,f0ba611b-1f2d-454e-894f-36a2bf738fe1,1726617600000,
0f6d3ce5-5255-47ba-91a3-6bc33e8431fc.binning_data.json,2024-09-19 16:18:36.398,2024-09-19 02:06:31.120,com.sec.android.app.shealth,-2,9120,1.2678112,6821.58,360.63998,VfS0qUERdZ,com.sec.android.app.shealth,0f6d3ce5-5255-47ba-91a3-6bc33e8431fc,1726704000000,
af539d53-d35a-4b95-a22e-c183eaed5f9e.binning_data.json,2024-09-19 18:30:05.851,2024-09-19 18:30:05.851,com.sec.android.app.shealth,0,9120,1.2678112,6821.58,360.63998,US7nt0+2+q,com.sec.android.app.shealth,af539d53-d35a-4b95-a22e-c183eaed5f9e,1726704000000,
0979a026-76ec-4774-9955-b8672dac2358.binning_data.json,2024-09-20 18:23:12.209,2024-09-20 02:52:32.753,com.sec.android.app.shealth,-2,10835,1.263593,8110.73,426.98996,VfS0qUERdZ,com.sec.android.app.shealth,0979a026-76ec-4774-9955-b8672dac2358,1726790400000,
911ed192-3b25-45a7-8cfe-6c55b4614230.binning_data.json,2024-09-20 18:30:05.846,2024-09-20 18:30:05.846,com.sec.android.app.shealth,0,10835,1.263593,8110.73,426.98996,US7nt0+2+q,com.sec.android.app.shealth,911ed192-3b25-45a7-8cfe-6c55b4614230,1726790400000,
cd306058-7472-4d43-8d3f-c6ce4a3141ee.binning_data.json,2024-09-21 17:13:40.135,2024-09-20 19:06:19.671,com.sec.android.app.shealth,-2,734,1.3083091,550.95,27.83,VfS0qUERdZ,com.sec.android.app.shealth,cd306058-7472-4d43-8d3f-c6ce4a3141ee,1726876800000,
f83e0ff3-c0b5-46a3-8ac6-7e2a01671dc0.binning_data.json,2024-09-21 18:30:06.641,2024-09-21 18:30:06.641,com.sec.android.app.shealth,0,734,1.3083091,550.95,27.83,US7nt0+2+q,com.sec.android.app.shealth,f83e0ff3-c0b5-46a3-8ac6-7e2a01671dc0,1726876800000,
8ac1dc37-7471-4bd7-9adb-3316d46edbe0.binning_data.json,2024-09-22 17:45:34.367,2024-09-22 04:36:36.221,com.sec.android.app.shealth,-2,6312,1.2968032,4732.22,251.32999,VfS0qUERdZ,com.sec.android.app.shealth,8ac1dc37-7471-4bd7-9adb-3316d46edbe0,1726963200000,
5f437fac-2943-47d2-a1de-a3a1bd5062e6.binning_data.json,2024-09-22 18:30:04.940,2024-09-22 18:30:04.940,com.sec.android.app.shealth,0,6312,1.2968032,4732.22,251.32999,US7nt0+2+q,com.sec.android.app.shealth,5f437fac-2943-47d2-a1de-a3a1bd5062e6,1726963200000,
4978cc33-28f3-4db3-baa8-c59c88a36fd1.binning_data.json,2024-09-23 17:57:41.227,2024-09-22 18:31:40.143,com.sec.android.app.shealth,-2,6036,1.3456343,4567.84,238.73999,VfS0qUERdZ,com.sec.android.app.shealth,4978cc33-28f3-4db3-baa8-c59c88a36fd1,1727049600000,
ff5ae734-207c-43fb-9f86-cfb90536ac5e.binning_data.json,2024-09-23 18:30:15.735,2024-09-23 18:30:15.735,com.sec.android.app.shealth,0,6036,1.3456343,4567.84,238.73999,US7nt0+2+q,com.sec.android.app.shealth,ff5ae734-207c-43fb-9f86-cfb90536ac5e,1727049600000,
a8222f2c-5e69-41e8-8488-a6d63e306060.binning_data.json,2024-09-24 11:51:29.461,2024-09-24 03:11:23.902,com.sec.android.app.shealth,-2,6470,1.2581643,4829.13,256.94998,VfS0qUERdZ,com.sec.android.app.shealth,a8222f2c-5e69-41e8-8488-a6d63e306060,1727136000000,
bd7022f6-9719-48c1-94e0-7c78249c9054.binning_data.json,2024-09-24 18:30:06.280,2024-09-24 18:30:06.280,com.sec.android.app.shealth,0,6470,1.2581643,4829.13,256.94998,US7nt0+2+q,com.sec.android.app.shealth,bd7022f6-9719-48c1-94e0-7c78249c9054,1727136000000,
55c532c5-7a4e-4a4a-9239-59a753851ce5.binning_data.json,2024-09-25 15:06:44.653,2024-09-25 02:19:49.751,com.sec.android.app.shealth,-2,18876,1.3080935,14193.41,751.5699,VfS0qUERdZ,com.sec.android.app.shealth,55c532c5-7a4e-4a4a-9239-59a753851ce5,1727222400000,
4ada3185-7937-4ff1-9a7a-6758fec7fd31.binning_data.json,2024-09-25 18:30:06.229,2024-09-25 18:30:06.229,com.sec.android.app.shealth,0,18876,1.3080935,14193.41,751.5699,US7nt0+2+q,com.sec.android.app.shealth,4ada3185-7937-4ff1-9a7a-6758fec7fd31,1727222400000,
f42fb37d-18f4-49dd-8e13-f5add90ef5ca.binning_data.json,2024-09-26 15:50:52.216,2024-09-26 02:22:54.641,com.sec.android.app.shealth,-2,6990,1.3126721,5254.8003,276.75998,VfS0qUERdZ,com.sec.android.app.shealth,f42fb37d-18f4-49dd-8e13-f5add90ef5ca,1727308800000,
1273681b-309a-4601-b555-2cf0a422d464.binning_data.json,2024-09-26 18:30:05.686,2024-09-26 18:30:05.686,com.sec.android.app.shealth,0,6990,1.3126721,5254.8003,276.75998,US7nt0+2+q,com.sec.android.app.shealth,1273681b-309a-4601-b555-2cf0a422d464,1727308800000,
0094de38-e17e-4342-9734-6eb899a78760.binning_data.json,2024-09-27 16:31:15.392,2024-09-27 03:04:20.177,com.sec.android.app.shealth,-2,6914,1.2772787,5179.4697,273.16998,VfS0qUERdZ,com.sec.android.app.shealth,0094de38-e17e-4342-9734-6eb899a78760,1727395200000,
4e084829-2e0c-4146-9f33-79ba4697ce1b.binning_data.json,2024-09-27 18:30:05.118,2024-09-27 18:30:05.118,com.sec.android.app.shealth,0,6914,1.2772787,5179.4697,273.16998,US7nt0+2+q,com.sec.android.app.shealth,4e084829-2e0c-4146-9f33-79ba4697ce1b,1727395200000,
5549ec28-adee-4f9e-b55e-31d7444291bb.binning_data.json,2024-09-28 17:19:07.065,2024-09-28 03:30:43.528,com.sec.android.app.shealth,-2,6327,1.1544819,4655.22,248.26997,VfS0qUERdZ,com.sec.android.app.shealth,5549ec28-adee-4f9e-b55e-31d7444291bb,1727481600000,
6aac6d96-3d17-407f-88c9-12cb46170322.binning_data.json,2024-09-28 18:30:04.615,2024-09-28 18:30:04.615,com.sec.android.app.shealth,0,6327,1.1544819,4655.22,248.26997,US7nt0+2+q,com.sec.android.app.shealth,6aac6d96-3d17-407f-88c9-12cb46170322,1727481600000,
4d210b0d-48e5-4f49-a2db-298e5859330c.binning_data.json,2024-09-29 17:54:32.182,2024-09-29 03:26:40.851,com.sec.android.app.shealth,-2,5996,1.171792,4424.69,234.76,VfS0qUERdZ,com.sec.android.app.shealth,4d210b0d-48e5-4f49-a2db-298e5859330c,1727568000000,
db3a2cf6-7eff-4057-9090-0fd6983ad46f.binning_data.json,2024-09-29 18:30:07.850,2024-09-29 18:30:07.850,com.sec.android.app.shealth,0,5996,1.171792,4424.69,234.76,US7nt0+2+q,com.sec.android.app.shealth,db3a2cf6-7eff-4057-9090-0fd6983ad46f,1727568000000,
fd273651-8664-47df-872f-70a4b1a733cb.binning_data.json,2024-09-30 18:29:53.466,2024-09-30 01:24:22.919,com.sec.android.app.shealth,-2,4124,1.2935486,3097.97,160.72998,VfS0qUERdZ,com.sec.android.app.shealth,fd273651-8664-47df-872f-70a4b1a733cb,1727654400000,
5f5751bc-9c62-4f42-8264-3bd571235de9.binning_data.json,2024-09-30 18:30:07.144,2024-09-30 18:30:07.144,com.sec.android.app.shealth,0,4124,1.2935486,3097.97,160.72998,US7nt0+2+q,com.sec.android.app.shealth,5f5751bc-9c62-4f42-8264-3bd571235de9,1727654400000,
1c5644ac-b455-4ce1-9142-cafa4b4c0ffb.binning_data.json,2024-10-01 16:12:24.498,2024-09-30 18:31:43.179,com.sec.android.app.shealth,-2,5851,1.2455722,4375.8203,233.32996,VfS0qUERdZ,com.sec.android.app.shealth,1c5644ac-b455-4ce1-9142-cafa4b4c0ffb,1727740800000,
efb1c858-4095-45b5-b070-9c2f797a5c1a.binning_data.json,2024-10-01 18:30:08.470,2024-10-01 18:30:08.470,com.sec.android.app.shealth,0,5851,1.2455722,4375.8203,233.32996,US7nt0+2+q,com.sec.android.app.shealth,efb1c858-4095-45b5-b070-9c2f797a5c1a,1727740800000,
973a4eee-a40c-4b9c-bb16-2e254c1b38a8.binning_data.json,2024-10-02 16:04:53.199,2024-10-02 04:28:31.973,com.sec.android.app.shealth,-2,735,1.2898891,553.72003,28.229998,VfS0qUERdZ,com.sec.android.app.shealth,973a4eee-a40c-4b9c-bb16-2e254c1b38a8,1727827200000,
0c4933f6-ae9e-4999-ba5e-320ceea2b533.binning_data.json,2024-10-02 18:30:06.731,2024-10-02 18:30:06.731,com.sec.android.app.shealth,0,735,1.2898891,553.72003,28.229998,US7nt0+2+q,com.sec.android.app.shealth,0c4933f6-ae9e-4999-ba5e-320ceea2b533,1727827200000,
6b52a4a7-4efc-4cc2-9bb4-f056b27449d0.binning_data.json,2024-10-03 15:32:27.565,2024-10-03 02:39:15.530,com.sec.android.app.shealth,-2,3802,1.2622741,2840.2102,150.17996,VfS0qUERdZ,com.sec.android.app.shealth,6b52a4a7-4efc-4cc2-9bb4-f056b27449d0,1727913600000,
58c48e29-2316-4871-9a6a-410dc0c68ac2.binning_data.json,2024-10-03 18:30:06.190,2024-10-03 18:30:06.190,com.sec.android.app.shealth,0,3802,1.2622741,2840.2102,150.17996,US7nt0+2+q,com.sec.android.app.shealth,58c48e29-2316-4871-9a6a-410dc0c68ac2,1727913600000,
04a1b25a-d699-49f1-b02d-15433def1372.binning_data.json,2024-10-04 15:08:45.200,2024-10-04 01:06:43.407,com.sec.android.app.shealth,-2,4701,1.2643025,3515.39,183.48999,VfS0qUERdZ,com.sec.android.app.shealth,04a1b25a-d699-49f1-b02d-15433def1372,1728000000000,
75fd869a-b12e-476f-a6af-43136a64c1f8.binning_data.json,2024-10-04 18:30:03.505,2024-10-04 18:30:03.505,com.sec.android.app.shealth,0,4701,1.2643025,3515.39,183.48999,US7nt0+2+q,com.sec.android.app.shealth,75fd869a-b12e-476f-a6af-43136a64c1f8,1728000000000,
56ff747c-0f45-46ae-85c6-e896b9e8fd08.binning_data.json,2024-10-05 17:50:57.823,2024-10-05 05:03:07.315,com.sec.android.app.shealth,-2,1102,1.2442391,820.91,41.67,VfS0qUERdZ,com.sec.android.app.shealth,56ff747c-0f45-46ae-85c6-e896b9e8fd08,1728086400000,
700f696c-4176-4aff-ad94-07e8ce521cc5.binning_data.json,2024-10-05 18:30:10.473,2024-10-05 18:30:10.473,com.sec.android.app.shealth,0,1102,1.2442391,820.91,41.67,US7nt0+2+q,com.sec.android.app.shealth,700f696c-4176-4aff-ad94-07e8ce521cc5,1728086400000,
58028252-ff97-4916-bfd5-1a49523c50ce.binning_data.json,2024-10-06 17:15:02.703,2024-10-05 18:44:17.744,com.sec.android.app.shealth,-2,866,1.2378063,648.08,33.079998,VfS0qUERdZ,com.sec.android.app.shealth,58028252-ff97-4916-bfd5-1a49523c50ce,1728172800000,
6f8401c2-1b83-42d0-96e2-75f4efd6ae2c.binning_data.json,2024-10-06 18:30:05.991,2024-10-06 18:30:05.991,com.sec.android.app.shealth,0,866,1.2378063,648.08,33.079998,US7nt0+2+q,com.sec.android.app.shealth,6f8401c2-1b83-42d0-96e2-75f4efd6ae2c,1728172800000,
82622a40-1658-4741-a953-8167b92ff7b9.binning_data.json,2024-10-07 15:17:33.824,2024-10-07 00:52:16.475,com.sec.android.app.shealth,-2,4233,1.2673358,3176.83,166.59998,VfS0qUERdZ,com.sec.android.app.shealth,82622a40-1658-4741-a953-8167b92ff7b9,1728259200000,
827fa678-e14a-43c5-8f2f-670dfedd16a9.binning_data.json,2024-10-07 18:30:07.037,2024-10-07 18:30:07.037,com.sec.android.app.shealth,0,4233,1.2673358,3176.83,166.59998,US7nt0+2+q,com.sec.android.app.shealth,827fa678-e14a-43c5-8f2f-670dfedd16a9,1728259200000,
3f6dc7f0-df5d-428b-9c99-9cf5aad7462b.binning_data.json,2024-10-08 13:17:16.379,2024-10-07 18:47:14.498,com.sec.android.app.shealth,-2,7793,1.2273883,5798.88,306.99997,VfS0qUERdZ,com.sec.android.app.shealth,3f6dc7f0-df5d-428b-9c99-9cf5aad7462b,1728345600000,
ce2e1c3f-a082-4eb1-8d0d-9ba2f75fbe50.binning_data.json,2024-10-08 18:30:07.438,2024-10-08 18:30:07.438,com.sec.android.app.shealth,0,7793,1.2273883,5798.88,306.99997,US7nt0+2+q,com.sec.android.app.shealth,ce2e1c3f-a082-4eb1-8d0d-9ba2f75fbe50,1728345600000,
17965087-75c9-4e2d-acfd-ec87c71d4dfc.binning_data.json,2024-10-09 17:55:02.203,2024-10-09 03:37:21.649,com.sec.android.app.shealth,-2,10055,1.2863191,7542.4097,397.77994,VfS0qUERdZ,com.sec.android.app.shealth,17965087-75c9-4e2d-acfd-ec87c71d4dfc,1728432000000,
0a3c4216-1cac-4c29-bb97-d5597c9e0db2.binning_data.json,2024-10-09 18:30:04.576,2024-10-09 18:30:04.576,com.sec.android.app.shealth,0,10055,1.2863191,7542.4097,397.77994,US7nt0+2+q,com.sec.android.app.shealth,0a3c4216-1cac-4c29-bb97-d5597c9e0db2,1728432000000,
76adf643-5457-41ff-9709-250d85dcb3e3.binning_data.json,2024-10-10 18:11:26.960,2024-10-09 18:55:40.847,com.sec.android.app.shealth,-2,6763,1.3567973,5189.85,275.68997,VfS0qUERdZ,com.sec.android.app.shealth,76adf643-5457-41ff-9709-250d85dcb3e3,1728518400000,
74bd27b1-a2ed-489c-b733-fd90ed0e530d.binning_data.json,2024-10-10 18:30:05.457,2024-10-10 18:30:05.457,com.sec.android.app.shealth,0,6763,1.3567973,5189.85,275.68997,US7nt0+2+q,com.sec.android.app.shealth,74bd27b1-a2ed-489c-b733-fd90ed0e530d,1728518400000,
2f127ec1-59c0-465d-89f0-7112aee1c787.binning_data.json,2024-10-11 18:03:11.969,2024-10-10 19:13:50.161,com.sec.android.app.shealth,-2,6892,1.4369619,5323.4,265.49,VfS0qUERdZ,com.sec.android.app.shealth,2f127ec1-59c0-465d-89f0-7112aee1c787,1728604800000,
c6b978f2-f8ff-4bca-a419-249d571fb605.binning_data.json,2024-10-11 18:30:03.617,2024-10-11 18:30:03.617,com.sec.android.app.shealth,0,6892,1.4369619,5323.4,265.49,US7nt0+2+q,com.sec.android.app.shealth,c6b978f2-f8ff-4bca-a419-249d571fb605,1728604800000,
d21fe829-0653-4558-a8a0-64b66046f06b.binning_data.json,2024-10-12 18:20:51.744,2024-10-11 18:55:50.475,com.sec.android.app.shealth,-2,2483,1.241137,1856.9199,94.58,VfS0qUERdZ,com.sec.android.app.shealth,d21fe829-0653-4558-a8a0-64b66046f06b,1728691200000,
f45b8b2b-0168-4588-826f-8f2925cebb4a.binning_data.json,2024-10-12 18:30:04.193,2024-10-12 18:30:04.193,com.sec.android.app.shealth,0,2483,1.241137,1856.9199,94.58,US7nt0+2+q,com.sec.android.app.shealth,f45b8b2b-0168-4588-826f-8f2925cebb4a,1728691200000,
beace358-e476-44ec-b560-8a927ee49c96.binning_data.json,2024-10-13 17:35:03.283,2024-10-13 04:43:58.315,com.sec.android.app.shealth,-2,1917,1.2195368,1427.01,71.98,VfS0qUERdZ,com.sec.android.app.shealth,beace358-e476-44ec-b560-8a927ee49c96,1728777600000,
d7fbcb9e-34eb-4644-99db-695ecfb8b5be.binning_data.json,2024-10-13 18:30:04.386,2024-10-13 18:30:04.386,com.sec.android.app.shealth,0,1917,1.2195368,1427.01,71.98,US7nt0+2+q,com.sec.android.app.shealth,d7fbcb9e-34eb-4644-99db-695ecfb8b5be,1728777600000,
f53546d8-9f1a-4678-95f1-a8d95387a563.binning_data.json,2024-10-14 17:21:22.895,2024-10-13 21:23:11.909,com.sec.android.app.shealth,-2,6673,1.2628766,4991.25,263.77,VfS0qUERdZ,com.sec.android.app.shealth,f53546d8-9f1a-4678-95f1-a8d95387a563,1728864000000,
6378c9d2-4280-416e-abdf-1b67f777bfcb.binning_data.json,2024-10-14 18:30:03.751,2024-10-14 18:30:03.751,com.sec.android.app.shealth,0,6673,1.2628766,4991.25,263.77,US7nt0+2+q,com.sec.android.app.shealth,6378c9d2-4280-416e-abdf-1b67f777bfcb,1728864000000,
8ba2010d-6ac8-4c5b-8ba8-da6f4249e195.binning_data.json,2024-10-16 18:30:07.620,2024-10-15 02:48:09.437,com.sec.android.app.shealth,-2,8738,1.2403098,6518.7,343.49997,VfS0qUERdZ,com.sec.android.app.shealth,8ba2010d-6ac8-4c5b-8ba8-da6f4249e195,1728950400000,
e9c1edab-8d59-4004-8c9c-faf358b67a12.binning_data.json,2024-10-15 18:30:43.764,2024-10-15 18:30:17.619,com.sec.android.app.shealth,0,8738,1.2403098,6518.7,343.49997,US7nt0+2+q,com.sec.android.app.shealth,e9c1edab-8d59-4004-8c9c-faf358b67a12,1728950400000,
2e075572-cdc7-4423-b153-00924f49a3fd.binning_data.json,2024-10-16 16:26:25.447,2024-10-15 19:37:18.598,com.sec.android.app.shealth,-2,5013,1.2474444,3760.69,195.56999,VfS0qUERdZ,com.sec.android.app.shealth,2e075572-cdc7-4423-b153-00924f49a3fd,1729036800000,
420c16d8-6909-43ed-9d04-06450666a6c6.binning_data.json,2024-10-16 18:30:06.574,2024-10-16 18:30:06.574,com.sec.android.app.shealth,0,5013,1.2474444,3760.69,195.56999,US7nt0+2+q,com.sec.android.app.shealth,420c16d8-6909-43ed-9d04-06450666a6c6,1729036800000,
4ef4e560-f302-48a1-9cea-b131bc3f26f1.binning_data.json,2024-10-17 17:56:49.465,2024-10-16 18:32:23.919,com.sec.android.app.shealth,-2,5150,1.283393,3895.95,201.04,VfS0qUERdZ,com.sec.android.app.shealth,4ef4e560-f302-48a1-9cea-b131bc3f26f1,1729123200000,
7e2aa2f5-ae57-4795-8fa5-74a1ee38f846.binning_data.json,2024-10-17 18:30:03.071,2024-10-17 18:30:03.071,com.sec.android.app.shealth,0,5150,1.283393,3895.95,201.04,US7nt0+2+q,com.sec.android.app.shealth,7e2aa2f5-ae57-4795-8fa5-74a1ee38f846,1729123200000,
80505627-67bb-4fad-bf6d-0478d7afff7e.binning_data.json,2024-10-18 18:04:59.077,2024-10-18 02:39:16.515,com.sec.android.app.shealth,-2,3155,1.1471643,2319.92,121.65999,VfS0qUERdZ,com.sec.android.app.shealth,80505627-67bb-4fad-bf6d-0478d7afff7e,1729209600000,
60896c0a-6142-4319-b5f5-24e8ade17f41.binning_data.json,2024-10-18 18:30:06.208,2024-10-18 18:30:06.208,com.sec.android.app.shealth,0,3155,1.1471643,2319.92,121.65999,US7nt0+2+q,com.sec.android.app.shealth,60896c0a-6142-4319-b5f5-24e8ade17f41,1729209600000,
a4f794a5-6091-4fa9-845a-320726e57d49.binning_data.json,2024-10-19 17:52:44.174,2024-10-18 19:02:35.922,com.sec.android.app.shealth,-2,5528,1.3396647,4256.02,224.24998,VfS0qUERdZ,com.sec.android.app.shealth,a4f794a5-6091-4fa9-845a-320726e57d49,1729296000000,
5ee2bb1b-9b3a-4ae2-85d0-6951951b971b.binning_data.json,2024-10-19 18:30:05.262,2024-10-19 18:30:05.262,com.sec.android.app.shealth,0,5528,1.3396647,4256.02,224.24998,US7nt0+2+q,com.sec.android.app.shealth,5ee2bb1b-9b3a-4ae2-85d0-6951951b971b,1729296000000,
1073d965-94f1-4d50-94c6-c466b4bf0ce7.binning_data.json,2024-10-20 18:28:59.958,2024-10-20 02:35:05.439,com.sec.android.app.shealth,-2,6113,1.2955539,4646.37,236.8,VfS0qUERdZ,com.sec.android.app.shealth,1073d965-94f1-4d50-94c6-c466b4bf0ce7,1729382400000,
31e98538-abb1-4152-8b7e-4e32bd12e9a9.binning_data.json,2024-10-20 18:30:05.008,2024-10-20 18:30:05.008,com.sec.android.app.shealth,0,6113,1.2955539,4646.37,236.8,US7nt0+2+q,com.sec.android.app.shealth,31e98538-abb1-4152-8b7e-4e32bd12e9a9,1729382400000,
d1a1cd9b-76c5-4ef1-8bd8-fbc2db2ba598.binning_data.json,2024-10-21 16:49:58.825,2024-10-20 18:33:03.919,com.sec.android.app.shealth,-2,8577,1.2362094,6405.9697,335.72998,VfS0qUERdZ,com.sec.android.app.shealth,d1a1cd9b-76c5-4ef1-8bd8-fbc2db2ba598,1729468800000,
877c28ca-c8dd-459f-8e24-bd806dab03ca.binning_data.json,2024-10-21 18:30:06.111,2024-10-21 18:30:06.111,com.sec.android.app.shealth,0,8577,1.2362094,6405.9697,335.72998,US7nt0+2+q,com.sec.android.app.shealth,877c28ca-c8dd-459f-8e24-bd806dab03ca,1729468800000,
f217e921-6d6e-40cd-986c-72082199440e.binning_data.json,2024-10-22 12:08:47.211,2024-10-22 02:24:27.519,com.sec.android.app.shealth,-2,6124,1.2604177,4569.09,242.25998,VfS0qUERdZ,com.sec.android.app.shealth,f217e921-6d6e-40cd-986c-72082199440e,1729555200000,
a1b8b0cf-f11c-417d-a593-9f4eba66af96.binning_data.json,2024-10-23 15:55:01.719,2024-10-23 02:43:44.141,com.sec.android.app.shealth,-2,3937,1.2690551,2943.86,155.21999,VfS0qUERdZ,com.sec.android.app.shealth,a1b8b0cf-f11c-417d-a593-9f4eba66af96,1729641600000,
0dadfdd4-e99d-474c-84e5-a9a1fd476b2d.binning_data.json,2024-10-23 18:30:05.297,2024-10-23 18:30:05.297,com.sec.android.app.shealth,0,3937,1.2690551,2943.86,155.21999,US7nt0+2+q,com.sec.android.app.shealth,0dadfdd4-e99d-474c-84e5-a9a1fd476b2d,1729641600000,
7893c086-2393-44e6-a063-f2c028408b5d.binning_data.json,2024-10-24 15:56:53.222,2024-10-24 02:55:01.651,com.sec.android.app.shealth,-2,6301,1.3115469,4737.54,249.27998,VfS0qUERdZ,com.sec.android.app.shealth,7893c086-2393-44e6-a063-f2c028408b5d,1729728000000,
74b86a06-8970-4599-8e96-93661fb71230.binning_data.json,2024-10-24 18:30:03.233,2024-10-24 10:32:37.856,com.sec.android.app.shealth,0,6301,1.3115469,4737.54,249.27998,US7nt0+2+q,com.sec.android.app.shealth,74b86a06-8970-4599-8e96-93661fb71230,1729728000000,
f1285d7e-f063-419d-823a-066bb8a1d5f5.binning_data.json,2024-10-25 16:23:12.382,2024-10-25 02:12:32.185,com.sec.android.app.shealth,-2,7923,1.3271308,6069.77,321.31995,VfS0qUERdZ,com.sec.android.app.shealth,f1285d7e-f063-419d-823a-066bb8a1d5f5,1729814400000,
77563c47-fc46-4ad2-b7b5-2113ce5584d7.binning_data.json,2024-10-25 18:30:04.096,2024-10-25 18:30:04.096,com.sec.android.app.shealth,0,7923,1.3271308,6069.77,321.31995,US7nt0+2+q,com.sec.android.app.shealth,77563c47-fc46-4ad2-b7b5-2113ce5584d7,1729814400000,
68603281-5c19-4ea8-bcfb-26aeedd85079.binning_data.json,2024-10-26 18:20:30.893,2024-10-26 03:22:22.295,com.sec.android.app.shealth,-2,2306,1.4236253,1763.52,90.819984,VfS0qUERdZ,com.sec.android.app.shealth,68603281-5c19-4ea8-bcfb-26aeedd85079,1729900800000,
c31bd8b0-0e6f-4c6c-9d18-81c11d00344b.binning_data.json,2024-10-26 18:30:05.696,2024-10-26 18:30:05.696,com.sec.android.app.shealth,0,2306,1.4236253,1763.52,90.819984,US7nt0+2+q,com.sec.android.app.shealth,c31bd8b0-0e6f-4c6c-9d18-81c11d00344b,1729900800000,
c6e5f395-a49f-41ac-ba2c-eff5d487120a.binning_data.json,2024-10-27 15:40:15.131,2024-10-27 04:07:31.326,com.sec.android.app.shealth,-2,722,1.3535705,547.61,28.05,VfS0qUERdZ,com.sec.android.app.shealth,c6e5f395-a49f-41ac-ba2c-eff5d487120a,1729987200000,
9b52f016-d710-4a6f-89e7-29f2977e2a94.binning_data.json,2024-10-27 18:30:03.226,2024-10-27 18:30:03.226,com.sec.android.app.shealth,0,722,1.3535705,547.61,28.05,US7nt0+2+q,com.sec.android.app.shealth,9b52f016-d710-4a6f-89e7-29f2977e2a94,1729987200000,
2d5d0dfc-3a68-4000-b81c-a28aab0434ab.binning_data.json,2024-10-28 18:30:06.420,2024-10-28 03:14:13.303,com.sec.android.app.shealth,-2,4851,1.2679232,3627.01,190.96999,VfS0qUERdZ,com.sec.android.app.shealth,2d5d0dfc-3a68-4000-b81c-a28aab0434ab,1730073600000,
1b825d58-3780-4f9a-9747-54f3c140f71d.binning_data.json,2024-10-28 18:30:03.920,2024-10-28 18:30:03.920,com.sec.android.app.shealth,0,4851,1.2679232,3627.01,190.96999,US7nt0+2+q,com.sec.android.app.shealth,1b825d58-3780-4f9a-9747-54f3c140f71d,1730073600000,
8a37768e-ad5b-40ef-8afa-cdb44bebc5b1.binning_data.json,2024-10-29 18:18:48.787,2024-10-28 19:35:08.744,com.sec.android.app.shealth,-2,5879,1.2818168,4415.0703,232.15996,VfS0qUERdZ,com.sec.android.app.shealth,8a37768e-ad5b-40ef-8afa-cdb44bebc5b1,1730160000000,
58f84dc6-3c74-4899-ab2a-926ec6ec48b1.binning_data.json,2024-10-29 18:30:04.485,2024-10-29 18:30:04.485,com.sec.android.app.shealth,0,5879,1.2818168,4415.0703,232.15996,US7nt0+2+q,com.sec.android.app.shealth,58f84dc6-3c74-4899-ab2a-926ec6ec48b1,1730160000000,
7876627e-5b5f-42b0-8f66-2c71c4893d2b.binning_data.json,2024-10-30 18:29:55.701,2024-10-30 02:57:24.645,com.sec.android.app.shealth,-2,5769,1.2973092,4331.74,227.24998,VfS0qUERdZ,com.sec.android.app.shealth,7876627e-5b5f-42b0-8f66-2c71c4893d2b,1730246400000,
c3da8509-7d80-40c2-a054-bf3201f82de0.binning_data.json,2024-10-30 18:30:04.368,2024-10-30 18:30:04.368,com.sec.android.app.shealth,0,5769,1.2973092,4331.74,227.24998,US7nt0+2+q,com.sec.android.app.shealth,c3da8509-7d80-40c2-a054-bf3201f82de0,1730246400000,
eddfc4b3-5bd1-46a8-a6d7-6bc9895bf38e.binning_data.json,2024-10-31 18:28:55.193,2024-10-30 18:35:07.722,com.sec.android.app.shealth,-2,8275,1.2331916,6168.4697,317.57,VfS0qUERdZ,com.sec.android.app.shealth,eddfc4b3-5bd1-46a8-a6d7-6bc9895bf38e,1730332800000,
af00aeb7-f2a6-4b4d-9254-34adbe6b58c8.binning_data.json,2024-10-31 18:30:01.312,2024-10-31 18:30:01.312,com.sec.android.app.shealth,0,8275,1.2331916,6168.4697,317.57,US7nt0+2+q,com.sec.android.app.shealth,af00aeb7-f2a6-4b4d-9254-34adbe6b58c8,1730332800000,
04524bcb-ac75-4d96-8b28-4624cf735631.binning_data.json,2024-11-01 18:21:36.509,2024-11-01 01:32:41.030,com.sec.android.app.shealth,-2,7356,1.2632279,5523.53,282.13998,VfS0qUERdZ,com.sec.android.app.shealth,04524bcb-ac75-4d96-8b28-4624cf735631,1730419200000,
6c5f7e4d-246e-4c59-ad06-42365f2a9b6e.binning_data.json,2024-11-01 18:30:05.603,2024-11-01 18:30:05.603,com.sec.android.app.shealth,0,7356,1.2632279,5523.53,282.13998,US7nt0+2+q,com.sec.android.app.shealth,6c5f7e4d-246e-4c59-ad06-42365f2a9b6e,1730419200000,
061d66f0-ab58-44a1-ad15-4f1763be1f14.binning_data.json,2024-11-02 18:14:25.701,2024-11-02 02:19:57.305,com.sec.android.app.shealth,-2,4638,1.2870759,3530.08,181.35,VfS0qUERdZ,com.sec.android.app.shealth,061d66f0-ab58-44a1-ad15-4f1763be1f14,1730505600000,
80041eae-b743-4195-8da7-92678eca3be9.binning_data.json,2024-11-02 18:30:08.970,2024-11-02 18:30:08.970,com.sec.android.app.shealth,0,4638,1.2870759,3530.08,181.35,US7nt0+2+q,com.sec.android.app.shealth,80041eae-b743-4195-8da7-92678eca3be9,1730505600000,
a149808d-4fac-4ea7-9d45-7cde740019ea.binning_data.json,2024-11-04 18:30:08.607,2024-11-02 19:23:29.408,com.sec.android.app.shealth,-2,3461,1.3710897,2643.1199,132.93,VfS0qUERdZ,com.sec.android.app.shealth,a149808d-4fac-4ea7-9d45-7cde740019ea,1730592000000,
a20692ec-7ddc-47fd-a56f-f3b483aadba8.binning_data.json,2024-11-03 18:36:05.517,2024-11-03 18:30:04.768,com.sec.android.app.shealth,0,3461,1.3710897,2643.1199,132.93,US7nt0+2+q,com.sec.android.app.shealth,a20692ec-7ddc-47fd-a56f-f3b483aadba8,1730592000000,
a1ebbcc8-5136-4caf-8690-53a210e3ac88.binning_data.json,2024-11-04 18:28:21.940,2024-11-03 18:35:52.829,com.sec.android.app.shealth,-2,5173,1.2341342,3851.53,198.73,VfS0qUERdZ,com.sec.android.app.shealth,a1ebbcc8-5136-4caf-8690-53a210e3ac88,1730678400000,
38075b2c-8c16-4d99-9457-f2605a10f076.binning_data.json,2024-11-04 18:30:05.593,2024-11-03 18:36:05.508,com.sec.android.app.shealth,0,5173,1.2341342,3851.53,198.73,US7nt0+2+q,com.sec.android.app.shealth,38075b2c-8c16-4d99-9457-f2605a10f076,1730678400000,
f325afdd-7d9f-44cc-8543-6240607b9bfb.binning_data.json,2024-11-05 14:41:55.308,2024-11-05 01:54:44.629,com.sec.android.app.shealth,-2,3954,1.2395732,2948.1702,156.45999,VfS0qUERdZ,com.sec.android.app.shealth,f325afdd-7d9f-44cc-8543-6240607b9bfb,1730764800000,
f61c7dff-a869-44c8-b05b-2b493ef10bfe.binning_data.json,2024-11-05 18:30:04.996,2024-11-05 18:30:04.996,com.sec.android.app.shealth,0,3954,1.2395732,2948.1702,156.45999,US7nt0+2+q,com.sec.android.app.shealth,f61c7dff-a869-44c8-b05b-2b493ef10bfe,1730764800000,
8efc878d-b36c-4bce-a6a0-9dd68e853eab.binning_data.json,2024-11-06 15:55:02.484,2024-11-06 03:27:19.834,com.sec.android.app.shealth,-2,352,1.4279528,270.75003,13.659998,VfS0qUERdZ,com.sec.android.app.shealth,8efc878d-b36c-4bce-a6a0-9dd68e853eab,1730851200000,
d1888aa3-d858-4d09-ac17-48f045499916.binning_data.json,2024-11-06 18:30:03.815,2024-11-06 18:30:03.815,com.sec.android.app.shealth,0,352,1.4279528,270.75003,13.659998,US7nt0+2+q,com.sec.android.app.shealth,d1888aa3-d858-4d09-ac17-48f045499916,1730851200000,
5ae8b844-d4d0-48e2-a87a-9b95517ec8cb.binning_data.json,2024-11-07 16:08:46.763,2024-11-07 01:07:40.731,com.sec.android.app.shealth,-2,6890,1.1611062,5068.4697,271.35995,VfS0qUERdZ,com.sec.android.app.shealth,5ae8b844-d4d0-48e2-a87a-9b95517ec8cb,1730937600000,
c4feb28d-35de-425e-9c90-c7e0812525b2.binning_data.json,2024-11-07 18:30:07.478,2024-11-07 18:30:07.478,com.sec.android.app.shealth,0,6890,1.1611062,5068.4697,271.35995,US7nt0+2+q,com.sec.android.app.shealth,c4feb28d-35de-425e-9c90-c7e0812525b2,1730937600000,
acb488b1-4631-4bd5-af10-f01df52edc74.binning_data.json,2024-11-08 16:20:44.816,2024-11-08 02:53:42.119,com.sec.android.app.shealth,-2,5324,1.3310006,4020.8098,209.90994,VfS0qUERdZ,com.sec.android.app.shealth,acb488b1-4631-4bd5-af10-f01df52edc74,1731024000000,
966a247b-c263-49b8-b79b-f9ceafd905be.binning_data.json,2024-11-08 18:30:08.497,2024-11-08 18:30:08.497,com.sec.android.app.shealth,0,5324,1.3310006,4020.8098,209.90994,US7nt0+2+q,com.sec.android.app.shealth,966a247b-c263-49b8-b79b-f9ceafd905be,1731024000000,
cc6416be-183b-440c-8cd6-870012cbc9f8.binning_data.json,2024-11-09 17:50:43.821,2024-11-09 05:28:40.316,com.sec.android.app.shealth,-2,609,1.2730657,459.36002,24.029999,VfS0qUERdZ,com.sec.android.app.shealth,cc6416be-183b-440c-8cd6-870012cbc9f8,1731110400000,
79afa72f-55a6-481d-8358-0d618a176c36.binning_data.json,2024-11-09 18:30:05.218,2024-11-09 18:30:05.218,com.sec.android.app.shealth,0,609,1.2730657,459.36002,24.029999,US7nt0+2+q,com.sec.android.app.shealth,79afa72f-55a6-481d-8358-0d618a176c36,1731110400000,
e1435f7a-a65a-422d-891c-9cb306f3c70b.binning_data.json,2024-11-10 18:02:28.479,2024-11-10 03:33:08.980,com.sec.android.app.shealth,-2,809,1.2857739,606.74,31.009998,VfS0qUERdZ,com.sec.android.app.shealth,e1435f7a-a65a-422d-891c-9cb306f3c70b,1731196800000,
924b2029-b485-4ad9-9829-0147c1b57485.binning_data.json,2024-11-10 18:30:00.838,2024-11-10 18:30:00.838,com.sec.android.app.shealth,0,809,1.2857739,606.74,31.009998,US7nt0+2+q,com.sec.android.app.shealth,924b2029-b485-4ad9-9829-0147c1b57485,1731196800000,
4a3c1598-8085-43e8-9dff-f22abc165c44.binning_data.json,2024-11-11 16:45:47.654,2024-11-11 02:26:46.729,com.sec.android.app.shealth,-2,9034,1.2977039,6789.57,357.17993,VfS0qUERdZ,com.sec.android.app.shealth,4a3c1598-8085-43e8-9dff-f22abc165c44,1731283200000,
d110877b-4c9e-4384-aef4-12c8f379d18a.binning_data.json,2024-11-11 18:30:06.480,2024-11-11 18:30:06.480,com.sec.android.app.shealth,0,9034,1.2977039,6789.57,357.17993,US7nt0+2+q,com.sec.android.app.shealth,d110877b-4c9e-4384-aef4-12c8f379d18a,1731283200000,
ebf04a93-4dcf-4c1d-bcd8-7037119e42a8.binning_data.json,2024-11-12 18:30:05.762,2024-11-12 01:47:28.668,com.sec.android.app.shealth,-2,2919,1.3125589,2200.23,115.88998,VfS0qUERdZ,com.sec.android.app.shealth,ebf04a93-4dcf-4c1d-bcd8-7037119e42a8,1731369600000,
91fcf191-9374-4963-b468-196a7503a52c.binning_data.json,2024-11-12 18:30:04.005,2024-11-12 18:30:04.005,com.sec.android.app.shealth,0,2919,1.3125589,2200.23,115.88998,US7nt0+2+q,com.sec.android.app.shealth,91fcf191-9374-4963-b468-196a7503a52c,1731369600000,
1abd3e6b-8b6a-4151-8c1b-4bfc4b66ab9e.binning_data.json,2024-11-13 13:44:49.827,2024-11-13 02:40:36.077,com.sec.android.app.shealth,-2,5290,1.2365834,3939.9,208.94998,VfS0qUERdZ,com.sec.android.app.shealth,1abd3e6b-8b6a-4151-8c1b-4bfc4b66ab9e,1731456000000,
4ef85cf6-e7da-436b-9389-eb90f00a760a.binning_data.json,2024-11-13 18:30:03.345,2024-11-13 18:30:03.345,com.sec.android.app.shealth,0,5290,1.2365834,3939.9,208.94998,US7nt0+2+q,com.sec.android.app.shealth,4ef85cf6-e7da-436b-9389-eb90f00a760a,1731456000000,
b37f42e1-ad2c-4b58-bac9-6bcd38653613.binning_data.json,2024-11-14 16:50:29.179,2024-11-13 23:38:56.839,com.sec.android.app.shealth,-2,16188,1.2817659,12125.04,643.2899,VfS0qUERdZ,com.sec.android.app.shealth,b37f42e1-ad2c-4b58-bac9-6bcd38653613,1731542400000,
688f5a39-f691-436f-ad3e-77ec5319199d.binning_data.json,2024-11-14 18:30:08.790,2024-11-14 18:30:08.790,com.sec.android.app.shealth,0,16188,1.2817659,12125.04,643.2899,US7nt0+2+q,com.sec.android.app.shealth,688f5a39-f691-436f-ad3e-77ec5319199d,1731542400000,
a3f6257e-6cea-463b-8376-844ff348ed21.binning_data.json,2024-11-15 17:52:09.475,2024-11-14 23:44:51.980,com.sec.android.app.shealth,-2,498,1.3087958,374.71002,19.119999,VfS0qUERdZ,com.sec.android.app.shealth,a3f6257e-6cea-463b-8376-844ff348ed21,1731628800000,
6e40d20c-f900-45ef-9c4d-b7d2f168542c.binning_data.json,2024-11-15 18:30:05.889,2024-11-15 18:30:05.889,com.sec.android.app.shealth,0,498,1.3087958,374.71002,19.119999,US7nt0+2+q,com.sec.android.app.shealth,6e40d20c-f900-45ef-9c4d-b7d2f168542c,1731628800000,
9467abe6-fe8f-4e85-8b83-3ce6375a2cb9.binning_data.json,2024-11-16 18:14:23.532,2024-11-16 03:42:59.213,com.sec.android.app.shealth,-2,6430,1.271329,4824.82,252.70996,VfS0qUERdZ,com.sec.android.app.shealth,9467abe6-fe8f-4e85-8b83-3ce6375a2cb9,1731715200000,
d8df5a13-ed14-483e-b973-f7af48470131.binning_data.json,2024-11-16 18:30:05.620,2024-11-16 18:30:05.620,com.sec.android.app.shealth,0,6430,1.271329,4824.82,252.70996,US7nt0+2+q,com.sec.android.app.shealth,d8df5a13-ed14-483e-b973-f7af48470131,1731715200000,
f4e9d362-7b21-4f0a-98eb-6e8f3c62d79d.binning_data.json,2024-11-17 18:16:46.948,2024-11-16 23:11:20.258,com.sec.android.app.shealth,-2,18587,1.2196441,13806.73,732.18994,VfS0qUERdZ,com.sec.android.app.shealth,f4e9d362-7b21-4f0a-98eb-6e8f3c62d79d,1731801600000,
ae09f869-df07-4377-93c3-951bf4cc7eda.binning_data.json,2024-11-17 18:30:05.022,2024-11-17 18:30:05.022,com.sec.android.app.shealth,0,18587,1.2196441,13806.73,732.18994,US7nt0+2+q,com.sec.android.app.shealth,ae09f869-df07-4377-93c3-951bf4cc7eda,1731801600000,
d7787e80-1ee6-430e-8e3e-84488a44e546.binning_data.json,2024-11-18 15:19:30.850,2024-11-17 18:37:24.516,com.sec.android.app.shealth,-2,2791,1.3747888,2118.3599,110.04999,VfS0qUERdZ,com.sec.android.app.shealth,d7787e80-1ee6-430e-8e3e-84488a44e546,1731888000000,
6a3d771a-5f25-476c-a849-c22f1aabbc33.binning_data.json,2024-11-18 18:30:05.272,2024-11-18 18:30:05.272,com.sec.android.app.shealth,0,2791,1.3747888,2118.3599,110.04999,US7nt0+2+q,com.sec.android.app.shealth,6a3d771a-5f25-476c-a849-c22f1aabbc33,1731888000000,
1ee1f9f3-5566-4e59-97fa-df38ea67c018.binning_data.json,2024-11-19 05:27:10.712,2024-11-18 22:42:47.414,com.sec.android.app.shealth,-2,3586,1.2584668,2675.64,141.11998,VfS0qUERdZ,com.sec.android.app.shealth,1ee1f9f3-5566-4e59-97fa-df38ea67c018,1731974400000,
b9f23b4e-a34a-4018-87c1-49bb8ed85fac.binning_data.json,2024-11-19 18:30:05.281,2024-11-19 18:30:05.281,com.sec.android.app.shealth,0,3586,1.2584668,2675.64,141.11998,US7nt0+2+q,com.sec.android.app.shealth,b9f23b4e-a34a-4018-87c1-49bb8ed85fac,1731974400000,
fc5f27d4-30b5-4d04-ac0c-7bf8de2ce0a9.binning_data.json,2024-11-20 17:58:28.835,2024-11-20 02:19:16.534,com.sec.android.app.shealth,-2,14167,1.2490356,10618.69,563.42993,VfS0qUERdZ,com.sec.android.app.shealth,fc5f27d4-30b5-4d04-ac0c-7bf8de2ce0a9,1732060800000,
99db8443-ef66-4467-a605-edbdd709d168.binning_data.json,2024-11-20 18:30:03.296,2024-11-20 18:30:03.296,com.sec.android.app.shealth,0,14167,1.2490356,10618.69,563.42993,US7nt0+2+q,com.sec.android.app.shealth,99db8443-ef66-4467-a605-edbdd709d168,1732060800000,
db4905c7-6d39-4bd1-9168-29d1e27f12be.binning_data.json,2024-11-21 17:32:19.727,2024-11-21 01:19:29.132,com.sec.android.app.shealth,-2,9657,1.2801495,7235.83,381.96997,VfS0qUERdZ,com.sec.android.app.shealth,db4905c7-6d39-4bd1-9168-29d1e27f12be,1732147200000,
c9a6ff69-60cf-4947-a04b-e39b369f4573.binning_data.json,2024-11-21 18:30:04.825,2024-11-21 18:30:04.825,com.sec.android.app.shealth,0,9657,1.2801495,7235.83,381.96997,US7nt0+2+q,com.sec.android.app.shealth,c9a6ff69-60cf-4947-a04b-e39b369f4573,1732147200000,
af9b1f96-ca80-4916-9fb7-08a2aa3bb19f.binning_data.json,2024-11-22 18:30:10.737,2024-11-22 01:44:30.026,com.sec.android.app.shealth,-2,13388,1.3437933,10159.31,531.60986,VfS0qUERdZ,com.sec.android.app.shealth,af9b1f96-ca80-4916-9fb7-08a2aa3bb19f,1732233600000,
b2f60891-5de6-4578-8b4e-f24bd3661b7b.binning_data.json,2024-11-22 18:30:05.526,2024-11-22 18:30:05.526,com.sec.android.app.shealth,0,13388,1.3437933,10159.31,531.60986,US7nt0+2+q,com.sec.android.app.shealth,b2f60891-5de6-4578-8b4e-f24bd3661b7b,1732233600000,
3f440ac8-39ef-405e-9b6c-f94e403e403c.binning_data.json,2024-11-23 18:19:49.686,2024-11-22 18:44:43.629,com.sec.android.app.shealth,-2,3666,1.214286,2753.05,141.91,VfS0qUERdZ,com.sec.android.app.shealth,3f440ac8-39ef-405e-9b6c-f94e403e403c,1732320000000,
babc2a6c-f706-4d6f-9ce6-2f3efd2eb48d.binning_data.json,2024-11-23 18:30:07.507,2024-11-23 18:30:07.507,com.sec.android.app.shealth,0,3666,1.214286,2753.05,141.91,US7nt0+2+q,com.sec.android.app.shealth,babc2a6c-f706-4d6f-9ce6-2f3efd2eb48d,1732320000000,
fef8cf1d-f780-436b-8bd6-ac4c01999eb5.binning_data.json,2024-11-24 18:30:05.175,2024-11-24 01:28:57.262,com.sec.android.app.shealth,-2,2767,1.3105364,2098.79,107.67,VfS0qUERdZ,com.sec.android.app.shealth,fef8cf1d-f780-436b-8bd6-ac4c01999eb5,1732406400000,
2d167f9b-5549-4b56-92fb-09b790b37119.binning_data.json,2024-11-24 18:30:04.558,2024-11-24 18:30:04.558,com.sec.android.app.shealth,0,2767,1.3105364,2098.79,107.67,US7nt0+2+q,com.sec.android.app.shealth,2d167f9b-5549-4b56-92fb-09b790b37119,1732406400000,
0431d756-15e2-4eed-8746-91ad81cf8a60.binning_data.json,2024-11-25 17:46:47.875,2024-11-25 02:05:26.165,com.sec.android.app.shealth,-2,2351,1.3153478,1786.36,90.63,VfS0qUERdZ,com.sec.android.app.shealth,0431d756-15e2-4eed-8746-91ad81cf8a60,1732492800000,
a9a696fb-194a-4a75-88fb-8ea72a791b27.binning_data.json,2024-11-25 18:30:02.807,2024-11-25 18:30:02.807,com.sec.android.app.shealth,0,2351,1.3153478,1786.36,90.63,US7nt0+2+q,com.sec.android.app.shealth,a9a696fb-194a-4a75-88fb-8ea72a791b27,1732492800000,
40afa497-78f1-4d02-b015-ae4e00762de0.binning_data.json,2024-11-26 16:22:43.781,2024-11-26 02:19:47.181,com.sec.android.app.shealth,-2,1598,1.287119,1201.96,61.109997,VfS0qUERdZ,com.sec.android.app.shealth,40afa497-78f1-4d02-b015-ae4e00762de0,1732579200000,
3e26040b-49d7-4ee6-b59b-5c8b618e59b4.binning_data.json,2024-11-26 18:30:00.898,2024-11-26 18:30:00.898,com.sec.android.app.shealth,0,1598,1.287119,1201.96,61.109997,US7nt0+2+q,com.sec.android.app.shealth,3e26040b-49d7-4ee6-b59b-5c8b618e59b4,1732579200000,
39d8c1fd-f5f3-4cfd-b4e2-ffa06b637248.binning_data.json,2024-11-27 17:17:03.110,2024-11-27 02:07:51.224,com.sec.android.app.shealth,-2,1332,1.2596326,1001.94995,51.829994,VfS0qUERdZ,com.sec.android.app.shealth,39d8c1fd-f5f3-4cfd-b4e2-ffa06b637248,1732665600000,
ac80adbc-10f7-477b-bba4-0f4d5c32006f.binning_data.json,2024-11-27 18:30:04.985,2024-11-27 18:30:04.985,com.sec.android.app.shealth,0,1332,1.2596326,1001.94995,51.829994,US7nt0+2+q,com.sec.android.app.shealth,ac80adbc-10f7-477b-bba4-0f4d5c32006f,1732665600000,
23263cba-3a17-40a5-b965-be2af2631e47.binning_data.json,2024-11-28 17:30:38.487,2024-11-28 02:03:19.807,com.sec.android.app.shealth,-2,3070,1.3671529,2391.1401,124.21999,VfS0qUERdZ,com.sec.android.app.shealth,23263cba-3a17-40a5-b965-be2af2631e47,1732752000000,
715ccb01-7365-432a-99b7-3ee32bbed44b.binning_data.json,2024-11-28 18:30:07.365,2024-11-28 18:30:07.365,com.sec.android.app.shealth,0,3070,1.3671529,2391.1401,124.21999,US7nt0+2+q,com.sec.android.app.shealth,715ccb01-7365-432a-99b7-3ee32bbed44b,1732752000000,
ba4e5d6b-69e6-40cb-8a7b-227e7a3c6e9b.binning_data.json,2024-11-29 17:21:25.972,2024-11-28 19:15:22.383,com.sec.android.app.shealth,-2,2556,1.354025,1968.37,100.75,VfS0qUERdZ,com.sec.android.app.shealth,ba4e5d6b-69e6-40cb-8a7b-227e7a3c6e9b,1732838400000,
79d2f95f-8b07-4b0c-8f7a-cbfa7acaf895.binning_data.json,2024-11-29 18:30:05.280,2024-11-29 18:30:05.280,com.sec.android.app.shealth,0,2556,1.354025,1968.37,100.75,US7nt0+2+q,com.sec.android.app.shealth,79d2f95f-8b07-4b0c-8f7a-cbfa7acaf895,1732838400000,
4960860b-3d24-4675-9c46-df3876364bb4.binning_data.json,2024-11-30 17:23:58.424,2024-11-30 02:32:40.266,com.sec.android.app.shealth,-2,1181,1.396807,918.69,47.449993,VfS0qUERdZ,com.sec.android.app.shealth,4960860b-3d24-4675-9c46-df3876364bb4,1732924800000,
1983494a-fdd0-4da9-9f00-3e5a4385e8fa.binning_data.json,2024-11-30 18:30:05.041,2024-11-30 18:30:05.041,com.sec.android.app.shealth,0,1181,1.396807,918.69,47.449993,US7nt0+2+q,com.sec.android.app.shealth,1983494a-fdd0-4da9-9f00-3e5a4385e8fa,1732924800000,
5561612b-62bd-4d94-9606-ddb7cb5e85d8.binning_data.json,2024-12-01 18:16:25.928,2024-12-01 03:49:28.827,com.sec.android.app.shealth,-2,3155,1.335944,2408.86,121.82,VfS0qUERdZ,com.sec.android.app.shealth,5561612b-62bd-4d94-9606-ddb7cb5e85d8,1733011200000,
57a9e932-ffa4-40cf-99b7-ae755342d597.binning_data.json,2024-12-01 18:30:05.556,2024-12-01 18:30:05.556,com.sec.android.app.shealth,0,3155,1.335944,2408.86,121.82,US7nt0+2+q,com.sec.android.app.shealth,57a9e932-ffa4-40cf-99b7-ae755342d597,1733011200000,
75558d2c-93df-4a50-ac2b-4ab5c6b2a73e.binning_data.json,2024-12-02 14:59:57.627,2024-12-01 18:35:06.647,com.sec.android.app.shealth,-2,4576,1.2855303,3438.4802,179.71999,VfS0qUERdZ,com.sec.android.app.shealth,75558d2c-93df-4a50-ac2b-4ab5c6b2a73e,1733097600000,
0d746ffa-9f27-42a4-b4df-3ff183553d9e.binning_data.json,2024-12-02 18:30:09.280,2024-12-02 18:30:09.280,com.sec.android.app.shealth,0,4576,1.2855303,3438.4802,179.71999,US7nt0+2+q,com.sec.android.app.shealth,0d746ffa-9f27-42a4-b4df-3ff183553d9e,1733097600000,
c368d1ee-4d03-494c-a4cf-51b73deeb0e0.binning_data.json,2024-12-03 17:37:19.180,2024-12-03 01:03:21.877,com.sec.android.app.shealth,-2,3470,1.277624,2586.66,136.06999,VfS0qUERdZ,com.sec.android.app.shealth,c368d1ee-4d03-494c-a4cf-51b73deeb0e0,1733184000000,
143c88ac-15d2-4105-a085-fb3ed7fb47c7.binning_data.json,2024-12-03 18:30:04.867,2024-12-03 18:30:04.867,com.sec.android.app.shealth,0,3470,1.277624,2586.66,136.06999,US7nt0+2+q,com.sec.android.app.shealth,143c88ac-15d2-4105-a085-fb3ed7fb47c7,1733184000000,
93fbfeba-0077-4c0d-8c26-54fd5bb0b592.binning_data.json,2024-12-04 16:03:58.265,2024-12-03 19:21:51.342,com.sec.android.app.shealth,-2,4582,1.238972,3416.9,180.57999,VfS0qUERdZ,com.sec.android.app.shealth,93fbfeba-0077-4c0d-8c26-54fd5bb0b592,1733270400000,
b0f88a15-08b6-44df-a9fd-474d2f7f3fd7.binning_data.json,2024-12-04 18:30:04.519,2024-12-04 18:30:04.519,com.sec.android.app.shealth,0,4582,1.238972,3416.9,180.57999,US7nt0+2+q,com.sec.android.app.shealth,b0f88a15-08b6-44df-a9fd-474d2f7f3fd7,1733270400000,
ee12af11-3cf3-42c8-bfb4-a08d74ee612c.binning_data.json,2024-12-05 18:30:05.121,2024-12-05 02:25:24.194,com.sec.android.app.shealth,-2,5620,1.2424366,4193.13,221.60994,VfS0qUERdZ,com.sec.android.app.shealth,ee12af11-3cf3-42c8-bfb4-a08d74ee612c,1733356800000,
870644e4-7d60-4d9e-85e5-6f0ad3354ddd.binning_data.json,2024-12-05 18:30:04.240,2024-12-05 18:30:04.240,com.sec.android.app.shealth,0,5620,1.2424366,4193.13,221.60994,US7nt0+2+q,com.sec.android.app.shealth,870644e4-7d60-4d9e-85e5-6f0ad3354ddd,1733356800000,
774c3daa-f465-4a35-a6d4-9248b6b15ca3.binning_data.json,2024-12-06 17:27:06.975,2024-12-06 03:57:45.612,com.sec.android.app.shealth,-2,763,1.266328,576.32,27.02,VfS0qUERdZ,com.sec.android.app.shealth,774c3daa-f465-4a35-a6d4-9248b6b15ca3,1733443200000,
be0f68e6-e09d-400c-bfc3-5e592bf2cd3d.binning_data.json,2024-12-06 18:30:11.052,2024-12-06 18:30:11.052,com.sec.android.app.shealth,0,763,1.266328,576.32,27.02,US7nt0+2+q,com.sec.android.app.shealth,be0f68e6-e09d-400c-bfc3-5e592bf2cd3d,1733443200000,
9c0abb48-2d6e-4d34-a4e0-3fba2a132161.binning_data.json,2024-12-07 16:02:12.776,2024-12-07 03:14:59.577,com.sec.android.app.shealth,-2,830,1.2582922,619.05,26.249998,VfS0qUERdZ,com.sec.android.app.shealth,9c0abb48-2d6e-4d34-a4e0-3fba2a132161,1733529600000,
cdb98ec4-6fff-4f8f-92e7-5a86f74bc2d1.binning_data.json,2024-12-07 18:30:03.858,2024-12-07 18:30:03.858,com.sec.android.app.shealth,0,830,1.2582922,619.05,26.249998,US7nt0+2+q,com.sec.android.app.shealth,cdb98ec4-6fff-4f8f-92e7-5a86f74bc2d1,1733529600000,
d8adba3b-d7d1-472e-9bd9-847ab15c4481.binning_data.json,2024-12-08 18:30:09.818,2024-12-08 03:58:16.371,com.sec.android.app.shealth,-2,526,1.2699128,394.19,16.829998,VfS0qUERdZ,com.sec.android.app.shealth,d8adba3b-d7d1-472e-9bd9-847ab15c4481,1733616000000,
f2f8b9aa-b098-4370-9dea-b3190c1aa9da.binning_data.json,2024-12-08 18:30:07.445,2024-12-08 18:30:07.445,com.sec.android.app.shealth,0,526,1.2699128,394.19,16.829998,US7nt0+2+q,com.sec.android.app.shealth,f2f8b9aa-b098-4370-9dea-b3190c1aa9da,1733616000000,
366a74b6-a9b0-4485-839e-3fdec201e59c.binning_data.json,2024-12-09 17:53:00.924,2024-12-09 02:29:20.751,com.sec.android.app.shealth,-2,9959,1.2194496,7395.06,305.34995,VfS0qUERdZ,com.sec.android.app.shealth,366a74b6-a9b0-4485-839e-3fdec201e59c,1733702400000,
21e70c9c-9195-4de4-a78f-bbafd55d54a3.binning_data.json,2024-12-09 18:30:05.294,2024-12-09 18:30:05.294,com.sec.android.app.shealth,0,9959,1.2194496,7395.06,305.34995,US7nt0+2+q,com.sec.android.app.shealth,21e70c9c-9195-4de4-a78f-bbafd55d54a3,1733702400000,
91b0d78f-3663-46af-8608-2d8d403c2d28.binning_data.json,2024-12-10 12:55:01.578,2024-12-09 18:30:29.530,com.sec.android.app.shealth,-2,8381,1.2508856,6254.0,256.51996,VfS0qUERdZ,com.sec.android.app.shealth,91b0d78f-3663-46af-8608-2d8d403c2d28,1733788800000,
e4423c2d-6d7a-4893-afd7-1b016315a81d.binning_data.json,2024-12-10 18:30:05.425,2024-12-10 18:30:05.425,com.sec.android.app.shealth,0,8381,1.2508856,6254.0,256.51996,US7nt0+2+q,com.sec.android.app.shealth,e4423c2d-6d7a-4893-afd7-1b016315a81d,1733788800000,
cf691912-0696-471f-93c3-bec653af23a9.binning_data.json,2024-12-11 15:01:59.581,2024-12-11 03:42:02.543,com.sec.android.app.shealth,-2,442,1.3298504,335.37,14.839999,VfS0qUERdZ,com.sec.android.app.shealth,cf691912-0696-471f-93c3-bec653af23a9,1733875200000,
7f034611-745f-4c47-80b2-458b696dd16a.binning_data.json,2024-12-11 18:30:05.717,2024-12-11 18:30:05.717,com.sec.android.app.shealth,0,442,1.3298504,335.37,14.839999,US7nt0+2+q,com.sec.android.app.shealth,7f034611-745f-4c47-80b2-458b696dd16a,1733875200000,
20107565-aa56-4791-a4f4-b800bbbb6e8e.binning_data.json,2024-12-12 15:42:20.599,2024-12-12 01:04:53.641,com.sec.android.app.shealth,-2,456,1.4313127,348.61,14.389999,VfS0qUERdZ,com.sec.android.app.shealth,20107565-aa56-4791-a4f4-b800bbbb6e8e,1733961600000,
e43c9cc0-0526-4432-939d-cc2dc5022eb6.binning_data.json,2024-12-12 18:30:05.336,2024-12-12 18:30:05.336,com.sec.android.app.shealth,0,456,1.4313127,348.61,14.389999,US7nt0+2+q,com.sec.android.app.shealth,e43c9cc0-0526-4432-939d-cc2dc5022eb6,1733961600000,
f8b45fdc-3330-4f74-82e4-2fb8764e20c2.binning_data.json,2024-12-13 14:49:58.871,2024-12-13 01:02:53.758,com.sec.android.app.shealth,-2,6560,1.2510623,4902.81,204.89996,VfS0qUERdZ,com.sec.android.app.shealth,f8b45fdc-3330-4f74-82e4-2fb8764e20c2,1734048000000,
18d4d62d-e5f9-44f9-91b7-0f1b419b30b2.binning_data.json,2024-12-13 18:30:05.635,2024-12-13 18:30:05.635,com.sec.android.app.shealth,0,6560,1.2510623,4902.81,204.89996,US7nt0+2+q,com.sec.android.app.shealth,18d4d62d-e5f9-44f9-91b7-0f1b419b30b2,1734048000000,
f66ce842-55a2-4f32-9de8-88ca690c5f40.binning_data.json,2024-12-14 16:42:34.605,2024-12-14 05:12:54.611,com.sec.android.app.shealth,-2,523,1.2832601,392.9,16.849998,VfS0qUERdZ,com.sec.android.app.shealth,f66ce842-55a2-4f32-9de8-88ca690c5f40,1734134400000,
91ce89b7-02f9-4d6d-9a73-4ab3ba03ba88.binning_data.json,2024-12-14 18:30:06.787,2024-12-14 18:30:06.787,com.sec.android.app.shealth,0,523,1.2832601,392.9,16.849998,US7nt0+2+q,com.sec.android.app.shealth,91ce89b7-02f9-4d6d-9a73-4ab3ba03ba88,1734134400000,
38b1936e-759a-4a90-98a2-edebede8c0d3.binning_data.json,2024-12-15 15:07:35.317,2024-12-14 23:15:46.000,com.sec.android.app.shealth,-2,2772,1.285341,2084.21,86.389984,VfS0qUERdZ,com.sec.android.app.shealth,38b1936e-759a-4a90-98a2-edebede8c0d3,1734220800000,
eefd30cf-7282-4b0e-a1e0-7b57af9b4366.binning_data.json,2024-12-15 18:30:07.371,2024-12-15 18:30:07.371,com.sec.android.app.shealth,0,2772,1.285341,2084.21,86.389984,US7nt0+2+q,com.sec.android.app.shealth,eefd30cf-7282-4b0e-a1e0-7b57af9b4366,1734220800000,
afda11c7-f7dc-40da-b9ac-7dd6c88b1aa3.binning_data.json,2024-12-16 15:08:25.369,2024-12-15 23:01:13.768,com.sec.android.app.shealth,-2,5103,1.2375855,3795.1099,159.09998,VfS0qUERdZ,com.sec.android.app.shealth,afda11c7-f7dc-40da-b9ac-7dd6c88b1aa3,1734307200000,
6ac8bd75-35b2-48da-a58d-71cff735cf13.binning_data.json,2024-12-16 18:30:05.303,2024-12-16 18:30:05.303,com.sec.android.app.shealth,0,5103,1.2375855,3795.1099,159.09998,US7nt0+2+q,com.sec.android.app.shealth,6ac8bd75-35b2-48da-a58d-71cff735cf13,1734307200000,
3a9b46a0-6638-4f2c-b94f-e2283307b3a1.binning_data.json,2024-12-17 15:13:06.411,2024-12-17 01:00:28.293,com.sec.android.app.shealth,-2,3216,1.2479552,2399.93,100.49999,VfS0qUERdZ,com.sec.android.app.shealth,3a9b46a0-6638-4f2c-b94f-e2283307b3a1,1734393600000,
c003deed-ef87-4aa5-97aa-a5ba867ce66c.binning_data.json,2024-12-17 18:30:06.172,2024-12-17 18:30:06.172,com.sec.android.app.shealth,0,3216,1.2479552,2399.93,100.49999,US7nt0+2+q,com.sec.android.app.shealth,c003deed-ef87-4aa5-97aa-a5ba867ce66c,1734393600000,
61bd0250-df20-464c-97b1-a1fbc1d67bd7.binning_data.json,2024-12-18 15:38:04.381,2024-12-18 02:43:54.357,com.sec.android.app.shealth,-2,7428,1.2866007,5576.8,229.20995,VfS0qUERdZ,com.sec.android.app.shealth,61bd0250-df20-464c-97b1-a1fbc1d67bd7,1734480000000,
55cfc64c-c57c-4da2-a506-c47c90078f2f.binning_data.json,2024-12-18 18:30:04.500,2024-12-18 18:30:04.500,com.sec.android.app.shealth,0,7428,1.2866007,5576.8,229.20995,US7nt0+2+q,com.sec.android.app.shealth,55cfc64c-c57c-4da2-a506-c47c90078f2f,1734480000000,
8948768f-6bf4-4ee7-ab60-2a9431fbd12a.binning_data.json,2024-12-19 17:26:59.308,2024-12-19 02:42:37.311,com.sec.android.app.shealth,-2,10585,1.2794359,7945.42,324.43994,VfS0qUERdZ,com.sec.android.app.shealth,8948768f-6bf4-4ee7-ab60-2a9431fbd12a,1734566400000,
2cfd6edd-6645-4579-a379-3795b9252958.binning_data.json,2024-12-19 18:30:05.089,2024-12-19 18:30:05.089,com.sec.android.app.shealth,0,10585,1.2794359,7945.42,324.43994,US7nt0+2+q,com.sec.android.app.shealth,2cfd6edd-6645-4579-a379-3795b9252958,1734566400000,
b121d847-9e18-4ac2-883f-82486f75dcb3.binning_data.json,2024-12-20 17:16:24.212,2024-12-20 02:19:35.867,com.sec.android.app.shealth,-2,8901,1.3049492,6721.55,279.92996,VfS0qUERdZ,com.sec.android.app.shealth,b121d847-9e18-4ac2-883f-82486f75dcb3,1734652800000,
33477208-876e-45b7-af29-70db3c65ae6d.binning_data.json,2024-12-20 18:30:08.092,2024-12-20 18:30:08.092,com.sec.android.app.shealth,0,8901,1.3049492,6721.55,279.92996,US7nt0+2+q,com.sec.android.app.shealth,33477208-876e-45b7-af29-70db3c65ae6d,1734652800000,
88dfbc7f-5ed5-4319-aace-14694c2e2ee7.binning_data.json,2024-12-21 17:13:49.607,2024-12-21 00:16:02.680,com.sec.android.app.shealth,-2,6625,1.3805948,5053.92,208.29999,VfS0qUERdZ,com.sec.android.app.shealth,88dfbc7f-5ed5-4319-aace-14694c2e2ee7,1734739200000,
d3b4d51a-9e8a-4b96-80c0-7261f4ea6c7b.binning_data.json,2024-12-21 18:30:03.956,2024-12-21 18:30:03.956,com.sec.android.app.shealth,0,6625,1.3805948,5053.92,208.29999,US7nt0+2+q,com.sec.android.app.shealth,d3b4d51a-9e8a-4b96-80c0-7261f4ea6c7b,1734739200000,
ff43cdd9-92ed-4f18-b160-fb9740a38c63.binning_data.json,2024-12-22 18:00:32.746,2024-12-21 23:36:07.288,com.sec.android.app.shealth,-2,5995,1.3078232,4525.1,195.46999,VfS0qUERdZ,com.sec.android.app.shealth,ff43cdd9-92ed-4f18-b160-fb9740a38c63,1734825600000,
21d46185-7e41-46f3-a1c8-c81ed14a769e.binning_data.json,2024-12-22 18:30:06.208,2024-12-22 18:30:06.208,com.sec.android.app.shealth,0,5995,1.3078232,4525.1,195.46999,US7nt0+2+q,com.sec.android.app.shealth,21d46185-7e41-46f3-a1c8-c81ed14a769e,1734825600000,
587ae8db-7d6a-41f8-bc7a-211bf5523e5b.binning_data.json,2024-12-23 16:07:59.493,2024-12-23 02:07:22.931,com.sec.android.app.shealth,-2,8740,1.34306,6666.42,283.19998,VfS0qUERdZ,com.sec.android.app.shealth,587ae8db-7d6a-41f8-bc7a-211bf5523e5b,1734912000000,
560d78b5-f673-4093-a4ff-1fda78ce95a7.binning_data.json,2024-12-23 18:30:04.598,2024-12-23 18:30:04.598,com.sec.android.app.shealth,0,8740,1.34306,6666.42,283.19998,US7nt0+2+q,com.sec.android.app.shealth,560d78b5-f673-4093-a4ff-1fda78ce95a7,1734912000000,
cc509a23-6372-4fb4-8c17-12da3cd1aacc.binning_data.json,2024-12-24 16:43:26.295,2024-12-23 22:44:42.657,com.sec.android.app.shealth,-2,8647,1.1436229,6355.95,281.62997,VfS0qUERdZ,com.sec.android.app.shealth,cc509a23-6372-4fb4-8c17-12da3cd1aacc,1734998400000,
6837dd0b-851d-4bc0-b5af-23b259b3509a.binning_data.json,2024-12-24 18:30:04.238,2024-12-24 18:30:04.238,com.sec.android.app.shealth,0,8647,1.1436229,6355.95,281.62997,US7nt0+2+q,com.sec.android.app.shealth,6837dd0b-851d-4bc0-b5af-23b259b3509a,1734998400000,
8955fdbd-a916-4d16-ab36-1fa1ea59a35c.binning_data.json,2024-12-25 17:47:21.150,2024-12-25 01:15:18.643,com.sec.android.app.shealth,-2,8928,1.1542736,6570.4,287.02,VfS0qUERdZ,com.sec.android.app.shealth,8955fdbd-a916-4d16-ab36-1fa1ea59a35c,1735084800000,
a9b3ee93-4031-47f7-b08f-2cf2b1bf09f0.binning_data.json,2024-12-25 18:30:05.481,2024-12-25 18:30:05.481,com.sec.android.app.shealth,0,8928,1.1542736,6570.4,287.02,US7nt0+2+q,com.sec.android.app.shealth,a9b3ee93-4031-47f7-b08f-2cf2b1bf09f0,1735084800000,
c7f428c0-4b81-4ee7-877a-5ec915c08bbf.binning_data.json,2024-12-26 17:16:56.030,2024-12-26 01:57:11.921,com.sec.android.app.shealth,-2,2336,1.3124859,1772.4,76.939995,VfS0qUERdZ,com.sec.android.app.shealth,c7f428c0-4b81-4ee7-877a-5ec915c08bbf,1735171200000,
ec492abd-53df-4684-8897-0d939a3e630f.binning_data.json,2024-12-26 18:30:05.154,2024-12-26 18:30:05.154,com.sec.android.app.shealth,0,2336,1.3124859,1772.4,76.939995,US7nt0+2+q,com.sec.android.app.shealth,ec492abd-53df-4684-8897-0d939a3e630f,1735171200000,
7b6b8d80-45dd-4b23-9f48-3073dfb01402.binning_data.json,2024-12-27 16:53:37.055,2024-12-27 01:41:56.278,com.sec.android.app.shealth,-2,3780,1.2288349,2830.04,123.08999,VfS0qUERdZ,com.sec.android.app.shealth,7b6b8d80-45dd-4b23-9f48-3073dfb01402,1735257600000,
861522b7-4228-4f89-8c77-6af664e14965.binning_data.json,2024-12-27 18:30:09.046,2024-12-27 18:30:09.046,com.sec.android.app.shealth,0,3780,1.2288349,2830.04,123.08999,US7nt0+2+q,com.sec.android.app.shealth,861522b7-4228-4f89-8c77-6af664e14965,1735257600000,
b06bef53-50e7-4e6f-bc9c-587daa4764b9.binning_data.json,2024-12-28 18:17:35.076,2024-12-28 01:51:31.471,com.sec.android.app.shealth,-2,4503,1.2498139,3372.46,145.90997,VfS0qUERdZ,com.sec.android.app.shealth,b06bef53-50e7-4e6f-bc9c-587daa4764b9,1735344000000,
327b0b18-c817-4edd-ab58-973d9571fefb.binning_data.json,2024-12-28 18:30:06.263,2024-12-28 18:30:06.263,com.sec.android.app.shealth,0,4503,1.2498139,3372.46,145.90997,US7nt0+2+q,com.sec.android.app.shealth,327b0b18-c817-4edd-ab58-973d9571fefb,1735344000000,
2cd69eb0-2f71-4f8c-bdbf-5f26b6789246.binning_data.json,2024-12-29 16:32:50.265,2024-12-29 03:37:18.179,com.sec.android.app.shealth,-2,1862,1.2751995,1403.62,60.639996,VfS0qUERdZ,com.sec.android.app.shealth,2cd69eb0-2f71-4f8c-bdbf-5f26b6789246,1735430400000,
c097743f-824e-454e-8b32-716e4801b5c4.binning_data.json,2024-12-29 18:30:05.132,2024-12-29 18:30:05.132,com.sec.android.app.shealth,0,1862,1.2751995,1403.62,60.639996,US7nt0+2+q,com.sec.android.app.shealth,c097743f-824e-454e-8b32-716e4801b5c4,1735430400000,
a0a12052-ede2-481f-957c-10c3b6b68b0d.binning_data.json,2024-12-30 17:04:41.725,2024-12-30 02:04:37.428,com.sec.android.app.shealth,-2,1227,1.301928,929.64,40.55,VfS0qUERdZ,com.sec.android.app.shealth,a0a12052-ede2-481f-957c-10c3b6b68b0d,1735516800000,
ee72ca46-a859-409d-9599-6bee20eca6ab.binning_data.json,2024-12-30 18:30:06.083,2024-12-30 18:30:06.083,com.sec.android.app.shealth,0,1227,1.301928,929.64,40.55,US7nt0+2+q,com.sec.android.app.shealth,ee72ca46-a859-409d-9599-6bee20eca6ab,1735516800000,
3608a239-7b32-4b2c-9cd8-0c4de12d8523.binning_data.json,2024-12-31 16:54:00.970,2024-12-31 01:40:24.157,com.sec.android.app.shealth,-2,2112,1.2824113,1588.24,68.27,VfS0qUERdZ,com.sec.android.app.shealth,3608a239-7b32-4b2c-9cd8-0c4de12d8523,1735603200000,
654b0562-f6ba-4d0d-b368-a5ff93f178cb.binning_data.json,2024-12-31 18:30:07.825,2024-12-31 18:30:07.825,com.sec.android.app.shealth,0,2112,1.2824113,1588.24,68.27,US7nt0+2+q,com.sec.android.app.shealth,654b0562-f6ba-4d0d-b368-a5ff93f178cb,1735603200000,
8c04421c-4f65-40e2-9b53-3fb4f767e23a.binning_data.json,2025-01-01 16:30:51.322,2025-01-01 00:48:42.937,com.sec.android.app.shealth,-2,3819,1.1588364,2827.18,124.61999,VfS0qUERdZ,com.sec.android.app.shealth,8c04421c-4f65-40e2-9b53-3fb4f767e23a,1735689600000,
3c1f03ff-4210-42e7-b73a-6aff67958066.binning_data.json,2025-01-01 18:30:05.005,2025-01-01 18:30:05.005,com.sec.android.app.shealth,0,3819,1.1588364,2827.18,124.61999,US7nt0+2+q,com.sec.android.app.shealth,3c1f03ff-4210-42e7-b73a-6aff67958066,1735689600000,
40f8ee50-d734-451f-85cb-11452232fee4.binning_data.json,2025-01-02 16:26:49.409,2025-01-02 01:35:03.195,com.sec.android.app.shealth,-2,2484,1.3187398,1880.88,80.259995,VfS0qUERdZ,com.sec.android.app.shealth,40f8ee50-d734-451f-85cb-11452232fee4,1735776000000,
ae96856b-642a-4a91-a30a-382267911f75.binning_data.json,2025-01-02 18:30:06.288,2025-01-02 18:30:06.288,com.sec.android.app.shealth,0,2484,1.3187398,1880.88,80.259995,US7nt0+2+q,com.sec.android.app.shealth,ae96856b-642a-4a91-a30a-382267911f75,1735776000000,
d3354c1a-cf1a-4594-8774-25ed2df16773.binning_data.json,2025-01-03 18:30:11.410,2025-01-03 01:34:04.551,com.sec.android.app.shealth,-2,3536,1.185794,2622.68,115.35999,VfS0qUERdZ,com.sec.android.app.shealth,d3354c1a-cf1a-4594-8774-25ed2df16773,1735862400000,
a4d5432a-3e65-4be7-a9db-0701a1ddfbbe.binning_data.json,2025-01-03 18:30:09.977,2025-01-03 18:30:09.977,com.sec.android.app.shealth,0,3536,1.185794,2622.68,115.35999,US7nt0+2+q,com.sec.android.app.shealth,a4d5432a-3e65-4be7-a9db-0701a1ddfbbe,1735862400000,
202ce2bb-90c9-4ff9-bee7-a7c98eb4a3c8.binning_data.json,2025-01-04 18:29:49.145,2025-01-04 02:22:46.652,com.sec.android.app.shealth,-2,5879,1.2881618,4425.86,187.43999,VfS0qUERdZ,com.sec.android.app.shealth,202ce2bb-90c9-4ff9-bee7-a7c98eb4a3c8,1735948800000,
7c5c113b-5f16-4641-b892-00f898df2938.binning_data.json,2025-01-04 18:30:06.484,2025-01-04 18:30:06.484,com.sec.android.app.shealth,0,5879,1.2881618,4425.86,187.43999,US7nt0+2+q,com.sec.android.app.shealth,7c5c113b-5f16-4641-b892-00f898df2938,1735948800000,
145970a7-1efb-4514-a0b2-d4482328d628.binning_data.json,2025-01-05 18:30:11.904,2025-01-04 18:50:51.467,com.sec.android.app.shealth,-2,4071,1.0541224,2957.91,138.14,VfS0qUERdZ,com.sec.android.app.shealth,145970a7-1efb-4514-a0b2-d4482328d628,1736035200000,
33093ae4-5828-4eb6-91a7-cf624636320b.binning_data.json,2025-01-05 18:30:09.504,2025-01-05 18:30:09.504,com.sec.android.app.shealth,0,4071,1.0541224,2957.91,138.14,US7nt0+2+q,com.sec.android.app.shealth,33093ae4-5828-4eb6-91a7-cf624636320b,1736035200000,
77cab659-316c-405f-9551-9a78d6f35989.binning_data.json,2025-01-06 15:57:30.273,2025-01-06 01:17:06.372,com.sec.android.app.shealth,-2,2115,1.3538202,1615.83,69.149994,VfS0qUERdZ,com.sec.android.app.shealth,77cab659-316c-405f-9551-9a78d6f35989,1736121600000,
9bd3b9c3-2421-4308-96bb-4d49410bab2d.binning_data.json,2025-01-06 18:30:06.274,2025-01-06 18:30:06.274,com.sec.android.app.shealth,0,2115,1.3538202,1615.83,69.149994,US7nt0+2+q,com.sec.android.app.shealth,9bd3b9c3-2421-4308-96bb-4d49410bab2d,1736121600000,
f4a7a08a-44c1-42b9-acd5-f68fc254873a.binning_data.json,2025-01-07 16:56:01.941,2025-01-07 02:19:48.413,com.sec.android.app.shealth,-2,2890,1.3600333,2211.93,95.799995,VfS0qUERdZ,com.sec.android.app.shealth,f4a7a08a-44c1-42b9-acd5-f68fc254873a,1736208000000,
4500ca89-dc92-4dff-ac90-4f4078f8dccf.binning_data.json,2025-01-07 18:30:05.728,2025-01-07 18:30:05.728,com.sec.android.app.shealth,0,2890,1.3600333,2211.93,95.799995,US7nt0+2+q,com.sec.android.app.shealth,4500ca89-dc92-4dff-ac90-4f4078f8dccf,1736208000000,
7367aa30-28a3-4fe9-80bb-a9c7fe480b84.binning_data.json,2025-01-08 16:02:39.979,2025-01-08 01:58:24.528,com.sec.android.app.shealth,-2,2541,1.245216,1898.85,82.09,VfS0qUERdZ,com.sec.android.app.shealth,7367aa30-28a3-4fe9-80bb-a9c7fe480b84,1736294400000,
2e84a093-2d37-47e8-a04d-bbce11fad0e1.binning_data.json,2025-01-08 18:30:05.202,2025-01-08 18:30:05.202,com.sec.android.app.shealth,0,2541,1.245216,1898.85,82.09,US7nt0+2+q,com.sec.android.app.shealth,2e84a093-2d37-47e8-a04d-bbce11fad0e1,1736294400000,
81ad7085-ff58-4ded-9109-01eaf0304332.binning_data.json,2025-01-09 15:38:34.399,2025-01-09 02:32:40.428,com.sec.android.app.shealth,-2,4810,1.0011891,3457.6,171.75,VfS0qUERdZ,com.sec.android.app.shealth,81ad7085-ff58-4ded-9109-01eaf0304332,1736380800000,
9863c2aa-543d-43f5-b7d8-183f893503ec.binning_data.json,2025-01-09 18:30:04.881,2025-01-09 18:30:04.881,com.sec.android.app.shealth,0,4810,1.0011891,3457.6,171.75,US7nt0+2+q,com.sec.android.app.shealth,9863c2aa-543d-43f5-b7d8-183f893503ec,1736380800000,
a7f61cfc-24c3-4179-bcd0-98195ec97cde.binning_data.json,2025-01-10 16:30:23.902,2025-01-10 02:03:45.377,com.sec.android.app.shealth,-2,4665,1.2356534,3509.63,153.09,VfS0qUERdZ,com.sec.android.app.shealth,a7f61cfc-24c3-4179-bcd0-98195ec97cde,1736467200000,
cd66cf65-a547-4ec7-8046-5a06f153c873.binning_data.json,2025-01-10 18:30:03.361,2025-01-10 18:30:03.361,com.sec.android.app.shealth,0,4665,1.2356534,3509.63,153.09,US7nt0+2+q,com.sec.android.app.shealth,cd66cf65-a547-4ec7-8046-5a06f153c873,1736467200000,
00a9c4d7-94dd-44a3-8c26-d936c1dd5b05.binning_data.json,2025-01-11 16:47:18.692,2025-01-11 00:50:04.260,com.sec.android.app.shealth,-2,4611,1.3104516,3502.28,151.86,VfS0qUERdZ,com.sec.android.app.shealth,00a9c4d7-94dd-44a3-8c26-d936c1dd5b05,1736553600000,
e945af32-416c-4e1f-afb9-7983b6621052.binning_data.json,2025-01-11 18:30:07.574,2025-01-11 18:30:07.574,com.sec.android.app.shealth,0,4611,1.3104516,3502.28,151.86,US7nt0+2+q,com.sec.android.app.shealth,e945af32-416c-4e1f-afb9-7983b6621052,1736553600000,
344d2b5e-a8b0-46cf-be44-2c2ad2c726d3.binning_data.json,2025-01-12 16:57:51.449,2025-01-12 01:29:41.768,com.sec.android.app.shealth,-2,3658,1.3030761,2769.39,119.2,VfS0qUERdZ,com.sec.android.app.shealth,344d2b5e-a8b0-46cf-be44-2c2ad2c726d3,1736640000000,
f6754281-ea55-4948-8655-b6c75e6def26.binning_data.json,2025-01-12 18:30:03.321,2025-01-12 18:30:03.321,com.sec.android.app.shealth,0,3658,1.3030761,2769.39,119.2,US7nt0+2+q,com.sec.android.app.shealth,f6754281-ea55-4948-8655-b6c75e6def26,1736640000000,
7f1c9b27-0bd6-4247-a730-80f1a9a2bc4c.binning_data.json,2025-01-13 17:14:19.726,2025-01-13 02:20:03.623,com.sec.android.app.shealth,-2,1855,1.2752837,1405.22,60.959995,VfS0qUERdZ,com.sec.android.app.shealth,7f1c9b27-0bd6-4247-a730-80f1a9a2bc4c,1736726400000,
5d3428c2-3d29-409b-8f0a-9bdc2c025d76.binning_data.json,2025-01-13 18:30:02.333,2025-01-13 18:30:02.333,com.sec.android.app.shealth,0,1855,1.2752837,1405.22,60.959995,US7nt0+2+q,com.sec.android.app.shealth,5d3428c2-3d29-409b-8f0a-9bdc2c025d76,1736726400000,
c4967746-985c-4f12-99f0-b0c2402eda32.binning_data.json,2025-01-14 18:28:20.818,2025-01-14 03:09:12.889,com.sec.android.app.shealth,-2,1116,1.083416,813.27,37.19,VfS0qUERdZ,com.sec.android.app.shealth,c4967746-985c-4f12-99f0-b0c2402eda32,1736812800000,
7bb0ab40-45e9-4627-a0cd-8b866480245e.binning_data.json,2025-01-14 18:30:04.252,2025-01-14 18:30:04.252,com.sec.android.app.shealth,0,1116,1.083416,813.27,37.19,US7nt0+2+q,com.sec.android.app.shealth,7bb0ab40-45e9-4627-a0cd-8b866480245e,1736812800000,
7d955028-8cf8-4f42-9a8c-f60149b5034f.binning_data.json,2025-01-15 16:35:03.963,2025-01-14 18:31:07.056,com.sec.android.app.shealth,-2,7292,1.2159805,5420.21,229.06999,VfS0qUERdZ,com.sec.android.app.shealth,7d955028-8cf8-4f42-9a8c-f60149b5034f,1736899200000,
b2d3a311-c706-4783-b88a-295e2837a6ec.binning_data.json,2025-01-15 18:30:26.709,2025-01-15 18:30:26.709,com.sec.android.app.shealth,0,7292,1.2159805,5420.21,229.06999,US7nt0+2+q,com.sec.android.app.shealth,b2d3a311-c706-4783-b88a-295e2837a6ec,1736899200000,
971f4d87-4160-40c6-baa2-c0ccec636112.binning_data.json,2025-01-16 15:02:45.944,2025-01-16 03:03:46.931,com.sec.android.app.shealth,-2,6281,1.3331801,4745.5,191.25996,VfS0qUERdZ,com.sec.android.app.shealth,971f4d87-4160-40c6-baa2-c0ccec636112,1736985600000,
6410afe7-ffef-4ca4-8550-eb5966d57026.binning_data.json,2025-01-16 18:30:04.678,2025-01-16 18:30:04.678,com.sec.android.app.shealth,0,6281,1.3331801,4745.5,191.25996,US7nt0+2+q,com.sec.android.app.shealth,6410afe7-ffef-4ca4-8550-eb5966d57026,1736985600000,
ba8c9807-cdf0-4e9f-9b7a-4d82b453c14c.binning_data.json,2025-01-18 18:30:04.628,2025-01-17 01:58:28.612,com.sec.android.app.shealth,-2,11694,1.2910473,8784.71,359.03992,VfS0qUERdZ,com.sec.android.app.shealth,ba8c9807-cdf0-4e9f-9b7a-4d82b453c14c,1737072000000,
dab4349d-43bc-47b5-9ae6-3a57e5eafcf2.binning_data.json,2025-01-17 18:35:26.454,2025-01-17 18:30:06.762,com.sec.android.app.shealth,0,11694,1.2910473,8784.71,359.03992,US7nt0+2+q,com.sec.android.app.shealth,dab4349d-43bc-47b5-9ae6-3a57e5eafcf2,1737072000000,
32a19d51-df6a-4f11-ae34-c1077a4b2b38.binning_data.json,2025-01-18 18:30:04.724,2025-01-17 19:12:33.925,com.sec.android.app.shealth,-2,17664,1.2787304,13371.21,577.37,VfS0qUERdZ,com.sec.android.app.shealth,32a19d51-df6a-4f11-ae34-c1077a4b2b38,1737158400000,
d91ec9b9-0780-45d9-93af-cbce7e6c5b7b.binning_data.json,2025-01-18 18:30:03.950,2025-01-18 18:30:03.950,com.sec.android.app.shealth,0,17664,1.2787304,13371.21,577.37,US7nt0+2+q,com.sec.android.app.shealth,d91ec9b9-0780-45d9-93af-cbce7e6c5b7b,1737158400000,
f537e518-21d3-4892-a189-9572a8f3f615.binning_data.json,2025-01-19 18:30:04.407,2025-01-18 18:55:05.547,com.sec.android.app.shealth,-2,10271,1.2827682,7730.5,329.24,VfS0qUERdZ,com.sec.android.app.shealth,f537e518-21d3-4892-a189-9572a8f3f615,1737244800000,
4ef8e978-1593-48b7-b275-0ab51556040e.binning_data.json,2025-01-19 18:30:03.293,2025-01-19 18:30:03.293,com.sec.android.app.shealth,0,10271,1.2827682,7730.5,329.24,US7nt0+2+q,com.sec.android.app.shealth,4ef8e978-1593-48b7-b275-0ab51556040e,1737244800000,
de580ef8-1c75-4270-b412-f6a68b9acb7a.binning_data.json,2025-01-20 15:55:21.950,2025-01-19 21:24:57.775,com.sec.android.app.shealth,-2,8090,1.2639307,6046.95,249.73997,VfS0qUERdZ,com.sec.android.app.shealth,de580ef8-1c75-4270-b412-f6a68b9acb7a,1737331200000,
92b90a2a-7db7-447f-b535-60b8c7dc3dee.binning_data.json,2025-01-20 18:30:10.974,2025-01-20 18:30:10.974,com.sec.android.app.shealth,0,8090,1.2639307,6046.95,249.73997,US7nt0+2+q,com.sec.android.app.shealth,92b90a2a-7db7-447f-b535-60b8c7dc3dee,1737331200000,
6a0f862c-735d-4b63-aa5d-b6c48f1064b7.binning_data.json,2025-01-21 11:12:32.183,2025-01-21 02:45:20.457,com.sec.android.app.shealth,-2,4024,1.2974987,3027.25,123.32998,VfS0qUERdZ,com.sec.android.app.shealth,6a0f862c-735d-4b63-aa5d-b6c48f1064b7,1737417600000,
8f3c79ab-5fa1-4121-9e9b-9881c20ff454.binning_data.json,2025-01-21 18:30:02.872,2025-01-21 18:30:02.872,com.sec.android.app.shealth,0,4024,1.2974987,3027.25,123.32998,US7nt0+2+q,com.sec.android.app.shealth,8f3c79ab-5fa1-4121-9e9b-9881c20ff454,1737417600000,
4b3fedcf-abe2-414c-9318-7d661220016a.binning_data.json,2025-01-22 18:30:04.579,2025-01-22 01:33:51.638,com.sec.android.app.shealth,-2,4770,1.2777704,3583.91,160.00998,VfS0qUERdZ,com.sec.android.app.shealth,4b3fedcf-abe2-414c-9318-7d661220016a,1737504000000,
4df19fe3-f7e0-426f-a4b1-7bb42e298650.binning_data.json,2025-01-22 18:30:03.719,2025-01-22 18:30:03.719,com.sec.android.app.shealth,0,4770,1.2777704,3583.91,160.00998,US7nt0+2+q,com.sec.android.app.shealth,4df19fe3-f7e0-426f-a4b1-7bb42e298650,1737504000000,
319fedf6-04a6-4fc4-a3b2-ebe12be89578.binning_data.json,2025-01-23 15:55:01.445,2025-01-23 01:28:20.375,com.sec.android.app.shealth,-2,6966,1.2087507,5160.31,245.22998,VfS0qUERdZ,com.sec.android.app.shealth,319fedf6-04a6-4fc4-a3b2-ebe12be89578,1737590400000,
d8bf402c-fdf3-47e1-a85a-031994c601e0.binning_data.json,2025-01-23 18:30:07.042,2025-01-23 18:30:07.042,com.sec.android.app.shealth,0,6966,1.2087507,5160.31,245.22998,US7nt0+2+q,com.sec.android.app.shealth,d8bf402c-fdf3-47e1-a85a-031994c601e0,1737590400000,
3ccc81f0-513c-4134-889e-f3c301e43b50.binning_data.json,2025-01-25 18:30:41.098,2025-01-24 02:12:25.429,com.sec.android.app.shealth,-2,8802,1.2956749,6607.75,281.51996,VfS0qUERdZ,com.sec.android.app.shealth,3ccc81f0-513c-4134-889e-f3c301e43b50,1737676800000,
55d6098e-ab03-43ca-bdf7-60ec00dfe2f0.binning_data.json,2025-01-24 18:34:00.401,2025-01-24 18:30:06.308,com.sec.android.app.shealth,0,8802,1.2956749,6607.75,281.51996,US7nt0+2+q,com.sec.android.app.shealth,55d6098e-ab03-43ca-bdf7-60ec00dfe2f0,1737676800000,
3788d56c-e6fe-4fd8-9ae0-9c0e89ef7a4e.binning_data.json,2025-01-25 17:36:55.264,2025-01-24 18:33:57.361,com.sec.android.app.shealth,-2,14511,1.2705922,10918.169,497.92993,VfS0qUERdZ,com.sec.android.app.shealth,3788d56c-e6fe-4fd8-9ae0-9c0e89ef7a4e,1737763200000,
f33c8359-a521-4790-8610-b1c0600c6044.binning_data.json,2025-01-25 18:30:30.082,2025-01-24 18:33:59.869,com.sec.android.app.shealth,0,14511,1.2705922,10918.169,497.92993,US7nt0+2+q,com.sec.android.app.shealth,f33c8359-a521-4790-8610-b1c0600c6044,1737763200000,
47187095-df4c-4dcb-9434-712eea27701b.binning_data.json,2025-01-26 16:52:54.178,2025-01-26 03:42:53.479,com.sec.android.app.shealth,-2,416,1.4183587,320.74002,14.139999,VfS0qUERdZ,com.sec.android.app.shealth,47187095-df4c-4dcb-9434-712eea27701b,1737849600000,
13ca090e-2d8c-44b6-92b3-ac85521cada0.binning_data.json,2025-01-26 18:30:25.950,2025-01-26 18:30:25.950,com.sec.android.app.shealth,0,416,1.4183587,320.74002,14.139999,US7nt0+2+q,com.sec.android.app.shealth,13ca090e-2d8c-44b6-92b3-ac85521cada0,1737849600000,
9386a2c2-055b-4dd2-a5f2-1222913a8263.binning_data.json,2025-01-27 17:26:07.111,2025-01-27 01:41:15.186,com.sec.android.app.shealth,-2,3096,1.2639049,2321.64,104.69999,VfS0qUERdZ,com.sec.android.app.shealth,9386a2c2-055b-4dd2-a5f2-1222913a8263,1737936000000,
06ab7544-a7e6-4715-9dd7-ebeaf6a2ab7e.binning_data.json,2025-01-27 18:30:23.698,2025-01-27 18:30:23.698,com.sec.android.app.shealth,0,3096,1.2639049,2321.64,104.69999,US7nt0+2+q,com.sec.android.app.shealth,06ab7544-a7e6-4715-9dd7-ebeaf6a2ab7e,1737936000000,
30ae06b1-fa91-49d1-94d3-ec34095f4100.binning_data.json,2025-01-28 18:30:07.178,2025-01-28 02:03:00.551,com.sec.android.app.shealth,-2,3447,1.2861587,2585.87,113.69999,VfS0qUERdZ,com.sec.android.app.shealth,30ae06b1-fa91-49d1-94d3-ec34095f4100,1738022400000,
e6481630-eded-400e-bea8-a667b2ab5f5e.binning_data.json,2025-01-28 18:30:06.300,2025-01-28 18:30:06.300,com.sec.android.app.shealth,0,3447,1.2861587,2585.87,113.69999,US7nt0+2+q,com.sec.android.app.shealth,e6481630-eded-400e-bea8-a667b2ab5f5e,1738022400000,
32eae7c3-4232-4c91-94ac-7759d3f1e701.binning_data.json,2025-01-29 16:48:33.266,2025-01-29 02:08:08.911,com.sec.android.app.shealth,-2,5062,1.3076279,3821.91,167.71997,VfS0qUERdZ,com.sec.android.app.shealth,32eae7c3-4232-4c91-94ac-7759d3f1e701,1738108800000,
1f07bac0-c680-4039-93c5-f7d9ec3cd2c5.binning_data.json,2025-01-29 18:30:48.184,2025-01-29 18:30:48.184,com.sec.android.app.shealth,0,5062,1.3076279,3821.91,167.71997,US7nt0+2+q,com.sec.android.app.shealth,1f07bac0-c680-4039-93c5-f7d9ec3cd2c5,1738108800000,
a3af7dc6-e98e-486a-85d4-7a09896bcf33.binning_data.json,2025-01-30 18:30:06.557,2025-01-30 01:59:47.940,com.sec.android.app.shealth,-2,4726,1.262416,3534.39,155.89998,VfS0qUERdZ,com.sec.android.app.shealth,a3af7dc6-e98e-486a-85d4-7a09896bcf33,1738195200000,
404bbaae-3479-416d-8597-617b58999795.binning_data.json,2025-01-30 18:30:05.461,2025-01-30 18:30:05.461,com.sec.android.app.shealth,0,4726,1.262416,3534.39,155.89998,US7nt0+2+q,com.sec.android.app.shealth,404bbaae-3479-416d-8597-617b58999795,1738195200000,
150e46d2-22d6-4b38-90e1-3af191327fcf.binning_data.json,2025-01-31 18:04:02.733,2025-01-30 22:46:39.694,com.sec.android.app.shealth,-2,6019,1.215268,4467.44,211.60999,VfS0qUERdZ,com.sec.android.app.shealth,150e46d2-22d6-4b38-90e1-3af191327fcf,1738281600000,
9af95179-def1-4ed4-9711-eedc8c51851b.binning_data.json,2025-01-31 18:30:03.844,2025-01-31 18:30:03.844,com.sec.android.app.shealth,0,6019,1.215268,4467.44,211.60999,US7nt0+2+q,com.sec.android.app.shealth,9af95179-def1-4ed4-9711-eedc8c51851b,1738281600000,
cec96213-fa8a-496c-b751-17c122ea392e.binning_data.json,2025-02-01 17:35:03.844,2025-02-01 02:33:03.649,com.sec.android.app.shealth,-2,568,1.2762445,426.03998,19.31,VfS0qUERdZ,com.sec.android.app.shealth,cec96213-fa8a-496c-b751-17c122ea392e,1738368000000,
d1806873-b8b8-4fda-9eb9-ce9513fe9df2.binning_data.json,2025-02-01 18:30:03.616,2025-02-01 18:30:03.616,com.sec.android.app.shealth,0,568,1.2762445,426.03998,19.31,US7nt0+2+q,com.sec.android.app.shealth,d1806873-b8b8-4fda-9eb9-ce9513fe9df2,1738368000000,
11c946b0-d5c9-4520-93d1-0c48862d2b0c.binning_data.json,2025-02-02 15:20:34.864,2025-02-01 19:19:56.307,com.sec.android.app.shealth,-2,16324,1.319317,12291.08,516.76996,VfS0qUERdZ,com.sec.android.app.shealth,11c946b0-d5c9-4520-93d1-0c48862d2b0c,1738454400000,
b07e8203-822d-4ee7-ad21-c06b82cab832.binning_data.json,2025-02-02 18:30:05.306,2025-02-02 18:30:05.306,com.sec.android.app.shealth,0,16324,1.319317,12291.08,516.76996,US7nt0+2+q,com.sec.android.app.shealth,b07e8203-822d-4ee7-ad21-c06b82cab832,1738454400000,
077b7b8e-6736-4931-8e28-31c06463f9a5.binning_data.json,2025-02-03 18:30:02.623,2025-02-03 02:05:38.516,com.sec.android.app.shealth,-2,6017,1.267094,4508.41,207.95,VfS0qUERdZ,com.sec.android.app.shealth,077b7b8e-6736-4931-8e28-31c06463f9a5,1738540800000,
fd3346f6-30f0-4201-9b08-9759f64ff342.binning_data.json,2025-02-03 18:30:02.201,2025-02-03 18:30:02.201,com.sec.android.app.shealth,0,6017,1.267094,4508.41,207.95,US7nt0+2+q,com.sec.android.app.shealth,fd3346f6-30f0-4201-9b08-9759f64ff342,1738540800000,
c7f450b2-64cb-4e42-8205-fff05b95659b.binning_data.json,2025-02-04 12:15:06.919,2025-02-04 02:28:46.565,com.sec.android.app.shealth,-2,3826,1.2952828,2874.33,125.16999,VfS0qUERdZ,com.sec.android.app.shealth,c7f450b2-64cb-4e42-8205-fff05b95659b,1738627200000,
95006363-ce3f-41c0-a657-1408c9b8f9be.binning_data.json,2025-02-04 18:30:21.795,2025-02-04 18:30:21.795,com.sec.android.app.shealth,0,3826,1.2952828,2874.33,125.16999,US7nt0+2+q,com.sec.android.app.shealth,95006363-ce3f-41c0-a657-1408c9b8f9be,1738627200000,
520e346a-168b-48a0-886a-1d6adce8a641.binning_data.json,2025-02-05 15:42:47.096,2025-02-05 02:11:18.917,com.sec.android.app.shealth,-2,3545,1.3290406,2679.27,112.87998,VfS0qUERdZ,com.sec.android.app.shealth,520e346a-168b-48a0-886a-1d6adce8a641,1738713600000,
cf955240-4e2b-4d86-bcce-808762b4b52c.binning_data.json,2025-02-05 18:30:04.295,2025-02-05 18:30:04.295,com.sec.android.app.shealth,0,3545,1.3290406,2679.27,112.87998,US7nt0+2+q,com.sec.android.app.shealth,cf955240-4e2b-4d86-bcce-808762b4b52c,1738713600000,
ecd40f51-8852-4bbe-b530-66258c341724.binning_data.json,2025-02-06 17:05:33.764,2025-02-06 01:45:15.460,com.sec.android.app.shealth,-2,4747,1.2161313,3524.92,166.71999,VfS0qUERdZ,com.sec.android.app.shealth,ecd40f51-8852-4bbe-b530-66258c341724,1738800000000,
c10ae31d-2d62-4b9e-b0a3-7e741f2b4deb.binning_data.json,2025-02-06 18:30:03.749,2025-02-06 18:30:03.749,com.sec.android.app.shealth,0,4747,1.2161313,3524.92,166.71999,US7nt0+2+q,com.sec.android.app.shealth,c10ae31d-2d62-4b9e-b0a3-7e741f2b4deb,1738800000000,
5d28f9f0-b439-494d-824c-c48ea4be2245.binning_data.json,2025-02-07 16:46:11.696,2025-02-07 02:21:24.977,com.sec.android.app.shealth,-2,10227,1.3654776,7908.71,362.16995,VfS0qUERdZ,com.sec.android.app.shealth,5d28f9f0-b439-494d-824c-c48ea4be2245,1738886400000,
1bec7fb1-e880-46be-a1a8-a41de8f033bd.binning_data.json,2025-02-07 18:30:04.661,2025-02-07 18:30:04.661,com.sec.android.app.shealth,0,10227,1.3654776,7908.71,362.16995,US7nt0+2+q,com.sec.android.app.shealth,1bec7fb1-e880-46be-a1a8-a41de8f033bd,1738886400000,
99b53815-3e82-495a-9035-481f285f8575.binning_data.json,2025-02-08 18:11:45.164,2025-02-08 03:27:12.184,com.sec.android.app.shealth,-2,11052,1.2229769,8208.7295,394.86,VfS0qUERdZ,com.sec.android.app.shealth,99b53815-3e82-495a-9035-481f285f8575,1738972800000,
7ef513ae-b6ed-41c4-bd5b-54b98c3821de.binning_data.json,2025-02-08 18:30:03.778,2025-02-08 18:30:03.778,com.sec.android.app.shealth,0,11052,1.2229769,8208.7295,394.86,US7nt0+2+q,com.sec.android.app.shealth,7ef513ae-b6ed-41c4-bd5b-54b98c3821de,1738972800000,
eaa892dd-df72-4d36-a7b8-ee6fae8b534f.binning_data.json,2025-02-09 16:38:19.521,2025-02-08 19:14:40.317,com.sec.android.app.shealth,-2,8738,1.1909901,6471.57,329.61,VfS0qUERdZ,com.sec.android.app.shealth,eaa892dd-df72-4d36-a7b8-ee6fae8b534f,1739059200000,
8332bc06-50fb-4425-8bbc-c3e66e3999ec.binning_data.json,2025-02-09 18:30:03.235,2025-02-09 18:30:03.235,com.sec.android.app.shealth,0,8738,1.1909901,6471.57,329.61,US7nt0+2+q,com.sec.android.app.shealth,8332bc06-50fb-4425-8bbc-c3e66e3999ec,1739059200000,
07583258-4540-425a-8188-f0c30dd941bb.binning_data.json,2025-02-10 18:30:23.227,2025-02-10 01:57:43.302,com.sec.android.app.shealth,-2,5075,1.2698742,3802.6,192.80998,VfS0qUERdZ,com.sec.android.app.shealth,07583258-4540-425a-8188-f0c30dd941bb,1739145600000,
52bb6ea5-6f4d-4de5-954f-d095f775c6a2.binning_data.json,2025-02-10 18:30:22.417,2025-02-10 18:30:22.417,com.sec.android.app.shealth,0,5075,1.2698742,3802.6,192.80998,US7nt0+2+q,com.sec.android.app.shealth,52bb6ea5-6f4d-4de5-954f-d095f775c6a2,1739145600000,
2a515d24-f677-4b11-8001-be96941c8c5f.binning_data.json,2025-02-11 18:25:28.119,2025-02-11 02:34:43.352,com.sec.android.app.shealth,-2,3070,1.2151351,2280.8,117.329994,VfS0qUERdZ,com.sec.android.app.shealth,2a515d24-f677-4b11-8001-be96941c8c5f,1739232000000,
00f6f803-7433-4f1d-b2c3-2064647d58f8.binning_data.json,2025-02-11 18:30:37.508,2025-02-11 18:30:37.508,com.sec.android.app.shealth,0,3070,1.2151351,2280.8,117.329994,US7nt0+2+q,com.sec.android.app.shealth,00f6f803-7433-4f1d-b2c3-2064647d58f8,1739232000000,
42ae1e67-5096-4a82-aa07-616acc689732.binning_data.json,2025-02-12 16:35:50.681,2025-02-12 01:14:02.316,com.sec.android.app.shealth,-2,4552,1.2332337,3385.4502,173.03,VfS0qUERdZ,com.sec.android.app.shealth,42ae1e67-5096-4a82-aa07-616acc689732,1739318400000,
5e85f31a-421a-47d2-b83f-94d950add227.binning_data.json,2025-02-12 18:30:05.146,2025-02-12 18:30:05.146,com.sec.android.app.shealth,0,4552,1.2332337,3385.4502,173.03,US7nt0+2+q,com.sec.android.app.shealth,5e85f31a-421a-47d2-b83f-94d950add227,1739318400000,
3c0ef250-128f-4a8a-9b94-8a958012a031.binning_data.json,2025-02-13 16:04:29.993,2025-02-13 00:31:35.602,com.sec.android.app.shealth,-2,9617,1.2507865,7184.37,374.89996,VfS0qUERdZ,com.sec.android.app.shealth,3c0ef250-128f-4a8a-9b94-8a958012a031,1739404800000,
e02c2140-833a-49f0-88db-b44a3b4bf903.binning_data.json,2025-02-13 18:30:04.420,2025-02-13 18:30:04.420,com.sec.android.app.shealth,0,9617,1.2507865,7184.37,374.89996,US7nt0+2+q,com.sec.android.app.shealth,e02c2140-833a-49f0-88db-b44a3b4bf903,1739404800000,
32703fb1-2f27-4dca-9999-a5930f9b7780.binning_data.json,2025-02-14 17:21:47.516,2025-02-14 00:18:53.425,com.sec.android.app.shealth,-2,6295,1.187453,4663.3896,244.46999,VfS0qUERdZ,com.sec.android.app.shealth,32703fb1-2f27-4dca-9999-a5930f9b7780,1739491200000,
477918d2-89ca-4662-bbc5-32b09e5422f6.binning_data.json,2025-02-14 18:30:04.452,2025-02-14 18:30:04.452,com.sec.android.app.shealth,0,6295,1.187453,4663.3896,244.46999,US7nt0+2+q,com.sec.android.app.shealth,477918d2-89ca-4662-bbc5-32b09e5422f6,1739491200000,
bd37f851-6aa6-4419-836e-764228b6c4be.binning_data.json,2025-02-15 18:30:05.903,2025-02-15 01:33:53.448,com.sec.android.app.shealth,-2,13654,1.2523559,10200.05,531.1099,VfS0qUERdZ,com.sec.android.app.shealth,bd37f851-6aa6-4419-836e-764228b6c4be,1739577600000,
9976a93c-3e90-49ba-9851-2a6b84ceb074.binning_data.json,2025-02-15 18:30:04.817,2025-02-15 18:30:04.817,com.sec.android.app.shealth,0,13654,1.2523559,10200.05,531.1099,US7nt0+2+q,com.sec.android.app.shealth,9976a93c-3e90-49ba-9851-2a6b84ceb074,1739577600000,
7a2d9b07-7348-4c8a-b4fe-2e68eea160ef.binning_data.json,2025-02-16 17:43:20.633,2025-02-15 19:03:57.300,com.sec.android.app.shealth,-2,8203,1.2206348,6079.66,318.99,VfS0qUERdZ,com.sec.android.app.shealth,7a2d9b07-7348-4c8a-b4fe-2e68eea160ef,1739664000000,
a4f2b37c-3e09-45f7-9098-b1678bf0f012.binning_data.json,2025-02-16 18:30:24.290,2025-02-16 18:30:24.290,com.sec.android.app.shealth,0,8203,1.2206348,6079.66,318.99,US7nt0+2+q,com.sec.android.app.shealth,a4f2b37c-3e09-45f7-9098-b1678bf0f012,1739664000000,
51b3a85d-21f0-44df-8e83-674701d8085b.binning_data.json,2025-02-17 17:23:30.713,2025-02-17 02:21:45.120,com.sec.android.app.shealth,-2,539,1.2153349,399.91,19.9,VfS0qUERdZ,com.sec.android.app.shealth,51b3a85d-21f0-44df-8e83-674701d8085b,1739750400000,
a9ba9834-3d19-4ed7-88d2-865b2355471f.binning_data.json,2025-02-17 18:30:02.300,2025-02-17 18:30:02.300,com.sec.android.app.shealth,0,539,1.2153349,399.91,19.9,US7nt0+2+q,com.sec.android.app.shealth,a9ba9834-3d19-4ed7-88d2-865b2355471f,1739750400000,
86274473-4503-426c-932d-a0eaaa3aa3c3.binning_data.json,2025-02-18 15:55:04.855,2025-02-18 02:45:29.684,com.sec.android.app.shealth,-2,6474,1.1858438,4776.86,242.73,VfS0qUERdZ,com.sec.android.app.shealth,86274473-4503-426c-932d-a0eaaa3aa3c3,1739836800000,
c160e5b0-769e-4658-8506-580b7695f6aa.binning_data.json,2025-02-18 18:30:02.103,2025-02-18 18:30:02.103,com.sec.android.app.shealth,0,6474,1.1858438,4776.86,242.73,US7nt0+2+q,com.sec.android.app.shealth,c160e5b0-769e-4658-8506-580b7695f6aa,1739836800000,
4e9817f4-ce09-42a0-9522-2af993df809d.binning_data.json,2025-02-19 16:20:38.231,2025-02-18 18:30:37.648,com.sec.android.app.shealth,-2,13161,1.2374477,9826.96,494.20993,VfS0qUERdZ,com.sec.android.app.shealth,4e9817f4-ce09-42a0-9522-2af993df809d,1739923200000,
47fac26f-68cf-4d7f-a9c3-a0c98a2e0446.binning_data.json,2025-02-19 18:30:03.525,2025-02-19 18:30:03.525,com.sec.android.app.shealth,0,13161,1.2374477,9826.96,494.20993,US7nt0+2+q,com.sec.android.app.shealth,47fac26f-68cf-4d7f-a9c3-a0c98a2e0446,1739923200000,
16767db4-0fc2-408f-8edb-30c96fb8bc1f.binning_data.json,2025-02-20 18:30:01.816,2025-02-20 00:15:15.493,com.sec.android.app.shealth,-2,8176,1.2222525,6105.04,298.73996,VfS0qUERdZ,com.sec.android.app.shealth,16767db4-0fc2-408f-8edb-30c96fb8bc1f,1740009600000,
2489802b-56a3-47f7-b864-ed40bb0a5bf6.binning_data.json,2025-02-20 18:30:01.354,2025-02-20 18:30:01.354,com.sec.android.app.shealth,0,8176,1.2222525,6105.04,298.73996,US7nt0+2+q,com.sec.android.app.shealth,2489802b-56a3-47f7-b864-ed40bb0a5bf6,1740009600000,
e3d6a14f-ff37-4b5e-91f6-02b45ef80ccf.binning_data.json,2025-02-21 17:07:17.029,2025-02-21 00:57:44.174,com.sec.android.app.shealth,-2,16942,1.1772497,12494.74,653.76996,VfS0qUERdZ,com.sec.android.app.shealth,e3d6a14f-ff37-4b5e-91f6-02b45ef80ccf,1740096000000,
a3b87edb-4f90-456c-80dc-1f67aed8d9ce.binning_data.json,2025-02-21 18:30:04.663,2025-02-21 18:30:04.663,com.sec.android.app.shealth,0,16942,1.1772497,12494.74,653.76996,US7nt0+2+q,com.sec.android.app.shealth,a3b87edb-4f90-456c-80dc-1f67aed8d9ce,1740096000000,
861dc3b8-ab9b-49ea-964c-39379502e992.binning_data.json,2025-02-22 16:36:41.273,2025-02-22 01:52:40.133,com.sec.android.app.shealth,-2,12421,1.4019153,9535.45,426.90997,VfS0qUERdZ,com.sec.android.app.shealth,861dc3b8-ab9b-49ea-964c-39379502e992,1740182400000,
9bb1fbea-2b25-4010-a3f3-7b6e022ac52b.binning_data.json,2025-02-22 18:30:04.220,2025-02-22 18:30:04.220,com.sec.android.app.shealth,0,12421,1.4019153,9535.45,426.90997,US7nt0+2+q,com.sec.android.app.shealth,9bb1fbea-2b25-4010-a3f3-7b6e022ac52b,1740182400000,
daace47d-1dfc-4d46-b7f1-b393a9619f62.binning_data.json,2025-02-23 18:15:06.394,2025-02-23 01:26:18.140,com.sec.android.app.shealth,-2,10301,1.2029066,7661.4,390.52997,VfS0qUERdZ,com.sec.android.app.shealth,daace47d-1dfc-4d46-b7f1-b393a9619f62,1740268800000,
79233a55-3819-4d7f-9929-beb95faeaae5.binning_data.json,2025-02-23 18:30:04.383,2025-02-23 18:30:04.383,com.sec.android.app.shealth,0,10301,1.2029066,7661.4,390.52997,US7nt0+2+q,com.sec.android.app.shealth,79233a55-3819-4d7f-9929-beb95faeaae5,1740268800000,
b8dade7c-e77f-49fa-8bd3-75fdb9500ecd.binning_data.json,2025-02-24 17:14:08.719,2025-02-23 19:15:13.885,com.sec.android.app.shealth,-2,19724,1.1888989,14605.939,777.22,VfS0qUERdZ,com.sec.android.app.shealth,b8dade7c-e77f-49fa-8bd3-75fdb9500ecd,1740355200000,
0d9b9b15-d704-42ef-9e92-9e2a18402123.binning_data.json,2025-02-24 18:31:01.790,2025-02-24 18:31:01.790,com.sec.android.app.shealth,0,19724,1.1888989,14605.939,777.22,US7nt0+2+q,com.sec.android.app.shealth,0d9b9b15-d704-42ef-9e92-9e2a18402123,1740355200000,
0cbcf82e-8f2e-4cfd-a605-977635423ce6.binning_data.json,2025-02-25 18:17:01.666,2025-02-25 05:05:51.034,com.sec.android.app.shealth,-2,1210,1.2436054,901.96,45.03,VfS0qUERdZ,com.sec.android.app.shealth,0cbcf82e-8f2e-4cfd-a605-977635423ce6,1740441600000,
11f68ff2-dc08-40b4-8b79-4c705c05a328.binning_data.json,2025-02-25 18:30:05.080,2025-02-25 18:30:05.080,com.sec.android.app.shealth,0,1210,1.2436054,901.96,45.03,US7nt0+2+q,com.sec.android.app.shealth,11f68ff2-dc08-40b4-8b79-4c705c05a328,1740441600000,
e857120f-f895-42eb-a895-7b0230cdcee1.binning_data.json,2025-02-26 16:39:40.810,2025-02-26 00:50:36.881,com.sec.android.app.shealth,-2,3820,1.3429377,2899.65,143.65999,VfS0qUERdZ,com.sec.android.app.shealth,e857120f-f895-42eb-a895-7b0230cdcee1,1740528000000,
1f5b9cc2-07f5-4776-b2dd-3d3543e392c1.binning_data.json,2025-02-26 18:30:24.038,2025-02-26 18:30:24.038,com.sec.android.app.shealth,0,3820,1.3429377,2899.65,143.65999,US7nt0+2+q,com.sec.android.app.shealth,1f5b9cc2-07f5-4776-b2dd-3d3543e392c1,1740528000000,
12215be2-0760-44b7-ac03-779987a93c11.binning_data.json,2025-02-27 18:30:26.405,2025-02-27 02:44:29.686,com.sec.android.app.shealth,-2,3903,1.2789989,2919.45,150.48999,VfS0qUERdZ,com.sec.android.app.shealth,12215be2-0760-44b7-ac03-779987a93c11,1740614400000,
39f4b435-0621-4735-9aef-fdc128bd3221.binning_data.json,2025-02-27 18:30:25.604,2025-02-27 18:30:25.604,com.sec.android.app.shealth,0,3903,1.2789989,2919.45,150.48999,US7nt0+2+q,com.sec.android.app.shealth,39f4b435-0621-4735-9aef-fdc128bd3221,1740614400000,
1f960176-10b8-4818-af21-647bc50e5f37.binning_data.json,2025-02-28 18:30:08.489,2025-02-28 02:48:11.280,com.sec.android.app.shealth,-2,8168,1.2511541,6102.47,307.12,VfS0qUERdZ,com.sec.android.app.shealth,1f960176-10b8-4818-af21-647bc50e5f37,1740700800000,
70b4c338-36e8-477f-92fc-3714dc70d28d.binning_data.json,2025-02-28 18:30:07.404,2025-02-28 18:30:07.404,com.sec.android.app.shealth,0,8168,1.2511541,6102.47,307.12,US7nt0+2+q,com.sec.android.app.shealth,70b4c338-36e8-477f-92fc-3714dc70d28d,1740700800000,
641df5a2-2114-4ff8-9fa1-0aed61844b7a.binning_data.json,2025-03-01 18:10:26.266,2025-03-01 02:37:54.136,com.sec.android.app.shealth,-2,753,1.1757048,555.99,27.979998,VfS0qUERdZ,com.sec.android.app.shealth,641df5a2-2114-4ff8-9fa1-0aed61844b7a,1740787200000,
395f84bc-da44-44ce-8329-3d4309956ffa.binning_data.json,2025-03-01 18:30:04.050,2025-03-01 18:30:04.050,com.sec.android.app.shealth,0,753,1.1757048,555.99,27.979998,US7nt0+2+q,com.sec.android.app.shealth,395f84bc-da44-44ce-8329-3d4309956ffa,1740787200000,
fe3117d3-4fe1-4130-a01d-394f64cd22c2.binning_data.json,2025-03-02 15:11:55.790,2025-03-01 19:30:23.493,com.sec.android.app.shealth,-2,998,1.3252269,758.17,37.489998,VfS0qUERdZ,com.sec.android.app.shealth,fe3117d3-4fe1-4130-a01d-394f64cd22c2,1740873600000,
5d651138-4717-4315-909c-601211037656.binning_data.json,2025-03-02 18:30:11.978,2025-03-02 18:30:11.978,com.sec.android.app.shealth,0,998,1.3252269,758.17,37.489998,US7nt0+2+q,com.sec.android.app.shealth,5d651138-4717-4315-909c-601211037656,1740873600000,
70d076b0-9c20-4470-b973-74f432a5ed78.binning_data.json,2025-03-03 18:30:48.098,2025-03-02 23:14:18.812,com.sec.android.app.shealth,-2,6123,1.2437748,4562.11,239.98,VfS0qUERdZ,com.sec.android.app.shealth,70d076b0-9c20-4470-b973-74f432a5ed78,1740960000000,
28fac21f-c88d-43ae-87ca-4bb301e2a0b9.binning_data.json,2025-03-03 18:30:46.964,2025-03-03 18:30:46.964,com.sec.android.app.shealth,0,6123,1.2437748,4562.11,239.98,US7nt0+2+q,com.sec.android.app.shealth,28fac21f-c88d-43ae-87ca-4bb301e2a0b9,1740960000000,
35470990-8073-4070-a176-8da2e2a4d081.binning_data.json,2025-03-04 16:13:39.125,2025-03-04 02:31:43.142,com.sec.android.app.shealth,-2,4601,1.2045704,3416.39,177.59,VfS0qUERdZ,com.sec.android.app.shealth,35470990-8073-4070-a176-8da2e2a4d081,1741046400000,
54557816-366f-4da6-8e92-e9b3f91b4271.binning_data.json,2025-03-04 18:30:22.794,2025-03-04 18:30:22.794,com.sec.android.app.shealth,0,4601,1.2045704,3416.39,177.59,US7nt0+2+q,com.sec.android.app.shealth,54557816-366f-4da6-8e92-e9b3f91b4271,1741046400000,
e3382c9f-d8ac-4597-bd7a-4750bf9ee4d0.binning_data.json,2025-03-05 16:40:18.585,2025-03-04 22:47:38.186,com.sec.android.app.shealth,-2,5855,1.1824857,4324.8696,225.90999,VfS0qUERdZ,com.sec.android.app.shealth,e3382c9f-d8ac-4597-bd7a-4750bf9ee4d0,1741132800000,
dc7328b8-0ba7-47ef-9830-b1d2d437939a.binning_data.json,2025-03-05 18:30:35.283,2025-03-05 18:30:35.283,com.sec.android.app.shealth,0,5855,1.1824857,4324.8696,225.90999,US7nt0+2+q,com.sec.android.app.shealth,dc7328b8-0ba7-47ef-9830-b1d2d437939a,1741132800000,
8c90a487-89e1-4414-a1f7-35bb39dac889.binning_data.json,2025-03-06 18:30:53.145,2025-03-06 01:43:57.299,com.sec.android.app.shealth,-2,5472,1.2385309,4080.04,210.37999,VfS0qUERdZ,com.sec.android.app.shealth,8c90a487-89e1-4414-a1f7-35bb39dac889,1741219200000,
5477a5df-2351-4cc0-a0fc-4c50ac0d6414.binning_data.json,2025-03-06 18:30:52.245,2025-03-06 18:30:52.245,com.sec.android.app.shealth,0,5472,1.2385309,4080.04,210.37999,US7nt0+2+q,com.sec.android.app.shealth,5477a5df-2351-4cc0-a0fc-4c50ac0d6414,1741219200000,
19485ce1-b9a5-4f71-9492-4d6387bdcfcf.binning_data.json,2025-03-07 18:30:12.773,2025-03-07 00:08:50.733,com.sec.android.app.shealth,-2,5536,1.2352061,4124.11,211.18999,VfS0qUERdZ,com.sec.android.app.shealth,19485ce1-b9a5-4f71-9492-4d6387bdcfcf,1741305600000,
7800ecc2-ca61-4874-b745-49c3d95e82f6.binning_data.json,2025-03-07 18:30:11.209,2025-03-07 18:30:11.209,com.sec.android.app.shealth,0,5536,1.2352061,4124.11,211.18999,US7nt0+2+q,com.sec.android.app.shealth,7800ecc2-ca61-4874-b745-49c3d95e82f6,1741305600000,
dc232861-86f8-42e7-b967-c6051fff0329.binning_data.json,2025-03-08 17:43:33.222,2025-03-08 03:10:33.080,com.sec.android.app.shealth,-2,733,1.3032928,550.9,27.359999,VfS0qUERdZ,com.sec.android.app.shealth,dc232861-86f8-42e7-b967-c6051fff0329,1741392000000,
e2fae8bf-9227-477b-88ca-26d2cf46c0d3.binning_data.json,2025-03-08 18:30:11.585,2025-03-08 18:30:11.585,com.sec.android.app.shealth,0,733,1.3032928,550.9,27.359999,US7nt0+2+q,com.sec.android.app.shealth,e2fae8bf-9227-477b-88ca-26d2cf46c0d3,1741392000000,
d5056a6a-38eb-429b-936b-42cd74742ea2.binning_data.json,2025-03-09 15:16:24.361,2025-03-09 01:13:17.315,com.sec.android.app.shealth,-2,551,1.2828633,412.36,20.699997,VfS0qUERdZ,com.sec.android.app.shealth,d5056a6a-38eb-429b-936b-42cd74742ea2,1741478400000,
69c9ad8d-86a4-4851-aa70-6d5fd09edc3f.binning_data.json,2025-03-09 18:30:18.228,2025-03-09 18:30:18.228,com.sec.android.app.shealth,0,551,1.2828633,412.36,20.699997,US7nt0+2+q,com.sec.android.app.shealth,69c9ad8d-86a4-4851-aa70-6d5fd09edc3f,1741478400000,
e0e2097f-1b9e-4bc7-bde5-7f66707a0619.binning_data.json,2025-03-10 16:21:26.363,2025-03-09 23:23:02.382,com.sec.android.app.shealth,-2,6136,1.2535079,4579.92,237.28998,VfS0qUERdZ,com.sec.android.app.shealth,e0e2097f-1b9e-4bc7-bde5-7f66707a0619,1741564800000,
fbf52cbf-5956-4742-bc43-b41915d7d7c9.binning_data.json,2025-03-10 18:30:05.375,2025-03-10 18:30:05.375,com.sec.android.app.shealth,0,6136,1.2535079,4579.92,237.28998,US7nt0+2+q,com.sec.android.app.shealth,fbf52cbf-5956-4742-bc43-b41915d7d7c9,1741564800000,
195125aa-3f94-4d10-9086-3cefe4421e1d.binning_data.json,2025-03-11 17:03:45.939,2025-03-11 02:04:23.705,com.sec.android.app.shealth,-2,3159,1.2702214,2364.46,121.36,VfS0qUERdZ,com.sec.android.app.shealth,195125aa-3f94-4d10-9086-3cefe4421e1d,1741651200000,
43372acc-c45a-43a6-b498-896acbea79ff.binning_data.json,2025-03-11 18:30:04.992,2025-03-11 18:30:04.992,com.sec.android.app.shealth,0,3159,1.2702214,2364.46,121.36,US7nt0+2+q,com.sec.android.app.shealth,43372acc-c45a-43a6-b498-896acbea79ff,1741651200000,
019dce17-525c-4235-b799-fc02d5f9553f.binning_data.json,2025-03-12 17:07:59.773,2025-03-12 01:38:33.825,com.sec.android.app.shealth,-2,3138,1.2284484,2333.61,121.42,VfS0qUERdZ,com.sec.android.app.shealth,019dce17-525c-4235-b799-fc02d5f9553f,1741737600000,
12c3d4c4-d84f-49f5-a1fa-13ec6c84335f.binning_data.json,2025-03-12 18:30:05.549,2025-03-12 18:30:05.549,com.sec.android.app.shealth,0,3138,1.2284484,2333.61,121.42,US7nt0+2+q,com.sec.android.app.shealth,12c3d4c4-d84f-49f5-a1fa-13ec6c84335f,1741737600000,
83338ca5-7133-4e26-a3b6-728df44bc7b5.binning_data.json,2025-03-13 18:30:15.832,2025-03-13 00:40:54.794,com.sec.android.app.shealth,-2,5277,1.2134764,3911.26,206.18,VfS0qUERdZ,com.sec.android.app.shealth,83338ca5-7133-4e26-a3b6-728df44bc7b5,1741824000000,
5ffd33f5-8235-4eb0-bffd-fda2e31dfc62.binning_data.json,2025-03-13 18:30:15.041,2025-03-13 18:30:15.041,com.sec.android.app.shealth,0,5277,1.2134764,3911.26,206.18,US7nt0+2+q,com.sec.android.app.shealth,5ffd33f5-8235-4eb0-bffd-fda2e31dfc62,1741824000000,
77c3dcd6-722e-4c1e-b81d-bc38ab11aff9.binning_data.json,2025-03-14 18:30:07.589,2025-03-14 02:50:39.125,com.sec.android.app.shealth,-2,670,1.2764885,500.19998,25.42,VfS0qUERdZ,com.sec.android.app.shealth,77c3dcd6-722e-4c1e-b81d-bc38ab11aff9,1741910400000,
c1b9598b-d5f9-4a77-b178-b8c2dab5ecbe.binning_data.json,2025-03-14 18:30:06.481,2025-03-14 18:30:06.481,com.sec.android.app.shealth,0,670,1.2764885,500.19998,25.42,US7nt0+2+q,com.sec.android.app.shealth,c1b9598b-d5f9-4a77-b178-b8c2dab5ecbe,1741910400000,
ad8792cf-e584-4cd6-83f5-69ce356fbb15.binning_data.json,2025-03-15 14:47:23.789,2025-03-14 18:42:29.304,com.sec.android.app.shealth,-2,467,1.3373983,353.17,16.83,VfS0qUERdZ,com.sec.android.app.shealth,ad8792cf-e584-4cd6-83f5-69ce356fbb15,1741996800000,
016eab52-3dc5-4b6f-ba07-4de3d541e194.binning_data.json,2025-03-15 18:30:23.599,2025-03-15 18:30:23.599,com.sec.android.app.shealth,0,467,1.3373983,353.17,16.83,US7nt0+2+q,com.sec.android.app.shealth,016eab52-3dc5-4b6f-ba07-4de3d541e194,1741996800000,
e255f5a2-67fc-4bfe-bacf-076c9bb525a9.binning_data.json,2025-03-16 17:40:21.746,2025-03-16 00:59:57.214,com.sec.android.app.shealth,-2,968,1.2773468,725.19,35.27,VfS0qUERdZ,com.sec.android.app.shealth,e255f5a2-67fc-4bfe-bacf-076c9bb525a9,1742083200000,
cf35468f-b637-4d93-9590-156d7246eb8e.binning_data.json,2025-03-16 18:30:05.544,2025-03-16 18:30:05.544,com.sec.android.app.shealth,0,968,1.2773468,725.19,35.27,US7nt0+2+q,com.sec.android.app.shealth,cf35468f-b637-4d93-9590-156d7246eb8e,1742083200000,
92076b2d-891d-4be2-90af-e627b98754c4.binning_data.json,2025-03-17 15:18:41.434,2025-03-17 01:06:25.766,com.sec.android.app.shealth,-2,5311,1.2441905,3964.96,202.62999,VfS0qUERdZ,com.sec.android.app.shealth,92076b2d-891d-4be2-90af-e627b98754c4,1742169600000,
7d9d8fd2-5b27-4554-9be3-ebf7923914f2.binning_data.json,2025-03-17 18:30:48.871,2025-03-17 18:30:48.871,com.sec.android.app.shealth,0,5311,1.2441905,3964.96,202.62999,US7nt0+2+q,com.sec.android.app.shealth,7d9d8fd2-5b27-4554-9be3-ebf7923914f2,1742169600000,
ba771340-3254-40c7-bf4f-d78ee2199409.binning_data.json,2025-03-18 17:33:32.725,2025-03-18 01:34:17.153,com.sec.android.app.shealth,-2,3244,1.3368055,2447.67,125.31,VfS0qUERdZ,com.sec.android.app.shealth,ba771340-3254-40c7-bf4f-d78ee2199409,1742256000000,
2e398512-79f4-4e89-b659-a7255c36e6d8.binning_data.json,2025-03-18 18:30:04.638,2025-03-18 18:30:04.638,com.sec.android.app.shealth,0,3244,1.3368055,2447.67,125.31,US7nt0+2+q,com.sec.android.app.shealth,2e398512-79f4-4e89-b659-a7255c36e6d8,1742256000000,
e5b20401-651a-49cc-b6c5-bbefa0700416.binning_data.json,2025-03-19 18:30:39.368,2025-03-18 18:41:08.301,com.sec.android.app.shealth,-2,8087,1.335209,6110.7197,311.06998,VfS0qUERdZ,com.sec.android.app.shealth,e5b20401-651a-49cc-b6c5-bbefa0700416,1742342400000,
35b130b3-ea00-4f0f-a7df-8227d7d166f3.binning_data.json,2025-03-19 18:30:38.212,2025-03-19 18:30:38.212,com.sec.android.app.shealth,0,8087,1.335209,6110.7197,311.06998,US7nt0+2+q,com.sec.android.app.shealth,35b130b3-ea00-4f0f-a7df-8227d7d166f3,1742342400000,
93604825-3253-4745-9fb8-f00b4097cfe7.binning_data.json,2025-03-20 15:43:44.927,2025-03-20 02:01:39.775,com.sec.android.app.shealth,-2,4475,1.2351819,3331.45,173.83998,VfS0qUERdZ,com.sec.android.app.shealth,93604825-3253-4745-9fb8-f00b4097cfe7,1742428800000,
0b822de4-b8e8-418a-b8a5-6dab526053ab.binning_data.json,2025-03-20 18:30:07.275,2025-03-20 18:30:07.275,com.sec.android.app.shealth,0,4475,1.2351819,3331.45,173.83998,US7nt0+2+q,com.sec.android.app.shealth,0b822de4-b8e8-418a-b8a5-6dab526053ab,1742428800000,
f1e16be9-a9ed-4b5b-8a76-5f16b1a0a047.binning_data.json,2025-03-21 15:00:30.156,2025-03-21 00:19:16.138,com.sec.android.app.shealth,-2,4050,1.2669638,3031.0698,154.42,VfS0qUERdZ,com.sec.android.app.shealth,f1e16be9-a9ed-4b5b-8a76-5f16b1a0a047,1742515200000,
e1f20c03-afc1-4ad5-a216-e1980df085f1.binning_data.json,2025-03-21 18:30:06.124,2025-03-21 18:30:06.124,com.sec.android.app.shealth,0,4050,1.2669638,3031.0698,154.42,US7nt0+2+q,com.sec.android.app.shealth,e1f20c03-afc1-4ad5-a216-e1980df085f1,1742515200000,
5b996e35-2896-4913-8d95-7c5706070935.binning_data.json,2025-03-22 18:30:05.490,2025-03-22 05:16:54.089,com.sec.android.app.shealth,-2,735,1.3024309,554.56,26.619999,VfS0qUERdZ,com.sec.android.app.shealth,5b996e35-2896-4913-8d95-7c5706070935,1742601600000,
a27f2145-ffaa-4183-9d58-9e9ad4d129f9.binning_data.json,2025-03-22 18:30:04.678,2025-03-22 18:30:04.678,com.sec.android.app.shealth,0,735,1.3024309,554.56,26.619999,US7nt0+2+q,com.sec.android.app.shealth,a27f2145-ffaa-4183-9d58-9e9ad4d129f9,1742601600000,
fa478105-94ba-451f-98dd-854a54f49fa0.binning_data.json,2025-03-23 16:45:12.730,2025-03-23 02:55:02.986,com.sec.android.app.shealth,-2,6325,1.3549886,4784.96,244.54,VfS0qUERdZ,com.sec.android.app.shealth,fa478105-94ba-451f-98dd-854a54f49fa0,1742688000000,
e490ad59-1304-4542-882e-243f1b9a7a19.binning_data.json,2025-03-23 18:30:47.134,2025-03-23 18:30:47.134,com.sec.android.app.shealth,0,6325,1.3549886,4784.96,244.54,US7nt0+2+q,com.sec.android.app.shealth,e490ad59-1304-4542-882e-243f1b9a7a19,1742688000000,
4cf498d6-f2f9-44a9-8eda-ce751c1ef301.binning_data.json,2025-03-24 15:07:15.043,2025-03-24 00:49:59.645,com.sec.android.app.shealth,-2,3922,1.2445295,2929.33,121.51999,VfS0qUERdZ,com.sec.android.app.shealth,4cf498d6-f2f9-44a9-8eda-ce751c1ef301,1742774400000,
73867fd6-9a62-43da-b948-a4d7d97bea64.binning_data.json,2025-03-24 18:30:04.554,2025-03-24 18:30:04.554,com.sec.android.app.shealth,0,3922,1.2445295,2929.33,121.51999,US7nt0+2+q,com.sec.android.app.shealth,73867fd6-9a62-43da-b948-a4d7d97bea64,1742774400000,
9ceb9c52-c755-441f-9b40-894bd14a3dca.binning_data.json,2025-03-25 11:55:04.464,2025-03-24 23:51:59.075,com.sec.android.app.shealth,-2,5765,1.2719158,4336.23,180.48999,VfS0qUERdZ,com.sec.android.app.shealth,9ceb9c52-c755-441f-9b40-894bd14a3dca,1742860800000,
5170e472-16ee-4931-94a5-0fda9c6ce57a.binning_data.json,2025-03-25 18:30:09.304,2025-03-25 18:30:09.304,com.sec.android.app.shealth,0,5765,1.2719158,4336.23,180.48999,US7nt0+2+q,com.sec.android.app.shealth,5170e472-16ee-4931-94a5-0fda9c6ce57a,1742860800000,
d68d342d-9f05-499a-89e3-cc6ac66d4ce1.binning_data.json,2025-03-26 16:55:16.131,2025-03-25 19:11:46.966,com.sec.android.app.shealth,-2,13141,1.3116151,9872.69,399.28995,VfS0qUERdZ,com.sec.android.app.shealth,d68d342d-9f05-499a-89e3-cc6ac66d4ce1,1742947200000,
3a4a2e7b-0e22-40da-a4dd-12defd421424.binning_data.json,2025-03-26 18:30:02.458,2025-03-26 18:30:02.458,com.sec.android.app.shealth,0,13141,1.3116151,9872.69,399.28995,US7nt0+2+q,com.sec.android.app.shealth,3a4a2e7b-0e22-40da-a4dd-12defd421424,1742947200000,
d42d7c04-46a2-4842-8bb0-6f929a112e53.binning_data.json,2025-03-27 17:35:02.437,2025-03-27 01:21:06.020,com.sec.android.app.shealth,-2,11990,1.2914606,8990.74,365.87994,VfS0qUERdZ,com.sec.android.app.shealth,d42d7c04-46a2-4842-8bb0-6f929a112e53,1743033600000,
ab4040c9-2414-4a3b-96fd-5a89109f1b3f.binning_data.json,2025-03-27 18:30:05.401,2025-03-27 18:30:05.401,com.sec.android.app.shealth,0,11990,1.2914606,8990.74,365.87994,US7nt0+2+q,com.sec.android.app.shealth,ab4040c9-2414-4a3b-96fd-5a89109f1b3f,1743033600000,
3a0f0953-48a7-49d5-bfaf-d1e501ca363d.binning_data.json,2025-03-28 18:30:04.787,2025-03-28 01:54:35.623,com.sec.android.app.shealth,-2,7781,1.2248664,5781.48,240.60999,VfS0qUERdZ,com.sec.android.app.shealth,3a0f0953-48a7-49d5-bfaf-d1e501ca363d,1743120000000,
b4e6f89d-a0dd-4d19-8c5e-d6303fa72628.binning_data.json,2025-03-28 18:30:03.918,2025-03-28 18:30:03.918,com.sec.android.app.shealth,0,7781,1.2248664,5781.48,240.60999,US7nt0+2+q,com.sec.android.app.shealth,b4e6f89d-a0dd-4d19-8c5e-d6303fa72628,1743120000000,
615ddbb7-3be1-4f3e-a331-2f7d22348276.binning_data.json,2025-03-29 17:53:19.228,2025-03-28 19:55:23.692,com.sec.android.app.shealth,-2,7876,1.3157759,5965.39,251.49998,VfS0qUERdZ,com.sec.android.app.shealth,615ddbb7-3be1-4f3e-a331-2f7d22348276,1743206400000,
8844811a-b874-4a0d-ad5d-fedd561618a0.binning_data.json,2025-03-29 18:30:03.962,2025-03-29 18:30:03.962,com.sec.android.app.shealth,0,7876,1.3157759,5965.39,251.49998,US7nt0+2+q,com.sec.android.app.shealth,8844811a-b874-4a0d-ad5d-fedd561618a0,1743206400000,
32028198-9dce-45a7-903b-eb622eec420e.binning_data.json,2025-03-30 17:54:28.804,2025-03-30 02:59:43.552,com.sec.android.app.shealth,-2,7437,1.3642045,5682.9897,239.43999,VfS0qUERdZ,com.sec.android.app.shealth,32028198-9dce-45a7-903b-eb622eec420e,1743292800000,
197ebd80-edb1-45b0-9549-b71816bd71e2.binning_data.json,2025-03-30 18:30:04.498,2025-03-30 18:30:04.498,com.sec.android.app.shealth,0,7437,1.3642045,5682.9897,239.43999,US7nt0+2+q,com.sec.android.app.shealth,197ebd80-edb1-45b0-9549-b71816bd71e2,1743292800000,
2ecd1167-089e-42d8-9524-13fceb3e73a3.binning_data.json,2025-03-31 18:30:08.810,2025-03-31 02:27:09.123,com.sec.android.app.shealth,-2,5152,1.320625,3921.69,170.12,VfS0qUERdZ,com.sec.android.app.shealth,2ecd1167-089e-42d8-9524-13fceb3e73a3,1743379200000,
7f830ae4-06da-444b-a762-dbe1d992a3dd.binning_data.json,2025-03-31 18:30:05.960,2025-03-31 18:30:05.960,com.sec.android.app.shealth,0,5152,1.320625,3921.69,170.12,US7nt0+2+q,com.sec.android.app.shealth,7f830ae4-06da-444b-a762-dbe1d992a3dd,1743379200000,
b69f7bf5-ddee-4e5d-ace6-ed3f4f5258dd.binning_data.json,2025-04-01 17:36:37.923,2025-03-31 19:16:27.335,com.sec.android.app.shealth,-2,4742,1.2372379,3533.02,147.58998,VfS0qUERdZ,com.sec.android.app.shealth,b69f7bf5-ddee-4e5d-ace6-ed3f4f5258dd,1743465600000,
3b2ae8e0-cedb-4609-bc09-874dcf986c56.binning_data.json,2025-04-01 18:30:05.060,2025-04-01 18:30:05.060,com.sec.android.app.shealth,0,4742,1.2372379,3533.02,147.58998,US7nt0+2+q,com.sec.android.app.shealth,3b2ae8e0-cedb-4609-bc09-874dcf986c56,1743465600000,
908d35e7-ea6e-40fa-a9aa-9f9ab369af49.binning_data.json,2025-04-02 17:30:38.259,2025-04-02 02:24:56.029,com.sec.android.app.shealth,-2,4946,1.2721466,3700.12,151.54999,VfS0qUERdZ,com.sec.android.app.shealth,908d35e7-ea6e-40fa-a9aa-9f9ab369af49,1743552000000,
d62e7ecd-340c-4947-b122-e9ee3a90956e.binning_data.json,2025-04-02 18:30:19.983,2025-04-02 18:30:19.983,com.sec.android.app.shealth,0,4946,1.2721466,3700.12,151.54999,US7nt0+2+q,com.sec.android.app.shealth,d62e7ecd-340c-4947-b122-e9ee3a90956e,1743552000000,
e84dbb71-c495-4ab2-8ee2-9c477beb68df.binning_data.json,2025-04-03 18:19:26.478,2025-04-03 02:34:52.628,com.sec.android.app.shealth,-2,6719,1.2726645,5033.36,206.91998,VfS0qUERdZ,com.sec.android.app.shealth,e84dbb71-c495-4ab2-8ee2-9c477beb68df,1743638400000,
eda01f82-6500-4b2a-9b80-5f45d8a254f9.binning_data.json,2025-04-03 18:30:01.481,2025-04-03 18:30:01.481,com.sec.android.app.shealth,0,6719,1.2726645,5033.36,206.91998,US7nt0+2+q,com.sec.android.app.shealth,eda01f82-6500-4b2a-9b80-5f45d8a254f9,1743638400000,
22a5982d-26cc-486f-ab1e-187bbdb27513.binning_data.json,2025-04-04 16:29:43.033,2025-04-04 01:32:26.941,com.sec.android.app.shealth,-2,11299,1.220225,8399.28,347.43997,VfS0qUERdZ,com.sec.android.app.shealth,22a5982d-26cc-486f-ab1e-187bbdb27513,1743724800000,
dc3beb0d-3e2b-4f3a-87b9-a6e78b5fd9be.binning_data.json,2025-04-04 18:30:31.162,2025-04-04 18:30:31.162,com.sec.android.app.shealth,0,11299,1.220225,8399.28,347.43997,US7nt0+2+q,com.sec.android.app.shealth,dc3beb0d-3e2b-4f3a-87b9-a6e78b5fd9be,1743724800000,
277ee51c-178f-4a25-9320-a21b5d6d15b9.binning_data.json,2025-04-05 17:48:33.696,2025-04-05 00:38:57.805,com.sec.android.app.shealth,-2,3436,1.2311324,2563.44,108.99999,VfS0qUERdZ,com.sec.android.app.shealth,277ee51c-178f-4a25-9320-a21b5d6d15b9,1743811200000,
0623d155-1b31-4959-a82b-8273dacba0c8.binning_data.json,2025-04-05 18:30:04.359,2025-04-05 18:30:04.359,com.sec.android.app.shealth,0,3436,1.2311324,2563.44,108.99999,US7nt0+2+q,com.sec.android.app.shealth,0623d155-1b31-4959-a82b-8273dacba0c8,1743811200000,
65a70f1d-557c-4356-9b80-0dc9b020b33f.binning_data.json,2025-04-06 18:30:17.345,2025-04-06 04:39:46.476,com.sec.android.app.shealth,-2,6119,1.3822016,4655.68,185.34999,VfS0qUERdZ,com.sec.android.app.shealth,65a70f1d-557c-4356-9b80-0dc9b020b33f,1743897600000,
6f01e8a0-3768-4a36-8fc7-1b08d2a46930.binning_data.json,2025-04-06 18:30:16.517,2025-04-06 18:30:16.517,com.sec.android.app.shealth,0,6119,1.3822016,4655.68,185.34999,US7nt0+2+q,com.sec.android.app.shealth,6f01e8a0-3768-4a36-8fc7-1b08d2a46930,1743897600000,
28243e71-43ec-4e04-b75f-8c0d5a7b4b95.binning_data.json,2025-04-07 17:30:59.115,2025-04-07 02:47:51.933,com.sec.android.app.shealth,-2,6471,1.2723929,4850.3,196.54999,VfS0qUERdZ,com.sec.android.app.shealth,28243e71-43ec-4e04-b75f-8c0d5a7b4b95,1743984000000,
85685d62-394a-42fa-9c61-594e568f8b54.binning_data.json,2025-04-07 18:30:05.396,2025-04-07 18:30:05.396,com.sec.android.app.shealth,0,6471,1.2723929,4850.3,196.54999,US7nt0+2+q,com.sec.android.app.shealth,85685d62-394a-42fa-9c61-594e568f8b54,1743984000000,
c7223823-3414-47bd-ab07-241e81aa64ae.binning_data.json,2025-04-08 11:04:46.996,2025-04-08 02:40:37.447,com.sec.android.app.shealth,-2,3322,1.2320564,2472.01,100.78,VfS0qUERdZ,com.sec.android.app.shealth,c7223823-3414-47bd-ab07-241e81aa64ae,1744070400000,
40537efb-01b3-493a-b61a-a6e30ef68fa7.binning_data.json,2025-04-08 18:30:03.984,2025-04-08 18:30:03.984,com.sec.android.app.shealth,0,3322,1.2320564,2472.01,100.78,US7nt0+2+q,com.sec.android.app.shealth,40537efb-01b3-493a-b61a-a6e30ef68fa7,1744070400000,
aee9691b-d2ec-4d71-a96b-f84093635731.binning_data.json,2025-04-09 16:25:15.523,2025-04-08 18:54:50.799,com.sec.android.app.shealth,-2,13875,1.2998433,10427.54,418.95996,VfS0qUERdZ,com.sec.android.app.shealth,aee9691b-d2ec-4d71-a96b-f84093635731,1744156800000,
ff366390-1f70-44ce-bce6-f71528123f1d.binning_data.json,2025-04-09 18:30:05.023,2025-04-09 18:30:05.023,com.sec.android.app.shealth,0,13875,1.2998433,10427.54,418.95996,US7nt0+2+q,com.sec.android.app.shealth,ff366390-1f70-44ce-bce6-f71528123f1d,1744156800000,
64c0cd12-af93-4da7-9ecf-f2a2e0b3e443.binning_data.json,2025-04-10 17:15:06.620,2025-04-10 02:37:38.703,com.sec.android.app.shealth,-2,935,1.2877963,701.2,29.029997,VfS0qUERdZ,com.sec.android.app.shealth,64c0cd12-af93-4da7-9ecf-f2a2e0b3e443,1744243200000,
48abdee0-35e4-4cf2-9aa4-520cf52a2ad4.binning_data.json,2025-04-10 18:30:04.466,2025-04-10 18:30:04.466,com.sec.android.app.shealth,0,935,1.2877963,701.2,29.029997,US7nt0+2+q,com.sec.android.app.shealth,48abdee0-35e4-4cf2-9aa4-520cf52a2ad4,1744243200000,
8f3541ae-00e9-439d-8b61-ed4966a73020.binning_data.json,2025-04-11 16:47:00.739,2025-04-10 23:15:04.382,com.sec.android.app.shealth,-2,10657,1.274518,7973.61,324.41998,VfS0qUERdZ,com.sec.android.app.shealth,8f3541ae-00e9-439d-8b61-ed4966a73020,1744329600000,
307b3a3c-edd4-48a2-a44b-2b7d798f0838.binning_data.json,2025-04-11 19:18:08.572,2025-04-11 19:18:08.572,com.sec.android.app.shealth,0,10657,1.274518,7973.61,324.41998,US7nt0+2+q,com.sec.android.app.shealth,307b3a3c-edd4-48a2-a44b-2b7d798f0838,1744329600000,
6a6076df-39cc-49b0-b394-5d729d094565.binning_data.json,2025-04-12 13:49:01.924,2025-04-12 03:51:58.282,com.sec.android.app.shealth,-2,563,1.2891845,421.65,17.55,VfS0qUERdZ,com.sec.android.app.shealth,6a6076df-39cc-49b0-b394-5d729d094565,1744416000000,
624124e9-2813-4a16-848d-9daefaaf2cf1.binning_data.json,2025-04-12 18:30:05.134,2025-04-12 18:30:05.134,com.sec.android.app.shealth,0,563,1.2891845,421.65,17.55,US7nt0+2+q,com.sec.android.app.shealth,624124e9-2813-4a16-848d-9daefaaf2cf1,1744416000000,
8c56e290-e162-4b78-8207-3157511d6b6a.binning_data.json,2025-04-13 17:35:08.579,2025-04-13 03:06:28.374,com.sec.android.app.shealth,-2,1847,1.3173273,1395.36,57.139996,VfS0qUERdZ,com.sec.android.app.shealth,8c56e290-e162-4b78-8207-3157511d6b6a,1744502400000,
ecd3d279-6c89-426a-8785-7b8560ec7e19.binning_data.json,2025-04-13 18:30:24.599,2025-04-13 18:30:24.599,com.sec.android.app.shealth,0,1847,1.3173273,1395.36,57.139996,US7nt0+2+q,com.sec.android.app.shealth,ecd3d279-6c89-426a-8785-7b8560ec7e19,1744502400000,
8f34241f-c598-4418-8b86-71cb3457feef.binning_data.json,2025-04-14 16:35:04.117,2025-04-14 02:57:13.945,com.sec.android.app.shealth,-2,564,1.3493291,427.27002,18.029999,VfS0qUERdZ,com.sec.android.app.shealth,8f34241f-c598-4418-8b86-71cb3457feef,1744588800000,
80a81ff8-f323-43b6-a2bf-ef9f8adba1d0.binning_data.json,2025-04-14 18:30:03.876,2025-04-14 18:30:03.876,com.sec.android.app.shealth,0,564,1.3493291,427.27002,18.029999,US7nt0+2+q,com.sec.android.app.shealth,80a81ff8-f323-43b6-a2bf-ef9f8adba1d0,1744588800000,
76b3c602-632f-40e6-80a2-42fc892abd1e.binning_data.json,2025-04-15 17:19:34.876,2025-04-15 02:26:40.720,com.sec.android.app.shealth,-2,6268,1.2420229,4663.71,193.23999,VfS0qUERdZ,com.sec.android.app.shealth,76b3c602-632f-40e6-80a2-42fc892abd1e,1744675200000,
83252673-d683-4640-ba5e-c34f86efe5dd.binning_data.json,2025-04-15 18:44:58.232,2025-04-15 18:44:58.232,com.sec.android.app.shealth,0,6268,1.2420229,4663.71,193.23999,US7nt0+2+q,com.sec.android.app.shealth,83252673-d683-4640-ba5e-c34f86efe5dd,1744675200000,
84208c5f-45e8-4ddd-97d2-798378cc61df.binning_data.json,2025-04-16 18:30:07.119,2025-04-16 00:55:24.923,com.sec.android.app.shealth,-2,14496,1.278946,10858.66,439.96994,VfS0qUERdZ,com.sec.android.app.shealth,84208c5f-45e8-4ddd-97d2-798378cc61df,1744761600000,
99f3df25-ef70-4a13-8904-ed759308c357.binning_data.json,2025-04-16 18:30:05.557,2025-04-16 18:30:05.557,com.sec.android.app.shealth,0,14496,1.278946,10858.66,439.96994,US7nt0+2+q,com.sec.android.app.shealth,99f3df25-ef70-4a13-8904-ed759308c357,1744761600000,
904ec54b-96aa-4bae-ab25-886b020451af.binning_data.json,2025-04-17 18:35:58.733,2025-04-17 00:50:46.419,com.sec.android.app.shealth,-2,11496,1.3311905,8667.42,351.58997,VfS0qUERdZ,com.sec.android.app.shealth,904ec54b-96aa-4bae-ab25-886b020451af,1744848000000,
85b2efd5-e14e-4f9c-b37f-769f337b5a9f.binning_data.json,2025-04-17 18:35:51.057,2025-04-17 18:35:51.057,com.sec.android.app.shealth,0,11496,1.3311905,8667.42,351.58997,US7nt0+2+q,com.sec.android.app.shealth,85b2efd5-e14e-4f9c-b37f-769f337b5a9f,1744848000000,
fff7310b-017a-44a2-b9cb-39838f0fd70b.binning_data.json,2025-04-18 17:37:18.032,2025-04-18 02:40:19.549,com.sec.android.app.shealth,-2,15957,1.3371918,12036.84,485.0299,VfS0qUERdZ,com.sec.android.app.shealth,fff7310b-017a-44a2-b9cb-39838f0fd70b,1744934400000,
866c2da7-4492-462a-a497-e68ce65687e6.binning_data.json,2025-04-18 18:30:55.449,2025-04-18 18:30:55.449,com.sec.android.app.shealth,0,15957,1.3371918,12036.84,485.0299,US7nt0+2+q,com.sec.android.app.shealth,866c2da7-4492-462a-a497-e68ce65687e6,1744934400000,
88cf58db-19aa-483e-ad29-1f99179fcd24.binning_data.json,2025-04-19 16:55:02.112,2025-04-19 03:47:08.140,com.sec.android.app.shealth,-2,10520,1.2377138,7815.3,324.18,VfS0qUERdZ,com.sec.android.app.shealth,88cf58db-19aa-483e-ad29-1f99179fcd24,1745020800000,
d0cf8ddc-4396-484a-a815-5d40d76cce03.binning_data.json,2025-04-19 18:30:34.455,2025-04-19 18:30:34.455,com.sec.android.app.shealth,0,10520,1.2377138,7815.3,324.18,US7nt0+2+q,com.sec.android.app.shealth,d0cf8ddc-4396-484a-a815-5d40d76cce03,1745020800000,
9da3e165-ea73-4900-9a96-afeb0780d21f.binning_data.json,2025-04-20 18:30:18.334,2025-04-20 02:26:10.277,com.sec.android.app.shealth,-2,6018,1.3068125,4513.01,183.31998,VfS0qUERdZ,com.sec.android.app.shealth,9da3e165-ea73-4900-9a96-afeb0780d21f,1745107200000,
c6ee610b-6cf3-4c2d-a8a0-7cbc508e1104.binning_data.json,2025-04-20 18:30:09.223,2025-04-20 18:30:09.223,com.sec.android.app.shealth,0,6018,1.3068125,4513.01,183.31998,US7nt0+2+q,com.sec.android.app.shealth,c6ee610b-6cf3-4c2d-a8a0-7cbc508e1104,1745107200000,
16a78866-f2d8-4076-8e77-60165636b45f.binning_data.json,2025-04-21 17:02:07.538,2025-04-21 02:43:08.248,com.sec.android.app.shealth,-2,6973,1.2964243,5226.84,216.13998,VfS0qUERdZ,com.sec.android.app.shealth,16a78866-f2d8-4076-8e77-60165636b45f,1745193600000,
0b31e537-b148-4d5b-b869-706c7feea472.binning_data.json,2025-04-21 18:37:04.162,2025-04-21 18:37:04.162,com.sec.android.app.shealth,0,6973,1.2964243,5226.84,216.13998,US7nt0+2+q,com.sec.android.app.shealth,0b31e537-b148-4d5b-b869-706c7feea472,1745193600000,
742aef58-ee29-4fdc-ad17-94b8ed8d3e0b.binning_data.json,2025-04-22 18:30:07.012,2025-04-22 02:24:48.137,com.sec.android.app.shealth,-2,4259,1.2437922,3164.45,135.73999,VfS0qUERdZ,com.sec.android.app.shealth,742aef58-ee29-4fdc-ad17-94b8ed8d3e0b,1745280000000,
93cfa8e3-7c0c-4b4f-a789-f92dea7e4116.binning_data.json,2025-04-22 18:30:05.841,2025-04-22 18:30:05.841,com.sec.android.app.shealth,0,4259,1.2437922,3164.45,135.73999,US7nt0+2+q,com.sec.android.app.shealth,93cfa8e3-7c0c-4b4f-a789-f92dea7e4116,1745280000000,
3415b34c-22b8-4f2b-ba8a-253bc22d328b.binning_data.json,2025-04-23 15:14:48.310,2025-04-23 02:18:03.685,com.sec.android.app.shealth,-2,6719,1.2860078,5025.95,207.73999,VfS0qUERdZ,com.sec.android.app.shealth,3415b34c-22b8-4f2b-ba8a-253bc22d328b,1745366400000,
77f2ff87-cb9c-42e1-a365-8e7be7f18d62.binning_data.json,2025-04-23 19:27:04.470,2025-04-23 19:27:04.470,com.sec.android.app.shealth,0,6719,1.2860078,5025.95,207.73999,US7nt0+2+q,com.sec.android.app.shealth,77f2ff87-cb9c-42e1-a365-8e7be7f18d62,1745366400000,
dbc56cf7-5a8b-499e-9484-add1e9ae25d9.binning_data.json,2025-04-24 15:13:48.664,2025-04-24 01:31:18.909,com.sec.android.app.shealth,-2,9229,1.3308344,6953.1,283.33,VfS0qUERdZ,com.sec.android.app.shealth,dbc56cf7-5a8b-499e-9484-add1e9ae25d9,1745452800000,
2aaf86ec-032b-4b92-966e-2d87bbe988aa.binning_data.json,2025-04-24 18:30:04.938,2025-04-24 18:30:04.938,com.sec.android.app.shealth,0,9229,1.3308344,6953.1,283.33,US7nt0+2+q,com.sec.android.app.shealth,2aaf86ec-032b-4b92-966e-2d87bbe988aa,1745452800000,
e16dfed6-0ed2-41df-b3bd-9b9b89207c5f.binning_data.json,2025-04-25 16:07:28.214,2025-04-24 22:33:39.241,com.sec.android.app.shealth,-2,2507,1.3207622,1888.42,78.35999,VfS0qUERdZ,com.sec.android.app.shealth,e16dfed6-0ed2-41df-b3bd-9b9b89207c5f,1745539200000,
50f9b8e5-eca5-4219-b6e2-f0094cf9f2d2.binning_data.json,2025-04-25 18:30:09.286,2025-04-25 18:30:09.286,com.sec.android.app.shealth,0,2507,1.3207622,1888.42,78.35999,US7nt0+2+q,com.sec.android.app.shealth,50f9b8e5-eca5-4219-b6e2-f0094cf9f2d2,1745539200000,
dc42018f-3152-4d1b-a367-3524ab418eaa.binning_data.json,2025-04-26 18:36:23.537,2025-04-25 22:34:29.364,com.sec.android.app.shealth,-2,13875,1.2884158,10426.779,440.4399,VfS0qUERdZ,com.sec.android.app.shealth,dc42018f-3152-4d1b-a367-3524ab418eaa,1745625600000,
ed5cfe2d-9bc2-49f2-b208-b8013455795b.binning_data.json,2025-04-27 18:30:28.070,2025-04-26 18:36:06.321,com.sec.android.app.shealth,-2,4767,1.290168,3572.97,149.63998,VfS0qUERdZ,com.sec.android.app.shealth,ed5cfe2d-9bc2-49f2-b208-b8013455795b,1745712000000,
b27d4cf8-64f8-4f71-bb39-3fda3e12aea0.binning_data.json,2025-04-27 18:30:26.067,2025-04-26 18:36:18.672,com.sec.android.app.shealth,0,4767,1.290168,3572.97,149.63998,US7nt0+2+q,com.sec.android.app.shealth,b27d4cf8-64f8-4f71-bb39-3fda3e12aea0,1745712000000,
f6295f64-29dd-4c73-abf0-60df9d688e02.binning_data.json,2025-04-26 18:36:18.879,2025-04-26 18:36:18.879,com.sec.android.app.shealth,0,13875,1.2884158,10426.779,440.4399,US7nt0+2+q,com.sec.android.app.shealth,f6295f64-29dd-4c73-abf0-60df9d688e02,1745625600000,
8fbf6326-22bc-4dcb-a54b-700980dd6f7e.binning_data.json,2025-04-28 18:30:08.542,2025-04-27 18:55:04.073,com.sec.android.app.shealth,-2,9692,1.2156768,7208.42,323.22998,VfS0qUERdZ,com.sec.android.app.shealth,8fbf6326-22bc-4dcb-a54b-700980dd6f7e,1745798400000,
36246a3c-40aa-4bb0-a077-b2ac077cf201.binning_data.json,2025-04-28 18:30:07.012,2025-04-28 18:30:07.012,com.sec.android.app.shealth,0,9692,1.2156768,7208.42,323.22998,US7nt0+2+q,com.sec.android.app.shealth,36246a3c-40aa-4bb0-a077-b2ac077cf201,1745798400000,
92d06c9f-fd0e-4f10-8de7-1c6caea7863a.binning_data.json,2025-04-29 17:45:49.907,2025-04-28 18:52:30.880,com.sec.android.app.shealth,-2,3586,1.3159065,2710.75,118.06,VfS0qUERdZ,com.sec.android.app.shealth,92d06c9f-fd0e-4f10-8de7-1c6caea7863a,1745884800000,
cf57f00f-1345-4d16-a667-665f7c8837de.binning_data.json,2025-04-29 18:30:07.298,2025-04-29 18:30:07.298,com.sec.android.app.shealth,0,3586,1.3159065,2710.75,118.06,US7nt0+2+q,com.sec.android.app.shealth,cf57f00f-1345-4d16-a667-665f7c8837de,1745884800000,
2cc32b93-e1f7-4c2c-aa7a-f71ec1e17d2a.binning_data.json,2025-04-30 17:43:00.054,2025-04-30 00:03:36.403,com.sec.android.app.shealth,-2,8194,1.7611282,7144.73,393.77,VfS0qUERdZ,com.sec.android.app.shealth,2cc32b93-e1f7-4c2c-aa7a-f71ec1e17d2a,1745971200000,
ed88a632-c811-4799-9e31-b55753125998.binning_data.json,2025-04-30 18:30:03.658,2025-04-30 18:30:03.658,com.sec.android.app.shealth,0,8194,1.7611282,7144.73,393.77,US7nt0+2+q,com.sec.android.app.shealth,ed88a632-c811-4799-9e31-b55753125998,1745971200000,
5b7e65dc-596b-4576-aca3-71c0bafcc65f.binning_data.json,2025-05-01 20:17:14.339,2025-04-30 20:17:15.056,com.sec.android.app.shealth,-2,3279,1.3994503,2523.52,110.42,VfS0qUERdZ,com.sec.android.app.shealth,5b7e65dc-596b-4576-aca3-71c0bafcc65f,1746057600000,
7b7b235a-f69a-4559-96d1-7d63cc4a253f.binning_data.json,2025-05-01 20:16:57.799,2025-05-01 20:16:57.799,com.sec.android.app.shealth,0,3279,1.3994503,2523.52,110.42,US7nt0+2+q,com.sec.android.app.shealth,7b7b235a-f69a-4559-96d1-7d63cc4a253f,1746057600000,
b4fd3d44-a714-4c8c-98d4-d8d11daeeedc.binning_data.json,2025-05-02 15:40:38.025,2025-05-02 00:31:47.334,com.sec.android.app.shealth,-2,7587,1.3636446,5914.16,275.63998,VfS0qUERdZ,com.sec.android.app.shealth,b4fd3d44-a714-4c8c-98d4-d8d11daeeedc,1746144000000,
88788177-fb63-413a-981c-421230ca6bf3.binning_data.json,2025-05-02 18:31:47.140,2025-05-02 18:31:47.140,com.sec.android.app.shealth,0,7587,1.3636446,5914.16,275.63998,US7nt0+2+q,com.sec.android.app.shealth,88788177-fb63-413a-981c-421230ca6bf3,1746144000000,
15904acc-6417-4ab9-ae6b-0343274a9551.binning_data.json,2025-05-03 18:30:06.469,2025-05-03 03:27:29.651,com.sec.android.app.shealth,-2,6189,1.1893787,4588.4097,213.81999,VfS0qUERdZ,com.sec.android.app.shealth,15904acc-6417-4ab9-ae6b-0343274a9551,1746230400000,
0b3a1687-2cb3-4037-b877-0fc2445319ae.binning_data.json,2025-05-03 18:30:05.153,2025-05-03 18:30:05.153,com.sec.android.app.shealth,0,6189,1.1893787,4588.4097,213.81999,US7nt0+2+q,com.sec.android.app.shealth,0b3a1687-2cb3-4037-b877-0fc2445319ae,1746230400000,
41bd7987-a3d3-44ab-b2c0-0b656ba206f5.binning_data.json,2025-05-04 18:30:06.121,2025-05-04 03:27:16.500,com.sec.android.app.shealth,-2,2635,1.2731831,1971.63,86.509995,VfS0qUERdZ,com.sec.android.app.shealth,41bd7987-a3d3-44ab-b2c0-0b656ba206f5,1746316800000,
cae9c8fc-2911-4c6b-be87-407ba498e7b6.binning_data.json,2025-05-04 18:30:04.971,2025-05-04 18:30:04.971,com.sec.android.app.shealth,0,2635,1.2731831,1971.63,86.509995,US7nt0+2+q,com.sec.android.app.shealth,cae9c8fc-2911-4c6b-be87-407ba498e7b6,1746316800000,
2624fdf8-ba5c-41b0-b8ac-55a6a1139068.binning_data.json,2025-05-05 17:12:21.600,2025-05-05 02:34:08.929,com.sec.android.app.shealth,-2,3026,1.2461311,2264.38,101.17,VfS0qUERdZ,com.sec.android.app.shealth,2624fdf8-ba5c-41b0-b8ac-55a6a1139068,1746403200000,
0e279d87-8a46-4d0f-941d-dbd8232e8236.binning_data.json,2025-05-05 18:31:33.310,2025-05-05 18:31:33.310,com.sec.android.app.shealth,0,3026,1.2461311,2264.38,101.17,US7nt0+2+q,com.sec.android.app.shealth,0e279d87-8a46-4d0f-941d-dbd8232e8236,1746403200000,
cba0f93a-4fa3-4538-b90c-fe929f242220.binning_data.json,2025-05-06 17:03:05.150,2025-05-06 00:11:09.613,com.sec.android.app.shealth,-2,4422,1.2903777,3337.93,147.56,VfS0qUERdZ,com.sec.android.app.shealth,cba0f93a-4fa3-4538-b90c-fe929f242220,1746489600000,
5c8ec3fa-78fb-4265-bf3e-b15ddd6f4349.binning_data.json,2025-05-06 18:30:06.889,2025-05-06 18:30:06.889,com.sec.android.app.shealth,0,4422,1.2903777,3337.93,147.56,US7nt0+2+q,com.sec.android.app.shealth,5c8ec3fa-78fb-4265-bf3e-b15ddd6f4349,1746489600000,
bacd3ea8-7e0a-4f70-aed2-bf971cf8f4c3.binning_data.json,2025-05-07 16:38:24.465,2025-05-07 00:38:51.868,com.sec.android.app.shealth,-2,2755,1.2621487,2062.84,91.32,VfS0qUERdZ,com.sec.android.app.shealth,bacd3ea8-7e0a-4f70-aed2-bf971cf8f4c3,1746576000000,
86dd6c64-1ae2-4776-bab7-d0a444dee412.binning_data.json,2025-05-07 19:03:27.987,2025-05-07 19:03:27.987,com.sec.android.app.shealth,0,2755,1.2621487,2062.84,91.32,US7nt0+2+q,com.sec.android.app.shealth,86dd6c64-1ae2-4776-bab7-d0a444dee412,1746576000000,
b653608f-6c21-4571-aeda-c20a6a7a8708.binning_data.json,2025-05-08 18:19:50.411,2025-05-08 02:56:13.049,com.sec.android.app.shealth,-2,4288,1.3753729,3274.77,140.16,VfS0qUERdZ,com.sec.android.app.shealth,b653608f-6c21-4571-aeda-c20a6a7a8708,1746662400000,
989aab86-7d15-452a-bdae-1000996d1742.binning_data.json,2025-05-08 18:30:03.694,2025-05-08 18:30:03.694,com.sec.android.app.shealth,0,4288,1.3753729,3274.77,140.16,US7nt0+2+q,com.sec.android.app.shealth,989aab86-7d15-452a-bdae-1000996d1742,1746662400000,
93da6fba-f988-4233-9423-cd98066f8f59.binning_data.json,2025-05-09 18:30:06.462,2025-05-09 03:05:16.965,com.sec.android.app.shealth,-2,2540,1.2657884,1913.07,84.409996,VfS0qUERdZ,com.sec.android.app.shealth,93da6fba-f988-4233-9423-cd98066f8f59,1746748800000,
2ad148c9-2bbd-440e-978b-cb66dd724067.binning_data.json,2025-05-09 18:30:05.156,2025-05-09 18:30:05.156,com.sec.android.app.shealth,0,2540,1.2657884,1913.07,84.409996,US7nt0+2+q,com.sec.android.app.shealth,2ad148c9-2bbd-440e-978b-cb66dd724067,1746748800000,
8268e7e5-9a14-4419-8309-be9904b0257f.binning_data.json,2025-05-10 18:20:12.123,2025-05-10 02:57:19.923,com.sec.android.app.shealth,-2,1187,1.2612253,892.75,37.429996,VfS0qUERdZ,com.sec.android.app.shealth,8268e7e5-9a14-4419-8309-be9904b0257f,1746835200000,
b11900a6-83ad-417f-8dd2-de9cb1bd5d13.binning_data.json,2025-05-10 18:30:03.760,2025-05-10 18:30:03.760,com.sec.android.app.shealth,0,1187,1.2612253,892.75,37.429996,US7nt0+2+q,com.sec.android.app.shealth,b11900a6-83ad-417f-8dd2-de9cb1bd5d13,1746835200000,
6cafd335-24a1-41fb-b83a-c7bfc5f0cd00.binning_data.json,2025-05-11 18:30:04.755,2025-05-11 03:30:02.511,com.sec.android.app.shealth,-2,2864,1.408533,2212.97,92.6,VfS0qUERdZ,com.sec.android.app.shealth,6cafd335-24a1-41fb-b83a-c7bfc5f0cd00,1746921600000,
693e9e64-a549-4168-8ff8-f54263bed1f8.binning_data.json,2025-05-11 18:30:03.666,2025-05-11 18:30:03.666,com.sec.android.app.shealth,0,2864,1.408533,2212.97,92.6,US7nt0+2+q,com.sec.android.app.shealth,693e9e64-a549-4168-8ff8-f54263bed1f8,1746921600000,
ecb548df-d717-4d19-945f-800c1907e53c.binning_data.json,2025-05-12 17:54:46.407,2025-05-12 03:00:48.345,com.sec.android.app.shealth,-2,2080,1.3860377,1609.59,67.52,VfS0qUERdZ,com.sec.android.app.shealth,ecb548df-d717-4d19-945f-800c1907e53c,1747008000000,
02d529fd-953b-40f0-b207-634cd9deb918.binning_data.json,2025-05-12 19:03:46.953,2025-05-12 19:03:46.953,com.sec.android.app.shealth,0,2080,1.3860377,1609.59,67.52,US7nt0+2+q,com.sec.android.app.shealth,02d529fd-953b-40f0-b207-634cd9deb918,1747008000000,
363f0d19-93c8-4799-88c1-36c40742e46e.binning_data.json,2025-05-13 17:39:52.698,2025-05-12 21:35:13.123,com.sec.android.app.shealth,-2,4029,1.3365496,3045.2598,122.84998,VfS0qUERdZ,com.sec.android.app.shealth,363f0d19-93c8-4799-88c1-36c40742e46e,1747094400000,
686b9c17-f4c2-4836-beeb-af6e8136919b.binning_data.json,2025-05-13 18:30:03.668,2025-05-13 18:30:03.668,com.sec.android.app.shealth,0,4029,1.3365496,3045.2598,122.84998,US7nt0+2+q,com.sec.android.app.shealth,686b9c17-f4c2-4836-beeb-af6e8136919b,1747094400000,
7e810469-1583-4688-ba19-53fb8ca20813.binning_data.json,2025-05-14 18:30:33.045,2025-05-14 04:13:57.872,com.sec.android.app.shealth,-2,4843,1.280155,3621.77,148.89998,VfS0qUERdZ,com.sec.android.app.shealth,7e810469-1583-4688-ba19-53fb8ca20813,1747180800000,
e54fc585-0831-45f8-9080-4c6e5ba39c85.binning_data.json,2025-05-14 18:30:31.241,2025-05-14 18:30:31.241,com.sec.android.app.shealth,0,4843,1.280155,3621.77,148.89998,US7nt0+2+q,com.sec.android.app.shealth,e54fc585-0831-45f8-9080-4c6e5ba39c85,1747180800000,
cea4ba5a-a4e9-43d2-a388-195f4cf96bf8.binning_data.json,2025-05-15 17:41:07.925,2025-05-14 18:46:44.271,com.sec.android.app.shealth,-2,5952,1.2292846,4414.5503,186.26997,VfS0qUERdZ,com.sec.android.app.shealth,cea4ba5a-a4e9-43d2-a388-195f4cf96bf8,1747267200000,
fb973711-dee0-4b7c-808a-47743e08dde3.binning_data.json,2025-05-15 18:35:45.511,2025-05-15 18:35:45.511,com.sec.android.app.shealth,0,5952,1.2292846,4414.5503,186.26997,US7nt0+2+q,com.sec.android.app.shealth,fb973711-dee0-4b7c-808a-47743e08dde3,1747267200000,
6b227ac0-3e11-4e01-ab29-a39b344af0bf.binning_data.json,2025-05-16 17:48:14.454,2025-05-16 03:26:33.685,com.sec.android.app.shealth,-2,4514,1.302104,3384.05,138.94998,VfS0qUERdZ,com.sec.android.app.shealth,6b227ac0-3e11-4e01-ab29-a39b344af0bf,1747353600000,
3d1f09b3-32c8-40f8-babe-292d20c2e8e8.binning_data.json,2025-05-16 18:30:03.493,2025-05-16 18:30:03.493,com.sec.android.app.shealth,0,4514,1.302104,3384.05,138.94998,US7nt0+2+q,com.sec.android.app.shealth,3d1f09b3-32c8-40f8-babe-292d20c2e8e8,1747353600000,
d03ec4ab-a94b-4f6d-a676-6030d93f1859.binning_data.json,2025-05-17 16:43:13.118,2025-05-17 05:23:04.499,com.sec.android.app.shealth,-2,4053,1.3310442,3052.39,123.54997,VfS0qUERdZ,com.sec.android.app.shealth,d03ec4ab-a94b-4f6d-a676-6030d93f1859,1747440000000,
9dd94d10-0008-434d-be6e-01a25955ed95.binning_data.json,2025-05-17 18:52:33.009,2025-05-17 18:52:33.009,com.sec.android.app.shealth,0,4053,1.3310442,3052.39,123.54997,US7nt0+2+q,com.sec.android.app.shealth,9dd94d10-0008-434d-be6e-01a25955ed95,1747440000000,
a1b0b632-3368-4310-941c-987a5c857dc6.binning_data.json,2025-05-18 17:00:44.269,2025-05-18 02:58:27.617,com.sec.android.app.shealth,-2,966,1.2426077,717.24,31.799997,VfS0qUERdZ,com.sec.android.app.shealth,a1b0b632-3368-4310-941c-987a5c857dc6,1747526400000,
8c336608-fbd9-48c9-9986-c54257e65f0d.binning_data.json,2025-05-18 18:30:03.930,2025-05-18 18:30:03.930,com.sec.android.app.shealth,0,966,1.2426077,717.24,31.799997,US7nt0+2+q,com.sec.android.app.shealth,8c336608-fbd9-48c9-9986-c54257e65f0d,1747526400000,
602f6918-7306-4f98-9be1-a9a76af7c379.binning_data.json,2025-05-19 16:03:11.730,2025-05-19 03:31:01.134,com.sec.android.app.shealth,-2,844,1.2960881,633.11005,26.509995,VfS0qUERdZ,com.sec.android.app.shealth,602f6918-7306-4f98-9be1-a9a76af7c379,1747612800000,
21343d56-3e42-43ed-8cdf-1b87e784a38e.binning_data.json,2025-05-19 18:46:57.791,2025-05-19 18:46:57.791,com.sec.android.app.shealth,0,844,1.2960881,633.11005,26.509995,US7nt0+2+q,com.sec.android.app.shealth,21343d56-3e42-43ed-8cdf-1b87e784a38e,1747612800000,
5b214802-05c4-43dd-a8d3-9b7a24378cca.binning_data.json,2025-05-20 18:30:05.773,2025-05-20 03:06:11.491,com.sec.android.app.shealth,-2,5196,1.2465217,3862.46,159.41998,VfS0qUERdZ,com.sec.android.app.shealth,5b214802-05c4-43dd-a8d3-9b7a24378cca,1747699200000,
959f8a9e-acc1-4772-aef6-38a41fecfb14.binning_data.json,2025-05-20 18:30:04.348,2025-05-20 18:30:04.348,com.sec.android.app.shealth,0,5196,1.2465217,3862.46,159.41998,US7nt0+2+q,com.sec.android.app.shealth,959f8a9e-acc1-4772-aef6-38a41fecfb14,1747699200000,
bfdc4bc8-134a-4a44-98c2-8420ad33eaac.binning_data.json,2025-05-21 14:30:02.947,2025-05-21 05:12:03.932,com.sec.android.app.shealth,-2,4731,1.262596,3525.7898,146.20998,VfS0qUERdZ,com.sec.android.app.shealth,bfdc4bc8-134a-4a44-98c2-8420ad33eaac,1747785600000,
7406306a-89e0-463a-b0d8-721d412045fa.binning_data.json,2025-05-21 19:17:09.354,2025-05-21 19:17:09.354,com.sec.android.app.shealth,0,4731,1.262596,3525.7898,146.20998,US7nt0+2+q,com.sec.android.app.shealth,7406306a-89e0-463a-b0d8-721d412045fa,1747785600000,
49b2be7a-13af-4f19-b1b6-3a5599de584d.binning_data.json,2025-05-22 14:35:11.410,2025-05-22 03:07:38.366,com.sec.android.app.shealth,-2,4813,1.2934682,3604.5498,148.88998,VfS0qUERdZ,com.sec.android.app.shealth,49b2be7a-13af-4f19-b1b6-3a5599de584d,1747872000000,
a23bc985-ceb2-461b-b439-d55dfcac7e68.binning_data.json,2025-05-22 18:30:03.724,2025-05-22 18:30:03.724,com.sec.android.app.shealth,0,4813,1.2934682,3604.5498,148.88998,US7nt0+2+q,com.sec.android.app.shealth,a23bc985-ceb2-461b-b439-d55dfcac7e68,1747872000000,
a657d603-9cd6-4ef0-9512-1b406c2d5b90.binning_data.json,2025-05-23 18:14:23.445,2025-05-23 02:44:37.040,com.sec.android.app.shealth,-2,9554,1.2752972,7136.49,296.23996,VfS0qUERdZ,com.sec.android.app.shealth,a657d603-9cd6-4ef0-9512-1b406c2d5b90,1747958400000,
29c9f91a-a477-4124-b6cc-66c93d3fe408.binning_data.json,2025-05-23 18:30:04.336,2025-05-23 18:30:04.336,com.sec.android.app.shealth,0,9554,1.2752972,7136.49,296.23996,US7nt0+2+q,com.sec.android.app.shealth,29c9f91a-a477-4124-b6cc-66c93d3fe408,1747958400000,
7ce36ba7-942c-4af4-86fd-f0e6fd617fc0.binning_data.json,2025-05-24 16:26:21.757,2025-05-24 07:55:04.310,com.sec.android.app.shealth,-2,12908,1.2137684,9556.27,406.87994,VfS0qUERdZ,com.sec.android.app.shealth,7ce36ba7-942c-4af4-86fd-f0e6fd617fc0,1748044800000,
dae105cf-409a-4c78-ab83-c1fe832110ed.binning_data.json,2025-05-24 18:30:04.027,2025-05-24 18:30:04.027,com.sec.android.app.shealth,0,12908,1.2137684,9556.27,406.87994,US7nt0+2+q,com.sec.android.app.shealth,dae105cf-409a-4c78-ab83-c1fe832110ed,1748044800000,
204f7e62-696b-4a5a-af06-e1bed6648a3d.binning_data.json,2025-05-25 18:04:41.127,2025-05-25 03:30:15.482,com.sec.android.app.shealth,-2,6664,1.1795592,4913.05,214.97998,VfS0qUERdZ,com.sec.android.app.shealth,204f7e62-696b-4a5a-af06-e1bed6648a3d,1748131200000,
eb22fca0-7dad-45b6-92f4-90dee8dddf2b.binning_data.json,2025-05-25 18:30:04.362,2025-05-25 18:30:04.362,com.sec.android.app.shealth,0,6664,1.1795592,4913.05,214.97998,US7nt0+2+q,com.sec.android.app.shealth,eb22fca0-7dad-45b6-92f4-90dee8dddf2b,1748131200000,
57719077-64ff-429b-848f-2826f005f870.binning_data.json,2025-05-26 17:21:50.657,2025-05-26 07:05:15.226,com.sec.android.app.shealth,-2,14944,1.3211309,11226.14,451.56995,VfS0qUERdZ,com.sec.android.app.shealth,57719077-64ff-429b-848f-2826f005f870,1748217600000,
df1a7167-608c-4a35-b117-d082a16b2ca1.binning_data.json,2025-05-26 19:29:47.657,2025-05-26 19:29:47.657,com.sec.android.app.shealth,0,14944,1.3211309,11226.14,451.56995,US7nt0+2+q,com.sec.android.app.shealth,df1a7167-608c-4a35-b117-d082a16b2ca1,1748217600000,
5f6ff53e-89ea-4b1c-827f-0fc08aa81f8a.binning_data.json,2025-05-27 16:15:01.535,2025-05-27 02:32:00.236,com.sec.android.app.shealth,-2,5064,1.2931381,3796.16,157.68999,VfS0qUERdZ,com.sec.android.app.shealth,5f6ff53e-89ea-4b1c-827f-0fc08aa81f8a,1748304000000,
a52d5847-66c9-47c3-ac99-519f11a90f88.binning_data.json,2025-05-27 20:12:36.871,2025-05-27 20:12:36.871,com.sec.android.app.shealth,0,5064,1.2931381,3796.16,157.68999,US7nt0+2+q,com.sec.android.app.shealth,a52d5847-66c9-47c3-ac99-519f11a90f88,1748304000000,
de45d172-d27d-475d-a53d-db310587c3c3.binning_data.json,2025-05-28 17:22:45.373,2025-05-28 02:43:01.000,com.sec.android.app.shealth,-2,4227,1.175439,3108.8901,136.59998,VfS0qUERdZ,com.sec.android.app.shealth,de45d172-d27d-475d-a53d-db310587c3c3,1748390400000,
8cf6164b-d75f-4482-8385-7b411ae10c78.binning_data.json,2025-05-28 18:30:04.751,2025-05-28 18:30:04.751,com.sec.android.app.shealth,0,4227,1.175439,3108.8901,136.59998,US7nt0+2+q,com.sec.android.app.shealth,8cf6164b-d75f-4482-8385-7b411ae10c78,1748390400000,
0e52ddac-d215-44f5-96a5-b6c4ebef83e2.binning_data.json,2025-05-29 15:37:50.041,2025-05-28 18:50:15.156,com.sec.android.app.shealth,-2,10578,1.252276,7873.1206,327.19992,VfS0qUERdZ,com.sec.android.app.shealth,0e52ddac-d215-44f5-96a5-b6c4ebef83e2,1748476800000,
c0979bd7-dbe4-4a89-a2eb-dc645851205b.binning_data.json,2025-05-29 18:30:13.729,2025-05-29 18:30:13.729,com.sec.android.app.shealth,0,10578,1.252276,7873.1206,327.19992,US7nt0+2+q,com.sec.android.app.shealth,c0979bd7-dbe4-4a89-a2eb-dc645851205b,1748476800000,
8085b355-8dfb-479d-8e6f-74f7d2104cfa.binning_data.json,2025-05-30 18:30:06.544,2025-05-30 04:44:26.290,com.sec.android.app.shealth,-2,3678,1.2651821,2747.64,115.88999,VfS0qUERdZ,com.sec.android.app.shealth,8085b355-8dfb-479d-8e6f-74f7d2104cfa,1748563200000,
99c392d9-f8e8-4a67-b432-b033ba801420.binning_data.json,2025-05-30 18:30:05.503,2025-05-30 18:30:05.503,com.sec.android.app.shealth,0,3678,1.2651821,2747.64,115.88999,US7nt0+2+q,com.sec.android.app.shealth,99c392d9-f8e8-4a67-b432-b033ba801420,1748563200000,
d9a725da-4cb4-4833-b52e-eb855cd40d3b.binning_data.json,2025-05-31 19:15:37.752,2025-05-30 18:41:20.227,com.sec.android.app.shealth,-2,10465,1.2440313,7794.68,331.25995,VfS0qUERdZ,com.sec.android.app.shealth,d9a725da-4cb4-4833-b52e-eb855cd40d3b,1748649600000,
08b059af-163b-43ab-b1e1-d6cc865489bc.binning_data.json,2025-05-31 19:15:27.476,2025-05-31 19:15:27.476,com.sec.android.app.shealth,0,10465,1.2440313,7794.68,331.25995,US7nt0+2+q,com.sec.android.app.shealth,08b059af-163b-43ab-b1e1-d6cc865489bc,1748649600000,
3f3b8c08-59ee-412d-b454-1f52207a10a2.binning_data.json,2025-06-01 16:15:51.535,2025-05-31 19:35:31.772,com.sec.android.app.shealth,-2,5426,1.1202323,3968.9,182.17,VfS0qUERdZ,com.sec.android.app.shealth,3f3b8c08-59ee-412d-b454-1f52207a10a2,1748736000000,
e61d46f0-8276-4572-a4cb-6bb00112a35e.binning_data.json,2025-06-01 19:07:19.907,2025-06-01 19:07:19.907,com.sec.android.app.shealth,0,5426,1.1202323,3968.9,182.17,US7nt0+2+q,com.sec.android.app.shealth,e61d46f0-8276-4572-a4cb-6bb00112a35e,1748736000000,
c3642b37-d6cd-4aab-b0ae-231c0d3c29b3.binning_data.json,2025-06-02 17:11:21.864,2025-06-01 19:07:41.551,com.sec.android.app.shealth,-2,4738,1.1911818,3514.81,159.06999,VfS0qUERdZ,com.sec.android.app.shealth,c3642b37-d6cd-4aab-b0ae-231c0d3c29b3,1748822400000,
72a833bb-d2dd-46e6-be1d-2f6425302ba3.binning_data.json,2025-06-02 18:30:03.730,2025-06-02 18:30:03.730,com.sec.android.app.shealth,0,4738,1.1911818,3514.81,159.06999,US7nt0+2+q,com.sec.android.app.shealth,72a833bb-d2dd-46e6-be1d-2f6425302ba3,1748822400000,
1e2c7a74-22b3-4f98-ab58-879eb37fa25c.binning_data.json,2025-06-03 18:29:47.268,2025-06-02 18:40:14.836,com.sec.android.app.shealth,-2,2491,1.3068612,1892.24,84.759995,VfS0qUERdZ,com.sec.android.app.shealth,1e2c7a74-22b3-4f98-ab58-879eb37fa25c,1748908800000,
a2cda208-d500-4ca8-8cee-3578dba55c55.binning_data.json,2025-06-03 18:30:03.427,2025-06-03 18:30:03.427,com.sec.android.app.shealth,0,2491,1.3068612,1892.24,84.759995,US7nt0+2+q,com.sec.android.app.shealth,a2cda208-d500-4ca8-8cee-3578dba55c55,1748908800000,
cc94bd94-0884-4f77-9dd8-6adab020f45e.binning_data.json,2025-06-04 17:37:50.933,2025-06-03 19:14:28.018,com.sec.android.app.shealth,-2,3124,1.4567174,2414.94,102.68,VfS0qUERdZ,com.sec.android.app.shealth,cc94bd94-0884-4f77-9dd8-6adab020f45e,1748995200000,
41bd5f2c-2416-4007-a75f-29d03804963d.binning_data.json,2025-06-04 19:07:35.449,2025-06-04 19:07:35.449,com.sec.android.app.shealth,0,3124,1.4567174,2414.94,102.68,US7nt0+2+q,com.sec.android.app.shealth,41bd5f2c-2416-4007-a75f-29d03804963d,1748995200000,
50076fb5-644e-4e88-a9bc-61b5246df7c3.binning_data.json,2025-06-05 18:04:31.444,2025-06-04 19:48:11.458,com.sec.android.app.shealth,-2,3703,1.2133653,2802.22,133.34,VfS0qUERdZ,com.sec.android.app.shealth,50076fb5-644e-4e88-a9bc-61b5246df7c3,1749081600000,
1b895f4a-709d-4c87-b6af-7329ea6d62c3.binning_data.json,2025-06-05 18:30:03.502,2025-06-05 18:30:03.502,com.sec.android.app.shealth,0,3703,1.2133653,2802.22,133.34,US7nt0+2+q,com.sec.android.app.shealth,1b895f4a-709d-4c87-b6af-7329ea6d62c3,1749081600000,
e08b2d07-6f89-46ba-a222-ea2b59ffaf33.binning_data.json,2025-06-06 16:57:00.555,2025-06-06 03:07:42.981,com.sec.android.app.shealth,-2,1055,1.2896682,798.47,35.8,VfS0qUERdZ,com.sec.android.app.shealth,e08b2d07-6f89-46ba-a222-ea2b59ffaf33,1749168000000,
02d4ed08-271e-4484-906c-02417250c1b1.binning_data.json,2025-06-06 18:30:03.242,2025-06-06 18:30:03.242,com.sec.android.app.shealth,0,1055,1.2896682,798.47,35.8,US7nt0+2+q,com.sec.android.app.shealth,02d4ed08-271e-4484-906c-02417250c1b1,1749168000000,
e36dbb3e-aad0-48ca-8953-a75b362c8f97.binning_data.json,2025-06-07 18:16:24.459,2025-06-06 19:17:44.441,com.sec.android.app.shealth,-2,3769,1.4294107,2944.98,129.48,VfS0qUERdZ,com.sec.android.app.shealth,e36dbb3e-aad0-48ca-8953-a75b362c8f97,1749254400000,
997134c7-6171-4878-bbf4-c28350d3f13b.binning_data.json,2025-06-07 18:30:03.902,2025-06-07 18:30:03.902,com.sec.android.app.shealth,0,3769,1.4294107,2944.98,129.48,US7nt0+2+q,com.sec.android.app.shealth,997134c7-6171-4878-bbf4-c28350d3f13b,1749254400000,
3befb218-48a1-4fa3-b78c-3c4e65fa608a.binning_data.json,2025-06-08 18:00:36.969,2025-06-07 18:48:14.681,com.sec.android.app.shealth,-2,2461,1.3297001,1864.3201,81.869995,VfS0qUERdZ,com.sec.android.app.shealth,3befb218-48a1-4fa3-b78c-3c4e65fa608a,1749340800000,
05bbcf75-0fe1-4c62-b05f-e5a2f836581b.binning_data.json,2025-06-08 18:30:24.406,2025-06-08 18:30:24.406,com.sec.android.app.shealth,0,2461,1.3297001,1864.3201,81.869995,US7nt0+2+q,com.sec.android.app.shealth,05bbcf75-0fe1-4c62-b05f-e5a2f836581b,1749340800000,
e4bc873d-6d8b-49c4-a498-5f6900000ed2.binning_data.json,2025-06-09 15:32:00.543,2025-06-08 18:31:10.445,com.sec.android.app.shealth,-2,6063,1.322437,4604.64,200.47,VfS0qUERdZ,com.sec.android.app.shealth,e4bc873d-6d8b-49c4-a498-5f6900000ed2,1749427200000,
58cb6b34-be81-4094-b729-7f34c0445ae7.binning_data.json,2025-06-09 18:30:04.023,2025-06-09 18:30:04.023,com.sec.android.app.shealth,0,6063,1.322437,4604.64,200.47,US7nt0+2+q,com.sec.android.app.shealth,58cb6b34-be81-4094-b729-7f34c0445ae7,1749427200000,
d02a3ad3-0818-442a-b669-bef8a38a2116.binning_data.json,2025-06-10 18:15:07.056,2025-06-09 23:34:47.313,com.sec.android.app.shealth,-2,22793,1.2711844,17014.52,704.9499,VfS0qUERdZ,com.sec.android.app.shealth,d02a3ad3-0818-442a-b669-bef8a38a2116,1749513600000,
0ce94704-aabc-4961-8f00-84e7d8691bc4.binning_data.json,2025-06-10 18:30:03.562,2025-06-10 18:30:03.562,com.sec.android.app.shealth,0,22793,1.2711844,17014.52,704.9499,US7nt0+2+q,com.sec.android.app.shealth,0ce94704-aabc-4961-8f00-84e7d8691bc4,1749513600000,
267589a7-70e1-40b4-8924-b796d475fe7f.binning_data.json,2025-06-11 17:01:19.760,2025-06-10 19:12:36.775,com.sec.android.app.shealth,-2,26821,1.3263423,20281.39,844.7499,VfS0qUERdZ,com.sec.android.app.shealth,267589a7-70e1-40b4-8924-b796d475fe7f,1749600000000,
3cb59486-e80b-4555-9da3-46b8b69ae910.binning_data.json,2025-06-11 18:30:05.725,2025-06-11 18:30:05.725,com.sec.android.app.shealth,0,26821,1.3263423,20281.39,844.7499,US7nt0+2+q,com.sec.android.app.shealth,3cb59486-e80b-4555-9da3-46b8b69ae910,1749600000000,
fd338eff-24e1-4bc5-b3f8-37c2fcb056bf.binning_data.json,2025-06-12 17:15:03.470,2025-06-11 19:25:55.911,com.sec.android.app.shealth,-2,17884,1.1873652,13170.721,559.7999,VfS0qUERdZ,com.sec.android.app.shealth,fd338eff-24e1-4bc5-b3f8-37c2fcb056bf,1749686400000,
83309868-df64-46dc-a0bd-3a8952dad244.binning_data.json,2025-06-12 18:30:15.389,2025-06-12 18:30:15.389,com.sec.android.app.shealth,0,17884,1.1873652,13170.721,559.7999,US7nt0+2+q,com.sec.android.app.shealth,83309868-df64-46dc-a0bd-3a8952dad244,1749686400000,
5f291858-ae31-4a76-b668-808111e6cc9f.binning_data.json,2025-06-13 15:11:12.533,2025-06-12 18:55:23.627,com.sec.android.app.shealth,-2,9447,1.19706,6979.1,305.40997,VfS0qUERdZ,com.sec.android.app.shealth,5f291858-ae31-4a76-b668-808111e6cc9f,1749772800000,
74119b29-a38e-44e5-bbff-acbf37638b36.binning_data.json,2025-06-13 18:30:15.110,2025-06-13 18:30:15.110,com.sec.android.app.shealth,0,9447,1.19706,6979.1,305.40997,US7nt0+2+q,com.sec.android.app.shealth,74119b29-a38e-44e5-bbff-acbf37638b36,1749772800000,
fbbe1de6-50bc-428a-a660-a67173a27e39.binning_data.json,2025-06-14 16:52:09.105,2025-06-14 04:13:31.017,com.sec.android.app.shealth,-2,8075,1.1455749,5924.0303,269.66998,VfS0qUERdZ,com.sec.android.app.shealth,fbbe1de6-50bc-428a-a660-a67173a27e39,1749859200000,
ee46abd8-7da2-4915-a658-71fd21b55b56.binning_data.json,2025-06-14 18:30:07.189,2025-06-14 18:30:07.189,com.sec.android.app.shealth,0,8075,1.1455749,5924.0303,269.66998,US7nt0+2+q,com.sec.android.app.shealth,ee46abd8-7da2-4915-a658-71fd21b55b56,1749859200000,
0c5d7534-921b-4fb6-82c7-35e829f86bca.binning_data.json,2025-06-15 18:21:26.454,2025-06-14 23:28:49.469,com.sec.android.app.shealth,-2,9344,1.2483581,6939.9,292.52997,VfS0qUERdZ,com.sec.android.app.shealth,0c5d7534-921b-4fb6-82c7-35e829f86bca,1749945600000,
a108bc99-3a72-47c5-8963-482661fc4c7d.binning_data.json,2025-06-15 18:30:05.237,2025-06-15 18:30:05.237,com.sec.android.app.shealth,0,9344,1.2483581,6939.9,292.52997,US7nt0+2+q,com.sec.android.app.shealth,a108bc99-3a72-47c5-8963-482661fc4c7d,1749945600000,
39879220-0ffa-462b-8d43-e636ecd6f9e5.binning_data.json,2025-06-16 18:02:46.911,2025-06-15 18:35:02.987,com.sec.android.app.shealth,-2,11779,1.2250232,8791.16,394.69998,VfS0qUERdZ,com.sec.android.app.shealth,39879220-0ffa-462b-8d43-e636ecd6f9e5,1750032000000,
0d787dee-d50d-43f7-834d-9dd966aadc1c.binning_data.json,2025-06-16 18:30:04.231,2025-06-16 18:30:04.231,com.sec.android.app.shealth,0,11779,1.2250232,8791.16,394.69998,US7nt0+2+q,com.sec.android.app.shealth,0d787dee-d50d-43f7-834d-9dd966aadc1c,1750032000000,
a3c19554-f323-435d-9e00-557ed86d348b.binning_data.json,2025-06-17 18:12:58.436,2025-06-17 02:12:44.122,com.sec.android.app.shealth,-2,4267,1.3195808,3222.3,140.47,VfS0qUERdZ,com.sec.android.app.shealth,a3c19554-f323-435d-9e00-557ed86d348b,1750118400000,
3891e967-5ae2-4272-8872-69072c797146.binning_data.json,2025-06-17 18:30:03.848,2025-06-17 18:30:03.848,com.sec.android.app.shealth,0,4267,1.3195808,3222.3,140.47,US7nt0+2+q,com.sec.android.app.shealth,3891e967-5ae2-4272-8872-69072c797146,1750118400000,
29a202d7-c023-40ae-bff5-6a1b8871840b.binning_data.json,2025-06-18 17:04:53.387,2025-06-17 23:35:01.247,com.sec.android.app.shealth,-2,15616,1.2948208,11675.971,485.68997,VfS0qUERdZ,com.sec.android.app.shealth,29a202d7-c023-40ae-bff5-6a1b8871840b,1750204800000,
77589a2c-f97d-41a9-bed5-b57091f3aafb.binning_data.json,2025-06-18 18:30:04.682,2025-06-18 18:30:04.682,com.sec.android.app.shealth,0,15616,1.2948208,11675.971,485.68997,US7nt0+2+q,com.sec.android.app.shealth,77589a2c-f97d-41a9-bed5-b57091f3aafb,1750204800000,
abe9f28c-35aa-4cc2-a0a0-b5d2c0372548.binning_data.json,2025-06-19 18:08:27.656,2025-06-19 03:26:25.860,com.sec.android.app.shealth,-2,6552,1.2656662,4918.46,218.81,VfS0qUERdZ,com.sec.android.app.shealth,abe9f28c-35aa-4cc2-a0a0-b5d2c0372548,1750291200000,
709509cd-4adf-4ced-8c21-0fdd9fa677e5.binning_data.json,2025-06-19 18:30:04.285,2025-06-19 18:30:04.285,com.sec.android.app.shealth,0,6552,1.2656662,4918.46,218.81,US7nt0+2+q,com.sec.android.app.shealth,709509cd-4adf-4ced-8c21-0fdd9fa677e5,1750291200000,
e8b1be15-52e1-4b89-a04b-3782e466bd78.binning_data.json,2025-06-21 18:30:14.675,2025-06-19 22:55:23.785,com.sec.android.app.shealth,-2,6811,1.1968896,5050.62,228.18999,VfS0qUERdZ,com.sec.android.app.shealth,e8b1be15-52e1-4b89-a04b-3782e466bd78,1750377600000,
d7203058-0b60-409d-8047-f66716216194.binning_data.json,2025-06-20 18:35:04.191,2025-06-20 18:30:03.867,com.sec.android.app.shealth,0,6811,1.1968896,5050.62,228.18999,US7nt0+2+q,com.sec.android.app.shealth,d7203058-0b60-409d-8047-f66716216194,1750377600000,
a1abc8f0-5672-4d2c-98ba-ea078182be76.binning_data.json,2025-06-21 18:15:03.551,2025-06-20 18:35:03.729,com.sec.android.app.shealth,-2,9907,1.1505027,7280.73,332.34998,VfS0qUERdZ,com.sec.android.app.shealth,a1abc8f0-5672-4d2c-98ba-ea078182be76,1750464000000,
fadee7d0-0578-4b7d-8888-8aa3a33194c3.binning_data.json,2025-06-21 18:30:12.135,2025-06-20 18:35:04.155,com.sec.android.app.shealth,0,9907,1.1505027,7280.73,332.34998,US7nt0+2+q,com.sec.android.app.shealth,fadee7d0-0578-4b7d-8888-8aa3a33194c3,1750464000000,
d754084a-6198-48d4-8fa8-939302798dae.binning_data.json,2025-06-23 18:30:05.412,2025-06-21 18:35:25.675,com.sec.android.app.shealth,-2,6337,1.1686602,4683.33,216.56999,VfS0qUERdZ,com.sec.android.app.shealth,d754084a-6198-48d4-8fa8-939302798dae,1750550400000,
df2cc882-02c6-46a5-88c6-274730ba3227.binning_data.json,2025-06-22 18:35:07.615,2025-06-22 18:30:03.104,com.sec.android.app.shealth,0,6337,1.1686602,4683.33,216.56999,US7nt0+2+q,com.sec.android.app.shealth,df2cc882-02c6-46a5-88c6-274730ba3227,1750550400000,
7cebded3-c5c0-4bf6-a8d7-6336ef6a5844.binning_data.json,2025-06-24 18:30:05.581,2025-06-22 18:35:01.574,com.sec.android.app.shealth,-2,2948,1.2168374,2187.26,98.24,VfS0qUERdZ,com.sec.android.app.shealth,7cebded3-c5c0-4bf6-a8d7-6336ef6a5844,1750636800000,
19c6b2b9-cf29-41e1-b495-4263876f381d.binning_data.json,2025-06-23 18:35:09.277,2025-06-22 18:35:07.388,com.sec.android.app.shealth,0,2948,1.2168374,2187.26,98.24,US7nt0+2+q,com.sec.android.app.shealth,19c6b2b9-cf29-41e1-b495-4263876f381d,1750636800000,
eadb7938-b49f-48ea-b87f-afdc8f98af0e.binning_data.json,2025-06-25 18:30:06.409,2025-06-23 18:35:03.193,com.sec.android.app.shealth,-2,2768,1.2730409,2072.24,91.549995,VfS0qUERdZ,com.sec.android.app.shealth,eadb7938-b49f-48ea-b87f-afdc8f98af0e,1750723200000,
577112f7-f03e-4800-9287-0177bc3eb8a2.binning_data.json,2025-06-24 18:31:46.884,2025-06-23 18:35:09.308,com.sec.android.app.shealth,0,2768,1.2730409,2072.24,91.549995,US7nt0+2+q,com.sec.android.app.shealth,577112f7-f03e-4800-9287-0177bc3eb8a2,1750723200000,
412ea2d0-11ad-410c-a0dd-945603952c7d.binning_data.json,2025-06-25 17:55:06.491,2025-06-24 18:31:44.363,com.sec.android.app.shealth,-2,2994,1.2881595,2252.8599,98.09,VfS0qUERdZ,com.sec.android.app.shealth,412ea2d0-11ad-410c-a0dd-945603952c7d,1750809600000,
2f25d960-a5ff-4bc3-bb26-9fd0e64da59b.binning_data.json,2025-06-25 18:30:05.098,2025-06-24 18:31:46.723,com.sec.android.app.shealth,0,2994,1.2881595,2252.8599,98.09,US7nt0+2+q,com.sec.android.app.shealth,2f25d960-a5ff-4bc3-bb26-9fd0e64da59b,1750809600000,
d526ca4a-cbe5-4ab2-a7ec-518f1eb3e750.binning_data.json,2025-06-26 17:37:22.614,2025-06-25 18:30:02.615,com.sec.android.app.shealth,-2,3715,1.3274405,2810.43,122.609985,VfS0qUERdZ,com.sec.android.app.shealth,d526ca4a-cbe5-4ab2-a7ec-518f1eb3e750,1750896000000,
2047ba63-10e0-4bce-8ff9-073ce4bed50b.binning_data.json,2025-06-26 18:30:04.428,2025-06-25 18:30:05.072,com.sec.android.app.shealth,0,3715,1.3274405,2810.43,122.609985,US7nt0+2+q,com.sec.android.app.shealth,2047ba63-10e0-4bce-8ff9-073ce4bed50b,1750896000000,
dd709154-fc1c-4f4e-8a49-2f47f9bfcc46.binning_data.json,2025-06-27 18:24:29.582,2025-06-26 19:23:48.203,com.sec.android.app.shealth,-2,5142,1.2671547,3867.17,171.75,VfS0qUERdZ,com.sec.android.app.shealth,dd709154-fc1c-4f4e-8a49-2f47f9bfcc46,1750982400000,
b8f8620e-ead9-409d-a081-72378613e08e.binning_data.json,2025-06-27 18:30:03.296,2025-06-27 18:30:03.296,com.sec.android.app.shealth,0,5142,1.2671547,3867.17,171.75,US7nt0+2+q,com.sec.android.app.shealth,b8f8620e-ead9-409d-a081-72378613e08e,1750982400000,
df4b2319-5ba8-4e95-8369-0e41cb278e99.binning_data.json,2025-06-28 18:26:19.710,2025-06-28 01:04:49.831,com.sec.android.app.shealth,-2,8652,1.2772154,6493.88,283.53998,VfS0qUERdZ,com.sec.android.app.shealth,df4b2319-5ba8-4e95-8369-0e41cb278e99,1751068800000,
af3126f1-d377-4361-af17-3ee963e96fca.binning_data.json,2025-06-28 18:30:06.851,2025-06-28 18:30:06.851,com.sec.android.app.shealth,0,8652,1.2772154,6493.88,283.53998,US7nt0+2+q,com.sec.android.app.shealth,af3126f1-d377-4361-af17-3ee963e96fca,1751068800000,
d2ce04d5-380d-4176-bbb0-4e53ba8b98c7.binning_data.json,2025-06-29 18:02:24.677,2025-06-28 22:33:41.349,com.sec.android.app.shealth,-2,4191,1.1951436,3100.3,139.65,VfS0qUERdZ,com.sec.android.app.shealth,d2ce04d5-380d-4176-bbb0-4e53ba8b98c7,1751155200000,
bcbecf0d-45f2-42b4-9df7-dc9f88334f5b.binning_data.json,2025-06-29 18:30:02.828,2025-06-29 18:30:02.828,com.sec.android.app.shealth,0,4191,1.1951436,3100.3,139.65,US7nt0+2+q,com.sec.android.app.shealth,bcbecf0d-45f2-42b4-9df7-dc9f88334f5b,1751155200000,
6d90d1e1-c1ae-4499-b78e-03a7d0cbef7b.binning_data.json,2025-06-30 18:19:45.935,2025-06-30 04:43:31.403,com.sec.android.app.shealth,-2,2875,1.2670093,2159.23,96.36,VfS0qUERdZ,com.sec.android.app.shealth,6d90d1e1-c1ae-4499-b78e-03a7d0cbef7b,1751241600000,
902f42f9-e0cf-4b83-ae6f-6086ce3c9857.binning_data.json,2025-06-30 18:30:06.191,2025-06-30 18:30:06.191,com.sec.android.app.shealth,0,2875,1.2670093,2159.23,96.36,US7nt0+2+q,com.sec.android.app.shealth,902f42f9-e0cf-4b83-ae6f-6086ce3c9857,1751241600000,
33e09c6f-aa57-44e0-9753-1ecb4daecd22.binning_data.json,2025-07-01 18:10:56.813,2025-06-30 18:31:09.635,com.sec.android.app.shealth,-2,2691,1.2396636,2008.18,88.759995,VfS0qUERdZ,com.sec.android.app.shealth,33e09c6f-aa57-44e0-9753-1ecb4daecd22,1751328000000,
def75b5b-3c81-4b72-a9d0-9a45ce325e73.binning_data.json,2025-07-01 18:30:04.339,2025-07-01 18:30:04.339,com.sec.android.app.shealth,0,2691,1.2396636,2008.18,88.759995,US7nt0+2+q,com.sec.android.app.shealth,def75b5b-3c81-4b72-a9d0-9a45ce325e73,1751328000000,
50befa39-d488-4656-947e-3f5dd64d3964.binning_data.json,2025-07-02 17:28:21.116,2025-07-02 03:29:44.783,com.sec.android.app.shealth,-2,1550,1.2468655,1164.46,53.37,VfS0qUERdZ,com.sec.android.app.shealth,50befa39-d488-4656-947e-3f5dd64d3964,1751414400000,
8aee822d-faeb-4f16-88b0-21a121cbfe04.binning_data.json,2025-07-02 18:30:04.645,2025-07-02 18:30:04.645,com.sec.android.app.shealth,0,1550,1.2468655,1164.46,53.37,US7nt0+2+q,com.sec.android.app.shealth,8aee822d-faeb-4f16-88b0-21a121cbfe04,1751414400000,
c1a13021-e0df-47d3-b602-fd478036ccdf.binning_data.json,2025-07-03 17:29:32.295,2025-07-03 04:42:41.994,com.sec.android.app.shealth,-2,3477,1.2922783,2619.3801,115.659996,VfS0qUERdZ,com.sec.android.app.shealth,c1a13021-e0df-47d3-b602-fd478036ccdf,1751500800000,
1425f2e0-7910-40a1-8085-5d73e6c7d6f6.binning_data.json,2025-07-03 18:30:07.125,2025-07-03 18:30:07.125,com.sec.android.app.shealth,0,3477,1.2922783,2619.3801,115.659996,US7nt0+2+q,com.sec.android.app.shealth,1425f2e0-7910-40a1-8085-5d73e6c7d6f6,1751500800000,
8e53ddcc-521b-4f19-9383-f1ec096c5409.binning_data.json,2025-07-04 17:54:23.869,2025-07-03 18:51:34.576,com.sec.android.app.shealth,-2,3375,1.3071456,2551.22,112.49,VfS0qUERdZ,com.sec.android.app.shealth,8e53ddcc-521b-4f19-9383-f1ec096c5409,1751587200000,
36455d6c-ebc2-42fb-994c-99fdfe69b30a.binning_data.json,2025-07-04 18:30:03.615,2025-07-04 18:30:03.615,com.sec.android.app.shealth,0,3375,1.3071456,2551.22,112.49,US7nt0+2+q,com.sec.android.app.shealth,36455d6c-ebc2-42fb-994c-99fdfe69b30a,1751587200000,
05cb932b-94dc-4934-9609-8c23a85f37c2.binning_data.json,2025-07-05 16:19:56.203,2025-07-05 04:39:25.880,com.sec.android.app.shealth,-2,1930,1.184464,1424.4401,63.239998,VfS0qUERdZ,com.sec.android.app.shealth,05cb932b-94dc-4934-9609-8c23a85f37c2,1751673600000,
e59ddbda-8fd1-40a1-b7a2-543137446525.binning_data.json,2025-07-05 18:30:05.692,2025-07-05 18:30:05.692,com.sec.android.app.shealth,0,1930,1.184464,1424.4401,63.239998,US7nt0+2+q,com.sec.android.app.shealth,e59ddbda-8fd1-40a1-b7a2-543137446525,1751673600000,
8fd88b6e-d34c-4b74-9235-0b5cdfabd09e.binning_data.json,2025-07-06 15:57:58.459,2025-07-05 23:54:18.087,com.sec.android.app.shealth,-2,4445,1.258392,3314.6301,139.31999,VfS0qUERdZ,com.sec.android.app.shealth,8fd88b6e-d34c-4b74-9235-0b5cdfabd09e,1751760000000,
780487ac-dbc8-40c2-b1e5-35df7c220904.binning_data.json,2025-07-06 18:30:03.852,2025-07-06 18:30:03.852,com.sec.android.app.shealth,0,4445,1.258392,3314.6301,139.31999,US7nt0+2+q,com.sec.android.app.shealth,780487ac-dbc8-40c2-b1e5-35df7c220904,1751760000000,
78dfad6e-5a74-499f-b533-f7057cf3a5a9.binning_data.json,2025-07-07 15:39:34.005,2025-07-06 18:50:03.073,com.sec.android.app.shealth,-2,6427,1.2085502,4751.52,202.79,VfS0qUERdZ,com.sec.android.app.shealth,78dfad6e-5a74-499f-b533-f7057cf3a5a9,1751846400000,
5d13e05e-a3e6-47b0-b2c7-6c23187c95d1.binning_data.json,2025-07-07 18:30:14.720,2025-07-07 18:30:14.720,com.sec.android.app.shealth,0,6427,1.2085502,4751.52,202.79,US7nt0+2+q,com.sec.android.app.shealth,5d13e05e-a3e6-47b0-b2c7-6c23187c95d1,1751846400000,
18211681-f2fe-4e3e-b5e7-b94f105c4636.binning_data.json,2025-07-08 16:11:03.020,2025-07-08 02:15:22.755,com.sec.android.app.shealth,-2,6887,1.2243907,5112.78,217.06999,VfS0qUERdZ,com.sec.android.app.shealth,18211681-f2fe-4e3e-b5e7-b94f105c4636,1751932800000,
3231ceeb-e5f9-4a39-a151-409048eb0310.binning_data.json,2025-07-08 18:30:05.963,2025-07-08 18:30:05.963,com.sec.android.app.shealth,0,6887,1.2243907,5112.78,217.06999,US7nt0+2+q,com.sec.android.app.shealth,3231ceeb-e5f9-4a39-a151-409048eb0310,1751932800000,
b334ecfc-836d-4ef8-9006-4457a30988d1.binning_data.json,2025-07-09 15:26:52.571,2025-07-08 18:49:46.104,com.sec.android.app.shealth,-2,6624,1.2541441,4929.3403,205.12997,VfS0qUERdZ,com.sec.android.app.shealth,b334ecfc-836d-4ef8-9006-4457a30988d1,1752019200000,
0029c139-6cfc-400b-b132-415455e0f60c.binning_data.json,2025-07-09 18:30:05.413,2025-07-09 18:30:05.413,com.sec.android.app.shealth,0,6624,1.2541441,4929.3403,205.12997,US7nt0+2+q,com.sec.android.app.shealth,0029c139-6cfc-400b-b132-415455e0f60c,1752019200000,
780aad08-5d0e-4b87-b9cc-d40dea1fe4d3.binning_data.json,2025-07-10 16:10:37.519,2025-07-10 03:15:02.349,com.sec.android.app.shealth,-2,6738,1.2221259,4992.54,212.23997,VfS0qUERdZ,com.sec.android.app.shealth,780aad08-5d0e-4b87-b9cc-d40dea1fe4d3,1752105600000,
98b87a91-3cf6-486f-a6b6-a6ca56b531fb.binning_data.json,2025-07-10 18:30:04.707,2025-07-10 18:30:04.707,com.sec.android.app.shealth,0,6738,1.2221259,4992.54,212.23997,US7nt0+2+q,com.sec.android.app.shealth,98b87a91-3cf6-486f-a6b6-a6ca56b531fb,1752105600000,
5339b70e-0aef-4b87-8807-f71f9a638bbf.binning_data.json,2025-07-11 16:25:11.791,2025-07-10 19:08:28.396,com.sec.android.app.shealth,-2,4803,1.2333385,3566.44,150.18,VfS0qUERdZ,com.sec.android.app.shealth,5339b70e-0aef-4b87-8807-f71f9a638bbf,1752192000000,
8323e145-b0b9-433a-b568-8643b22e1e46.binning_data.json,2025-07-11 18:30:04.583,2025-07-11 18:30:04.583,com.sec.android.app.shealth,0,4803,1.2333385,3566.44,150.18,US7nt0+2+q,com.sec.android.app.shealth,8323e145-b0b9-433a-b568-8643b22e1e46,1752192000000,
cda4d9ed-fc46-4e38-a4dc-338662dd3f5c.binning_data.json,2025-07-12 15:25:44.507,2025-07-11 20:45:19.176,com.sec.android.app.shealth,-2,1892,1.296609,1418.1799,58.539993,VfS0qUERdZ,com.sec.android.app.shealth,cda4d9ed-fc46-4e38-a4dc-338662dd3f5c,1752278400000,
4fcc4847-c949-4a7f-9eca-949a4da19e91.binning_data.json,2025-07-12 18:30:04.398,2025-07-12 18:30:04.398,com.sec.android.app.shealth,0,1892,1.296609,1418.1799,58.539993,US7nt0+2+q,com.sec.android.app.shealth,4fcc4847-c949-4a7f-9eca-949a4da19e91,1752278400000,
beafc252-a213-4119-831b-61db5582df1e.binning_data.json,2025-07-13 17:42:08.382,2025-07-13 02:32:10.677,com.sec.android.app.shealth,-2,14099,1.2394644,10628.101,481.52997,VfS0qUERdZ,com.sec.android.app.shealth,beafc252-a213-4119-831b-61db5582df1e,1752364800000,
fdb77462-9dfb-4c07-85ec-60c4cecc4f25.binning_data.json,2025-07-13 18:30:03.633,2025-07-13 18:30:03.633,com.sec.android.app.shealth,0,14099,1.2394644,10628.101,481.52997,US7nt0+2+q,com.sec.android.app.shealth,fdb77462-9dfb-4c07-85ec-60c4cecc4f25,1752364800000,
c0cd1c24-3588-4230-a7bb-266837c72224.binning_data.json,2025-07-14 16:14:26.244,2025-07-14 02:48:03.711,com.sec.android.app.shealth,-2,7996,1.2274,5931.18,249.94995,VfS0qUERdZ,com.sec.android.app.shealth,c0cd1c24-3588-4230-a7bb-266837c72224,1752451200000,
87d952f3-6b2b-409c-9790-c6e7d16ca273.binning_data.json,2025-07-14 18:30:03.223,2025-07-14 18:30:03.223,com.sec.android.app.shealth,0,7996,1.2274,5931.18,249.94995,US7nt0+2+q,com.sec.android.app.shealth,87d952f3-6b2b-409c-9790-c6e7d16ca273,1752451200000,
daf88875-9931-437c-bd20-cf46763b57d8.binning_data.json,2025-07-15 17:15:04.275,2025-07-15 02:44:10.496,com.sec.android.app.shealth,-2,7906,1.2297758,5858.7803,247.9,VfS0qUERdZ,com.sec.android.app.shealth,daf88875-9931-437c-bd20-cf46763b57d8,1752537600000,
6f85cb08-89df-425b-a8ed-cfb67eb765d5.binning_data.json,2025-07-15 18:30:07.276,2025-07-15 18:30:07.276,com.sec.android.app.shealth,0,7906,1.2297758,5858.7803,247.9,US7nt0+2+q,com.sec.android.app.shealth,6f85cb08-89df-425b-a8ed-cfb67eb765d5,1752537600000,
56dcbb36-a77f-47e6-ac28-5cd7389e380a.binning_data.json,2025-07-16 16:42:52.198,2025-07-16 02:54:58.002,com.sec.android.app.shealth,-2,7731,1.2617092,5763.22,240.99997,VfS0qUERdZ,com.sec.android.app.shealth,56dcbb36-a77f-47e6-ac28-5cd7389e380a,1752624000000,
64907fc5-3270-4e8d-a211-0e61446013a5.binning_data.json,2025-07-16 18:30:03.679,2025-07-16 18:30:03.679,com.sec.android.app.shealth,0,7731,1.2617092,5763.22,240.99997,US7nt0+2+q,com.sec.android.app.shealth,64907fc5-3270-4e8d-a211-0e61446013a5,1752624000000,
5a8844b3-1110-4a54-8ea1-28cea123368d.binning_data.json,2025-07-17 15:27:43.551,2025-07-17 05:16:09.247,com.sec.android.app.shealth,-2,4208,1.2058392,3124.03,138.90999,VfS0qUERdZ,com.sec.android.app.shealth,5a8844b3-1110-4a54-8ea1-28cea123368d,1752710400000,
d5a62454-4465-4332-82da-fbb7d9de5dbe.binning_data.json,2025-07-17 18:30:03.864,2025-07-17 18:30:03.864,com.sec.android.app.shealth,0,4208,1.2058392,3124.03,138.90999,US7nt0+2+q,com.sec.android.app.shealth,d5a62454-4465-4332-82da-fbb7d9de5dbe,1752710400000,
ec5e5f0c-ab3a-4502-aed9-9d5b09909b63.binning_data.json,2025-07-18 14:11:39.131,2025-07-18 03:08:51.668,com.sec.android.app.shealth,-2,4678,1.2023361,3455.6301,151.21997,VfS0qUERdZ,com.sec.android.app.shealth,ec5e5f0c-ab3a-4502-aed9-9d5b09909b63,1752796800000,
c2074236-c40c-4967-b7c9-087df1013cd1.binning_data.json,2025-07-18 18:30:16.033,2025-07-18 18:30:16.033,com.sec.android.app.shealth,0,4678,1.2023361,3455.6301,151.21997,US7nt0+2+q,com.sec.android.app.shealth,c2074236-c40c-4967-b7c9-087df1013cd1,1752796800000,
aea5f60d-58e3-4457-8769-cff56cdd1a6c.binning_data.json,2025-07-19 16:00:27.908,2025-07-19 03:43:03.368,com.sec.android.app.shealth,-2,6038,1.2443142,4491.02,189.33998,VfS0qUERdZ,com.sec.android.app.shealth,aea5f60d-58e3-4457-8769-cff56cdd1a6c,1752883200000,
d34d352a-2f0f-4f25-9e8c-4d225d9f7b5f.binning_data.json,2025-07-19 18:30:05.393,2025-07-19 18:30:05.393,com.sec.android.app.shealth,0,6038,1.2443142,4491.02,189.33998,US7nt0+2+q,com.sec.android.app.shealth,d34d352a-2f0f-4f25-9e8c-4d225d9f7b5f,1752883200000,
b89e3e80-03f3-45db-8dcc-142a3ed29754.binning_data.json,2025-07-20 18:03:54.658,2025-07-20 03:01:04.192,com.sec.android.app.shealth,-2,553,1.2587736,412.68,18.199999,VfS0qUERdZ,com.sec.android.app.shealth,b89e3e80-03f3-45db-8dcc-142a3ed29754,1752969600000,
f2d31e28-8c35-40b3-8be6-bfd646e89e53.binning_data.json,2025-07-20 18:30:04.535,2025-07-20 18:30:04.535,com.sec.android.app.shealth,0,553,1.2587736,412.68,18.199999,US7nt0+2+q,com.sec.android.app.shealth,f2d31e28-8c35-40b3-8be6-bfd646e89e53,1752969600000,
9e29e5ea-340d-41a1-a990-439a44357ca9.binning_data.json,2025-07-21 15:36:03.706,2025-07-20 18:31:52.741,com.sec.android.app.shealth,-2,5537,1.2240722,4105.58,173.87999,VfS0qUERdZ,com.sec.android.app.shealth,9e29e5ea-340d-41a1-a990-439a44357ca9,1753056000000,
1120bd14-59f6-4678-8828-2da8cf95109e.binning_data.json,2025-07-21 18:30:04.211,2025-07-21 18:30:04.211,com.sec.android.app.shealth,0,5537,1.2240722,4105.58,173.87999,US7nt0+2+q,com.sec.android.app.shealth,1120bd14-59f6-4678-8828-2da8cf95109e,1753056000000,
e9fffa14-b24a-4f91-9962-278774540885.binning_data.json,2025-07-22 10:58:19.969,2025-07-22 01:54:42.649,com.sec.android.app.shealth,-2,5325,1.1795775,3916.23,170.46999,VfS0qUERdZ,com.sec.android.app.shealth,e9fffa14-b24a-4f91-9962-278774540885,1753142400000,
2301f83d-6645-4e08-a969-af7f3697af5d.binning_data.json,2025-07-22 18:30:04.357,2025-07-22 18:30:04.357,com.sec.android.app.shealth,0,5325,1.1795775,3916.23,170.46999,US7nt0+2+q,com.sec.android.app.shealth,2301f83d-6645-4e08-a969-af7f3697af5d,1753142400000,
c052d527-060c-4734-9c45-d3ae520ebf95.binning_data.json,2025-07-23 17:23:05.299,2025-07-22 18:36:11.664,com.sec.android.app.shealth,-2,7184,1.2146882,5319.37,228.40999,VfS0qUERdZ,com.sec.android.app.shealth,c052d527-060c-4734-9c45-d3ae520ebf95,1753228800000,
d240b808-3264-48ab-9ab1-e1c03f17e5e0.binning_data.json,2025-07-23 18:30:06.792,2025-07-23 18:30:06.792,com.sec.android.app.shealth,0,7184,1.2146882,5319.37,228.40999,US7nt0+2+q,com.sec.android.app.shealth,d240b808-3264-48ab-9ab1-e1c03f17e5e0,1753228800000,
4d1e6d16-beeb-440d-9086-12a9de79560d.binning_data.json,2025-07-24 17:50:53.811,2025-07-24 02:13:11.477,com.sec.android.app.shealth,-2,8647,1.1949486,6386.97,275.12,VfS0qUERdZ,com.sec.android.app.shealth,4d1e6d16-beeb-440d-9086-12a9de79560d,1753315200000,
6dc197a2-d867-41ad-89c0-3f63a211f3bf.binning_data.json,2025-07-24 18:30:14.092,2025-07-24 18:30:14.092,com.sec.android.app.shealth,0,8647,1.1949486,6386.97,275.12,US7nt0+2+q,com.sec.android.app.shealth,6dc197a2-d867-41ad-89c0-3f63a211f3bf,1753315200000,
40748c38-3dcb-489e-9d46-f01f5c6de9de.binning_data.json,2025-07-25 15:27:07.267,2025-07-25 03:09:58.157,com.sec.android.app.shealth,-2,6849,1.2300229,5077.92,216.59,VfS0qUERdZ,com.sec.android.app.shealth,40748c38-3dcb-489e-9d46-f01f5c6de9de,1753401600000,
02caa2a7-508b-4024-a2f6-1e3079637a34.binning_data.json,2025-07-25 18:30:05.076,2025-07-25 18:30:05.076,com.sec.android.app.shealth,0,6849,1.2300229,5077.92,216.59,US7nt0+2+q,com.sec.android.app.shealth,02caa2a7-508b-4024-a2f6-1e3079637a34,1753401600000,
1798b69c-114e-48f7-9330-ffd8103ce319.binning_data.json,2025-07-26 17:16:11.547,2025-07-26 03:44:55.541,com.sec.android.app.shealth,-2,3586,1.2747412,2683.57,112.52998,VfS0qUERdZ,com.sec.android.app.shealth,1798b69c-114e-48f7-9330-ffd8103ce319,1753488000000,
f50b1d0e-7231-47cd-af30-fab7f7e8e41e.binning_data.json,2025-07-26 18:30:04.987,2025-07-26 18:30:04.987,com.sec.android.app.shealth,0,3586,1.2747412,2683.57,112.52998,US7nt0+2+q,com.sec.android.app.shealth,f50b1d0e-7231-47cd-af30-fab7f7e8e41e,1753488000000,
e8ef3180-f83d-4512-88b0-cb273bb97816.binning_data.json,2025-07-27 17:22:28.383,2025-07-26 19:46:22.004,com.sec.android.app.shealth,-2,1492,1.2569262,1112.68,47.879997,VfS0qUERdZ,com.sec.android.app.shealth,e8ef3180-f83d-4512-88b0-cb273bb97816,1753574400000,
3e7a4dd1-d8ae-4631-a20f-b2fe43ca7753.binning_data.json,2025-07-27 18:30:06.650,2025-07-27 18:30:06.650,com.sec.android.app.shealth,0,1492,1.2569262,1112.68,47.879997,US7nt0+2+q,com.sec.android.app.shealth,3e7a4dd1-d8ae-4631-a20f-b2fe43ca7753,1753574400000,
b4955535-e8a9-436f-bdba-e15181e80fae.binning_data.json,2025-07-28 15:47:58.014,2025-07-28 00:54:44.695,com.sec.android.app.shealth,-2,10113,1.2303085,7506.65,318.58997,VfS0qUERdZ,com.sec.android.app.shealth,b4955535-e8a9-436f-bdba-e15181e80fae,1753660800000,
f7898f01-530e-4ed1-98f5-f4c137cf30b2.binning_data.json,2025-07-28 18:30:05.035,2025-07-28 18:30:05.035,com.sec.android.app.shealth,0,10113,1.2303085,7506.65,318.58997,US7nt0+2+q,com.sec.android.app.shealth,f7898f01-530e-4ed1-98f5-f4c137cf30b2,1753660800000,
a5de5366-48c9-4a7c-90cc-cf9e00ab5607.binning_data.json,2025-07-29 14:27:10.714,2025-07-29 01:06:41.629,com.sec.android.app.shealth,-2,13756,1.2580194,10261.57,431.11,VfS0qUERdZ,com.sec.android.app.shealth,a5de5366-48c9-4a7c-90cc-cf9e00ab5607,1753747200000,
497281a5-ef7a-46c5-869b-d98108ac36f3.binning_data.json,2025-07-29 18:30:05.168,2025-07-29 18:30:05.168,com.sec.android.app.shealth,0,13756,1.2580194,10261.57,431.11,US7nt0+2+q,com.sec.android.app.shealth,497281a5-ef7a-46c5-869b-d98108ac36f3,1753747200000,
e5213d78-6ee5-4a51-bbc6-df1e03159fea.binning_data.json,2025-07-30 15:32:27.681,2025-07-30 03:43:08.679,com.sec.android.app.shealth,-2,8348,1.2290426,6183.92,261.22998,VfS0qUERdZ,com.sec.android.app.shealth,e5213d78-6ee5-4a51-bbc6-df1e03159fea,1753833600000,
f8a95ccd-d49a-44be-8ad9-94429f28f48b.binning_data.json,2025-07-30 18:30:04.200,2025-07-30 18:30:04.200,com.sec.android.app.shealth,0,8348,1.2290426,6183.92,261.22998,US7nt0+2+q,com.sec.android.app.shealth,f8a95ccd-d49a-44be-8ad9-94429f28f48b,1753833600000,
1f1bc8c5-9776-43a2-932a-6303631e011d.binning_data.json,2025-07-31 18:13:55.129,2025-07-31 02:06:11.525,com.sec.android.app.shealth,-2,8430,1.1920233,6216.87,269.22,VfS0qUERdZ,com.sec.android.app.shealth,1f1bc8c5-9776-43a2-932a-6303631e011d,1753920000000,
546be72b-b72d-4725-8e5c-79d134440cec.binning_data.json,2025-07-31 18:30:03.979,2025-07-31 18:30:03.979,com.sec.android.app.shealth,0,8430,1.1920233,6216.87,269.22,US7nt0+2+q,com.sec.android.app.shealth,546be72b-b72d-4725-8e5c-79d134440cec,1753920000000,
a50103b8-ae7e-4d89-9937-852685c02e72.binning_data.json,2025-08-01 15:40:11.305,2025-08-01 03:10:30.108,com.sec.android.app.shealth,-2,7032,1.2223568,5212.6396,222.93,VfS0qUERdZ,com.sec.android.app.shealth,a50103b8-ae7e-4d89-9937-852685c02e72,1754006400000,
adcdd851-b90c-4c65-bdd7-44fa549f5604.binning_data.json,2025-08-01 18:30:03.710,2025-08-01 18:30:03.710,com.sec.android.app.shealth,0,7032,1.2223568,5212.6396,222.93,US7nt0+2+q,com.sec.android.app.shealth,adcdd851-b90c-4c65-bdd7-44fa549f5604,1754006400000,
d8c6fd6c-2c6f-40d0-b291-0a54d60a46d5.binning_data.json,2025-08-02 17:02:52.301,2025-08-02 06:38:41.301,com.sec.android.app.shealth,-2,9211,1.3057574,6899.27,279.78995,VfS0qUERdZ,com.sec.android.app.shealth,d8c6fd6c-2c6f-40d0-b291-0a54d60a46d5,1754092800000,
0d3023f0-2162-416b-9186-4acdf9588ad8.binning_data.json,2025-08-02 18:30:06.945,2025-08-02 18:30:06.945,com.sec.android.app.shealth,0,9211,1.3057574,6899.27,279.78995,US7nt0+2+q,com.sec.android.app.shealth,0d3023f0-2162-416b-9186-4acdf9588ad8,1754092800000,
367d6d02-31f8-4682-97d0-04ce461fb08f.binning_data.json,2025-08-03 17:43:02.667,2025-08-03 03:09:56.736,com.sec.android.app.shealth,-2,6117,1.3130959,4595.64,186.51997,VfS0qUERdZ,com.sec.android.app.shealth,367d6d02-31f8-4682-97d0-04ce461fb08f,1754179200000,
40097323-8864-481b-b4f5-b37f5fd41331.binning_data.json,2025-08-03 18:30:04.631,2025-08-03 18:30:04.631,com.sec.android.app.shealth,0,6117,1.3130959,4595.64,186.51997,US7nt0+2+q,com.sec.android.app.shealth,40097323-8864-481b-b4f5-b37f5fd41331,1754179200000,
be47fcb0-0a0e-4809-a852-4a2267b571f7.binning_data.json,2025-08-04 16:31:50.979,2025-08-04 02:29:00.865,com.sec.android.app.shealth,-2,9134,1.2630755,6811.9,284.21,VfS0qUERdZ,com.sec.android.app.shealth,be47fcb0-0a0e-4809-a852-4a2267b571f7,1754265600000,
6dea5bab-d21b-42de-85eb-82f2d96e3a17.binning_data.json,2025-08-04 18:30:05.456,2025-08-04 18:30:05.456,com.sec.android.app.shealth,0,9134,1.2630755,6811.9,284.21,US7nt0+2+q,com.sec.android.app.shealth,6dea5bab-d21b-42de-85eb-82f2d96e3a17,1754265600000,
641e1774-f965-4af4-ad65-f3461f83a558.binning_data.json,2025-08-05 17:28:45.262,2025-08-05 02:06:27.549,com.sec.android.app.shealth,-2,6043,1.2065195,4465.47,190.70999,VfS0qUERdZ,com.sec.android.app.shealth,641e1774-f965-4af4-ad65-f3461f83a558,1754352000000,
278b8b98-c804-4de0-9270-a1dfb09a33de.binning_data.json,2025-08-05 18:30:06.797,2025-08-05 18:30:06.797,com.sec.android.app.shealth,0,6043,1.2065195,4465.47,190.70999,US7nt0+2+q,com.sec.android.app.shealth,278b8b98-c804-4de0-9270-a1dfb09a33de,1754352000000,
dff97fa5-7658-4d40-8b4d-38a166fe5530.binning_data.json,2025-08-06 18:26:07.582,2025-08-06 02:47:19.734,com.sec.android.app.shealth,-2,16094,1.2808834,12036.16,497.24994,VfS0qUERdZ,com.sec.android.app.shealth,dff97fa5-7658-4d40-8b4d-38a166fe5530,1754438400000,
989e03ec-16d1-451a-aa75-7f82036fc41d.binning_data.json,2025-08-06 18:30:03.476,2025-08-06 18:30:03.476,com.sec.android.app.shealth,0,16094,1.2808834,12036.16,497.24994,US7nt0+2+q,com.sec.android.app.shealth,989e03ec-16d1-451a-aa75-7f82036fc41d,1754438400000,
9518b471-8ee1-48e1-b105-5d01a4306e4a.binning_data.json,2025-08-07 17:47:51.196,2025-08-06 19:36:46.857,com.sec.android.app.shealth,-2,6578,1.244161,4900.89,202.62997,VfS0qUERdZ,com.sec.android.app.shealth,9518b471-8ee1-48e1-b105-5d01a4306e4a,1754524800000,
1b6540a6-0acd-4e99-bf86-d0498beec796.binning_data.json,2025-08-07 18:30:03.769,2025-08-07 18:30:03.769,com.sec.android.app.shealth,0,6578,1.244161,4900.89,202.62997,US7nt0+2+q,com.sec.android.app.shealth,1b6540a6-0acd-4e99-bf86-d0498beec796,1754524800000,
f380bb8a-ce07-4d93-b7d2-8ff4dca9f14a.binning_data.json,2025-08-08 18:14:20.363,2025-08-08 00:23:54.895,com.sec.android.app.shealth,-2,2160,1.267374,1621.63,67.77999,VfS0qUERdZ,com.sec.android.app.shealth,f380bb8a-ce07-4d93-b7d2-8ff4dca9f14a,1754611200000,
5dd10e7a-8df9-47a8-b970-e4fa1a748e1b.binning_data.json,2025-08-08 18:30:02.864,2025-08-08 18:30:02.864,com.sec.android.app.shealth,0,2160,1.267374,1621.63,67.77999,US7nt0+2+q,com.sec.android.app.shealth,5dd10e7a-8df9-47a8-b970-e4fa1a748e1b,1754611200000,
a2ce4c73-30d0-4f34-8b24-399d732fdbe5.binning_data.json,2025-08-09 18:16:08.688,2025-08-09 04:40:22.299,com.sec.android.app.shealth,-2,5035,1.1751535,3734.5,159.7,VfS0qUERdZ,com.sec.android.app.shealth,a2ce4c73-30d0-4f34-8b24-399d732fdbe5,1754697600000,
6dcc4684-a463-4958-83d2-2336ed469552.binning_data.json,2025-08-09 18:30:03.697,2025-08-09 18:30:03.697,com.sec.android.app.shealth,0,5035,1.1751535,3734.5,159.7,US7nt0+2+q,com.sec.android.app.shealth,6dcc4684-a463-4958-83d2-2336ed469552,1754697600000,
9bf1aabc-5eec-45ac-a9b1-09a2d28e4662.binning_data.json,2025-08-10 18:30:05.269,2025-08-10 04:40:06.879,com.sec.android.app.shealth,-2,5948,1.193624,4431.12,188.97,VfS0qUERdZ,com.sec.android.app.shealth,9bf1aabc-5eec-45ac-a9b1-09a2d28e4662,1754784000000,
e6aad570-3b0e-4ccb-ada5-e2c503f71ea9.binning_data.json,2025-08-10 18:30:04.059,2025-08-10 18:30:04.059,com.sec.android.app.shealth,0,5948,1.193624,4431.12,188.97,US7nt0+2+q,com.sec.android.app.shealth,e6aad570-3b0e-4ccb-ada5-e2c503f71ea9,1754784000000,
c3831835-8e0c-4848-9d6f-92b2e9dfbc93.binning_data.json,2025-08-11 17:52:55.632,2025-08-10 18:32:06.533,com.sec.android.app.shealth,-2,11042,1.2652044,8268.98,337.77994,VfS0qUERdZ,com.sec.android.app.shealth,c3831835-8e0c-4848-9d6f-92b2e9dfbc93,1754870400000,
80b58c86-68e0-42f0-aacc-a6a266ec9a31.binning_data.json,2025-08-11 18:30:03.602,2025-08-11 18:30:03.602,com.sec.android.app.shealth,0,11042,1.2652044,8268.98,337.77994,US7nt0+2+q,com.sec.android.app.shealth,80b58c86-68e0-42f0-aacc-a6a266ec9a31,1754870400000,
fc2d0bdf-d83c-413a-b5c9-494e9966bc47.binning_data.json,2025-08-12 17:39:30.558,2025-08-12 03:24:43.107,com.sec.android.app.shealth,-2,9339,1.1968995,6900.0,283.34998,VfS0qUERdZ,com.sec.android.app.shealth,fc2d0bdf-d83c-413a-b5c9-494e9966bc47,1754956800000,
a632d0ee-a288-47fa-93ef-316ced6a808b.binning_data.json,2025-08-12 18:30:04.095,2025-08-12 18:30:04.095,com.sec.android.app.shealth,0,9339,1.1968995,6900.0,283.34998,US7nt0+2+q,com.sec.android.app.shealth,a632d0ee-a288-47fa-93ef-316ced6a808b,1754956800000,
db41c780-04a8-448e-9863-619a433a34f5.binning_data.json,2025-08-13 18:28:51.073,2025-08-13 00:43:52.517,com.sec.android.app.shealth,-2,6853,1.2227502,5086.57,208.62,VfS0qUERdZ,com.sec.android.app.shealth,db41c780-04a8-448e-9863-619a433a34f5,1755043200000,
b1aae9ff-ec10-46c9-a3e0-7e1eefa91652.binning_data.json,2025-08-13 18:30:03.375,2025-08-13 18:30:03.375,com.sec.android.app.shealth,0,6853,1.2227502,5086.57,208.62,US7nt0+2+q,com.sec.android.app.shealth,b1aae9ff-ec10-46c9-a3e0-7e1eefa91652,1755043200000,
021c09af-2c9e-48b7-99f8-9463292319a4.binning_data.json,2025-08-14 15:55:12.768,2025-08-14 03:51:10.354,com.sec.android.app.shealth,-2,402,1.325324,303.7,12.559999,VfS0qUERdZ,com.sec.android.app.shealth,021c09af-2c9e-48b7-99f8-9463292319a4,1755129600000,
8a91c85b-98b8-490c-ac50-ea36f26f017c.binning_data.json,2025-08-14 18:30:04.816,2025-08-14 18:30:04.816,com.sec.android.app.shealth,0,402,1.325324,303.7,12.559999,US7nt0+2+q,com.sec.android.app.shealth,8a91c85b-98b8-490c-ac50-ea36f26f017c,1755129600000,
327250b7-28d8-475d-a595-f1d971d46397.binning_data.json,2025-08-15 16:33:33.773,2025-08-15 05:09:33.321,com.sec.android.app.shealth,-2,425,1.2547369,316.25,13.169998,VfS0qUERdZ,com.sec.android.app.shealth,327250b7-28d8-475d-a595-f1d971d46397,1755216000000,
e91b2b23-519d-4a2c-90f9-acfebf8a262a.binning_data.json,2025-08-15 18:30:07.396,2025-08-15 18:30:07.396,com.sec.android.app.shealth,0,425,1.2547369,316.25,13.169998,US7nt0+2+q,com.sec.android.app.shealth,e91b2b23-519d-4a2c-90f9-acfebf8a262a,1755216000000,
15b5700e-cea9-478c-a8e2-76f4598127db.binning_data.json,2025-08-16 18:14:09.897,2025-08-16 02:05:10.225,com.sec.android.app.shealth,-2,746,1.2938882,562.16003,22.949999,VfS0qUERdZ,com.sec.android.app.shealth,15b5700e-cea9-478c-a8e2-76f4598127db,1755302400000,
4e56b9ff-43c8-4213-a162-9d677571ef12.binning_data.json,2025-08-16 18:30:03.562,2025-08-16 18:30:03.562,com.sec.android.app.shealth,0,746,1.2938882,562.16003,22.949999,US7nt0+2+q,com.sec.android.app.shealth,4e56b9ff-43c8-4213-a162-9d677571ef12,1755302400000,
28ebb320-e30c-450c-9daa-82830c2365e5.binning_data.json,2025-08-17 15:35:06.961,2025-08-17 02:26:30.330,com.sec.android.app.shealth,-2,1055,1.2171949,782.54004,32.859997,VfS0qUERdZ,com.sec.android.app.shealth,28ebb320-e30c-450c-9daa-82830c2365e5,1755388800000,
733b4f53-b614-4627-83ce-d66f186f9ff3.binning_data.json,2025-08-17 18:30:06.230,2025-08-17 18:30:06.230,com.sec.android.app.shealth,0,1055,1.2171949,782.54004,32.859997,US7nt0+2+q,com.sec.android.app.shealth,733b4f53-b614-4627-83ce-d66f186f9ff3,1755388800000,
3a9c8a67-c92e-42f5-b55e-9559d9d03943.binning_data.json,2025-08-18 17:26:53.898,2025-08-18 02:29:53.012,com.sec.android.app.shealth,-2,4399,1.1922466,3252.86,134.18,VfS0qUERdZ,com.sec.android.app.shealth,3a9c8a67-c92e-42f5-b55e-9559d9d03943,1755475200000,
943d9ad5-1cf2-4522-b239-4033eac36388.binning_data.json,2025-08-18 18:30:02.884,2025-08-18 18:30:02.884,com.sec.android.app.shealth,0,4399,1.1922466,3252.86,134.18,US7nt0+2+q,com.sec.android.app.shealth,943d9ad5-1cf2-4522-b239-4033eac36388,1755475200000,
adc9144f-bbd7-4447-894a-7ae5b3818677.binning_data.json,2025-08-19 15:57:57.440,2025-08-19 01:54:27.321,com.sec.android.app.shealth,-2,6311,1.1843857,4658.28,193.26,VfS0qUERdZ,com.sec.android.app.shealth,adc9144f-bbd7-4447-894a-7ae5b3818677,1755561600000,
1cbe09c6-d7f1-4fe4-9bac-a774a5f9802b.binning_data.json,2025-08-19 18:30:05.150,2025-08-19 18:30:05.150,com.sec.android.app.shealth,0,6311,1.1843857,4658.28,193.26,US7nt0+2+q,com.sec.android.app.shealth,1cbe09c6-d7f1-4fe4-9bac-a774a5f9802b,1755561600000,
588a1465-0319-455f-980a-154335bd8d98.binning_data.json,2025-08-20 16:13:11.054,2025-08-20 02:55:05.703,com.sec.android.app.shealth,-2,6302,1.2153502,4670.36,192.14,VfS0qUERdZ,com.sec.android.app.shealth,588a1465-0319-455f-980a-154335bd8d98,1755648000000,
faec2637-4f5c-417b-ba34-66a2fd1dcdbb.binning_data.json,2025-08-20 18:30:04.460,2025-08-20 18:30:04.460,com.sec.android.app.shealth,0,6302,1.2153502,4670.36,192.14,US7nt0+2+q,com.sec.android.app.shealth,faec2637-4f5c-417b-ba34-66a2fd1dcdbb,1755648000000,
22d2a780-bd38-4a26-9cc7-8fb67c3eaa11.binning_data.json,2025-08-21 18:21:51.478,2025-08-21 02:28:17.735,com.sec.android.app.shealth,-2,7092,1.1825926,5231.56,216.33,VfS0qUERdZ,com.sec.android.app.shealth,22d2a780-bd38-4a26-9cc7-8fb67c3eaa11,1755734400000,
eb4ec649-087b-4f0b-9489-195f9b52d5a4.binning_data.json,2025-08-21 18:30:03.361,2025-08-21 18:30:03.361,com.sec.android.app.shealth,0,7092,1.1825926,5231.56,216.33,US7nt0+2+q,com.sec.android.app.shealth,eb4ec649-087b-4f0b-9489-195f9b52d5a4,1755734400000,
57c72f96-f076-4e46-8e14-deb5d026ed01.binning_data.json,2025-08-22 17:27:13.571,2025-08-22 03:25:44.481,com.sec.android.app.shealth,-2,12660,1.4751242,10065.28,433.16998,VfS0qUERdZ,com.sec.android.app.shealth,57c72f96-f076-4e46-8e14-deb5d026ed01,1755820800000,
b8027f46-b2c0-4d17-8a94-5c2c8d9512ff.binning_data.json,2025-08-22 18:30:04.531,2025-08-22 18:30:04.531,com.sec.android.app.shealth,0,12660,1.4751242,10065.28,433.16998,US7nt0+2+q,com.sec.android.app.shealth,b8027f46-b2c0-4d17-8a94-5c2c8d9512ff,1755820800000,
5f8cfbdf-6f9e-4eb2-bc71-77eedc8a527e.binning_data.json,2025-08-23 18:10:23.682,2025-08-22 19:16:23.022,com.sec.android.app.shealth,-2,13934,1.269112,10403.11,419.70996,VfS0qUERdZ,com.sec.android.app.shealth,5f8cfbdf-6f9e-4eb2-bc71-77eedc8a527e,1755907200000,
afce132b-effd-4ac9-ba74-3ee16ec076fe.binning_data.json,2025-08-23 18:30:10.490,2025-08-23 18:30:10.490,com.sec.android.app.shealth,0,13934,1.269112,10403.11,419.70996,US7nt0+2+q,com.sec.android.app.shealth,afce132b-effd-4ac9-ba74-3ee16ec076fe,1755907200000,
43efa70c-ad47-4a46-9327-4495e343b257.binning_data.json,2025-08-24 16:23:29.392,2025-08-23 18:35:20.256,com.sec.android.app.shealth,-2,17571,1.2351753,13104.851,543.72,VfS0qUERdZ,com.sec.android.app.shealth,43efa70c-ad47-4a46-9327-4495e343b257,1755993600000,
02132c96-64b8-4c25-ac0a-bc81768e8cca.binning_data.json,2025-08-24 18:30:04.061,2025-08-24 18:30:04.061,com.sec.android.app.shealth,0,17571,1.2351753,13104.851,543.72,US7nt0+2+q,com.sec.android.app.shealth,02132c96-64b8-4c25-ac0a-bc81768e8cca,1755993600000,
d01fbf3b-2ebf-417d-9fcb-fb8b91fa941e.binning_data.json,2025-08-25 16:00:22.556,2025-08-25 01:57:21.785,com.sec.android.app.shealth,-2,3269,1.2065989,2420.11,99.51,VfS0qUERdZ,com.sec.android.app.shealth,d01fbf3b-2ebf-417d-9fcb-fb8b91fa941e,1756080000000,
9cbbce51-9f9c-4473-9d8b-6af93ff1e7f0.binning_data.json,2025-08-25 18:30:04.510,2025-08-25 18:30:04.510,com.sec.android.app.shealth,0,3269,1.2065989,2420.11,99.51,US7nt0+2+q,com.sec.android.app.shealth,9cbbce51-9f9c-4473-9d8b-6af93ff1e7f0,1756080000000,
29f0899e-30b3-4a06-a531-fc302a5b1b8b.binning_data.json,2025-08-26 18:00:13.025,2025-08-26 02:15:02.991,com.sec.android.app.shealth,-2,8726,1.2004428,6442.67,264.31998,VfS0qUERdZ,com.sec.android.app.shealth,29f0899e-30b3-4a06-a531-fc302a5b1b8b,1756166400000,
a2c33f50-527a-430d-93b0-31507ed4848b.binning_data.json,2025-08-26 18:30:05.067,2025-08-26 18:30:05.067,com.sec.android.app.shealth,0,8726,1.2004428,6442.67,264.31998,US7nt0+2+q,com.sec.android.app.shealth,a2c33f50-527a-430d-93b0-31507ed4848b,1756166400000,
ca705208-8fc4-4550-9e4f-02fc5981c1e9.binning_data.json,2025-08-27 18:10:18.435,2025-08-27 00:44:41.399,com.sec.android.app.shealth,-2,3520,1.1902584,2613.27,112.18,VfS0qUERdZ,com.sec.android.app.shealth,ca705208-8fc4-4550-9e4f-02fc5981c1e9,1756252800000,
b462e86e-afc5-4ee0-8cb9-7747e59e9f7c.binning_data.json,2025-08-27 18:30:17.615,2025-08-27 18:30:17.615,com.sec.android.app.shealth,0,3520,1.1902584,2613.27,112.18,US7nt0+2+q,com.sec.android.app.shealth,b462e86e-afc5-4ee0-8cb9-7747e59e9f7c,1756252800000,
335ae277-54f1-4d63-9685-6daf66d147e1.binning_data.json,2025-08-28 15:23:01.422,2025-08-27 19:01:03.673,com.sec.android.app.shealth,-2,8183,1.235491,6082.33,249.61996,VfS0qUERdZ,com.sec.android.app.shealth,335ae277-54f1-4d63-9685-6daf66d147e1,1756339200000,
d0b337a9-78d5-4225-b26a-bbe46c3a3678.binning_data.json,2025-08-28 18:30:06.971,2025-08-28 18:30:06.971,com.sec.android.app.shealth,0,8183,1.235491,6082.33,249.61996,US7nt0+2+q,com.sec.android.app.shealth,d0b337a9-78d5-4225-b26a-bbe46c3a3678,1756339200000,
42b34b0c-9050-433f-8838-f39c7369cf6d.binning_data.json,2025-08-29 17:55:02.235,2025-08-29 03:08:40.078,com.sec.android.app.shealth,-2,6179,1.2512777,4611.2197,188.10999,VfS0qUERdZ,com.sec.android.app.shealth,42b34b0c-9050-433f-8838-f39c7369cf6d,1756425600000,
1f277f59-938e-4ed0-b7e2-a7cd0e65da0d.binning_data.json,2025-08-29 18:30:04.251,2025-08-29 18:30:04.251,com.sec.android.app.shealth,0,6179,1.2512777,4611.2197,188.10999,US7nt0+2+q,com.sec.android.app.shealth,1f277f59-938e-4ed0-b7e2-a7cd0e65da0d,1756425600000,
e1e2924a-c151-480e-98d7-12c0c2650861.binning_data.json,2025-08-30 17:45:29.991,2025-08-29 19:35:01.872,com.sec.android.app.shealth,-2,5211,1.2979169,3914.53,158.82997,VfS0qUERdZ,com.sec.android.app.shealth,e1e2924a-c151-480e-98d7-12c0c2650861,1756512000000,
3a3af6d3-272e-436e-ace7-fcc22d9bb74c.binning_data.json,2025-08-30 18:30:04.728,2025-08-30 18:30:04.728,com.sec.android.app.shealth,0,5211,1.2979169,3914.53,158.82997,US7nt0+2+q,com.sec.android.app.shealth,3a3af6d3-272e-436e-ace7-fcc22d9bb74c,1756512000000,
6da96361-0d7a-403c-904c-fc3be5418384.binning_data.json,2025-08-31 15:48:56.114,2025-08-31 03:07:11.606,com.sec.android.app.shealth,-2,390,1.2911173,291.37,12.21,VfS0qUERdZ,com.sec.android.app.shealth,6da96361-0d7a-403c-904c-fc3be5418384,1756598400000,
8e997f32-96e3-4755-b169-34834ff40ba6.binning_data.json,2025-08-31 18:30:05.632,2025-08-31 18:30:05.632,com.sec.android.app.shealth,0,390,1.2911173,291.37,12.21,US7nt0+2+q,com.sec.android.app.shealth,8e997f32-96e3-4755-b169-34834ff40ba6,1756598400000,
d943208f-d5b1-4d87-bb60-68467397fe77.binning_data.json,2025-09-01 17:36:13.465,2025-09-01 01:34:20.881,com.sec.android.app.shealth,-2,7749,1.2046964,5753.17,238.15999,VfS0qUERdZ,com.sec.android.app.shealth,d943208f-d5b1-4d87-bb60-68467397fe77,1756684800000,
0cad0fa3-2df2-4678-a04f-7e3679f547e2.binning_data.json,2025-09-01 18:30:03.285,2025-09-01 18:30:03.285,com.sec.android.app.shealth,0,7749,1.2046964,5753.17,238.15999,US7nt0+2+q,com.sec.android.app.shealth,0cad0fa3-2df2-4678-a04f-7e3679f547e2,1756684800000,
f524569e-e26c-4031-91e9-0dc70df835f2.binning_data.json,2025-09-02 12:26:01.390,2025-09-02 03:09:32.538,com.sec.android.app.shealth,-2,5765,1.2127736,4270.28,174.99998,VfS0qUERdZ,com.sec.android.app.shealth,f524569e-e26c-4031-91e9-0dc70df835f2,1756771200000,
4c7e7685-7cc8-4108-af67-584690e96232.binning_data.json,2025-09-02 18:30:05.588,2025-09-02 18:30:05.588,com.sec.android.app.shealth,0,5765,1.2127736,4270.28,174.99998,US7nt0+2+q,com.sec.android.app.shealth,4c7e7685-7cc8-4108-af67-584690e96232,1756771200000,
543411b1-5502-401c-9c20-90d14a5e5806.binning_data.json,2025-09-03 18:00:21.335,2025-09-02 18:44:13.392,com.sec.android.app.shealth,-2,7344,1.249377,5512.46,229.51999,VfS0qUERdZ,com.sec.android.app.shealth,543411b1-5502-401c-9c20-90d14a5e5806,1756857600000,
185d0d19-6c5e-4325-ab6c-5da59ee8c5b1.binning_data.json,2025-09-03 18:30:09.738,2025-09-03 18:30:09.738,com.sec.android.app.shealth,0,7344,1.249377,5512.46,229.51999,US7nt0+2+q,com.sec.android.app.shealth,185d0d19-6c5e-4325-ab6c-5da59ee8c5b1,1756857600000,
86fdd8e7-38e2-4ccd-bacb-c3f8b01e710e.binning_data.json,2025-09-05 18:30:06.217,2025-09-04 01:51:20.394,com.sec.android.app.shealth,-2,16846,1.2234426,12560.48,522.36993,VfS0qUERdZ,com.sec.android.app.shealth,86fdd8e7-38e2-4ccd-bacb-c3f8b01e710e,1756944000000,
429cfa0a-7f77-4412-8593-37e978b52e2d.binning_data.json,2025-09-04 18:33:57.839,2025-09-04 18:30:14.806,com.sec.android.app.shealth,0,16846,1.2234426,12560.48,522.36993,US7nt0+2+q,com.sec.android.app.shealth,429cfa0a-7f77-4412-8593-37e978b52e2d,1756944000000,
89385d9d-ba61-41d1-bc35-b7a25d83c7ae.binning_data.json,2025-09-05 18:12:29.471,2025-09-04 18:55:02.867,com.sec.android.app.shealth,-2,6764,1.1226602,4967.4897,214.97,VfS0qUERdZ,com.sec.android.app.shealth,89385d9d-ba61-41d1-bc35-b7a25d83c7ae,1757030400000,
d40ffe5b-1a4a-443a-86a6-dae4571b868f.binning_data.json,2025-09-05 18:30:04.879,2025-09-05 18:30:04.879,com.sec.android.app.shealth,0,6764,1.1226602,4967.4897,214.97,US7nt0+2+q,com.sec.android.app.shealth,d40ffe5b-1a4a-443a-86a6-dae4571b868f,1757030400000,
5c3e57fe-ae24-40cc-8a95-ffc7e097d363.binning_data.json,2025-09-06 17:33:29.575,2025-09-06 03:28:39.925,com.sec.android.app.shealth,-2,2433,1.1882681,1799.04,76.299995,VfS0qUERdZ,com.sec.android.app.shealth,5c3e57fe-ae24-40cc-8a95-ffc7e097d363,1757116800000,
b13f147e-4184-495e-b95f-aabe2e5042dc.binning_data.json,2025-09-06 18:30:06.924,2025-09-06 18:30:06.924,com.sec.android.app.shealth,0,2433,1.1882681,1799.04,76.299995,US7nt0+2+q,com.sec.android.app.shealth,b13f147e-4184-495e-b95f-aabe2e5042dc,1757116800000,
e993974a-b265-4a4b-9969-4a582c54d330.binning_data.json,2025-09-07 16:30:36.796,2025-09-06 18:50:27.469,com.sec.android.app.shealth,-2,782,1.2531955,584.27997,24.24,VfS0qUERdZ,com.sec.android.app.shealth,e993974a-b265-4a4b-9969-4a582c54d330,1757203200000,
068ba936-401c-4432-a64f-1648d9af65ae.binning_data.json,2025-09-07 18:30:04.449,2025-09-07 18:30:04.449,com.sec.android.app.shealth,0,782,1.2531955,584.27997,24.24,US7nt0+2+q,com.sec.android.app.shealth,068ba936-401c-4432-a64f-1648d9af65ae,1757203200000,
ce893f85-b446-465a-a461-6368ddf1808f.binning_data.json,2025-09-09 18:30:06.830,2025-09-08 04:05:12.676,com.sec.android.app.shealth,-2,4545,1.391529,3472.65,138.67996,VfS0qUERdZ,com.sec.android.app.shealth,ce893f85-b446-465a-a461-6368ddf1808f,1757289600000,
ef32c538-87f6-475d-9f04-51770ec64c4c.binning_data.json,2025-09-08 18:34:35.915,2025-09-08 18:30:04.308,com.sec.android.app.shealth,0,4545,1.391529,3472.65,138.67996,US7nt0+2+q,com.sec.android.app.shealth,ef32c538-87f6-475d-9f04-51770ec64c4c,1757289600000,
d852dbde-5248-4668-9f87-8043227851bf.binning_data.json,2025-09-09 18:08:27.435,2025-09-08 18:34:57.935,com.sec.android.app.shealth,-2,12464,1.3740331,9504.17,383.82,VfS0qUERdZ,com.sec.android.app.shealth,d852dbde-5248-4668-9f87-8043227851bf,1757376000000,
a772ae2e-4106-4b6b-a9b2-a3878003078d.binning_data.json,2025-09-09 18:30:05.483,2025-09-09 18:30:05.483,com.sec.android.app.shealth,0,12464,1.3740331,9504.17,383.82,US7nt0+2+q,com.sec.android.app.shealth,a772ae2e-4106-4b6b-a9b2-a3878003078d,1757376000000,
4a9028a3-4dd1-4c8f-b123-f9b77bab35e9.binning_data.json,2025-09-10 15:17:54.178,2025-09-09 18:30:27.683,com.sec.android.app.shealth,-2,6348,1.2136158,4705.37,192.94998,VfS0qUERdZ,com.sec.android.app.shealth,4a9028a3-4dd1-4c8f-b123-f9b77bab35e9,1757462400000,
bb1726ed-b218-4cbe-a61b-4f5c5a5169f7.binning_data.json,2025-09-10 18:30:04.322,2025-09-10 18:30:04.322,com.sec.android.app.shealth,0,6348,1.2136158,4705.37,192.94998,US7nt0+2+q,com.sec.android.app.shealth,bb1726ed-b218-4cbe-a61b-4f5c5a5169f7,1757462400000,
e9280903-99ee-45f1-a7a3-496564739572.binning_data.json,2025-09-11 15:26:45.258,2025-09-11 03:15:01.596,com.sec.android.app.shealth,-2,5415,1.223669,4023.34,165.20999,VfS0qUERdZ,com.sec.android.app.shealth,e9280903-99ee-45f1-a7a3-496564739572,1757548800000,
02f4e667-a23b-4419-b2d5-2625a10230a0.binning_data.json,2025-09-11 18:30:06.859,2025-09-11 18:30:06.859,com.sec.android.app.shealth,0,5415,1.223669,4023.34,165.20999,US7nt0+2+q,com.sec.android.app.shealth,02f4e667-a23b-4419-b2d5-2625a10230a0,1757548800000,
abf0ecae-4469-4e1c-b907-8b0a440a2df0.binning_data.json,2025-09-12 18:04:42.554,2025-09-12 01:57:49.153,com.sec.android.app.shealth,-2,14496,1.3171468,11069.739,463.16992,VfS0qUERdZ,com.sec.android.app.shealth,abf0ecae-4469-4e1c-b907-8b0a440a2df0,1757635200000,
987af5e5-2acd-4be7-850b-aaaf4ce622df.binning_data.json,2025-09-12 18:30:14.504,2025-09-12 18:30:14.504,com.sec.android.app.shealth,0,14496,1.3171468,11069.739,463.16992,US7nt0+2+q,com.sec.android.app.shealth,987af5e5-2acd-4be7-850b-aaaf4ce622df,1757635200000,
58530a62-638b-40b4-9ab2-7106a4dac7d1.binning_data.json,2025-09-13 17:53:29.235,2025-09-12 20:07:15.585,com.sec.android.app.shealth,-2,3405,1.2601736,2548.05,105.36999,VfS0qUERdZ,com.sec.android.app.shealth,58530a62-638b-40b4-9ab2-7106a4dac7d1,1757721600000,
4a62f9b8-109f-4b49-ba81-61245b7d05da.binning_data.json,2025-09-13 18:30:15.427,2025-09-13 18:30:15.427,com.sec.android.app.shealth,0,3405,1.2601736,2548.05,105.36999,US7nt0+2+q,com.sec.android.app.shealth,4a62f9b8-109f-4b49-ba81-61245b7d05da,1757721600000,
7dc1c97d-69e1-482e-bd07-8fcc4fdd3bdf.binning_data.json,2025-09-14 16:46:37.809,2025-09-14 04:03:51.007,com.sec.android.app.shealth,-2,643,1.3445688,487.27,19.869997,VfS0qUERdZ,com.sec.android.app.shealth,7dc1c97d-69e1-482e-bd07-8fcc4fdd3bdf,1757808000000,
117ebb54-bb17-4d5c-87bd-93e4bac2b359.binning_data.json,2025-09-14 18:30:04.431,2025-09-14 18:30:04.431,com.sec.android.app.shealth,0,643,1.3445688,487.27,19.869997,US7nt0+2+q,com.sec.android.app.shealth,117ebb54-bb17-4d5c-87bd-93e4bac2b359,1757808000000,
53fa6033-c2b2-4b81-9694-376e03b55009.binning_data.json,2025-09-15 17:18:23.638,2025-09-14 19:33:47.896,com.sec.android.app.shealth,-2,6668,1.2506189,4973.79,202.40997,VfS0qUERdZ,com.sec.android.app.shealth,53fa6033-c2b2-4b81-9694-376e03b55009,1757894400000,
c6c95bb2-b2c4-41a8-99b1-9b3cec28d6e7.binning_data.json,2025-09-15 18:30:03.703,2025-09-15 18:30:03.703,com.sec.android.app.shealth,0,6668,1.2506189,4973.79,202.40997,US7nt0+2+q,com.sec.android.app.shealth,c6c95bb2-b2c4-41a8-99b1-9b3cec28d6e7,1757894400000,
7144480d-873b-4679-88f2-50dbeb0bcdc0.binning_data.json,2025-09-16 14:16:34.944,2025-09-16 03:02:33.352,com.sec.android.app.shealth,-2,4396,1.1843346,3243.37,133.44,VfS0qUERdZ,com.sec.android.app.shealth,7144480d-873b-4679-88f2-50dbeb0bcdc0,1757980800000,
ca7805e3-72a1-4800-8f76-1b13ae97eb7a.binning_data.json,2025-09-16 18:30:07.087,2025-09-16 18:30:07.087,com.sec.android.app.shealth,0,4396,1.1843346,3243.37,133.44,US7nt0+2+q,com.sec.android.app.shealth,ca7805e3-72a1-4800-8f76-1b13ae97eb7a,1757980800000,
900df54c-4d64-4200-ae6c-7ab4d9f9a28e.binning_data.json,2025-09-17 18:29:00.916,2025-09-17 02:07:02.583,com.sec.android.app.shealth,-2,10364,1.2448856,7736.93,315.69995,VfS0qUERdZ,com.sec.android.app.shealth,900df54c-4d64-4200-ae6c-7ab4d9f9a28e,1758067200000,
dc23b52d-5ff2-471a-885e-586886988030.binning_data.json,2025-09-17 18:30:06.816,2025-09-17 18:30:06.816,com.sec.android.app.shealth,0,10364,1.2448856,7736.93,315.69995,US7nt0+2+q,com.sec.android.app.shealth,dc23b52d-5ff2-471a-885e-586886988030,1758067200000,
1a77dfc1-10e1-4f74-b531-cc47898ffe6b.binning_data.json,2025-09-18 18:24:28.527,2025-09-17 19:02:37.788,com.sec.android.app.shealth,-2,8725,1.24045,6500.17,266.63998,VfS0qUERdZ,com.sec.android.app.shealth,1a77dfc1-10e1-4f74-b531-cc47898ffe6b,1758153600000,
5e741186-eb1f-4436-b1be-d1e0784bac90.binning_data.json,2025-09-18 18:30:03.823,2025-09-18 18:30:03.823,com.sec.android.app.shealth,0,8725,1.24045,6500.17,266.63998,US7nt0+2+q,com.sec.android.app.shealth,5e741186-eb1f-4436-b1be-d1e0784bac90,1758153600000,
998a7d3a-f2fd-4884-9e90-c82d99334edb.binning_data.json,2025-09-19 18:21:47.408,2025-09-19 01:10:39.688,com.sec.android.app.shealth,-2,2265,1.231321,1683.22,70.35,VfS0qUERdZ,com.sec.android.app.shealth,998a7d3a-f2fd-4884-9e90-c82d99334edb,1758240000000,
bc652e13-2ace-4957-8145-4ee3c138b5c9.binning_data.json,2025-09-19 18:30:04.655,2025-09-19 18:30:04.655,com.sec.android.app.shealth,0,2265,1.231321,1683.22,70.35,US7nt0+2+q,com.sec.android.app.shealth,bc652e13-2ace-4957-8145-4ee3c138b5c9,1758240000000,
70a58c0c-5a56-479e-a5b0-5611eecdd8ab.binning_data.json,2025-09-20 17:36:27.037,2025-09-20 01:45:26.075,com.sec.android.app.shealth,-2,2996,1.264068,2239.37,91.73999,VfS0qUERdZ,com.sec.android.app.shealth,70a58c0c-5a56-479e-a5b0-5611eecdd8ab,1758326400000,
c638dc72-b82a-4ef2-a5ed-b807397ef01d.binning_data.json,2025-09-20 18:30:05.142,2025-09-20 18:30:05.142,com.sec.android.app.shealth,0,2996,1.264068,2239.37,91.73999,US7nt0+2+q,com.sec.android.app.shealth,c638dc72-b82a-4ef2-a5ed-b807397ef01d,1758326400000,
5bbc1f4a-7e82-4f45-b4df-f7a72f60f0bb.binning_data.json,2025-09-21 17:40:13.886,2025-09-21 04:29:24.342,com.sec.android.app.shealth,-2,1972,1.2780759,1482.85,62.14,VfS0qUERdZ,com.sec.android.app.shealth,5bbc1f4a-7e82-4f45-b4df-f7a72f60f0bb,1758412800000,
5b37b2b1-8915-42ed-b61c-f630f1ea6815.binning_data.json,2025-09-21 18:30:05.208,2025-09-21 18:30:05.208,com.sec.android.app.shealth,0,1972,1.2780759,1482.85,62.14,US7nt0+2+q,com.sec.android.app.shealth,5b37b2b1-8915-42ed-b61c-f630f1ea6815,1758412800000,
fed63060-7540-4239-8d88-67ca1577dd1b.binning_data.json,2025-09-22 15:19:20.875,2025-09-21 19:47:10.890,com.sec.android.app.shealth,-2,10005,1.219567,7421.23,304.47998,VfS0qUERdZ,com.sec.android.app.shealth,fed63060-7540-4239-8d88-67ca1577dd1b,1758499200000,
74a772aa-f2b4-451b-884c-b3614c8794a3.binning_data.json,2025-09-22 18:30:04.569,2025-09-22 18:30:04.569,com.sec.android.app.shealth,0,10005,1.219567,7421.23,304.47998,US7nt0+2+q,com.sec.android.app.shealth,74a772aa-f2b4-451b-884c-b3614c8794a3,1758499200000,
4bead4ed-e3f7-4ff0-bd55-98fab8a31db7.binning_data.json,2025-09-23 15:33:26.090,2025-09-23 02:37:47.803,com.sec.android.app.shealth,-2,6348,1.2359209,4722.28,193.42,VfS0qUERdZ,com.sec.android.app.shealth,4bead4ed-e3f7-4ff0-bd55-98fab8a31db7,1758585600000,
373adb01-24ac-46f8-8f9c-99611b4f09c1.binning_data.json,2025-09-23 18:30:04.770,2025-09-23 18:30:04.770,com.sec.android.app.shealth,0,6348,1.2359209,4722.28,193.42,US7nt0+2+q,com.sec.android.app.shealth,373adb01-24ac-46f8-8f9c-99611b4f09c1,1758585600000,
47f2ca49-bfd9-465e-9eb0-9fb19bd60946.binning_data.json,2025-09-24 14:00:06.780,2025-09-24 00:30:30.672,com.sec.android.app.shealth,-2,6676,1.2028638,4943.6,203.77998,VfS0qUERdZ,com.sec.android.app.shealth,47f2ca49-bfd9-465e-9eb0-9fb19bd60946,1758672000000,
4178e126-e28b-4665-b8aa-272588798d0d.binning_data.json,2025-09-24 18:30:04.538,2025-09-24 18:30:04.538,com.sec.android.app.shealth,0,6676,1.2028638,4943.6,203.77998,US7nt0+2+q,com.sec.android.app.shealth,4178e126-e28b-4665-b8aa-272588798d0d,1758672000000,
8e86343e-a5bd-43c3-a26c-fa3439ea0378.binning_data.json,2025-09-25 15:35:07.161,2025-09-25 03:16:08.779,com.sec.android.app.shealth,-2,7039,1.3119437,5334.79,217.54999,VfS0qUERdZ,com.sec.android.app.shealth,8e86343e-a5bd-43c3-a26c-fa3439ea0378,1758758400000,
20f80a17-1b53-4789-b60c-02ca62769536.binning_data.json,2025-09-25 18:30:12.443,2025-09-25 18:30:12.443,com.sec.android.app.shealth,0,7039,1.3119437,5334.79,217.54999,US7nt0+2+q,com.sec.android.app.shealth,20f80a17-1b53-4789-b60c-02ca62769536,1758758400000,
8f04143c-8192-46a1-8da0-75e154f6b761.binning_data.json,2025-09-26 17:55:50.316,2025-09-26 00:43:42.365,com.sec.android.app.shealth,-2,9826,1.2875471,7376.19,297.71997,VfS0qUERdZ,com.sec.android.app.shealth,8f04143c-8192-46a1-8da0-75e154f6b761,1758844800000,
72b6f5d6-7646-4dcb-8d24-adcf3eb0e657.binning_data.json,2025-09-26 18:30:03.875,2025-09-26 18:30:03.875,com.sec.android.app.shealth,0,9826,1.2875471,7376.19,297.71997,US7nt0+2+q,com.sec.android.app.shealth,72b6f5d6-7646-4dcb-8d24-adcf3eb0e657,1758844800000,
7353c470-77ac-49e3-8d43-c087b3b0c70d.binning_data.json,2025-09-27 18:28:29.614,2025-09-26 18:55:16.057,com.sec.android.app.shealth,-2,12964,1.2628541,9671.97,390.91995,VfS0qUERdZ,com.sec.android.app.shealth,7353c470-77ac-49e3-8d43-c087b3b0c70d,1758931200000,
552bc16a-c11d-470e-9708-2ca17a1d1834.binning_data.json,2025-09-27 18:30:07.646,2025-09-27 18:30:07.646,com.sec.android.app.shealth,0,12964,1.2628541,9671.97,390.91995,US7nt0+2+q,com.sec.android.app.shealth,552bc16a-c11d-470e-9708-2ca17a1d1834,1758931200000,
9ca3e605-3463-4a9c-9be5-1d0e677ff6dc.binning_data.json,2025-09-28 17:40:09.404,2025-09-28 00:30:24.417,com.sec.android.app.shealth,-2,12472,1.1736375,9182.97,379.75998,VfS0qUERdZ,com.sec.android.app.shealth,9ca3e605-3463-4a9c-9be5-1d0e677ff6dc,1759017600000,
d87d999d-3d6e-4043-aae8-1c157a71b1f3.binning_data.json,2025-09-28 18:30:13.965,2025-09-28 18:30:13.965,com.sec.android.app.shealth,0,12472,1.1736375,9182.97,379.75998,US7nt0+2+q,com.sec.android.app.shealth,d87d999d-3d6e-4043-aae8-1c157a71b1f3,1759017600000,
66847498-c828-4331-9c90-3e95956951a2.binning_data.json,2025-09-29 17:01:27.705,2025-09-29 00:43:41.513,com.sec.android.app.shealth,-2,5877,1.2210524,4363.1,178.18999,VfS0qUERdZ,com.sec.android.app.shealth,66847498-c828-4331-9c90-3e95956951a2,1759104000000,
889e8010-e667-4bf9-816f-438459411c30.binning_data.json,2025-09-29 18:30:03.867,2025-09-29 18:30:03.867,com.sec.android.app.shealth,0,5877,1.2210524,4363.1,178.18999,US7nt0+2+q,com.sec.android.app.shealth,889e8010-e667-4bf9-816f-438459411c30,1759104000000,
cf6d2e23-200e-4772-8399-b9e7952e206c.binning_data.json,2025-10-01 18:30:05.706,2025-09-30 03:03:51.647,com.sec.android.app.shealth,-2,7016,1.3859459,5358.25,217.01999,VfS0qUERdZ,com.sec.android.app.shealth,cf6d2e23-200e-4772-8399-b9e7952e206c,1759190400000,
7c1b57b4-0e7c-4cb9-b119-9920566de60d.binning_data.json,2025-09-30 18:30:36.704,2025-09-30 18:30:05.107,com.sec.android.app.shealth,0,7016,1.3859459,5358.25,217.01999,US7nt0+2+q,com.sec.android.app.shealth,7c1b57b4-0e7c-4cb9-b119-9920566de60d,1759190400000,
ab400f6a-38fc-4c48-92ff-b3bd2882da89.binning_data.json,2025-10-01 16:52:07.336,2025-09-30 18:32:55.972,com.sec.android.app.shealth,-2,5535,1.2413126,4137.9,174.87999,VfS0qUERdZ,com.sec.android.app.shealth,ab400f6a-38fc-4c48-92ff-b3bd2882da89,1759276800000,
832723c9-02a0-4808-acf1-83814092a066.binning_data.json,2025-10-01 18:30:04.055,2025-10-01 18:30:04.055,com.sec.android.app.shealth,0,5535,1.2413126,4137.9,174.87999,US7nt0+2+q,com.sec.android.app.shealth,832723c9-02a0-4808-acf1-83814092a066,1759276800000,
7f5db97f-0edf-4a1c-a07d-1f3ed5b3510b.binning_data.json,2025-10-02 17:30:46.659,2025-10-02 02:35:12.645,com.sec.android.app.shealth,-2,5771,1.3124579,4371.71,183.23999,VfS0qUERdZ,com.sec.android.app.shealth,7f5db97f-0edf-4a1c-a07d-1f3ed5b3510b,1759363200000,
4c5aea61-29de-4739-bb01-221fbf68139b.binning_data.json,2025-10-02 18:30:06.277,2025-10-02 18:30:06.277,com.sec.android.app.shealth,0,5771,1.3124579,4371.71,183.23999,US7nt0+2+q,com.sec.android.app.shealth,4c5aea61-29de-4739-bb01-221fbf68139b,1759363200000,
3e6d1153-9abc-4f58-8423-fe2718493cc3.binning_data.json,2025-10-03 17:10:14.780,2025-10-03 02:17:19.239,com.sec.android.app.shealth,-2,4881,1.1809583,3613.76,151.57999,VfS0qUERdZ,com.sec.android.app.shealth,3e6d1153-9abc-4f58-8423-fe2718493cc3,1759449600000,
514f7dab-b0ea-43a7-aa6b-9fd72d8961b6.binning_data.json,2025-10-03 18:30:06.242,2025-10-03 18:30:06.242,com.sec.android.app.shealth,0,4881,1.1809583,3613.76,151.57999,US7nt0+2+q,com.sec.android.app.shealth,514f7dab-b0ea-43a7-aa6b-9fd72d8961b6,1759449600000,
5edfb2d4-2916-4c9f-8b76-2b00fe6be16d.binning_data.json,2025-10-04 17:00:48.410,2025-10-03 19:23:41.384,com.sec.android.app.shealth,-2,4662,1.2456539,3495.6099,146.87999,VfS0qUERdZ,com.sec.android.app.shealth,5edfb2d4-2916-4c9f-8b76-2b00fe6be16d,1759536000000,
470188f5-bcf8-423b-a247-f4ce54294330.binning_data.json,2025-10-04 18:30:05.637,2025-10-04 18:30:05.637,com.sec.android.app.shealth,0,4662,1.2456539,3495.6099,146.87999,US7nt0+2+q,com.sec.android.app.shealth,470188f5-bcf8-423b-a247-f4ce54294330,1759536000000,
5076f8db-8935-4949-b483-403475d7672f.binning_data.json,2025-10-05 17:35:03.661,2025-10-05 02:11:26.941,com.sec.android.app.shealth,-2,3507,1.2654141,2662.88,114.82,VfS0qUERdZ,com.sec.android.app.shealth,5076f8db-8935-4949-b483-403475d7672f,1759622400000,
ec3a740e-58a8-4531-99b6-7a01f9d610d9.binning_data.json,2025-10-05 18:30:04.666,2025-10-05 18:30:04.666,com.sec.android.app.shealth,0,3507,1.2654141,2662.88,114.82,US7nt0+2+q,com.sec.android.app.shealth,ec3a740e-58a8-4531-99b6-7a01f9d610d9,1759622400000,
c27f9b78-0b9b-40d5-97a4-536a77df2ea0.binning_data.json,2025-10-07 18:30:06.510,2025-10-06 03:49:50.100,com.sec.android.app.shealth,-2,2191,1.201659,1627.39,68.979996,VfS0qUERdZ,com.sec.android.app.shealth,c27f9b78-0b9b-40d5-97a4-536a77df2ea0,1759708800000,
394efae0-5b97-4bbb-b853-f3a79bd30745.binning_data.json,2025-10-06 18:30:26.654,2025-10-06 18:30:06.644,com.sec.android.app.shealth,0,2191,1.201659,1627.39,68.979996,US7nt0+2+q,com.sec.android.app.shealth,394efae0-5b97-4bbb-b853-f3a79bd30745,1759708800000,
62962c80-bbc6-48ed-8b7c-f479b84e5841.binning_data.json,2025-10-07 18:00:33.571,2025-10-06 18:33:01.540,com.sec.android.app.shealth,-2,1589,1.2395308,1194.83,51.09,VfS0qUERdZ,com.sec.android.app.shealth,62962c80-bbc6-48ed-8b7c-f479b84e5841,1759795200000,
1495d724-7723-4126-bed4-56fa6b4e9d6d.binning_data.json,2025-10-07 18:30:05.408,2025-10-07 18:30:05.408,com.sec.android.app.shealth,0,1589,1.2395308,1194.83,51.09,US7nt0+2+q,com.sec.android.app.shealth,1495d724-7723-4126-bed4-56fa6b4e9d6d,1759795200000,
d9bd6de9-9854-4925-ad86-29bce16f8fc8.binning_data.json,2025-10-08 15:40:16.885,2025-10-07 18:45:10.042,com.sec.android.app.shealth,-2,6208,1.214886,4607.85,189.47998,VfS0qUERdZ,com.sec.android.app.shealth,d9bd6de9-9854-4925-ad86-29bce16f8fc8,1759881600000,
5091ac02-a525-4852-9360-ae2dfab2d515.binning_data.json,2025-10-08 18:30:07.492,2025-10-08 18:30:07.492,com.sec.android.app.shealth,0,6208,1.214886,4607.85,189.47998,US7nt0+2+q,com.sec.android.app.shealth,5091ac02-a525-4852-9360-ae2dfab2d515,1759881600000,
a050dee1-366f-4f6a-a521-83d7afe37908.binning_data.json,2025-10-09 18:10:05.801,2025-10-09 00:41:28.979,com.sec.android.app.shealth,-2,15358,1.2536583,11466.74,464.95996,VfS0qUERdZ,com.sec.android.app.shealth,a050dee1-366f-4f6a-a521-83d7afe37908,1759968000000,
918a4874-2f01-4b26-a9a2-25ab242847ea.binning_data.json,2025-10-09 18:30:05.287,2025-10-09 18:30:05.287,com.sec.android.app.shealth,0,15358,1.2536583,11466.74,464.95996,US7nt0+2+q,com.sec.android.app.shealth,918a4874-2f01-4b26-a9a2-25ab242847ea,1759968000000,
a24380d2-8432-4f9a-9d18-67ee73d818fa.binning_data.json,2025-10-10 14:03:48.155,2025-10-10 03:13:16.120,com.sec.android.app.shealth,-2,7793,1.217791,5787.91,237.13998,VfS0qUERdZ,com.sec.android.app.shealth,a24380d2-8432-4f9a-9d18-67ee73d818fa,1760054400000,
20137a80-a7e1-43b9-8685-187bed10e35c.binning_data.json,2025-10-10 18:30:06.962,2025-10-10 18:30:06.962,com.sec.android.app.shealth,0,7793,1.217791,5787.91,237.13998,US7nt0+2+q,com.sec.android.app.shealth,20137a80-a7e1-43b9-8685-187bed10e35c,1760054400000,
360af4d5-6fe2-48c7-a150-a915de1afde5.binning_data.json,2025-10-11 16:38:00.392,2025-10-11 01:04:46.347,com.sec.android.app.shealth,-2,9942,1.3377107,7510.94,299.40997,VfS0qUERdZ,com.sec.android.app.shealth,360af4d5-6fe2-48c7-a150-a915de1afde5,1760140800000,
f9e1388a-a650-4244-9c9a-b44418d8de74.binning_data.json,2025-10-11 18:30:15.488,2025-10-11 18:30:15.488,com.sec.android.app.shealth,0,9942,1.3377107,7510.94,299.40997,US7nt0+2+q,com.sec.android.app.shealth,f9e1388a-a650-4244-9c9a-b44418d8de74,1760140800000,
ae881da9-fc83-4596-a434-574e3b25c60a.binning_data.json,2025-10-12 15:58:23.788,2025-10-12 00:16:06.093,com.sec.android.app.shealth,-2,24019,1.2647982,17919.22,724.6499,VfS0qUERdZ,com.sec.android.app.shealth,ae881da9-fc83-4596-a434-574e3b25c60a,1760227200000,
8faf4f72-2e92-4f7e-96bd-42b18335bc49.binning_data.json,2025-10-12 18:30:06.993,2025-10-12 18:30:06.993,com.sec.android.app.shealth,0,24019,1.2647982,17919.22,724.6499,US7nt0+2+q,com.sec.android.app.shealth,8faf4f72-2e92-4f7e-96bd-42b18335bc49,1760227200000,
9937c8df-5813-4c1e-92b3-5920400f5a5e.binning_data.json,2025-10-13 16:33:49.069,2025-10-12 19:36:37.004,com.sec.android.app.shealth,-2,6654,1.2111031,4938.82,203.59999,VfS0qUERdZ,com.sec.android.app.shealth,9937c8df-5813-4c1e-92b3-5920400f5a5e,1760313600000,
2aa84e88-97c1-4612-a400-82c270823fd0.binning_data.json,2025-10-13 18:30:04.805,2025-10-13 18:30:04.805,com.sec.android.app.shealth,0,6654,1.2111031,4938.82,203.59999,US7nt0+2+q,com.sec.android.app.shealth,2aa84e88-97c1-4612-a400-82c270823fd0,1760313600000,
80df85fb-da6d-4fad-baf7-4c19565240fd.binning_data.json,2025-10-14 15:55:02.123,2025-10-14 01:57:21.639,com.sec.android.app.shealth,-2,5627,1.1565562,4132.89,170.95999,VfS0qUERdZ,com.sec.android.app.shealth,80df85fb-da6d-4fad-baf7-4c19565240fd,1760400000000,
1b1f8387-6296-45cc-bceb-90b4d9a7c2e1.binning_data.json,2025-10-14 18:30:06.513,2025-10-14 18:30:06.513,com.sec.android.app.shealth,0,5627,1.1565562,4132.89,170.95999,US7nt0+2+q,com.sec.android.app.shealth,1b1f8387-6296-45cc-bceb-90b4d9a7c2e1,1760400000000,
458f6cab-0c3a-4380-96ce-ccecc1314360.binning_data.json,2025-10-15 16:58:59.741,2025-10-15 01:31:52.394,com.sec.android.app.shealth,-2,8431,1.2200375,6261.1,256.22998,VfS0qUERdZ,com.sec.android.app.shealth,458f6cab-0c3a-4380-96ce-ccecc1314360,1760486400000,
dc9d416d-3bf7-411e-9ebf-f2ccb3a8df89.binning_data.json,2025-10-15 18:30:26.952,2025-10-15 18:30:26.952,com.sec.android.app.shealth,0,8431,1.2200375,6261.1,256.22998,US7nt0+2+q,com.sec.android.app.shealth,dc9d416d-3bf7-411e-9ebf-f2ccb3a8df89,1760486400000,
0b8847b0-9710-43fc-8c1f-0380eb35e893.binning_data.json,2025-10-16 18:09:34.934,2025-10-16 01:44:25.135,com.sec.android.app.shealth,-2,8943,1.2255071,6642.9,271.66998,VfS0qUERdZ,com.sec.android.app.shealth,0b8847b0-9710-43fc-8c1f-0380eb35e893,1760572800000,
db75fbc0-1bd7-4440-adb0-227b4568e454.binning_data.json,2025-10-16 18:30:06.994,2025-10-16 18:30:06.994,com.sec.android.app.shealth,0,8943,1.2255071,6642.9,271.66998,US7nt0+2+q,com.sec.android.app.shealth,db75fbc0-1bd7-4440-adb0-227b4568e454,1760572800000,
53d31666-5313-45de-97cd-0dd9ae4ac25d.binning_data.json,2025-10-17 18:10:43.115,2025-10-16 21:15:04.617,com.sec.android.app.shealth,-2,3341,1.2517661,2496.79,105.03,VfS0qUERdZ,com.sec.android.app.shealth,53d31666-5313-45de-97cd-0dd9ae4ac25d,1760659200000,
aeb84b86-c072-499a-8934-7c7c26044b59.binning_data.json,2025-10-17 18:30:10.391,2025-10-17 18:30:10.391,com.sec.android.app.shealth,0,3341,1.2517661,2496.79,105.03,US7nt0+2+q,com.sec.android.app.shealth,aeb84b86-c072-499a-8934-7c7c26044b59,1760659200000,
47fc2858-9ace-4959-93e9-7cf7a138c98f.binning_data.json,2025-10-18 18:10:03.661,2025-10-18 01:04:24.059,com.sec.android.app.shealth,-2,5002,1.2836959,3761.5,158.4,VfS0qUERdZ,com.sec.android.app.shealth,47fc2858-9ace-4959-93e9-7cf7a138c98f,1760745600000,
9630f688-48d4-4c03-a6a2-9d93c958a223.binning_data.json,2025-10-18 18:30:06.231,2025-10-18 18:30:06.231,com.sec.android.app.shealth,0,5002,1.2836959,3761.5,158.4,US7nt0+2+q,com.sec.android.app.shealth,9630f688-48d4-4c03-a6a2-9d93c958a223,1760745600000,
164df243-aa13-4269-b722-6b3916a58db9.binning_data.json,2025-10-19 17:00:26.108,2025-10-18 18:43:16.995,com.sec.android.app.shealth,-2,4124,1.1591889,3045.18,129.78,VfS0qUERdZ,com.sec.android.app.shealth,164df243-aa13-4269-b722-6b3916a58db9,1760832000000,
4a5d93c6-2bb3-4c5d-927b-8a88269f38b1.binning_data.json,2025-10-19 18:30:04.930,2025-10-19 18:30:04.930,com.sec.android.app.shealth,0,4124,1.1591889,3045.18,129.78,US7nt0+2+q,com.sec.android.app.shealth,4a5d93c6-2bb3-4c5d-927b-8a88269f38b1,1760832000000,
4cf5e7f1-58ca-4ff0-a563-b5b25c43d97c.binning_data.json,2025-10-20 17:52:18.080,2025-10-20 00:22:47.610,com.sec.android.app.shealth,-2,5513,1.2909335,4180.66,176.18,VfS0qUERdZ,com.sec.android.app.shealth,4cf5e7f1-58ca-4ff0-a563-b5b25c43d97c,1760918400000,
fdf1186d-c899-442d-98a7-bd23046ce0c3.binning_data.json,2025-10-20 18:30:04.357,2025-10-20 18:30:04.357,com.sec.android.app.shealth,0,5513,1.2909335,4180.66,176.18,US7nt0+2+q,com.sec.android.app.shealth,fdf1186d-c899-442d-98a7-bd23046ce0c3,1760918400000,
d751669d-c910-49d8-bf1d-8ea49b758ddd.binning_data.json,2025-10-21 17:25:36.467,2025-10-20 18:37:01.676,com.sec.android.app.shealth,-2,5073,1.2203469,3783.43,160.96999,VfS0qUERdZ,com.sec.android.app.shealth,d751669d-c910-49d8-bf1d-8ea49b758ddd,1761004800000,
26c8ba2e-17aa-4d76-ae78-d688d5a8c4f8.binning_data.json,2025-10-21 18:30:03.785,2025-10-21 18:30:03.785,com.sec.android.app.shealth,0,5073,1.2203469,3783.43,160.96999,US7nt0+2+q,com.sec.android.app.shealth,26c8ba2e-17aa-4d76-ae78-d688d5a8c4f8,1761004800000,
1eca9865-6fea-46d4-835f-9d8d148bc019.binning_data.json,2025-10-22 16:43:39.845,2025-10-21 19:05:40.336,com.sec.android.app.shealth,-2,9025,1.3498901,6865.03,278.74,VfS0qUERdZ,com.sec.android.app.shealth,1eca9865-6fea-46d4-835f-9d8d148bc019,1761091200000,
b38ebe6c-77f9-4f02-b70a-bb32ebe10537.binning_data.json,2025-10-22 18:30:04.235,2025-10-22 18:30:04.235,com.sec.android.app.shealth,0,9025,1.3498901,6865.03,278.74,US7nt0+2+q,com.sec.android.app.shealth,b38ebe6c-77f9-4f02-b70a-bb32ebe10537,1761091200000,
50cf7c3d-51a8-47c4-ac5a-bee3dc64143e.binning_data.json,2025-10-23 17:00:55.383,2025-10-22 18:55:03.526,com.sec.android.app.shealth,-2,1117,1.2094312,838.57,36.32,VfS0qUERdZ,com.sec.android.app.shealth,50cf7c3d-51a8-47c4-ac5a-bee3dc64143e,1761177600000,
386f8d73-4c27-4e2e-b895-aaacbd13e3e1.binning_data.json,2025-10-23 18:30:15.969,2025-10-23 18:30:15.969,com.sec.android.app.shealth,0,1117,1.2094312,838.57,36.32,US7nt0+2+q,com.sec.android.app.shealth,386f8d73-4c27-4e2e-b895-aaacbd13e3e1,1761177600000,
06ed8759-b654-4266-8c7c-ba3377e89c87.binning_data.json,2025-10-24 18:09:31.749,2025-10-23 19:00:56.996,com.sec.android.app.shealth,-2,3172,1.1960633,2353.23,100.02,VfS0qUERdZ,com.sec.android.app.shealth,06ed8759-b654-4266-8c7c-ba3377e89c87,1761264000000,
7316f789-b03d-44d8-9b77-6f0b12f5f6b0.binning_data.json,2025-10-24 18:30:04.133,2025-10-24 18:30:04.133,com.sec.android.app.shealth,0,3172,1.1960633,2353.23,100.02,US7nt0+2+q,com.sec.android.app.shealth,7316f789-b03d-44d8-9b77-6f0b12f5f6b0,1761264000000,
aa789971-39ef-45df-8bf2-0ba912d0d5e4.binning_data.json,2025-10-25 17:53:27.940,2025-10-24 18:36:03.969,com.sec.android.app.shealth,-2,2790,1.3572459,2128.33,89.27,VfS0qUERdZ,com.sec.android.app.shealth,aa789971-39ef-45df-8bf2-0ba912d0d5e4,1761350400000,
04a59bc4-2682-4dff-b9b2-9adc784efa3f.binning_data.json,2025-10-25 18:30:05.719,2025-10-25 18:30:05.719,com.sec.android.app.shealth,0,2790,1.3572459,2128.33,89.27,US7nt0+2+q,com.sec.android.app.shealth,04a59bc4-2682-4dff-b9b2-9adc784efa3f,1761350400000,
3652d200-8647-4ee7-b760-be5242cef00c.binning_data.json,2025-10-26 16:02:28.849,2025-10-25 18:39:13.171,com.sec.android.app.shealth,-2,1675,1.1842867,1239.9299,52.92,VfS0qUERdZ,com.sec.android.app.shealth,3652d200-8647-4ee7-b760-be5242cef00c,1761436800000,
beb25c25-5e1e-44b1-8809-165f615441f4.binning_data.json,2025-10-26 18:30:03.709,2025-10-26 18:30:03.709,com.sec.android.app.shealth,0,1675,1.1842867,1239.9299,52.92,US7nt0+2+q,com.sec.android.app.shealth,beb25c25-5e1e-44b1-8809-165f615441f4,1761436800000,
73deb427-0538-48ed-862b-ffabfcb29c14.binning_data.json,2025-10-27 14:24:05.952,2025-10-26 23:55:07.464,com.sec.android.app.shealth,-2,7529,1.2002089,5567.83,229.41998,VfS0qUERdZ,com.sec.android.app.shealth,73deb427-0538-48ed-862b-ffabfcb29c14,1761523200000,
cb3405ff-3f01-4358-97e1-82e9e90fd8be.binning_data.json,2025-10-27 18:30:06.570,2025-10-27 18:30:06.570,com.sec.android.app.shealth,0,7529,1.2002089,5567.83,229.41998,US7nt0+2+q,com.sec.android.app.shealth,cb3405ff-3f01-4358-97e1-82e9e90fd8be,1761523200000,
e2b1a0d2-2715-4ad7-add0-f57ca9c6da1f.binning_data.json,2025-10-28 11:32:27.978,2025-10-28 02:06:28.614,com.sec.android.app.shealth,-2,4803,1.2431287,3577.65,145.98,VfS0qUERdZ,com.sec.android.app.shealth,e2b1a0d2-2715-4ad7-add0-f57ca9c6da1f,1761609600000,
cf83e38a-8c73-40a2-b580-4a723e292213.binning_data.json,2025-10-28 18:30:05.687,2025-10-28 18:30:05.687,com.sec.android.app.shealth,0,4803,1.2431287,3577.65,145.98,US7nt0+2+q,com.sec.android.app.shealth,cf83e38a-8c73-40a2-b580-4a723e292213,1761609600000,
1645d5a9-c4a8-4b52-a2d9-b0c62107bc62.binning_data.json,2025-10-29 16:41:00.998,2025-10-28 19:03:40.671,com.sec.android.app.shealth,-2,10276,1.301486,7710.05,310.5,VfS0qUERdZ,com.sec.android.app.shealth,1645d5a9-c4a8-4b52-a2d9-b0c62107bc62,1761696000000,
f1bcc7ed-ad5b-44ae-b403-76115f94582b.binning_data.json,2025-10-29 18:30:05.109,2025-10-29 18:30:05.109,com.sec.android.app.shealth,0,10276,1.301486,7710.05,310.5,US7nt0+2+q,com.sec.android.app.shealth,f1bcc7ed-ad5b-44ae-b403-76115f94582b,1761696000000,
cee30986-0cf5-4358-b16e-cd691d107ea1.binning_data.json,2025-10-30 16:20:51.727,2025-10-30 02:57:48.277,com.sec.android.app.shealth,-2,6177,1.2516308,4604.44,187.40997,VfS0qUERdZ,com.sec.android.app.shealth,cee30986-0cf5-4358-b16e-cd691d107ea1,1761782400000,
5f4c5073-3ecd-4e5b-87fd-9b454f4e1bb3.binning_data.json,2025-10-30 18:30:05.332,2025-10-30 18:30:05.332,com.sec.android.app.shealth,0,6177,1.2516308,4604.44,187.40997,US7nt0+2+q,com.sec.android.app.shealth,5f4c5073-3ecd-4e5b-87fd-9b454f4e1bb3,1761782400000,
aeb6b3f7-db71-409c-a2c3-15f8031fde97.binning_data.json,2025-10-31 16:35:02.352,2025-10-31 02:20:51.680,com.sec.android.app.shealth,-2,18821,1.3288536,14212.53,569.1699,VfS0qUERdZ,com.sec.android.app.shealth,aeb6b3f7-db71-409c-a2c3-15f8031fde97,1761868800000,
f4e5224c-96bf-43f9-80cf-e633e469c1f4.binning_data.json,2025-10-31 18:30:04.720,2025-10-31 18:30:04.720,com.sec.android.app.shealth,0,18821,1.3288536,14212.53,569.1699,US7nt0+2+q,com.sec.android.app.shealth,f4e5224c-96bf-43f9-80cf-e633e469c1f4,1761868800000,
21e6142d-8ee8-415e-bc46-79aa1f68a885.binning_data.json,2025-11-01 16:40:34.125,2025-11-01 04:04:58.131,com.sec.android.app.shealth,-2,2578,1.2084786,1914.65,79.72998,VfS0qUERdZ,com.sec.android.app.shealth,21e6142d-8ee8-415e-bc46-79aa1f68a885,1761955200000,
8232b604-8a38-4bb8-86b0-c1e7e18932cb.binning_data.json,2025-11-01 18:30:44.418,2025-11-01 18:30:44.418,com.sec.android.app.shealth,0,2578,1.2084786,1914.65,79.72998,US7nt0+2+q,com.sec.android.app.shealth,8232b604-8a38-4bb8-86b0-c1e7e18932cb,1761955200000,
94d24f72-d8a0-4698-af2e-6d2761fd142c.binning_data.json,2025-11-02 16:06:24.078,2025-11-02 00:08:59.565,com.sec.android.app.shealth,-2,11208,1.5327475,9248.48,431.00995,VfS0qUERdZ,com.sec.android.app.shealth,94d24f72-d8a0-4698-af2e-6d2761fd142c,1762041600000,
553006da-a30d-43a2-893d-78ba176c282b.binning_data.json,2025-11-02 18:30:05.435,2025-11-02 18:30:05.435,com.sec.android.app.shealth,0,11208,1.5327475,9248.48,431.00995,US7nt0+2+q,com.sec.android.app.shealth,553006da-a30d-43a2-893d-78ba176c282b,1762041600000,
72a58f55-47fa-4a1c-8097-e726b8a72521.binning_data.json,2025-11-03 16:28:01.310,2025-11-03 01:47:14.955,com.sec.android.app.shealth,-2,8254,1.1859142,6091.13,251.13998,VfS0qUERdZ,com.sec.android.app.shealth,72a58f55-47fa-4a1c-8097-e726b8a72521,1762128000000,
fcfc3e56-e3de-4074-9a64-0dcc95bf6a60.binning_data.json,2025-11-03 18:30:11.615,2025-11-03 18:30:11.615,com.sec.android.app.shealth,0,8254,1.1859142,6091.13,251.13998,US7nt0+2+q,com.sec.android.app.shealth,fcfc3e56-e3de-4074-9a64-0dcc95bf6a60,1762128000000,
e24c73ec-7297-4946-90d4-751280d2d836.binning_data.json,2025-11-04 16:28:41.651,2025-11-04 03:33:04.154,com.sec.android.app.shealth,-2,6220,1.2348744,4629.48,188.56,VfS0qUERdZ,com.sec.android.app.shealth,e24c73ec-7297-4946-90d4-751280d2d836,1762214400000,
3befaab0-c600-4328-aabe-0a31d0e8d65a.binning_data.json,2025-11-04 18:30:05.313,2025-11-04 18:30:05.313,com.sec.android.app.shealth,0,6220,1.2348744,4629.48,188.56,US7nt0+2+q,com.sec.android.app.shealth,3befaab0-c600-4328-aabe-0a31d0e8d65a,1762214400000,
ea2d34c8-9ae0-45d0-9347-03142953bd05.binning_data.json,2025-11-05 13:09:53.902,2025-11-04 18:52:05.471,com.sec.android.app.shealth,-2,11483,1.2501868,8565.67,348.09995,VfS0qUERdZ,com.sec.android.app.shealth,ea2d34c8-9ae0-45d0-9347-03142953bd05,1762300800000,
178e9c47-6fd4-47e2-8c2f-325b06a4112b.binning_data.json,2025-11-05 18:30:04.254,2025-11-05 18:30:04.254,com.sec.android.app.shealth,0,11483,1.2501868,8565.67,348.09995,US7nt0+2+q,com.sec.android.app.shealth,178e9c47-6fd4-47e2-8c2f-325b06a4112b,1762300800000,
7ee9eacb-8028-44f1-9ac2-6fbd390acc92.binning_data.json,2025-11-06 16:24:39.717,2025-11-06 00:41:12.264,com.sec.android.app.shealth,-2,13970,1.4127485,11073.41,494.56998,VfS0qUERdZ,com.sec.android.app.shealth,7ee9eacb-8028-44f1-9ac2-6fbd390acc92,1762387200000,
078113a0-d8f5-4b25-b51f-750bfbe856fc.binning_data.json,2025-11-06 18:30:11.046,2025-11-06 18:30:11.046,com.sec.android.app.shealth,0,13970,1.4127485,11073.41,494.56998,US7nt0+2+q,com.sec.android.app.shealth,078113a0-d8f5-4b25-b51f-750bfbe856fc,1762387200000,
cde11442-54cc-4e23-b2bd-b5b611c37fa4.binning_data.json,2025-11-07 15:31:50.332,2025-11-07 01:09:07.916,com.sec.android.app.shealth,-2,15641,1.553453,12906.54,598.08997,VfS0qUERdZ,com.sec.android.app.shealth,cde11442-54cc-4e23-b2bd-b5b611c37fa4,1762473600000,
4cd1d309-bd64-451f-804a-9831f9fc5943.binning_data.json,2025-11-07 18:30:04.215,2025-11-07 18:30:04.215,com.sec.android.app.shealth,0,15641,1.553453,12906.54,598.08997,US7nt0+2+q,com.sec.android.app.shealth,4cd1d309-bd64-451f-804a-9831f9fc5943,1762473600000,
96734a1e-3840-466a-a0ca-9b6d11dbb946.binning_data.json,2025-11-08 16:38:28.048,2025-11-08 03:33:18.621,com.sec.android.app.shealth,-2,3217,1.3395464,2432.51,97.52999,VfS0qUERdZ,com.sec.android.app.shealth,96734a1e-3840-466a-a0ca-9b6d11dbb946,1762560000000,
b8ced508-f044-4841-b095-2ca725ae125a.binning_data.json,2025-11-08 18:30:12.496,2025-11-08 18:30:12.496,com.sec.android.app.shealth,0,3217,1.3395464,2432.51,97.52999,US7nt0+2+q,com.sec.android.app.shealth,b8ced508-f044-4841-b095-2ca725ae125a,1762560000000,
5f73af7e-e724-451c-925d-33f41c1b656f.binning_data.json,2025-11-09 15:52:11.296,2025-11-09 01:37:57.583,com.sec.android.app.shealth,-2,11890,1.4577768,9394.49,402.73996,VfS0qUERdZ,com.sec.android.app.shealth,5f73af7e-e724-451c-925d-33f41c1b656f,1762646400000,
f2531001-1c36-465f-ba40-fee20a0baab5.binning_data.json,2025-11-09 18:30:05.512,2025-11-09 18:30:05.512,com.sec.android.app.shealth,0,11890,1.4577768,9394.49,402.73996,US7nt0+2+q,com.sec.android.app.shealth,f2531001-1c36-465f-ba40-fee20a0baab5,1762646400000,
ee801116-eeb5-4e94-aa7a-e495260721ad.binning_data.json,2025-11-10 15:03:07.982,2025-11-10 01:27:54.035,com.sec.android.app.shealth,-2,10080,1.4356506,8186.04,365.55,VfS0qUERdZ,com.sec.android.app.shealth,ee801116-eeb5-4e94-aa7a-e495260721ad,1762732800000,
400debd9-01c7-4845-a675-fbaff103ad7e.binning_data.json,2025-11-10 18:30:09.723,2025-11-10 18:30:09.723,com.sec.android.app.shealth,0,10080,1.4356506,8186.04,365.55,US7nt0+2+q,com.sec.android.app.shealth,400debd9-01c7-4845-a675-fbaff103ad7e,1762732800000,
ceb44723-3e17-4053-b22d-6a31acfccfd8.binning_data.json,2025-11-11 18:19:33.217,2025-11-11 03:29:23.100,com.sec.android.app.shealth,-2,5340,1.2323433,3969.73,162.55998,VfS0qUERdZ,com.sec.android.app.shealth,ceb44723-3e17-4053-b22d-6a31acfccfd8,1762819200000,
5bcc1124-5ebe-4553-beac-c404628628f8.binning_data.json,2025-11-11 18:30:04.586,2025-11-11 18:30:04.586,com.sec.android.app.shealth,0,5340,1.2323433,3969.73,162.55998,US7nt0+2+q,com.sec.android.app.shealth,5bcc1124-5ebe-4553-beac-c404628628f8,1762819200000,
d8c7723e-7a09-4f0a-969c-6dea133a9d7e.binning_data.json,2025-11-12 13:07:29.836,2025-11-12 02:47:37.505,com.sec.android.app.shealth,-2,8284,1.258403,6184.31,251.53998,VfS0qUERdZ,com.sec.android.app.shealth,d8c7723e-7a09-4f0a-969c-6dea133a9d7e,1762905600000,
68333b1a-a9fd-4265-89dc-7a9d94d5b2ec.binning_data.json,2025-11-12 18:30:09.935,2025-11-12 18:30:09.935,com.sec.android.app.shealth,0,8284,1.258403,6184.31,251.53998,US7nt0+2+q,com.sec.android.app.shealth,68333b1a-a9fd-4265-89dc-7a9d94d5b2ec,1762905600000,
4daa4abb-7c4f-4b0c-83f9-971074de07bb.binning_data.json,2025-11-13 13:03:17.398,2025-11-13 03:05:34.200,com.sec.android.app.shealth,-2,6405,1.2347047,4764.25,195.12999,VfS0qUERdZ,com.sec.android.app.shealth,4daa4abb-7c4f-4b0c-83f9-971074de07bb,1762992000000,
36244b26-2057-4f9c-b005-517bf90a38e8.binning_data.json,2025-11-13 18:30:04.891,2025-11-13 18:30:04.891,com.sec.android.app.shealth,0,6405,1.2347047,4764.25,195.12999,US7nt0+2+q,com.sec.android.app.shealth,36244b26-2057-4f9c-b005-517bf90a38e8,1762992000000,
eaffbe7c-83af-4da6-9b99-37cbc5a32279.binning_data.json,2025-11-14 18:22:25.066,2025-11-14 02:34:46.480,com.sec.android.app.shealth,-2,7469,1.2314539,5555.1396,227.10999,VfS0qUERdZ,com.sec.android.app.shealth,eaffbe7c-83af-4da6-9b99-37cbc5a32279,1763078400000,
0a04d9bc-8959-4822-9609-e6affda10ffd.binning_data.json,2025-11-14 18:30:04.124,2025-11-14 18:30:04.124,com.sec.android.app.shealth,0,7469,1.2314539,5555.1396,227.10999,US7nt0+2+q,com.sec.android.app.shealth,0a04d9bc-8959-4822-9609-e6affda10ffd,1763078400000,
702329c7-4302-471d-943b-02ef929a425c.binning_data.json,2025-11-15 17:28:09.860,2025-11-15 04:15:11.962,com.sec.android.app.shealth,-2,6039,1.2797056,4536.74,186.80998,VfS0qUERdZ,com.sec.android.app.shealth,702329c7-4302-471d-943b-02ef929a425c,1763164800000,
735149aa-3a10-4083-8815-006a3e42a692.binning_data.json,2025-11-15 18:30:05.030,2025-11-15 18:30:05.030,com.sec.android.app.shealth,0,6039,1.2797056,4536.74,186.80998,US7nt0+2+q,com.sec.android.app.shealth,735149aa-3a10-4083-8815-006a3e42a692,1763164800000,
f53b5087-f872-45fa-b806-fa191e61ae93.binning_data.json,2025-11-16 13:35:02.905,2025-11-16 02:51:09.374,com.sec.android.app.shealth,-2,6376,1.2886373,4788.83,193.97997,VfS0qUERdZ,com.sec.android.app.shealth,f53b5087-f872-45fa-b806-fa191e61ae93,1763251200000,
89cf4e05-58de-45e3-8c5f-f8cd2684ae74.binning_data.json,2025-11-16 18:30:03.339,2025-11-16 18:30:03.339,com.sec.android.app.shealth,0,6376,1.2886373,4788.83,193.97997,US7nt0+2+q,com.sec.android.app.shealth,89cf4e05-58de-45e3-8c5f-f8cd2684ae74,1763251200000,
9feaf0fe-7c11-4437-a1ac-a16b57c50b72.binning_data.json,2025-11-17 14:28:49.843,2025-11-17 03:03:29.027,com.sec.android.app.shealth,-2,6322,1.2109782,4683.45,192.4,VfS0qUERdZ,com.sec.android.app.shealth,9feaf0fe-7c11-4437-a1ac-a16b57c50b72,1763337600000,
5361924f-dbf0-4768-9513-27ab241253c0.binning_data.json,2025-11-17 18:30:09.131,2025-11-17 18:30:09.131,com.sec.android.app.shealth,0,6322,1.2109782,4683.45,192.4,US7nt0+2+q,com.sec.android.app.shealth,5361924f-dbf0-4768-9513-27ab241253c0,1763337600000,
38f74efb-3250-49af-b105-300d70aa9434.binning_data.json,2025-11-18 18:06:04.223,2025-11-18 03:35:02.597,com.sec.android.app.shealth,-2,4587,1.255868,3419.03,139.10999,VfS0qUERdZ,com.sec.android.app.shealth,38f74efb-3250-49af-b105-300d70aa9434,1763424000000,
a15a3816-a520-4311-8cfb-f7eae2df458c.binning_data.json,2025-11-18 18:30:04.328,2025-11-18 18:30:04.328,com.sec.android.app.shealth,0,4587,1.255868,3419.03,139.10999,US7nt0+2+q,com.sec.android.app.shealth,a15a3816-a520-4311-8cfb-f7eae2df458c,1763424000000,
a2f16baa-b06e-4a48-84c4-d3610b86c841.binning_data.json,2025-11-19 18:15:01.740,2025-11-19 02:33:01.738,com.sec.android.app.shealth,-2,12398,1.2680662,9275.4,376.36996,VfS0qUERdZ,com.sec.android.app.shealth,a2f16baa-b06e-4a48-84c4-d3610b86c841,1763510400000,
3829974b-c14e-4864-b173-777735993718.binning_data.json,2025-11-19 18:30:06.463,2025-11-19 18:30:06.463,com.sec.android.app.shealth,0,12398,1.2680662,9275.4,376.36996,US7nt0+2+q,com.sec.android.app.shealth,3829974b-c14e-4864-b173-777735993718,1763510400000,
e1265229-8928-4b1d-ab72-a5df3dd4b258.binning_data.json,2025-11-20 17:16:27.940,2025-11-19 19:35:04.031,com.sec.android.app.shealth,-2,4159,1.1912277,3079.98,130.87,VfS0qUERdZ,com.sec.android.app.shealth,e1265229-8928-4b1d-ab72-a5df3dd4b258,1763596800000,
fa12a7e7-8e4a-4853-9662-72bcf055b0b8.binning_data.json,2025-11-20 18:30:08.059,2025-11-20 18:30:08.059,com.sec.android.app.shealth,0,4159,1.1912277,3079.98,130.87,US7nt0+2+q,com.sec.android.app.shealth,fa12a7e7-8e4a-4853-9662-72bcf055b0b8,1763596800000,
fb50dcd6-5e30-44a6-9d52-ab0c2532444c.binning_data.json,2025-11-21 17:19:06.364,2025-11-21 01:57:05.334,com.sec.android.app.shealth,-2,832,1.295214,628.56,26.31,VfS0qUERdZ,com.sec.android.app.shealth,fb50dcd6-5e30-44a6-9d52-ab0c2532444c,1763683200000,
d658eb30-4a9e-4e8b-9d48-4982b172eb8a.binning_data.json,2025-11-21 18:30:04.348,2025-11-21 18:30:04.348,com.sec.android.app.shealth,0,832,1.295214,628.56,26.31,US7nt0+2+q,com.sec.android.app.shealth,d658eb30-4a9e-4e8b-9d48-4982b172eb8a,1763683200000,
599497fb-353e-42f2-9b73-148880aef5e0.binning_data.json,2025-11-22 17:13:29.052,2025-11-21 19:43:17.865,com.sec.android.app.shealth,-2,7664,1.3070428,5784.05,237.36998,VfS0qUERdZ,com.sec.android.app.shealth,599497fb-353e-42f2-9b73-148880aef5e0,1763769600000,
18202a12-409c-4010-b3a9-1fcd7fa6d956.binning_data.json,2025-11-22 18:30:03.929,2025-11-22 18:30:03.929,com.sec.android.app.shealth,0,7664,1.3070428,5784.05,237.36998,US7nt0+2+q,com.sec.android.app.shealth,18202a12-409c-4010-b3a9-1fcd7fa6d956,1763769600000,
d39eb2c5-3d97-4b68-bb31-3b1297d52698.binning_data.json,2025-11-23 17:00:15.277,2025-11-23 02:26:47.548,com.sec.android.app.shealth,-2,8865,1.3183203,6694.1196,271.43997,VfS0qUERdZ,com.sec.android.app.shealth,d39eb2c5-3d97-4b68-bb31-3b1297d52698,1763856000000,
e91ce67e-955e-4ae2-bb9c-9c042660775e.binning_data.json,2025-11-23 18:30:04.231,2025-11-23 18:30:04.231,com.sec.android.app.shealth,0,8865,1.3183203,6694.1196,271.43997,US7nt0+2+q,com.sec.android.app.shealth,e91ce67e-955e-4ae2-bb9c-9c042660775e,1763856000000,
3ecf6822-98fd-4415-a5fa-01c141d35bf4.binning_data.json,2025-11-24 16:27:15.174,2025-11-24 02:10:13.285,com.sec.android.app.shealth,-2,6190,1.3016994,4651.19,188.44998,VfS0qUERdZ,com.sec.android.app.shealth,3ecf6822-98fd-4415-a5fa-01c141d35bf4,1763942400000,
890edea7-0db5-4d99-9002-01b74173fb56.binning_data.json,2025-11-24 18:30:04.114,2025-11-24 18:30:04.114,com.sec.android.app.shealth,0,6190,1.3016994,4651.19,188.44998,US7nt0+2+q,com.sec.android.app.shealth,890edea7-0db5-4d99-9002-01b74173fb56,1763942400000,
68daa811-8807-4cc4-a6e2-250a795c4f51.binning_data.json,2025-11-25 17:22:21.288,2025-11-25 02:15:02.717,com.sec.android.app.shealth,-2,7012,1.2673361,5248.42,215.16995,VfS0qUERdZ,com.sec.android.app.shealth,68daa811-8807-4cc4-a6e2-250a795c4f51,1764028800000,
5d3eb9aa-abbf-4057-90fb-6cee21c07ecf.binning_data.json,2025-11-25 18:30:05.198,2025-11-25 18:30:05.198,com.sec.android.app.shealth,0,7012,1.2673361,5248.42,215.16995,US7nt0+2+q,com.sec.android.app.shealth,5d3eb9aa-abbf-4057-90fb-6cee21c07ecf,1764028800000,
8b39802a-a309-4eaa-a597-0f0a73cd1e20.binning_data.json,2025-11-26 17:02:19.849,2025-11-26 00:14:43.073,com.sec.android.app.shealth,-2,9672,1.2505848,7209.17,294.93997,VfS0qUERdZ,com.sec.android.app.shealth,8b39802a-a309-4eaa-a597-0f0a73cd1e20,1764115200000,
2af87e77-bcbf-4cb9-899c-d41554cfbc53.binning_data.json,2025-11-26 18:30:04.898,2025-11-26 18:30:04.898,com.sec.android.app.shealth,0,9672,1.2505848,7209.17,294.93997,US7nt0+2+q,com.sec.android.app.shealth,2af87e77-bcbf-4cb9-899c-d41554cfbc53,1764115200000,
28e0d462-23ab-425f-a372-7ae1e352b2f5.binning_data.json,2025-11-27 17:36:44.962,2025-11-27 02:23:07.802,com.sec.android.app.shealth,-2,3614,1.2232453,2703.24,114.67999,VfS0qUERdZ,com.sec.android.app.shealth,28e0d462-23ab-425f-a372-7ae1e352b2f5,1764201600000,
b55e24cc-30fd-4ea5-9e5b-e9e560f29914.binning_data.json,2025-11-27 18:30:04.351,2025-11-27 18:30:04.351,com.sec.android.app.shealth,0,3614,1.2232453,2703.24,114.67999,US7nt0+2+q,com.sec.android.app.shealth,b55e24cc-30fd-4ea5-9e5b-e9e560f29914,1764201600000,
9c07d2da-a9c8-4489-ad45-56a66d9ac885.binning_data.json,2025-11-28 17:24:06.792,2025-11-28 02:20:14.773,com.sec.android.app.shealth,-2,3749,1.2146963,2785.9,118.049995,VfS0qUERdZ,com.sec.android.app.shealth,9c07d2da-a9c8-4489-ad45-56a66d9ac885,1764288000000,
a67e460f-c17a-422f-bc58-ce09d2b5326c.binning_data.json,2025-11-28 18:30:06.681,2025-11-28 18:30:06.681,com.sec.android.app.shealth,0,3749,1.2146963,2785.9,118.049995,US7nt0+2+q,com.sec.android.app.shealth,a67e460f-c17a-422f-bc58-ce09d2b5326c,1764288000000,
d28e4268-bdf2-4d84-a605-1a06cdf8b1ad.binning_data.json,2025-11-29 18:30:04.683,2025-11-28 19:47:20.211,com.sec.android.app.shealth,-2,3198,1.1902816,2375.42,101.74999,VfS0qUERdZ,com.sec.android.app.shealth,d28e4268-bdf2-4d84-a605-1a06cdf8b1ad,1764374400000,
ea0e08b3-5865-4c73-9187-e521c22ad789.binning_data.json,2025-11-29 18:30:03.186,2025-11-29 18:30:03.186,com.sec.android.app.shealth,0,3198,1.1902816,2375.42,101.74999,US7nt0+2+q,com.sec.android.app.shealth,ea0e08b3-5865-4c73-9187-e521c22ad789,1764374400000,
a5f06c39-bfbb-4df8-9fc2-a91905ae6cfa.binning_data.json,2025-11-30 18:00:19.199,2025-11-29 18:30:07.742,com.sec.android.app.shealth,-2,7549,1.2182621,5621.65,234.49997,VfS0qUERdZ,com.sec.android.app.shealth,a5f06c39-bfbb-4df8-9fc2-a91905ae6cfa,1764460800000,
6ecef3f2-3b12-4517-88f6-3fa7b8a123e5.binning_data.json,2025-11-30 18:30:04.357,2025-11-30 18:30:04.357,com.sec.android.app.shealth,0,7549,1.2182621,5621.65,234.49997,US7nt0+2+q,com.sec.android.app.shealth,6ecef3f2-3b12-4517-88f6-3fa7b8a123e5,1764460800000,
99744c8a-cbab-4585-b518-6e454e6c8794.binning_data.json,2025-12-01 16:32:08.565,2025-11-30 18:39:24.137,com.sec.android.app.shealth,-2,5211,1.293739,3909.93,157.97997,VfS0qUERdZ,com.sec.android.app.shealth,99744c8a-cbab-4585-b518-6e454e6c8794,1764547200000,
eede022c-b36e-430a-8d94-458328d88543.binning_data.json,2025-12-01 18:30:03.758,2025-12-01 18:30:03.758,com.sec.android.app.shealth,0,5211,1.293739,3909.93,157.97997,US7nt0+2+q,com.sec.android.app.shealth,eede022c-b36e-430a-8d94-458328d88543,1764547200000,
04644ae8-0ee5-4b0c-bd4d-4c8db8541c90.binning_data.json,2025-12-02 18:16:56.480,2025-12-01 18:57:25.758,com.sec.android.app.shealth,-2,418,1.3024192,313.94998,12.99,VfS0qUERdZ,com.sec.android.app.shealth,04644ae8-0ee5-4b0c-bd4d-4c8db8541c90,1764633600000,
b477d3bb-2213-46d9-8117-6780b2a79d8c.binning_data.json,2025-12-02 18:30:03.699,2025-12-02 18:30:03.699,com.sec.android.app.shealth,0,418,1.3024192,313.94998,12.99,US7nt0+2+q,com.sec.android.app.shealth,b477d3bb-2213-46d9-8117-6780b2a79d8c,1764633600000,
76218173-ddfe-4c02-a48e-b85c93da343e.binning_data.json,2025-12-03 14:40:21.914,2025-12-02 18:36:55.032,com.sec.android.app.shealth,-2,5708,1.1961299,4229.0,174.48,VfS0qUERdZ,com.sec.android.app.shealth,76218173-ddfe-4c02-a48e-b85c93da343e,1764720000000,
b88a44d2-a794-4430-b164-7c3997e73302.binning_data.json,2025-12-03 18:30:04.809,2025-12-03 18:30:04.809,com.sec.android.app.shealth,0,5708,1.1961299,4229.0,174.48,US7nt0+2+q,com.sec.android.app.shealth,b88a44d2-a794-4430-b164-7c3997e73302,1764720000000,
4f78dd4c-77f8-464c-b337-ffd1093c7a71.binning_data.json,2025-12-04 13:54:18.345,2025-12-04 07:47:57.384,com.sec.android.app.shealth,-2,257,1.3541741,194.54001,7.8199997,VfS0qUERdZ,com.sec.android.app.shealth,4f78dd4c-77f8-464c-b337-ffd1093c7a71,1764806400000,
db6bb002-86a9-4cc4-8bd6-a27708dda8d9.binning_data.json,2025-12-04 18:30:04.165,2025-12-04 18:30:04.165,com.sec.android.app.shealth,0,257,1.3541741,194.54001,7.8199997,US7nt0+2+q,com.sec.android.app.shealth,db6bb002-86a9-4cc4-8bd6-a27708dda8d9,1764806400000,
0ba0428d-af0f-4ca5-b035-fc34d16eff88.binning_data.json,2025-12-05 17:42:40.628,2025-12-05 03:58:45.472,com.sec.android.app.shealth,-2,16322,1.3380953,12468.05,513.98,VfS0qUERdZ,com.sec.android.app.shealth,0ba0428d-af0f-4ca5-b035-fc34d16eff88,1764892800000,
351d03e2-037f-40dc-bf9c-be4a3ae37984.binning_data.json,2025-12-05 18:30:03.859,2025-12-05 18:30:03.859,com.sec.android.app.shealth,0,16322,1.3380953,12468.05,513.98,US7nt0+2+q,com.sec.android.app.shealth,351d03e2-037f-40dc-bf9c-be4a3ae37984,1764892800000,
6c808218-dbd7-4c83-a663-253aabdf760e.binning_data.json,2025-12-06 17:42:07.391,2025-12-05 19:36:38.638,com.sec.android.app.shealth,-2,8123,1.3276796,6174.58,253.43999,VfS0qUERdZ,com.sec.android.app.shealth,6c808218-dbd7-4c83-a663-253aabdf760e,1764979200000,
993c14fe-c771-4e63-8d43-c9d36e7cec70.binning_data.json,2025-12-06 18:30:07.033,2025-12-06 18:30:07.033,com.sec.android.app.shealth,0,8123,1.3276796,6174.58,253.43999,US7nt0+2+q,com.sec.android.app.shealth,993c14fe-c771-4e63-8d43-c9d36e7cec70,1764979200000,
bbcead8d-bb36-4673-b095-48210e7ffe3f.binning_data.json,2025-12-07 15:55:14.934,2025-12-07 01:22:52.027,com.sec.android.app.shealth,-2,555,1.3962559,422.79,17.23,VfS0qUERdZ,com.sec.android.app.shealth,bbcead8d-bb36-4673-b095-48210e7ffe3f,1765065600000,
61bc1f82-3f7e-4358-a00b-a39f05313b48.binning_data.json,2025-12-07 18:30:04.218,2025-12-07 18:30:04.218,com.sec.android.app.shealth,0,555,1.3962559,422.79,17.23,US7nt0+2+q,com.sec.android.app.shealth,61bc1f82-3f7e-4358-a00b-a39f05313b48,1765065600000,
bf7b9a8b-6172-4d3d-82e0-57e346d10914.binning_data.json,2025-12-08 15:50:13.203,2025-12-08 05:17:28.035,com.sec.android.app.shealth,-2,637,1.2854513,476.05,19.82,VfS0qUERdZ,com.sec.android.app.shealth,bf7b9a8b-6172-4d3d-82e0-57e346d10914,1765152000000,
3f482fee-8fa1-4111-8998-00a316c9637e.binning_data.json,2025-12-08 18:30:05.809,2025-12-08 18:30:05.809,com.sec.android.app.shealth,0,637,1.2854513,476.05,19.82,US7nt0+2+q,com.sec.android.app.shealth,3f482fee-8fa1-4111-8998-00a316c9637e,1765152000000,
c05b48c6-77ac-4aea-b907-8af6da0a8c09.binning_data.json,2025-12-09 16:28:09.002,2025-12-09 04:37:23.573,com.sec.android.app.shealth,-2,5198,1.2312751,3863.99,158.25998,VfS0qUERdZ,com.sec.android.app.shealth,c05b48c6-77ac-4aea-b907-8af6da0a8c09,1765238400000,
40f90c25-9397-4e08-a474-d531e20ed4cb.binning_data.json,2025-12-09 18:30:05.178,2025-12-09 18:30:05.178,com.sec.android.app.shealth,0,5198,1.2312751,3863.99,158.25998,US7nt0+2+q,com.sec.android.app.shealth,40f90c25-9397-4e08-a474-d531e20ed4cb,1765238400000,
82d56010-bc58-4048-b203-5420f0a39d35.binning_data.json,2025-12-10 13:53:37.974,2025-12-10 01:03:39.265,com.sec.android.app.shealth,-2,3948,1.2492281,2943.12,120.17999,VfS0qUERdZ,com.sec.android.app.shealth,82d56010-bc58-4048-b203-5420f0a39d35,1765324800000,
64d826b7-460c-4bf2-b1fb-cc7932488920.binning_data.json,2025-12-10 18:30:04.887,2025-12-10 18:30:04.887,com.sec.android.app.shealth,0,3948,1.2492281,2943.12,120.17999,US7nt0+2+q,com.sec.android.app.shealth,64d826b7-460c-4bf2-b1fb-cc7932488920,1765324800000,
6897050c-b1a8-47e8-a5cf-c0c9f8d3b837.binning_data.json,2025-12-11 17:08:17.789,2025-12-11 02:31:39.031,com.sec.android.app.shealth,-2,6806,1.262725,5089.4497,206.88997,VfS0qUERdZ,com.sec.android.app.shealth,6897050c-b1a8-47e8-a5cf-c0c9f8d3b837,1765411200000,
9c7096db-7865-47f5-8ef2-76fc262df48a.binning_data.json,2025-12-11 18:30:05.357,2025-12-11 18:30:05.357,com.sec.android.app.shealth,0,6806,1.262725,5089.4497,206.88997,US7nt0+2+q,com.sec.android.app.shealth,9c7096db-7865-47f5-8ef2-76fc262df48a,1765411200000,
dff62171-a5c8-4222-9168-43a1798efd45.binning_data.json,2025-12-12 16:57:32.899,2025-12-11 19:35:36.170,com.sec.android.app.shealth,-2,5837,1.2046403,4357.71,184.77,VfS0qUERdZ,com.sec.android.app.shealth,dff62171-a5c8-4222-9168-43a1798efd45,1765497600000,
87adab72-178f-48ca-a07b-fcf8e70649aa.binning_data.json,2025-12-12 18:30:15.742,2025-12-12 18:30:15.742,com.sec.android.app.shealth,0,5837,1.2046403,4357.71,184.77,US7nt0+2+q,com.sec.android.app.shealth,87adab72-178f-48ca-a07b-fcf8e70649aa,1765497600000,
726db115-ebc3-4adf-b0e2-613e14822eae.binning_data.json,2025-12-13 16:30:15.503,2025-12-13 02:20:02.605,com.sec.android.app.shealth,-2,1499,1.3080529,1136.17,48.11,VfS0qUERdZ,com.sec.android.app.shealth,726db115-ebc3-4adf-b0e2-613e14822eae,1765584000000,
2061d55e-d492-4158-8424-724406c8480d.binning_data.json,2025-12-13 18:30:04.527,2025-12-13 18:30:04.527,com.sec.android.app.shealth,0,1499,1.3080529,1136.17,48.11,US7nt0+2+q,com.sec.android.app.shealth,2061d55e-d492-4158-8424-724406c8480d,1765584000000,
ac452c22-3be2-4d4f-895d-2f684c3a2179.binning_data.json,2025-12-14 18:13:12.801,2025-12-14 04:07:25.404,com.sec.android.app.shealth,-2,1596,1.2802521,1205.14,51.01,VfS0qUERdZ,com.sec.android.app.shealth,ac452c22-3be2-4d4f-895d-2f684c3a2179,1765670400000,
77d7cb18-bdf1-499a-ad14-6aa230300c2b.binning_data.json,2025-12-14 18:30:03.140,2025-12-14 18:30:03.140,com.sec.android.app.shealth,0,1596,1.2802521,1205.14,51.01,US7nt0+2+q,com.sec.android.app.shealth,77d7cb18-bdf1-499a-ad14-6aa230300c2b,1765670400000,
84a0405d-ef23-4ac1-87ea-24678220bcf9.binning_data.json,2025-12-15 17:54:12.899,2025-12-15 02:26:09.646,com.sec.android.app.shealth,-2,10176,1.202366,7558.45,314.99,VfS0qUERdZ,com.sec.android.app.shealth,84a0405d-ef23-4ac1-87ea-24678220bcf9,1765756800000,
2c0fc760-d7ae-465b-b63e-c5cd8ef9fbc0.binning_data.json,2025-12-15 18:30:08.373,2025-12-15 18:30:08.373,com.sec.android.app.shealth,0,10176,1.202366,7558.45,314.99,US7nt0+2+q,com.sec.android.app.shealth,2c0fc760-d7ae-465b-b63e-c5cd8ef9fbc0,1765756800000,
6919ce0d-d08f-4221-84a0-7c77aba2e004.binning_data.json,2025-12-16 16:27:46.727,2025-12-16 02:15:01.781,com.sec.android.app.shealth,-2,3584,1.2613795,2702.23,114.149994,VfS0qUERdZ,com.sec.android.app.shealth,6919ce0d-d08f-4221-84a0-7c77aba2e004,1765843200000,
b85411a9-0e0c-4a23-b8e0-2640491bf7bb.binning_data.json,2025-12-16 18:30:03.904,2025-12-16 18:30:03.904,com.sec.android.app.shealth,0,3584,1.2613795,2702.23,114.149994,US7nt0+2+q,com.sec.android.app.shealth,b85411a9-0e0c-4a23-b8e0-2640491bf7bb,1765843200000,
8a8e8d56-76bd-4627-b4e5-d37f14a6930c.binning_data.json,2025-12-17 18:15:01.649,2025-12-17 02:28:41.057,com.sec.android.app.shealth,-2,3589,1.2713939,2700.91,113.71999,VfS0qUERdZ,com.sec.android.app.shealth,8a8e8d56-76bd-4627-b4e5-d37f14a6930c,1765929600000,
2d705a93-e152-480f-8e35-1e579a74822a.binning_data.json,2025-12-17 18:30:03.258,2025-12-17 18:30:03.258,com.sec.android.app.shealth,0,3589,1.2713939,2700.91,113.71999,US7nt0+2+q,com.sec.android.app.shealth,2d705a93-e152-480f-8e35-1e579a74822a,1765929600000,
ea0542c3-1fe2-4e4a-9cea-e5011a833675.binning_data.json,2025-12-18 14:08:59.871,2025-12-17 22:17:03.747,com.sec.android.app.shealth,-2,9870,1.2245797,7333.92,301.30997,VfS0qUERdZ,com.sec.android.app.shealth,ea0542c3-1fe2-4e4a-9cea-e5011a833675,1766016000000,
dd48be73-72bb-4b56-8f85-ff3226ff73df.binning_data.json,2025-12-18 18:30:04.565,2025-12-18 18:30:04.565,com.sec.android.app.shealth,0,9870,1.2245797,7333.92,301.30997,US7nt0+2+q,com.sec.android.app.shealth,dd48be73-72bb-4b56-8f85-ff3226ff73df,1766016000000,
36a65765-6e35-4445-a656-32cf69fdffdb.binning_data.json,2025-12-19 15:52:30.733,2025-12-19 02:32:33.834,com.sec.android.app.shealth,-2,356,1.33383,269.0,11.149999,VfS0qUERdZ,com.sec.android.app.shealth,36a65765-6e35-4445-a656-32cf69fdffdb,1766102400000,
9061cc90-ee78-42b0-994f-770d91497150.binning_data.json,2025-12-19 18:30:03.606,2025-12-19 18:30:03.606,com.sec.android.app.shealth,0,356,1.33383,269.0,11.149999,US7nt0+2+q,com.sec.android.app.shealth,9061cc90-ee78-42b0-994f-770d91497150,1766102400000,
a0fb9192-20b7-4aeb-acc0-a9ae0e098866.binning_data.json,2025-12-20 15:32:33.794,2025-12-20 02:16:42.340,com.sec.android.app.shealth,-2,9241,1.2598349,6905.2803,280.71,VfS0qUERdZ,com.sec.android.app.shealth,a0fb9192-20b7-4aeb-acc0-a9ae0e098866,1766188800000,
b8c27621-55d8-470a-b8ac-ec893ab91c1f.binning_data.json,2025-12-20 18:30:04.495,2025-12-20 18:30:04.495,com.sec.android.app.shealth,0,9241,1.2598349,6905.2803,280.71,US7nt0+2+q,com.sec.android.app.shealth,b8c27621-55d8-470a-b8ac-ec893ab91c1f,1766188800000,
7b9f1430-1b78-42d8-97d2-a1e596f7dde4.binning_data.json,2025-12-21 15:08:19.779,2025-12-21 07:28:14.142,com.sec.android.app.shealth,-2,557,1.3317066,423.35,17.779999,VfS0qUERdZ,com.sec.android.app.shealth,7b9f1430-1b78-42d8-97d2-a1e596f7dde4,1766275200000,
6d3b72d6-27d8-47cb-8b15-b9bb3a625632.binning_data.json,2025-12-21 18:30:04.294,2025-12-21 18:30:04.294,com.sec.android.app.shealth,0,557,1.3317066,423.35,17.779999,US7nt0+2+q,com.sec.android.app.shealth,6d3b72d6-27d8-47cb-8b15-b9bb3a625632,1766275200000,
1898f7c1-f3b2-49fa-829a-18d4c49ff256.binning_data.json,2025-12-22 18:15:02.684,2025-12-22 04:04:08.961,com.sec.android.app.shealth,-2,8026,1.2549448,5998.19,244.31996,VfS0qUERdZ,com.sec.android.app.shealth,1898f7c1-f3b2-49fa-829a-18d4c49ff256,1766361600000,
2cf975a2-e80d-46d5-9e77-936a8d141d6c.binning_data.json,2025-12-22 18:30:03.694,2025-12-22 18:30:03.694,com.sec.android.app.shealth,0,8026,1.2549448,5998.19,244.31996,US7nt0+2+q,com.sec.android.app.shealth,2cf975a2-e80d-46d5-9e77-936a8d141d6c,1766361600000,
583cbfa2-ae9f-4717-877a-7e0214fc9c52.binning_data.json,2025-12-23 18:00:55.566,2025-12-22 18:35:03.333,com.sec.android.app.shealth,-2,3017,1.0602638,2192.83,96.579994,VfS0qUERdZ,com.sec.android.app.shealth,583cbfa2-ae9f-4717-877a-7e0214fc9c52,1766448000000,
35ee2a0a-d576-4f8a-804d-ad9cc4e77e01.binning_data.json,2025-12-23 18:30:04.410,2025-12-23 18:30:04.410,com.sec.android.app.shealth,0,3017,1.0602638,2192.83,96.579994,US7nt0+2+q,com.sec.android.app.shealth,35ee2a0a-d576-4f8a-804d-ad9cc4e77e01,1766448000000,
5e1c30e5-c1dc-42ff-a23c-379fb1a84d37.binning_data.json,2025-12-24 15:42:28.980,2025-12-24 02:26:51.234,com.sec.android.app.shealth,-2,2360,1.2423595,1763.42,74.549995,VfS0qUERdZ,com.sec.android.app.shealth,5e1c30e5-c1dc-42ff-a23c-379fb1a84d37,1766534400000,
58b8c96d-1f62-44e1-8de4-2523a094d787.binning_data.json,2025-12-24 18:30:04.471,2025-12-24 18:30:04.471,com.sec.android.app.shealth,0,2360,1.2423595,1763.42,74.549995,US7nt0+2+q,com.sec.android.app.shealth,58b8c96d-1f62-44e1-8de4-2523a094d787,1766534400000,
2a190f7a-de52-441d-8738-02084b7a2d29.binning_data.json,2025-12-25 18:14:00.642,2025-12-25 02:30:02.731,com.sec.android.app.shealth,-2,2788,1.2172878,2086.39,89.57,VfS0qUERdZ,com.sec.android.app.shealth,2a190f7a-de52-441d-8738-02084b7a2d29,1766620800000,
46fd6323-6277-41ee-87d6-cbef5b306e7e.binning_data.json,2025-12-25 18:30:03.590,2025-12-25 18:30:03.590,com.sec.android.app.shealth,0,2788,1.2172878,2086.39,89.57,US7nt0+2+q,com.sec.android.app.shealth,46fd6323-6277-41ee-87d6-cbef5b306e7e,1766620800000,
04515c24-08cc-4394-b792-807c3abd1e44.binning_data.json,2025-12-26 16:20:30.813,2025-12-26 00:26:32.395,com.sec.android.app.shealth,-2,1817,1.2152665,1365.86,59.19,VfS0qUERdZ,com.sec.android.app.shealth,04515c24-08cc-4394-b792-807c3abd1e44,1766707200000,
8ee61ae3-ef2f-4393-ad91-e2f4a3404a93.binning_data.json,2025-12-26 18:30:04.722,2025-12-26 18:30:04.722,com.sec.android.app.shealth,0,1817,1.2152665,1365.86,59.19,US7nt0+2+q,com.sec.android.app.shealth,8ee61ae3-ef2f-4393-ad91-e2f4a3404a93,1766707200000,
0afe5c3b-732f-40a9-8aef-698ce91ee05c.binning_data.json,2025-12-27 17:42:07.705,2025-12-27 02:30:03.183,com.sec.android.app.shealth,-2,4810,1.179794,3561.32,151.40999,VfS0qUERdZ,com.sec.android.app.shealth,0afe5c3b-732f-40a9-8aef-698ce91ee05c,1766793600000,
92fbc39c-2cd5-4c42-b542-c17d3653b9da.binning_data.json,2025-12-27 18:30:03.845,2025-12-27 18:30:03.845,com.sec.android.app.shealth,0,4810,1.179794,3561.32,151.40999,US7nt0+2+q,com.sec.android.app.shealth,92fbc39c-2cd5-4c42-b542-c17d3653b9da,1766793600000,
1e14cb9b-7845-4899-872b-34e6dbf65c0f.binning_data.json,2025-12-28 17:00:04.155,2025-12-28 03:18:37.064,com.sec.android.app.shealth,-2,1277,1.2201462,957.14996,40.589996,VfS0qUERdZ,com.sec.android.app.shealth,1e14cb9b-7845-4899-872b-34e6dbf65c0f,1766880000000,
ff5f826a-3cd6-4a31-83d2-e3f4fbcd833f.binning_data.json,2025-12-28 18:30:03.399,2025-12-28 18:30:03.399,com.sec.android.app.shealth,0,1277,1.2201462,957.14996,40.589996,US7nt0+2+q,com.sec.android.app.shealth,ff5f826a-3cd6-4a31-83d2-e3f4fbcd833f,1766880000000,
dfa1867e-0ca5-4b47-8dce-1b7d1ca2d42d.binning_data.json,2025-12-29 17:58:38.390,2025-12-29 03:13:27.979,com.sec.android.app.shealth,-2,2973,1.2127923,2210.61,93.49999,VfS0qUERdZ,com.sec.android.app.shealth,dfa1867e-0ca5-4b47-8dce-1b7d1ca2d42d,1766966400000,
5e66ab0d-d520-4397-8ec1-1854ff42b562.binning_data.json,2025-12-29 18:30:04.138,2025-12-29 18:30:04.138,com.sec.android.app.shealth,0,2973,1.2127923,2210.61,93.49999,US7nt0+2+q,com.sec.android.app.shealth,5e66ab0d-d520-4397-8ec1-1854ff42b562,1766966400000,
50186e85-68c9-4d42-8c71-12e919860801.binning_data.json,2025-12-30 16:58:22.232,2025-12-29 19:16:13.683,com.sec.android.app.shealth,-2,6218,1.2131994,4640.39,194.43999,VfS0qUERdZ,com.sec.android.app.shealth,50186e85-68c9-4d42-8c71-12e919860801,1767052800000,
edbc99d2-1f6f-4d9b-a8c3-d52fb30ac72f.binning_data.json,2025-12-30 18:30:04.443,2025-12-30 18:30:04.443,com.sec.android.app.shealth,0,6218,1.2131994,4640.39,194.43999,US7nt0+2+q,com.sec.android.app.shealth,edbc99d2-1f6f-4d9b-a8c3-d52fb30ac72f,1767052800000,
2246333d-4eba-41fe-bcc4-bb82c43106d4.binning_data.json,2025-12-31 16:28:03.561,2025-12-31 02:20:59.290,com.sec.android.app.shealth,-2,3411,1.2698332,2564.21,107.71,VfS0qUERdZ,com.sec.android.app.shealth,2246333d-4eba-41fe-bcc4-bb82c43106d4,1767139200000,
c215f476-b84f-4d0a-80cf-2bd3375ab9af.binning_data.json,2025-12-31 18:30:18.048,2025-12-31 18:30:18.048,com.sec.android.app.shealth,0,3411,1.2698332,2564.21,107.71,US7nt0+2+q,com.sec.android.app.shealth,c215f476-b84f-4d0a-80cf-2bd3375ab9af,1767139200000,
b0649b0f-3193-4328-b2b3-3a214d17bd2e.binning_data.json,2026-01-01 17:17:11.366,2026-01-01 01:25:53.813,com.sec.android.app.shealth,-2,4071,1.269838,3068.86,128.18999,VfS0qUERdZ,com.sec.android.app.shealth,b0649b0f-3193-4328-b2b3-3a214d17bd2e,1767225600000,
270fb85c-a107-41fe-97bd-8b0fe34dbfb2.binning_data.json,2026-01-01 18:30:37.856,2026-01-01 18:30:37.856,com.sec.android.app.shealth,0,4071,1.269838,3068.86,128.18999,US7nt0+2+q,com.sec.android.app.shealth,270fb85c-a107-41fe-97bd-8b0fe34dbfb2,1767225600000,
c7f8b327-4c8e-44a3-ac68-96edfca71406.binning_data.json,2026-01-02 17:16:29.053,2026-01-02 02:02:48.617,com.sec.android.app.shealth,-2,9274,1.29125,7003.55,290.06998,VfS0qUERdZ,com.sec.android.app.shealth,c7f8b327-4c8e-44a3-ac68-96edfca71406,1767312000000,
81f0068b-229d-4d28-9204-c9db54b7591d.binning_data.json,2026-01-02 18:30:03.562,2026-01-02 18:30:03.562,com.sec.android.app.shealth,0,9274,1.29125,7003.55,290.06998,US7nt0+2+q,com.sec.android.app.shealth,81f0068b-229d-4d28-9204-c9db54b7591d,1767312000000,
35c16035-7c3f-4b83-8c47-0d9933a9b985.binning_data.json,2026-01-03 17:31:31.460,2026-01-03 02:17:42.916,com.sec.android.app.shealth,-2,8378,1.0588864,6074.65,263.32,VfS0qUERdZ,com.sec.android.app.shealth,35c16035-7c3f-4b83-8c47-0d9933a9b985,1767398400000,
e9329cff-0d5b-41dd-8c86-cf2fffbdad2d.binning_data.json,2026-01-03 18:30:03.695,2026-01-03 18:30:03.695,com.sec.android.app.shealth,0,8378,1.0588864,6074.65,263.32,US7nt0+2+q,com.sec.android.app.shealth,e9329cff-0d5b-41dd-8c86-cf2fffbdad2d,1767398400000,
0bdc6a25-bbfe-4d31-b5cb-b6afaa16de32.binning_data.json,2026-01-04 16:35:04.533,2026-01-04 01:33:01.329,com.sec.android.app.shealth,-2,3741,1.3838266,2892.3699,122.579994,VfS0qUERdZ,com.sec.android.app.shealth,0bdc6a25-bbfe-4d31-b5cb-b6afaa16de32,1767484800000,
7cfe3262-daba-45cc-afce-9681f7e75244.binning_data.json,2026-01-04 18:30:04.154,2026-01-04 18:30:04.154,com.sec.android.app.shealth,0,3741,1.3838266,2892.3699,122.579994,US7nt0+2+q,com.sec.android.app.shealth,7cfe3262-daba-45cc-afce-9681f7e75244,1767484800000,
a662ed78-42db-498e-bd2e-f4370c6772dd.binning_data.json,2026-01-05 16:39:44.088,2026-01-05 02:21:08.035,com.sec.android.app.shealth,-2,6157,1.3215518,4707.17,198.59999,VfS0qUERdZ,com.sec.android.app.shealth,a662ed78-42db-498e-bd2e-f4370c6772dd,1767571200000,
6ce7518a-3aee-49b8-8e25-25e09a286600.binning_data.json,2026-01-05 18:30:03.157,2026-01-05 18:30:03.157,com.sec.android.app.shealth,0,6157,1.3215518,4707.17,198.59999,US7nt0+2+q,com.sec.android.app.shealth,6ce7518a-3aee-49b8-8e25-25e09a286600,1767571200000,
8137c6e6-db7b-4c3f-99b4-b77c998c4066.binning_data.json,2026-01-06 16:26:30.114,2026-01-06 01:32:15.747,com.sec.android.app.shealth,-2,2469,1.2275072,1840.07,77.939995,VfS0qUERdZ,com.sec.android.app.shealth,8137c6e6-db7b-4c3f-99b4-b77c998c4066,1767657600000,
20aae140-18c7-45aa-84fc-d82ac99db0e3.binning_data.json,2026-01-06 18:30:05.910,2026-01-06 18:30:05.910,com.sec.android.app.shealth,0,2469,1.2275072,1840.07,77.939995,US7nt0+2+q,com.sec.android.app.shealth,20aae140-18c7-45aa-84fc-d82ac99db0e3,1767657600000,
18c090d0-7d6d-4858-883e-51d54ab49013.binning_data.json,2026-01-07 16:34:34.367,2026-01-07 02:30:03.229,com.sec.android.app.shealth,-2,5212,1.3149719,3941.63,164.58,VfS0qUERdZ,com.sec.android.app.shealth,18c090d0-7d6d-4858-883e-51d54ab49013,1767744000000,
ce35e916-063d-46f4-bcb8-a125ad835678.binning_data.json,2026-01-07 18:30:05.934,2026-01-07 18:30:05.934,com.sec.android.app.shealth,0,5212,1.3149719,3941.63,164.58,US7nt0+2+q,com.sec.android.app.shealth,ce35e916-063d-46f4-bcb8-a125ad835678,1767744000000,
d39aafb6-6b24-4700-b406-c993430bc1e4.binning_data.json,2026-01-08 18:29:14.517,2026-01-08 02:27:54.761,com.sec.android.app.shealth,-2,5409,1.3064967,4092.77,170.59999,VfS0qUERdZ,com.sec.android.app.shealth,d39aafb6-6b24-4700-b406-c993430bc1e4,1767830400000,
344d6e35-e392-4cc1-b1d1-df41fec3d84d.binning_data.json,2026-01-08 18:30:03.897,2026-01-08 18:30:03.897,com.sec.android.app.shealth,0,5409,1.3064967,4092.77,170.59999,US7nt0+2+q,com.sec.android.app.shealth,344d6e35-e392-4cc1-b1d1-df41fec3d84d,1767830400000,
ab64e8e9-b7f5-40e2-8e5b-adeb3e82bda4.binning_data.json,2026-01-10 18:30:11.225,2026-01-09 03:11:10.161,com.sec.android.app.shealth,-2,2380,1.3124048,1811.25,76.9,VfS0qUERdZ,com.sec.android.app.shealth,ab64e8e9-b7f5-40e2-8e5b-adeb3e82bda4,1767916800000,
b31c35aa-7343-4002-9678-738d5a0ea4e2.binning_data.json,2026-01-09 18:35:11.132,2026-01-09 18:30:11.511,com.sec.android.app.shealth,0,2380,1.3124048,1811.25,76.9,US7nt0+2+q,com.sec.android.app.shealth,b31c35aa-7343-4002-9678-738d5a0ea4e2,1767916800000,
f07fc43f-d2e0-48d7-8593-b6750f6fdda5.binning_data.json,2026-01-10 17:53:02.850,2026-01-09 18:35:08.634,com.sec.android.app.shealth,-2,15335,1.1334177,11256.52,478.30997,VfS0qUERdZ,com.sec.android.app.shealth,f07fc43f-d2e0-48d7-8593-b6750f6fdda5,1768003200000,
29f5f69b-bf17-4466-937d-b122c88c5589.binning_data.json,2026-01-10 18:30:08.912,2026-01-09 18:35:11.125,com.sec.android.app.shealth,0,15335,1.1334177,11256.52,478.30997,US7nt0+2+q,com.sec.android.app.shealth,29f5f69b-bf17-4466-937d-b122c88c5589,1768003200000,
f5f97131-33d0-4be8-8333-1c8828dfa4aa.binning_data.json,2026-01-11 15:47:09.846,2026-01-11 07:08:50.122,com.sec.android.app.shealth,-2,5233,1.3041309,3927.6301,157.51997,VfS0qUERdZ,com.sec.android.app.shealth,f5f97131-33d0-4be8-8333-1c8828dfa4aa,1768089600000,
8e861628-ce7d-4055-a9ed-2b1ca88d4288.binning_data.json,2026-01-11 18:30:04.869,2026-01-11 18:30:04.869,com.sec.android.app.shealth,0,5233,1.3041309,3927.6301,157.51997,US7nt0+2+q,com.sec.android.app.shealth,8e861628-ce7d-4055-a9ed-2b1ca88d4288,1768089600000,
e2098cb7-59e7-4339-988f-6a11b2c2b9e5.binning_data.json,2026-01-12 16:11:14.569,2026-01-12 03:09:07.755,com.sec.android.app.shealth,-2,6193,1.2335861,4601.97,188.03,VfS0qUERdZ,com.sec.android.app.shealth,e2098cb7-59e7-4339-988f-6a11b2c2b9e5,1768176000000,
2ca9a029-85e3-4f9c-b1d7-0ea30a8f5890.binning_data.json,2026-01-12 18:30:04.247,2026-01-12 18:30:04.247,com.sec.android.app.shealth,0,6193,1.2335861,4601.97,188.03,US7nt0+2+q,com.sec.android.app.shealth,2ca9a029-85e3-4f9c-b1d7-0ea30a8f5890,1768176000000,
11acf881-4729-4d6d-9fa9-84768bbdf04a.binning_data.json,2026-01-13 18:18:38.720,2026-01-13 02:32:40.865,com.sec.android.app.shealth,-2,13939,1.280101,10498.46,431.93997,VfS0qUERdZ,com.sec.android.app.shealth,11acf881-4729-4d6d-9fa9-84768bbdf04a,1768262400000,
9a9a8e38-8c28-4b53-a3fc-f0ef5b61cdbe.binning_data.json,2026-01-13 18:30:04.169,2026-01-13 18:30:04.169,com.sec.android.app.shealth,0,13939,1.280101,10498.46,431.93997,US7nt0+2+q,com.sec.android.app.shealth,9a9a8e38-8c28-4b53-a3fc-f0ef5b61cdbe,1768262400000,
b915206a-c499-4be7-aaaa-6226827b6ea9.binning_data.json,2026-01-14 16:18:08.427,2026-01-14 00:42:31.931,com.sec.android.app.shealth,-2,12508,1.2569324,9332.57,378.54996,VfS0qUERdZ,com.sec.android.app.shealth,b915206a-c499-4be7-aaaa-6226827b6ea9,1768348800000,
975b7c18-ce04-45d1-b485-6d35bb40a6bb.binning_data.json,2026-01-14 18:30:03.989,2026-01-14 18:30:03.989,com.sec.android.app.shealth,0,12508,1.2569324,9332.57,378.54996,US7nt0+2+q,com.sec.android.app.shealth,975b7c18-ce04-45d1-b485-6d35bb40a6bb,1768348800000,
7537c2a3-bfef-46b3-85ff-2890ccb58888.binning_data.json,2026-01-15 16:47:57.703,2026-01-15 03:53:03.006,com.sec.android.app.shealth,-2,3351,1.2951962,2519.8,101.81999,VfS0qUERdZ,com.sec.android.app.shealth,7537c2a3-bfef-46b3-85ff-2890ccb58888,1768435200000,
22b22f2b-cbe2-45c2-8385-a490c0875b54.binning_data.json,2026-01-15 18:30:15.789,2026-01-15 18:30:15.789,com.sec.android.app.shealth,0,3351,1.2951962,2519.8,101.81999,US7nt0+2+q,com.sec.android.app.shealth,22b22f2b-cbe2-45c2-8385-a490c0875b54,1768435200000,
665c1a5c-3875-4bfa-8d2c-1d39939aab6e.binning_data.json,2026-01-16 16:33:57.396,2026-01-16 02:41:35.434,com.sec.android.app.shealth,-2,16210,1.3255914,12230.21,488.47998,VfS0qUERdZ,com.sec.android.app.shealth,665c1a5c-3875-4bfa-8d2c-1d39939aab6e,1768521600000,
936b8889-0cf3-4f85-bc87-03b90bb66fe8.binning_data.json,2026-01-16 18:30:59.780,2026-01-16 18:30:59.780,com.sec.android.app.shealth,0,16210,1.3255914,12230.21,488.47998,US7nt0+2+q,com.sec.android.app.shealth,936b8889-0cf3-4f85-bc87-03b90bb66fe8,1768521600000,
4d881646-1dd1-46b3-8242-13e5195eb33d.binning_data.json,2026-01-17 16:53:55.683,2026-01-17 03:06:43.883,com.sec.android.app.shealth,-2,21151,1.3751781,16064.45,635.55994,VfS0qUERdZ,com.sec.android.app.shealth,4d881646-1dd1-46b3-8242-13e5195eb33d,1768608000000,
d7e75d53-752c-4284-b551-ef28c36d75c6.binning_data.json,2026-01-17 18:30:04.528,2026-01-17 18:30:04.528,com.sec.android.app.shealth,0,21151,1.3751781,16064.45,635.55994,US7nt0+2+q,com.sec.android.app.shealth,d7e75d53-752c-4284-b551-ef28c36d75c6,1768608000000,
ab115abc-8985-40d4-a6c9-07fb637b74e6.binning_data.json,2026-01-18 15:14:45.194,2026-01-18 05:57:35.808,com.sec.android.app.shealth,-2,6502,1.3320925,4913.79,197.03996,VfS0qUERdZ,com.sec.android.app.shealth,ab115abc-8985-40d4-a6c9-07fb637b74e6,1768694400000,
9539a22a-b135-46a6-b3d4-f63fcb214dfc.binning_data.json,2026-01-18 18:30:04.082,2026-01-18 18:30:04.082,com.sec.android.app.shealth,0,6502,1.3320925,4913.79,197.03996,US7nt0+2+q,com.sec.android.app.shealth,9539a22a-b135-46a6-b3d4-f63fcb214dfc,1768694400000,
291c17ce-aa1d-4a19-8df3-b1cbf91545fa.binning_data.json,2026-01-19 16:00:47.590,2026-01-19 03:04:22.035,com.sec.android.app.shealth,-2,10806,1.2791002,8093.8403,327.55997,VfS0qUERdZ,com.sec.android.app.shealth,291c17ce-aa1d-4a19-8df3-b1cbf91545fa,1768780800000,
d0543fb8-5c31-4190-b434-d1da73a14187.binning_data.json,2026-01-19 18:30:19.745,2026-01-19 18:30:19.745,com.sec.android.app.shealth,0,10806,1.2791002,8093.8403,327.55997,US7nt0+2+q,com.sec.android.app.shealth,d0543fb8-5c31-4190-b434-d1da73a14187,1768780800000,
6b245ef7-0e83-432c-9b12-705e7d80f209.binning_data.json,2026-01-20 18:14:40.500,2026-01-20 02:33:45.612,com.sec.android.app.shealth,-2,7450,1.2191361,5525.0,226.32999,VfS0qUERdZ,com.sec.android.app.shealth,6b245ef7-0e83-432c-9b12-705e7d80f209,1768867200000,
40a7bc3f-5f8d-4b56-9c0e-09a1bebefef5.binning_data.json,2026-01-20 18:30:13.506,2026-01-20 18:30:13.506,com.sec.android.app.shealth,0,7450,1.2191361,5525.0,226.32999,US7nt0+2+q,com.sec.android.app.shealth,40a7bc3f-5f8d-4b56-9c0e-09a1bebefef5,1768867200000,
3a7bb1c0-7228-4cbd-8186-284597b2039d.binning_data.json,2026-01-21 15:32:29.442,2026-01-21 03:42:42.348,com.sec.android.app.shealth,-2,11013,1.2789015,8256.72,333.46994,VfS0qUERdZ,com.sec.android.app.shealth,3a7bb1c0-7228-4cbd-8186-284597b2039d,1768953600000,
d97df678-e497-4e09-a2d2-a6a503eba2db.binning_data.json,2026-01-21 18:30:08.432,2026-01-21 18:30:08.432,com.sec.android.app.shealth,0,11013,1.2789015,8256.72,333.46994,US7nt0+2+q,com.sec.android.app.shealth,d97df678-e497-4e09-a2d2-a6a503eba2db,1768953600000,
73f7a2d7-51ef-4d5d-b787-c559b70cb364.binning_data.json,2026-01-23 18:30:06.104,2026-01-21 23:51:00.759,com.sec.android.app.shealth,-2,10730,1.2850955,8047.75,324.42996,VfS0qUERdZ,com.sec.android.app.shealth,73f7a2d7-51ef-4d5d-b787-c559b70cb364,1769040000000,
817441fa-7ae1-4164-8ea2-4b065882630b.binning_data.json,2026-01-22 18:35:25.194,2026-01-22 18:30:08.006,com.sec.android.app.shealth,0,10730,1.2850955,8047.75,324.42996,US7nt0+2+q,com.sec.android.app.shealth,817441fa-7ae1-4164-8ea2-4b065882630b,1769040000000,
7316ff13-6971-482e-b3a3-14f0b4207d55.binning_data.json,2026-01-23 17:41:32.055,2026-01-22 18:35:16.760,com.sec.android.app.shealth,-2,15136,1.2164344,11241.77,465.46,VfS0qUERdZ,com.sec.android.app.shealth,7316ff13-6971-482e-b3a3-14f0b4207d55,1769126400000,
2119a23f-f1ca-47c0-bcde-852c887cf334.binning_data.json,2026-01-23 18:30:04.495,2026-01-22 18:35:28.651,com.sec.android.app.shealth,0,15136,1.2164344,11241.77,465.46,US7nt0+2+q,com.sec.android.app.shealth,2119a23f-f1ca-47c0-bcde-852c887cf334,1769126400000,
e561c9f1-7046-45eb-a45e-593bd363262d.binning_data.json,2026-01-24 17:58:47.999,2026-01-23 19:25:42.545,com.sec.android.app.shealth,-2,6002,1.2701924,4507.44,185.81999,VfS0qUERdZ,com.sec.android.app.shealth,e561c9f1-7046-45eb-a45e-593bd363262d,1769212800000,
56c08c72-e5bb-4bcb-acc5-c51dfecbd9e4.binning_data.json,2026-01-24 18:30:12.731,2026-01-24 18:30:12.731,com.sec.android.app.shealth,0,6002,1.2701924,4507.44,185.81999,US7nt0+2+q,com.sec.android.app.shealth,56c08c72-e5bb-4bcb-acc5-c51dfecbd9e4,1769212800000,
9fae9941-5dde-4551-a5c3-283e4cc76695.binning_data.json,2026-01-25 17:02:57.160,2026-01-25 03:30:56.676,com.sec.android.app.shealth,-2,6006,1.2788391,4494.47,182.12999,VfS0qUERdZ,com.sec.android.app.shealth,9fae9941-5dde-4551-a5c3-283e4cc76695,1769299200000,
be4c3e50-2eb3-4e7a-8c63-810b0dd4ae90.binning_data.json,2026-01-25 18:30:05.614,2026-01-25 18:30:05.614,com.sec.android.app.shealth,0,6006,1.2788391,4494.47,182.12999,US7nt0+2+q,com.sec.android.app.shealth,be4c3e50-2eb3-4e7a-8c63-810b0dd4ae90,1769299200000,
4bac7293-bdb8-4b9c-aa2f-2fe64cd11ee0.binning_data.json,2026-01-26 18:29:25.514,2026-01-26 03:07:03.161,com.sec.android.app.shealth,-2,8416,1.3582556,6373.66,255.45999,VfS0qUERdZ,com.sec.android.app.shealth,4bac7293-bdb8-4b9c-aa2f-2fe64cd11ee0,1769385600000,
c159cc6a-8962-463d-b2d3-f800482c9dc5.binning_data.json,2026-01-26 18:30:06.097,2026-01-26 18:30:06.097,com.sec.android.app.shealth,0,8416,1.3582556,6373.66,255.45999,US7nt0+2+q,com.sec.android.app.shealth,c159cc6a-8962-463d-b2d3-f800482c9dc5,1769385600000,
de2f00fa-46ae-4bbb-af5d-741f2e63544f.binning_data.json,2026-01-27 18:11:11.758,2026-01-27 03:12:03.394,com.sec.android.app.shealth,-2,8143,1.2322494,6079.85,251.23997,VfS0qUERdZ,com.sec.android.app.shealth,de2f00fa-46ae-4bbb-af5d-741f2e63544f,1769472000000,
78777ba4-d362-4f6e-aef3-6e04d8f171bc.binning_data.json,2026-01-27 18:30:12.138,2026-01-27 18:30:12.138,com.sec.android.app.shealth,0,8143,1.2322494,6079.85,251.23997,US7nt0+2+q,com.sec.android.app.shealth,78777ba4-d362-4f6e-aef3-6e04d8f171bc,1769472000000,
5d811971-a316-483e-a67d-5e70b8b85185.binning_data.json,2026-01-28 15:18:02.335,2026-01-27 18:35:18.933,com.sec.android.app.shealth,-2,12135,1.1798803,8992.77,375.47998,VfS0qUERdZ,com.sec.android.app.shealth,5d811971-a316-483e-a67d-5e70b8b85185,1769558400000,
2e290a02-56dd-4f1e-858e-70570a91a5eb.binning_data.json,2026-01-28 18:30:05.758,2026-01-28 18:30:05.758,com.sec.android.app.shealth,0,12135,1.1798803,8992.77,375.47998,US7nt0+2+q,com.sec.android.app.shealth,2e290a02-56dd-4f1e-858e-70570a91a5eb,1769558400000,
8cb02053-34f4-45e5-a42a-1a78fc602742.binning_data.json,2026-01-29 16:57:30.574,2026-01-29 03:40:52.005,com.sec.android.app.shealth,-2,10407,1.3252025,7845.32,314.12997,VfS0qUERdZ,com.sec.android.app.shealth,8cb02053-34f4-45e5-a42a-1a78fc602742,1769644800000,
145f2a84-d15e-4276-ac2b-f14e984914d1.binning_data.json,2026-01-29 18:30:49.712,2026-01-29 18:30:49.712,com.sec.android.app.shealth,0,10407,1.3252025,7845.32,314.12997,US7nt0+2+q,com.sec.android.app.shealth,145f2a84-d15e-4276-ac2b-f14e984914d1,1769644800000,
220331c4-bc5d-41a3-a963-4b363f932ffd.binning_data.json,2026-01-30 17:28:16.701,2026-01-30 01:39:46.752,com.sec.android.app.shealth,-2,21008,1.4538417,16776.959,747.64,VfS0qUERdZ,com.sec.android.app.shealth,220331c4-bc5d-41a3-a963-4b363f932ffd,1769731200000,
766fd40f-3770-48e7-bfaf-0f9b1020edeb.binning_data.json,2026-01-30 18:30:18.255,2026-01-30 18:30:18.255,com.sec.android.app.shealth,0,21008,1.4538417,16776.959,747.64,US7nt0+2+q,com.sec.android.app.shealth,766fd40f-3770-48e7-bfaf-0f9b1020edeb,1769731200000,
b7566823-bbb7-4b62-b49a-0fc1013e9887.binning_data.json,2026-01-31 16:38:43.798,2026-01-31 01:19:37.215,com.sec.android.app.shealth,-2,6195,1.3331025,4674.17,186.95996,VfS0qUERdZ,com.sec.android.app.shealth,b7566823-bbb7-4b62-b49a-0fc1013e9887,1769817600000,
6185d299-2c45-45bf-b97e-fe99eff35883.binning_data.json,2026-01-31 18:30:03.845,2026-01-31 18:30:03.845,com.sec.android.app.shealth,0,6195,1.3331025,4674.17,186.95996,US7nt0+2+q,com.sec.android.app.shealth,6185d299-2c45-45bf-b97e-fe99eff35883,1769817600000,
d9531215-ecc6-46d2-8f33-6305df692139.binning_data.json,2026-02-01 15:48:25.076,2026-02-01 08:04:46.401,com.sec.android.app.shealth,-2,7913,1.3554158,5988.9,238.36998,VfS0qUERdZ,com.sec.android.app.shealth,d9531215-ecc6-46d2-8f33-6305df692139,1769904000000,
7a6a75eb-bbf8-4009-be27-b87f05461ddc.binning_data.json,2026-02-01 18:30:09.316,2026-02-01 18:30:09.316,com.sec.android.app.shealth,0,7913,1.3554158,5988.9,238.36998,US7nt0+2+q,com.sec.android.app.shealth,7a6a75eb-bbf8-4009-be27-b87f05461ddc,1769904000000,
0faa1b68-f48c-4774-bd0f-7ee7dcb9007b.binning_data.json,2026-02-02 16:13:05.650,2026-02-02 01:17:17.386,com.sec.android.app.shealth,-2,6649,1.2379937,4958.38,202.81999,VfS0qUERdZ,com.sec.android.app.shealth,0faa1b68-f48c-4774-bd0f-7ee7dcb9007b,1769990400000,
b0a683d1-20c4-4154-82e4-204d779a4317.binning_data.json,2026-02-02 18:30:04.240,2026-02-02 18:30:04.240,com.sec.android.app.shealth,0,6649,1.2379937,4958.38,202.81999,US7nt0+2+q,com.sec.android.app.shealth,b0a683d1-20c4-4154-82e4-204d779a4317,1769990400000,
d526181c-b761-4033-a078-b10873351331.binning_data.json,2026-02-03 15:33:38.130,2026-02-03 03:06:08.639,com.sec.android.app.shealth,-2,6032,1.2097083,4474.95,183.95999,VfS0qUERdZ,com.sec.android.app.shealth,d526181c-b761-4033-a078-b10873351331,1770076800000,
132fec79-6720-4ced-8391-dbe9c6210d9b.binning_data.json,2026-02-03 18:30:12.557,2026-02-03 18:30:12.557,com.sec.android.app.shealth,0,6032,1.2097083,4474.95,183.95999,US7nt0+2+q,com.sec.android.app.shealth,132fec79-6720-4ced-8391-dbe9c6210d9b,1770076800000,
81b731d3-1943-491a-a30a-fba55e2fbf4b.binning_data.json,2026-02-04 16:57:05.358,2026-02-04 02:47:46.695,com.sec.android.app.shealth,-2,10286,1.298085,7729.8,311.69995,VfS0qUERdZ,com.sec.android.app.shealth,81b731d3-1943-491a-a30a-fba55e2fbf4b,1770163200000,
faf0fd48-2144-451b-9f4f-4bd643f88d40.binning_data.json,2026-02-04 18:30:05.968,2026-02-04 18:30:05.968,com.sec.android.app.shealth,0,10286,1.298085,7729.8,311.69995,US7nt0+2+q,com.sec.android.app.shealth,faf0fd48-2144-451b-9f4f-4bd643f88d40,1770163200000,
0af98961-9c21-4c2d-9a3c-d698e6f3290c.binning_data.json,2026-02-05 17:07:17.896,2026-02-05 02:42:36.958,com.sec.android.app.shealth,-2,6103,1.2121856,4530.6,185.99998,VfS0qUERdZ,com.sec.android.app.shealth,0af98961-9c21-4c2d-9a3c-d698e6f3290c,1770249600000,
eb92bdc7-92b5-4d05-a247-0c9968c1b335.binning_data.json,2026-02-05 18:30:11.153,2026-02-05 18:30:11.153,com.sec.android.app.shealth,0,6103,1.2121856,4530.6,185.99998,US7nt0+2+q,com.sec.android.app.shealth,eb92bdc7-92b5-4d05-a247-0c9968c1b335,1770249600000,
b4265a47-9e10-4c52-a8d9-717b81f6435a.binning_data.json,2026-02-07 18:30:09.452,2026-02-06 01:02:44.561,com.sec.android.app.shealth,-2,7975,1.3023847,5989.65,241.59998,VfS0qUERdZ,com.sec.android.app.shealth,b4265a47-9e10-4c52-a8d9-717b81f6435a,1770336000000,
827d1b41-1704-4850-9555-714552a3b565.binning_data.json,2026-02-06 18:34:42.212,2026-02-06 18:30:05.013,com.sec.android.app.shealth,0,7975,1.3023847,5989.65,241.59998,US7nt0+2+q,com.sec.android.app.shealth,827d1b41-1704-4850-9555-714552a3b565,1770336000000,
c9927c8f-e949-49c6-b621-bf86eb283877.binning_data.json,2026-02-07 17:15:11.400,2026-02-06 18:43:28.693,com.sec.android.app.shealth,-2,22221,1.2198969,16478.709,675.12994,VfS0qUERdZ,com.sec.android.app.shealth,c9927c8f-e949-49c6-b621-bf86eb283877,1770422400000,
cf0fdf3b-2605-432e-9475-774897c182ae.binning_data.json,2026-02-07 18:30:06.972,2026-02-07 18:30:06.972,com.sec.android.app.shealth,0,22221,1.2198969,16478.709,675.12994,US7nt0+2+q,com.sec.android.app.shealth,cf0fdf3b-2605-432e-9475-774897c182ae,1770422400000,
6ba10c86-43d0-454c-8d75-c010e043d78c.binning_data.json,2026-02-08 18:07:54.074,2026-02-07 22:39:26.406,com.sec.android.app.shealth,-2,20933,1.2813543,15734.82,642.01996,VfS0qUERdZ,com.sec.android.app.shealth,6ba10c86-43d0-454c-8d75-c010e043d78c,1770508800000,
069c3dad-5a6b-4d08-bbbd-ff71cfc8a276.binning_data.json,2026-02-08 18:30:04.757,2026-02-08 18:30:04.757,com.sec.android.app.shealth,0,20933,1.2813543,15734.82,642.01996,US7nt0+2+q,com.sec.android.app.shealth,069c3dad-5a6b-4d08-bbbd-ff71cfc8a276,1770508800000,
e4c5837e-b107-446c-87b4-5b1214d800f3.binning_data.json,2026-02-10 18:30:09.593,2026-02-08 19:15:03.087,com.sec.android.app.shealth,-2,6321,1.2526718,4718.18,194.23999,VfS0qUERdZ,com.sec.android.app.shealth,e4c5837e-b107-446c-87b4-5b1214d800f3,1770595200000,
896ae31f-4dc3-4b28-92da-96c162a8716e.binning_data.json,2026-02-09 18:32:35.764,2026-02-09 18:30:12.374,com.sec.android.app.shealth,0,6321,1.2526718,4718.18,194.23999,US7nt0+2+q,com.sec.android.app.shealth,896ae31f-4dc3-4b28-92da-96c162a8716e,1770595200000,
668f38b9-9b39-43e5-ae7e-dcabfa197c99.binning_data.json,2026-02-10 16:39:05.746,2026-02-09 18:32:32.841,com.sec.android.app.shealth,-2,6085,1.2201046,4523.21,185.81999,VfS0qUERdZ,com.sec.android.app.shealth,668f38b9-9b39-43e5-ae7e-dcabfa197c99,1770681600000,
17b15a92-44d9-4dec-a75c-59ff44b37e12.binning_data.json,2026-02-10 18:30:07.334,2026-02-09 18:32:35.277,com.sec.android.app.shealth,0,6085,1.2201046,4523.21,185.81999,US7nt0+2+q,com.sec.android.app.shealth,17b15a92-44d9-4dec-a75c-59ff44b37e12,1770681600000,
77b49796-5099-40a3-9ad9-5dbcf58c255e.binning_data.json,2026-02-11 16:42:27.537,2026-02-11 04:40:33.337,com.sec.android.app.shealth,-2,8856,1.2367518,6598.9697,269.16998,VfS0qUERdZ,com.sec.android.app.shealth,77b49796-5099-40a3-9ad9-5dbcf58c255e,1770768000000,
40a5b1c9-8874-42f6-90f9-b3af93d13798.binning_data.json,2026-02-11 18:30:04.296,2026-02-11 18:30:04.296,com.sec.android.app.shealth,0,8856,1.2367518,6598.9697,269.16998,US7nt0+2+q,com.sec.android.app.shealth,40a5b1c9-8874-42f6-90f9-b3af93d13798,1770768000000,
8f035ff1-8925-4821-9cb0-7d87449247cd.binning_data.json,2026-02-13 18:30:06.730,2026-02-12 03:07:14.101,com.sec.android.app.shealth,-2,10488,1.2077353,7769.77,318.78,VfS0qUERdZ,com.sec.android.app.shealth,8f035ff1-8925-4821-9cb0-7d87449247cd,1770854400000,
28fd220d-8d2c-49e0-8ff7-3853014e06b4.binning_data.json,2026-02-12 18:35:02.075,2026-02-12 18:30:04.366,com.sec.android.app.shealth,0,10488,1.2077353,7769.77,318.78,US7nt0+2+q,com.sec.android.app.shealth,28fd220d-8d2c-49e0-8ff7-3853014e06b4,1770854400000,
7615c496-ccd9-46ae-b9f2-a4582fc2568a.binning_data.json,2026-02-13 14:03:28.361,2026-02-12 18:35:01.444,com.sec.android.app.shealth,-2,6084,1.1150385,4471.5,194.28,VfS0qUERdZ,com.sec.android.app.shealth,7615c496-ccd9-46ae-b9f2-a4582fc2568a,1770940800000,
6f5b56c0-2e9a-4fa4-a9ed-b58174f23b32.binning_data.json,2026-02-13 18:30:04.932,2026-02-12 18:35:02.067,com.sec.android.app.shealth,0,6084,1.1150385,4471.5,194.28,US7nt0+2+q,com.sec.android.app.shealth,6f5b56c0-2e9a-4fa4-a9ed-b58174f23b32,1770940800000,
9a749fa0-cbed-45b3-9aac-3bc158615524.binning_data.json,2026-02-14 18:18:27.791,2026-02-13 19:33:27.966,com.sec.android.app.shealth,-2,6088,1.3511065,4577.32,187.12,VfS0qUERdZ,com.sec.android.app.shealth,9a749fa0-cbed-45b3-9aac-3bc158615524,1771027200000,
72dea206-dc5d-4d1a-9d51-afb3804d59f8.binning_data.json,2026-02-14 18:30:05.343,2026-02-14 18:30:05.343,com.sec.android.app.shealth,0,6088,1.3511065,4577.32,187.12,US7nt0+2+q,com.sec.android.app.shealth,72dea206-dc5d-4d1a-9d51-afb3804d59f8,1771027200000,
167314c7-442c-4c3f-b020-ee71965e3abd.binning_data.json,2026-02-15 16:26:32.923,2026-02-15 04:08:54.914,com.sec.android.app.shealth,-2,6040,1.2717303,4509.33,183.91998,VfS0qUERdZ,com.sec.android.app.shealth,167314c7-442c-4c3f-b020-ee71965e3abd,1771113600000,
16b8f78f-9444-4b45-a605-38ec2cea64ec.binning_data.json,2026-02-15 18:30:07.689,2026-02-15 18:30:07.689,com.sec.android.app.shealth,0,6040,1.2717303,4509.33,183.91998,US7nt0+2+q,com.sec.android.app.shealth,16b8f78f-9444-4b45-a605-38ec2cea64ec,1771113600000,
e1b31be5-89b7-4f7c-aeb0-3d9d28b8f1ad.binning_data.json,2026-02-16 18:16:45.942,2026-02-15 23:44:23.252,com.sec.android.app.shealth,-2,6435,1.3449465,4880.79,199.18,VfS0qUERdZ,com.sec.android.app.shealth,e1b31be5-89b7-4f7c-aeb0-3d9d28b8f1ad,1771200000000,
80d1cf1e-a260-4a13-9c14-f9d8c17cc8d9.binning_data.json,2026-02-16 18:30:04.128,2026-02-16 18:30:04.128,com.sec.android.app.shealth,0,6435,1.3449465,4880.79,199.18,US7nt0+2+q,com.sec.android.app.shealth,80d1cf1e-a260-4a13-9c14-f9d8c17cc8d9,1771200000000,
9526136e-60dc-46b2-99f6-98e1b2daef40.binning_data.json,2026-02-17 18:23:08.402,2026-02-16 18:35:03.063,com.sec.android.app.shealth,-2,6012,1.2361559,4476.67,183.37,VfS0qUERdZ,com.sec.android.app.shealth,9526136e-60dc-46b2-99f6-98e1b2daef40,1771286400000,
940fb107-0ea8-4e7f-9c40-e9ba61dbc45e.binning_data.json,2026-02-17 18:30:03.969,2026-02-17 18:30:03.969,com.sec.android.app.shealth,0,6012,1.2361559,4476.67,183.37,US7nt0+2+q,com.sec.android.app.shealth,940fb107-0ea8-4e7f-9c40-e9ba61dbc45e,1771286400000,
5eeb7195-90d3-41ba-b208-13a2b3999b6b.binning_data.json,2026-02-18 13:07:15.813,2026-02-18 05:21:24.205,com.sec.android.app.shealth,-2,9531,1.3282083,7195.71,288.38998,VfS0qUERdZ,com.sec.android.app.shealth,5eeb7195-90d3-41ba-b208-13a2b3999b6b,1771372800000,
4cdded6a-58d3-46e1-8ed2-9f56682d8a11.binning_data.json,2026-02-18 18:30:03.763,2026-02-18 18:30:03.763,com.sec.android.app.shealth,0,9531,1.3282083,7195.71,288.38998,US7nt0+2+q,com.sec.android.app.shealth,4cdded6a-58d3-46e1-8ed2-9f56682d8a11,1771372800000,
68c4c031-3413-4791-bcdf-f4c29dd4e998.binning_data.json,2026-02-19 17:23:39.217,2026-02-19 02:24:57.932,com.sec.android.app.shealth,-2,17931,1.2826332,13424.24,541.12994,VfS0qUERdZ,com.sec.android.app.shealth,68c4c031-3413-4791-bcdf-f4c29dd4e998,1771459200000,
5d8d120b-ceed-464c-8aea-98878e2f5ef5.binning_data.json,2026-02-19 18:30:06.120,2026-02-19 18:30:06.120,com.sec.android.app.shealth,0,17931,1.2826332,13424.24,541.12994,US7nt0+2+q,com.sec.android.app.shealth,5d8d120b-ceed-464c-8aea-98878e2f5ef5,1771459200000,
ea5e2a5c-7f4f-4406-af20-32a32df34edf.binning_data.json,2026-02-20 16:26:53.033,2026-02-20 03:40:39.138,com.sec.android.app.shealth,-2,6146,1.166397,4525.92,187.93,VfS0qUERdZ,com.sec.android.app.shealth,ea5e2a5c-7f4f-4406-af20-32a32df34edf,1771545600000,
b5efddf9-d280-41dd-b698-1c4c8a656cd1.binning_data.json,2026-02-20 18:30:05.177,2026-02-20 18:30:05.177,com.sec.android.app.shealth,0,6146,1.166397,4525.92,187.93,US7nt0+2+q,com.sec.android.app.shealth,b5efddf9-d280-41dd-b698-1c4c8a656cd1,1771545600000,
c3ae7879-0359-4a88-b6e7-f94c5ff4d3ec.binning_data.json,2026-02-21 15:56:58.657,2026-02-21 06:27:10.122,com.sec.android.app.shealth,-2,6155,1.3000762,4619.93,186.88998,VfS0qUERdZ,com.sec.android.app.shealth,c3ae7879-0359-4a88-b6e7-f94c5ff4d3ec,1771632000000,
5be7fd0c-93cf-46c4-99cc-61c6e7205fa1.binning_data.json,2026-02-21 18:30:05.820,2026-02-21 18:30:05.820,com.sec.android.app.shealth,0,6155,1.3000762,4619.93,186.88998,US7nt0+2+q,com.sec.android.app.shealth,5be7fd0c-93cf-46c4-99cc-61c6e7205fa1,1771632000000,
471dd391-1822-446b-bc96-9632329d7dc9.binning_data.json,2026-02-22 14:49:39.961,2026-02-22 04:01:29.846,com.sec.android.app.shealth,-2,8312,1.2964007,6233.94,250.24998,VfS0qUERdZ,com.sec.android.app.shealth,471dd391-1822-446b-bc96-9632329d7dc9,1771718400000,
437581cd-6d15-4c1c-a850-7596ec79a06b.binning_data.json,2026-02-22 18:30:06.576,2026-02-22 18:30:06.576,com.sec.android.app.shealth,0,8312,1.2964007,6233.94,250.24998,US7nt0+2+q,com.sec.android.app.shealth,437581cd-6d15-4c1c-a850-7596ec79a06b,1771718400000,
aa47c8a3-6b4f-4e8f-920b-40d73ed85f3d.binning_data.json,2026-02-23 15:46:45.713,2026-02-23 01:16:17.961,com.sec.android.app.shealth,-2,6751,1.2497746,5037.73,204.46997,VfS0qUERdZ,com.sec.android.app.shealth,aa47c8a3-6b4f-4e8f-920b-40d73ed85f3d,1771804800000,
126744e8-fce7-4c03-a673-2d3bda6ed068.binning_data.json,2026-02-23 18:30:04.149,2026-02-23 18:30:04.149,com.sec.android.app.shealth,0,6751,1.2497746,5037.73,204.46997,US7nt0+2+q,com.sec.android.app.shealth,126744e8-fce7-4c03-a673-2d3bda6ed068,1771804800000,
5224f70f-39f5-4e57-a0fb-c39addcf4f8e.binning_data.json,2026-02-24 13:42:30.230,2026-02-24 03:35:03.367,com.sec.android.app.shealth,-2,4383,1.181127,3235.54,133.09999,VfS0qUERdZ,com.sec.android.app.shealth,5224f70f-39f5-4e57-a0fb-c39addcf4f8e,1771891200000,
4d68ba27-ac94-404d-8f2b-b60b030662a5.binning_data.json,2026-02-24 18:30:05.195,2026-02-24 18:30:05.195,com.sec.android.app.shealth,0,4383,1.181127,3235.54,133.09999,US7nt0+2+q,com.sec.android.app.shealth,4d68ba27-ac94-404d-8f2b-b60b030662a5,1771891200000,
2c3535b5-0514-47c9-ae54-07ec20cf0f02.binning_data.json,2026-02-25 12:59:59.720,2026-02-25 03:26:42.327,com.sec.android.app.shealth,-2,8575,1.2638354,6417.36,259.47998,VfS0qUERdZ,com.sec.android.app.shealth,2c3535b5-0514-47c9-ae54-07ec20cf0f02,1771977600000,
8a3a36f2-6110-45ac-b323-748f1edd18c0.binning_data.json,2026-02-25 18:30:03.835,2026-02-25 18:30:03.835,com.sec.android.app.shealth,0,8575,1.2638354,6417.36,259.47998,US7nt0+2+q,com.sec.android.app.shealth,8a3a36f2-6110-45ac-b323-748f1edd18c0,1771977600000,
d2d21bac-c753-47ed-bf0e-942b57d37a46.binning_data.json,2026-02-26 14:54:55.324,2026-02-26 01:29:57.236,com.sec.android.app.shealth,-2,6449,1.2037235,4769.9897,195.7,VfS0qUERdZ,com.sec.android.app.shealth,d2d21bac-c753-47ed-bf0e-942b57d37a46,1772064000000,
3fddfd69-c725-4755-9f2c-5d49317df131.binning_data.json,2026-02-26 18:30:07.551,2026-02-26 18:30:07.551,com.sec.android.app.shealth,0,6449,1.2037235,4769.9897,195.7,US7nt0+2+q,com.sec.android.app.shealth,3fddfd69-c725-4755-9f2c-5d49317df131,1772064000000,
73871e68-35e8-46b8-afda-610de081cb27.binning_data.json,2026-02-27 13:17:32.248,2026-02-27 01:00:21.752,com.sec.android.app.shealth,-2,8549,1.1852809,6311.43,259.41998,VfS0qUERdZ,com.sec.android.app.shealth,73871e68-35e8-46b8-afda-610de081cb27,1772150400000,
27196afe-1909-486e-87c9-b72c4543b138.binning_data.json,2026-02-27 18:30:05.777,2026-02-27 18:30:05.777,com.sec.android.app.shealth,0,8549,1.1852809,6311.43,259.41998,US7nt0+2+q,com.sec.android.app.shealth,27196afe-1909-486e-87c9-b72c4543b138,1772150400000,
3758bea1-7b11-4df3-8ec5-8bd4dd0468a2.binning_data.json,2026-02-28 16:23:22.797,2026-02-28 02:45:39.203,com.sec.android.app.shealth,-2,3600,1.279601,2703.19,110.43999,VfS0qUERdZ,com.sec.android.app.shealth,3758bea1-7b11-4df3-8ec5-8bd4dd0468a2,1772236800000,
903cea1c-fb8e-427f-ad04-3dd4522143e3.binning_data.json,2026-02-28 18:30:15.376,2026-02-28 18:30:15.376,com.sec.android.app.shealth,0,3600,1.279601,2703.19,110.43999,US7nt0+2+q,com.sec.android.app.shealth,903cea1c-fb8e-427f-ad04-3dd4522143e3,1772236800000,
c8c11f22-3f2a-42f8-95c4-6e673375a6af.binning_data.json,2026-03-01 16:43:45.448,2026-03-01 03:00:19.367,com.sec.android.app.shealth,-2,12180,1.3122503,9182.7,368.93997,VfS0qUERdZ,com.sec.android.app.shealth,c8c11f22-3f2a-42f8-95c4-6e673375a6af,1772323200000,
626c341e-a854-4d28-a81e-bda3ca1efd74.binning_data.json,2026-03-01 18:30:11.442,2026-03-01 18:30:11.442,com.sec.android.app.shealth,0,12180,1.3122503,9182.7,368.93997,US7nt0+2+q,com.sec.android.app.shealth,626c341e-a854-4d28-a81e-bda3ca1efd74,1772323200000,
3d1e5dd6-9f1c-48bf-8b5b-e6934234a404.binning_data.json,2026-03-02 15:07:56.246,2026-03-02 02:01:22.304,com.sec.android.app.shealth,-2,6867,1.233211,5109.9,209.51,VfS0qUERdZ,com.sec.android.app.shealth,3d1e5dd6-9f1c-48bf-8b5b-e6934234a404,1772409600000,
5a085e4f-5999-486d-9470-e6565f61028d.binning_data.json,2026-03-02 18:30:04.288,2026-03-02 18:30:04.288,com.sec.android.app.shealth,0,6867,1.233211,5109.9,209.51,US7nt0+2+q,com.sec.android.app.shealth,5a085e4f-5999-486d-9470-e6565f61028d,1772409600000,
908776bd-1f14-446a-bf5f-c76c3a684b54.binning_data.json,2026-03-03 17:56:44.892,2026-03-03 03:45:31.113,com.sec.android.app.shealth,-2,3409,1.2668557,2548.15,103.32,VfS0qUERdZ,com.sec.android.app.shealth,908776bd-1f14-446a-bf5f-c76c3a684b54,1772496000000,
c988deda-788a-417e-8b8b-f5e552746648.binning_data.json,2026-03-03 18:30:09.652,2026-03-03 18:30:09.652,com.sec.android.app.shealth,0,3409,1.2668557,2548.15,103.32,US7nt0+2+q,com.sec.android.app.shealth,c988deda-788a-417e-8b8b-f5e552746648,1772496000000,
b13d4afe-2de7-44fe-b7c7-368c9185902b.binning_data.json,2026-03-04 15:22:25.829,2026-03-04 02:06:54.167,com.sec.android.app.shealth,-2,11002,1.3302461,8306.45,330.98996,VfS0qUERdZ,com.sec.android.app.shealth,b13d4afe-2de7-44fe-b7c7-368c9185902b,1772582400000,
6e33cad7-2126-4de4-a027-a9d2708205df.binning_data.json,2026-03-04 18:30:10.201,2026-03-04 18:30:10.201,com.sec.android.app.shealth,0,11002,1.3302461,8306.45,330.98996,US7nt0+2+q,com.sec.android.app.shealth,6e33cad7-2126-4de4-a027-a9d2708205df,1772582400000,
54111cad-ed1e-4f40-9d75-8d8cbb8ddb1b.binning_data.json,2026-03-05 14:55:19.548,2026-03-04 23:39:38.190,com.sec.android.app.shealth,-2,10260,1.6909705,8925.168,452.80997,VfS0qUERdZ,com.sec.android.app.shealth,54111cad-ed1e-4f40-9d75-8d8cbb8ddb1b,1772668800000,
f478b384-73f6-4335-9b52-c461d25d461e.binning_data.json,2026-03-05 18:30:16.604,2026-03-05 18:30:16.604,com.sec.android.app.shealth,0,10260,1.6909705,8925.168,452.80997,US7nt0+2+q,com.sec.android.app.shealth,f478b384-73f6-4335-9b52-c461d25d461e,1772668800000,
ef5ddbbd-e615-4780-9031-57957075c1b5.binning_data.json,2026-03-06 17:07:52.702,2026-03-06 03:29:46.061,com.sec.android.app.shealth,-2,5738,1.2191736,4258.39,174.12999,VfS0qUERdZ,com.sec.android.app.shealth,ef5ddbbd-e615-4780-9031-57957075c1b5,1772755200000,
95350a2d-2ee8-4764-a0d1-a24fd7c53ba0.binning_data.json,2026-03-06 18:30:08.495,2026-03-06 18:30:08.495,com.sec.android.app.shealth,0,5738,1.2191736,4258.39,174.12999,US7nt0+2+q,com.sec.android.app.shealth,95350a2d-2ee8-4764-a0d1-a24fd7c53ba0,1772755200000,
7d1d4e57-65b6-4678-93db-efd0907ddab3.binning_data.json,2026-03-07 14:14:52.062,2026-03-06 23:52:46.856,com.sec.android.app.shealth,-2,11150,1.298809,8401.399,341.49994,VfS0qUERdZ,com.sec.android.app.shealth,7d1d4e57-65b6-4678-93db-efd0907ddab3,1772841600000,
