com.samsung.shealth.tracker.pedometer_day_summary,6311013,7
create_sh_ver,step_count,binning_data,active_time,recommendation,modify_sh_ver,run_step_count,update_time,source_package_name,create_time,source_info,speed,distance,calorie,walk_step_count,deviceuuid,pkg_name,healthy_step,achievement,datauuid,day_time
62670070,4697,5ee3d766-4024-4107-a79e-afba8c40450c.binning_data.json,2681885,6000,62670070,46,2024-06-21 18:08:16.086,com.sec.android.app.shealth,2024-06-21 09:31:24.954,5ee3d766-4024-4107-a79e-afba8c40450c.source_info.json,1.3348819,3580.0,148.70999,4651,VfS0qUERdZ,com.sec.android.app.shealth,0,5ee3d766-4024-4107-a79e-afba8c40450c.achievement.json,5ee3d766-4024-4107-a79e-afba8c40450c,1718928000000,
62670070,4697,3f15334c-6c2e-487d-9e86-15249c527112.binning_data.json,2681885,6000,62670070,46,2024-06-21 18:30:01.086,com.sec.android.app.shealth,2024-06-21 18:30:01.086,,1.3348819,3580.0,148.70999,4651,US7nt0+2+q,com.sec.android.app.shealth,0,3f15334c-6c2e-487d-9e86-15249c527112.achievement.json,3f15334c-6c2e-487d-9e86-15249c527112,1718928000000,
62670070,3037,445c28e9-a689-4265-8b52-c1650a44ee76.binning_data.json,1870046,6000,62670070,10,2024-06-22 17:13:44.988,com.sec.android.app.shealth,2024-06-21 18:55:24.553,445c28e9-a689-4265-8b52-c1650a44ee76.source_info.json,1.2137611,2269.79,95.14998,3027,VfS0qUERdZ,com.sec.android.app.shealth,0,445c28e9-a689-4265-8b52-c1650a44ee76.achievement.json,445c28e9-a689-4265-8b52-c1650a44ee76,1719014400000,
62670070,3037,9bd343a9-ceb4-4b92-8d40-3961a55bc4dc.binning_data.json,1870046,6000,62670070,10,2024-06-22 18:30:02.265,com.sec.android.app.shealth,2024-06-22 18:30:02.265,,1.2137611,2269.79,95.14998,3027,US7nt0+2+q,com.sec.android.app.shealth,0,9bd343a9-ceb4-4b92-8d40-3961a55bc4dc.achievement.json,9bd343a9-ceb4-4b92-8d40-3961a55bc4dc,1719014400000,
62670070,9709,4fccc903-bac6-443a-b592-3b5261db49ff.binning_data.json,5796510,6000,62670070,379,2024-06-23 17:31:47.238,com.sec.android.app.shealth,2024-06-23 01:55:45.412,4fccc903-bac6-443a-b592-3b5261db49ff.source_info.json,1.2745463,7387.9204,312.81995,9330,VfS0qUERdZ,com.sec.android.app.shealth,0,4fccc903-bac6-443a-b592-3b5261db49ff.achievement.json,4fccc903-bac6-443a-b592-3b5261db49ff,1719100800000,
62670070,9709,0ce22194-3da4-4c7f-af72-330900d3e653.binning_data.json,5796510,6000,62670070,379,2024-06-23 18:30:02.725,com.sec.android.app.shealth,2024-06-23 18:30:02.725,,1.2745463,7387.9204,312.81995,9330,US7nt0+2+q,com.sec.android.app.shealth,0,0ce22194-3da4-4c7f-af72-330900d3e653.achievement.json,0ce22194-3da4-4c7f-af72-330900d3e653,1719100800000,
62670070,12877,7e87b436-dd39-4da9-91b8-9235491031d3.binning_data.json,7577312,6000,62670070,585,2024-06-24 18:30:03.589,com.sec.android.app.shealth,2024-06-24 00:44:35.510,7e87b436-dd39-4da9-91b8-9235491031d3.source_info.json,1.2935603,9801.71,413.51996,12292,VfS0qUERdZ,com.sec.android.app.shealth,0,7e87b436-dd39-4da9-91b8-9235491031d3.achievement.json,7e87b436-dd39-4da9-91b8-9235491031d3,1719187200000,
62670070,12877,dba5fef9-2518-490a-af77-cc4798d9a4a9.binning_data.json,7577312,6000,62670070,585,2024-06-24 18:30:02.173,com.sec.android.app.shealth,2024-06-24 18:30:02.173,,1.2935603,9801.71,413.51996,12292,US7nt0+2+q,com.sec.android.app.shealth,0,dba5fef9-2518-490a-af77-cc4798d9a4a9.achievement.json,dba5fef9-2518-490a-af77-cc4798d9a4a9,1719187200000,
62670070,12053,568e89ad-03d6-4c1e-94c6-b5bcadde3651.binning_data.json,7008848,6000,62670070,1138,2024-06-25 16:51:56.670,com.sec.android.app.shealth,2024-06-25 01:01:12.228,568e89ad-03d6-4c1e-94c6-b5bcadde3651.source_info.json,1.3442338,9421.53,416.46994,10915,VfS0qUERdZ,com.sec.android.app.shealth,0,568e89ad-03d6-4c1e-94c6-b5bcadde3651.achievement.json,568e89ad-03d6-4c1e-94c6-b5bcadde3651,1719273600000,
62670070,12053,ad0733d3-c55f-4cf5-bbff-7b238089ddae.binning_data.json,7008848,6000,62670070,1138,2024-06-25 18:30:03.184,com.sec.android.app.shealth,2024-06-25 18:30:03.184,,1.3442338,9421.53,416.46994,10915,US7nt0+2+q,com.sec.android.app.shealth,0,ad0733d3-c55f-4cf5-bbff-7b238089ddae.achievement.json,ad0733d3-c55f-4cf5-bbff-7b238089ddae,1719273600000,
62670070,11483,c12e8166-ad1e-4f31-9981-54c07d06266b.binning_data.json,6138937,6000,62670070,2461,2024-06-26 17:55:35.071,com.sec.android.app.shealth,2024-06-26 00:34:45.112,c12e8166-ad1e-4f31-9981-54c07d06266b.source_info.json,1.5500842,9515.87,452.05994,9022,VfS0qUERdZ,com.sec.android.app.shealth,0,c12e8166-ad1e-4f31-9981-54c07d06266b.achievement.json,c12e8166-ad1e-4f31-9981-54c07d06266b,1719360000000,
62670070,11483,703549d6-634d-47ff-a4a3-b5b5349cf67d.binning_data.json,6138937,6000,62670070,2461,2024-06-26 18:30:02.104,com.sec.android.app.shealth,2024-06-26 18:30:02.104,,1.5500842,9515.87,452.05994,9022,US7nt0+2+q,com.sec.android.app.shealth,0,703549d6-634d-47ff-a4a3-b5b5349cf67d.achievement.json,703549d6-634d-47ff-a4a3-b5b5349cf67d,1719360000000,
62670070,12185,50a4d374-8ce5-4c5d-9c62-b77a96f7ebc2.binning_data.json,6481234,6000,62670070,2338,2024-06-27 16:12:33.321,com.sec.android.app.shealth,2024-06-27 00:14:13.272,50a4d374-8ce5-4c5d-9c62-b77a96f7ebc2.source_info.json,1.547395,10029.03,470.30994,9847,VfS0qUERdZ,com.sec.android.app.shealth,0,50a4d374-8ce5-4c5d-9c62-b77a96f7ebc2.achievement.json,50a4d374-8ce5-4c5d-9c62-b77a96f7ebc2,1719446400000,
62670070,12185,fed6cb91-a1fa-4003-898d-a710c3a8367b.binning_data.json,6481234,6000,62670070,2338,2024-06-27 18:30:01.925,com.sec.android.app.shealth,2024-06-27 18:30:01.925,,1.547395,10029.03,470.30994,9847,US7nt0+2+q,com.sec.android.app.shealth,0,fed6cb91-a1fa-4003-898d-a710c3a8367b.achievement.json,fed6cb91-a1fa-4003-898d-a710c3a8367b,1719446400000,
62670070,11971,1ae43099-b542-4fa8-9e45-93e8c3fdfd8a.binning_data.json,6930288,6000,62670070,128,2024-06-28 16:34:16.102,com.sec.android.app.shealth,2024-06-28 00:47:27.570,1ae43099-b542-4fa8-9e45-93e8c3fdfd8a.source_info.json,1.3101302,9079.58,374.1299,11843,VfS0qUERdZ,com.sec.android.app.shealth,0,1ae43099-b542-4fa8-9e45-93e8c3fdfd8a.achievement.json,1ae43099-b542-4fa8-9e45-93e8c3fdfd8a,1719532800000,
62670070,11971,e6c16348-1adb-4449-9de2-0b6715757fcd.binning_data.json,6930288,6000,62670070,128,2024-06-28 18:30:05.086,com.sec.android.app.shealth,2024-06-28 18:30:05.086,,1.3101302,9079.58,374.1299,11843,US7nt0+2+q,com.sec.android.app.shealth,0,e6c16348-1adb-4449-9de2-0b6715757fcd.achievement.json,e6c16348-1adb-4449-9de2-0b6715757fcd,1719532800000,
62670070,12745,2c690740-ba03-4d76-b95e-d3f32705ff29.binning_data.json,6946405,6000,62670070,1990,2024-06-29 18:20:26.099,com.sec.android.app.shealth,2024-06-29 01:17:18.335,2c690740-ba03-4d76-b95e-d3f32705ff29.source_info.json,1.4816729,10292.3,471.05997,10755,VfS0qUERdZ,com.sec.android.app.shealth,0,2c690740-ba03-4d76-b95e-d3f32705ff29.achievement.json,2c690740-ba03-4d76-b95e-d3f32705ff29,1719619200000,
62670070,12745,82e5e6f5-ad23-4c0e-b0b5-fc5d62e23c78.binning_data.json,6946405,6000,62670070,1990,2024-06-29 18:30:04.051,com.sec.android.app.shealth,2024-06-29 18:30:04.051,,1.4816729,10292.3,471.05997,10755,US7nt0+2+q,com.sec.android.app.shealth,0,82e5e6f5-ad23-4c0e-b0b5-fc5d62e23c78.achievement.json,82e5e6f5-ad23-4c0e-b0b5-fc5d62e23c78,1719619200000,
62670070,7448,8fb1c0bf-56a7-4a59-bbee-a4cdbea9f117.binning_data.json,4292803,6000,62670070,7,2024-06-30 18:04:57.781,com.sec.android.app.shealth,2024-06-29 18:39:07.241,8fb1c0bf-56a7-4a59-bbee-a4cdbea9f117.source_info.json,1.3225996,5677.66,234.72998,7441,VfS0qUERdZ,com.sec.android.app.shealth,0,8fb1c0bf-56a7-4a59-bbee-a4cdbea9f117.achievement.json,8fb1c0bf-56a7-4a59-bbee-a4cdbea9f117,1719705600000,
62670070,7448,2bafd31e-d059-4109-a07f-cc5e0ccd1045.binning_data.json,4292803,6000,62670070,7,2024-06-30 18:30:01.903,com.sec.android.app.shealth,2024-06-30 18:30:01.903,,1.3225996,5677.66,234.72998,7441,US7nt0+2+q,com.sec.android.app.shealth,0,2bafd31e-d059-4109-a07f-cc5e0ccd1045.achievement.json,2bafd31e-d059-4109-a07f-cc5e0ccd1045,1719705600000,
62670070,12771,da11c931-9717-4a3f-86fc-949a77f4b8f8.binning_data.json,7265647,6000,62670070,61,2024-07-01 17:34:22.930,com.sec.android.app.shealth,2024-06-30 21:35:47.919,da11c931-9717-4a3f-86fc-949a77f4b8f8.source_info.json,1.3341523,9693.4795,398.71997,12710,VfS0qUERdZ,com.sec.android.app.shealth,0,da11c931-9717-4a3f-86fc-949a77f4b8f8.achievement.json,da11c931-9717-4a3f-86fc-949a77f4b8f8,1719792000000,
62670070,12771,a91cf470-2543-4f15-8f39-e6871437554e.binning_data.json,7265647,6000,62670070,61,2024-07-01 18:30:02.526,com.sec.android.app.shealth,2024-07-01 18:30:02.526,,1.3341523,9693.4795,398.71997,12710,US7nt0+2+q,com.sec.android.app.shealth,0,a91cf470-2543-4f15-8f39-e6871437554e.achievement.json,a91cf470-2543-4f15-8f39-e6871437554e,1719792000000,
62670070,2979,667ac00f-f784-471d-8d49-e23a000c72e9.binning_data.json,1794330,6000,62670070,0,2024-07-02 17:32:44.170,com.sec.android.app.shealth,2024-07-02 01:28:29.250,667ac00f-f784-471d-8d49-e23a000c72e9.source_info.json,1.2423744,2229.23,93.34999,2979,VfS0qUERdZ,com.sec.android.app.shealth,0,667ac00f-f784-471d-8d49-e23a000c72e9.achievement.json,667ac00f-f784-471d-8d49-e23a000c72e9,1719878400000,
62670070,2979,147ebb7d-bd5c-4491-ba07-a79ee443630d.binning_data.json,1794330,6000,62670070,0,2024-07-02 18:30:02.938,com.sec.android.app.shealth,2024-07-02 18:30:02.938,,1.2423744,2229.23,93.34999,2979,US7nt0+2+q,com.sec.android.app.shealth,0,147ebb7d-bd5c-4491-ba07-a79ee443630d.achievement.json,147ebb7d-bd5c-4491-ba07-a79ee443630d,1719878400000,
62670070,10070,b1fd040f-319a-4fd1-8e70-b1ad8205afc5.binning_data.json,6220931,6000,62670070,26,2024-07-03 18:30:04.689,com.sec.android.app.shealth,2024-07-03 02:23:00.920,b1fd040f-319a-4fd1-8e70-b1ad8205afc5.source_info.json,1.1951473,7434.93,307.48993,10044,VfS0qUERdZ,com.sec.android.app.shealth,0,b1fd040f-319a-4fd1-8e70-b1ad8205afc5.achievement.json,b1fd040f-319a-4fd1-8e70-b1ad8205afc5,1719964800000,
62670070,10070,81765685-fd1c-4bcd-aae3-a9842863d58d.binning_data.json,6220931,6000,62670070,26,2024-07-03 18:30:03.816,com.sec.android.app.shealth,2024-07-03 18:30:03.816,,1.1951473,7434.93,307.48993,10044,US7nt0+2+q,com.sec.android.app.shealth,0,81765685-fd1c-4bcd-aae3-a9842863d58d.achievement.json,81765685-fd1c-4bcd-aae3-a9842863d58d,1719964800000,
62670070,7172,7e704035-2128-43c8-bced-3575283b595a.binning_data.json,3737587,6000,62670070,2109,2024-07-04 18:26:16.194,com.sec.android.app.shealth,2024-07-03 18:43:58.857,7e704035-2128-43c8-bced-3575283b595a.source_info.json,1.6460593,6152.29,307.46997,5063,VfS0qUERdZ,com.sec.android.app.shealth,0,7e704035-2128-43c8-bced-3575283b595a.achievement.json,7e704035-2128-43c8-bced-3575283b595a,1720051200000,
62670070,7172,0aa72329-460b-408d-9043-b3f4b3b97eeb.binning_data.json,3737587,6000,62670070,2109,2024-07-04 18:30:03.658,com.sec.android.app.shealth,2024-07-04 18:30:03.658,,1.6460593,6152.29,307.46997,5063,US7nt0+2+q,com.sec.android.app.shealth,0,0aa72329-460b-408d-9043-b3f4b3b97eeb.achievement.json,0aa72329-460b-408d-9043-b3f4b3b97eeb,1720051200000,
62670070,4695,74e1ea7d-35db-4020-8bd9-25280388cca2.binning_data.json,2204753,6000,62670070,2326,2024-07-05 17:29:37.544,com.sec.android.app.shealth,2024-07-05 01:28:16.138,74e1ea7d-35db-4020-8bd9-25280388cca2.source_info.json,1.9756134,4355.74,238.08,2369,VfS0qUERdZ,com.sec.android.app.shealth,0,74e1ea7d-35db-4020-8bd9-25280388cca2.achievement.json,74e1ea7d-35db-4020-8bd9-25280388cca2,1720137600000,
62670070,4695,72543c4c-4d97-4ac5-823c-31459a42298e.binning_data.json,2204753,6000,62670070,2326,2024-07-05 18:30:03.601,com.sec.android.app.shealth,2024-07-05 18:30:03.601,,1.9756134,4355.74,238.08,2369,US7nt0+2+q,com.sec.android.app.shealth,0,72543c4c-4d97-4ac5-823c-31459a42298e.achievement.json,72543c4c-4d97-4ac5-823c-31459a42298e,1720137600000,
62670070,5667,3bbd4c7b-98fa-4e7f-80fb-527d7d501cb4.binning_data.json,3180474,6000,62670070,60,2024-07-06 16:51:32.567,com.sec.android.app.shealth,2024-07-06 04:15:24.159,3bbd4c7b-98fa-4e7f-80fb-527d7d501cb4.source_info.json,1.3666704,4346.66,180.91998,5607,VfS0qUERdZ,com.sec.android.app.shealth,0,3bbd4c7b-98fa-4e7f-80fb-527d7d501cb4.achievement.json,3bbd4c7b-98fa-4e7f-80fb-527d7d501cb4,1720224000000,
62670070,5667,a6963647-805e-4771-ac31-d98c45fa774a.binning_data.json,3180474,6000,62670070,60,2024-07-06 18:30:05.956,com.sec.android.app.shealth,2024-07-06 18:30:05.956,,1.3666704,4346.66,180.91998,5607,US7nt0+2+q,com.sec.android.app.shealth,0,a6963647-805e-4771-ac31-d98c45fa774a.achievement.json,a6963647-805e-4771-ac31-d98c45fa774a,1720224000000,
62670070,1067,43583a13-9e3e-43e2-8729-b01d56610d9e.binning_data.json,624456,6000,62670070,0,2024-07-07 18:14:36.382,com.sec.android.app.shealth,2024-07-07 01:53:35.504,43583a13-9e3e-43e2-8729-b01d56610d9e.source_info.json,1.2843964,802.05,33.1,1067,VfS0qUERdZ,com.sec.android.app.shealth,0,43583a13-9e3e-43e2-8729-b01d56610d9e.achievement.json,43583a13-9e3e-43e2-8729-b01d56610d9e,1720310400000,
62670070,1067,d9b0a69e-720e-48f8-ad5d-9e2b0ede2d95.binning_data.json,624456,6000,62670070,0,2024-07-07 18:30:03.248,com.sec.android.app.shealth,2024-07-07 18:30:03.248,,1.2843964,802.05,33.1,1067,US7nt0+2+q,com.sec.android.app.shealth,0,d9b0a69e-720e-48f8-ad5d-9e2b0ede2d95.achievement.json,d9b0a69e-720e-48f8-ad5d-9e2b0ede2d95,1720310400000,
62670070,6152,8be283e3-b555-46bf-937b-c0bb4f8c420b.binning_data.json,3444449,6000,62670070,1502,2024-07-08 17:25:25.549,com.sec.android.app.shealth,2024-07-07 18:54:28.389,8be283e3-b555-46bf-937b-c0bb4f8c420b.source_info.json,1.475998,5084.0,247.94998,4650,VfS0qUERdZ,com.sec.android.app.shealth,0,8be283e3-b555-46bf-937b-c0bb4f8c420b.achievement.json,8be283e3-b555-46bf-937b-c0bb4f8c420b,1720396800000,
62670070,6152,1d6d7946-5583-4183-b63d-645fb2edbf10.binning_data.json,3444449,6000,62670070,1502,2024-07-08 18:30:02.157,com.sec.android.app.shealth,2024-07-08 18:30:02.157,,1.475998,5084.0,247.94998,4650,US7nt0+2+q,com.sec.android.app.shealth,0,1d6d7946-5583-4183-b63d-645fb2edbf10.achievement.json,1d6d7946-5583-4183-b63d-645fb2edbf10,1720396800000,
62670070,8147,7bae19fa-6484-466c-af93-51f4a2dcca73.binning_data.json,4172776,6000,62701610,2862,2024-07-09 18:09:25.424,com.sec.android.app.shealth,2024-07-09 00:54:04.635,7bae19fa-6484-466c-af93-51f4a2dcca73.source_info.json,1.7010978,7098.3003,363.38998,5285,VfS0qUERdZ,com.sec.android.app.shealth,0,7bae19fa-6484-466c-af93-51f4a2dcca73.achievement.json,7bae19fa-6484-466c-af93-51f4a2dcca73,1720483200000,
62701610,8147,8ab3b9e5-f10c-48cb-b969-fae26e4e98fc.binning_data.json,4172776,6000,62701610,2862,2024-07-09 18:30:04.286,com.sec.android.app.shealth,2024-07-09 18:30:04.286,,1.7010978,7098.3003,363.38998,5285,US7nt0+2+q,com.sec.android.app.shealth,0,8ab3b9e5-f10c-48cb-b969-fae26e4e98fc.achievement.json,8ab3b9e5-f10c-48cb-b969-fae26e4e98fc,1720483200000,
62701610,6802,2fbf3635-ced0-4471-8bdf-5f4b841a14e3.binning_data.json,3666792,6000,62701610,1402,2024-07-10 17:15:07.046,com.sec.android.app.shealth,2024-07-10 01:05:31.829,2fbf3635-ced0-4471-8bdf-5f4b841a14e3.source_info.json,1.5224532,5582.52,261.95996,5400,VfS0qUERdZ,com.sec.android.app.shealth,0,2fbf3635-ced0-4471-8bdf-5f4b841a14e3.achievement.json,2fbf3635-ced0-4471-8bdf-5f4b841a14e3,1720569600000,
62701610,6802,6d60353f-ac92-41f5-b3c7-dc80dc396b4a.binning_data.json,3666792,6000,62701610,1402,2024-07-10 18:30:05.146,com.sec.android.app.shealth,2024-07-10 18:30:05.146,,1.5224532,5582.52,261.95996,5400,US7nt0+2+q,com.sec.android.app.shealth,0,6d60353f-ac92-41f5-b3c7-dc80dc396b4a.achievement.json,6d60353f-ac92-41f5-b3c7-dc80dc396b4a,1720569600000,
62701610,1140,9b7bcfa7-885d-4b3b-8fa8-cc94a5030674.binning_data.json,664208,6000,62701610,0,2024-07-11 18:05:02.661,com.sec.android.app.shealth,2024-07-11 00:30:12.812,9b7bcfa7-885d-4b3b-8fa8-cc94a5030674.source_info.json,1.2995166,863.14996,36.159996,1140,VfS0qUERdZ,com.sec.android.app.shealth,0,9b7bcfa7-885d-4b3b-8fa8-cc94a5030674.achievement.json,9b7bcfa7-885d-4b3b-8fa8-cc94a5030674,1720656000000,
62701610,1140,390a180e-96be-468a-8f7c-4af59df8dd16.binning_data.json,664208,6000,62701610,0,2024-07-11 18:30:06.310,com.sec.android.app.shealth,2024-07-11 18:30:06.310,,1.2995166,863.14996,36.159996,1140,US7nt0+2+q,com.sec.android.app.shealth,0,390a180e-96be-468a-8f7c-4af59df8dd16.achievement.json,390a180e-96be-468a-8f7c-4af59df8dd16,1720656000000,
62701610,2446,284c0b62-3bd6-4908-90dc-79c81e6b9639.binning_data.json,1361785,6000,62701610,51,2024-07-12 17:11:59.520,com.sec.android.app.shealth,2024-07-11 18:52:58.903,284c0b62-3bd6-4908-90dc-79c81e6b9639.source_info.json,1.3872155,1889.09,79.82,2395,VfS0qUERdZ,com.sec.android.app.shealth,0,284c0b62-3bd6-4908-90dc-79c81e6b9639.achievement.json,284c0b62-3bd6-4908-90dc-79c81e6b9639,1720742400000,
62701610,2446,833c6ef8-9fc7-413f-bd92-75ead8b64788.binning_data.json,1361785,6000,62701610,51,2024-07-12 18:30:05.259,com.sec.android.app.shealth,2024-07-12 18:30:05.259,,1.3872155,1889.09,79.82,2395,US7nt0+2+q,com.sec.android.app.shealth,0,833c6ef8-9fc7-413f-bd92-75ead8b64788.achievement.json,833c6ef8-9fc7-413f-bd92-75ead8b64788,1720742400000,
62701610,10455,b6291ed6-25e9-42da-923f-93ce4dd96a1f.binning_data.json,5855036,6000,62701610,1236,2024-07-13 18:28:50.399,com.sec.android.app.shealth,2024-07-13 02:04:26.681,b6291ed6-25e9-42da-923f-93ce4dd96a1f.source_info.json,1.4165548,8293.9795,369.59998,9219,VfS0qUERdZ,com.sec.android.app.shealth,0,b6291ed6-25e9-42da-923f-93ce4dd96a1f.achievement.json,b6291ed6-25e9-42da-923f-93ce4dd96a1f,1720828800000,
62701610,10455,1fbeb21b-e13c-4bad-af4d-055adb0ef5e6.binning_data.json,5855036,6000,62701610,1236,2024-07-13 18:30:03.428,com.sec.android.app.shealth,2024-07-13 18:30:03.428,,1.4165548,8293.9795,369.59998,9219,US7nt0+2+q,com.sec.android.app.shealth,0,1fbeb21b-e13c-4bad-af4d-055adb0ef5e6.achievement.json,1fbeb21b-e13c-4bad-af4d-055adb0ef5e6,1720828800000,
62701610,11465,653fd34c-32e7-40af-8868-c3f625361e0f.binning_data.json,7386570,6000,62701610,0,2024-07-14 17:58:27.223,com.sec.android.app.shealth,2024-07-13 18:32:18.274,653fd34c-32e7-40af-8868-c3f625361e0f.source_info.json,1.1395315,8417.2295,352.61996,11465,VfS0qUERdZ,com.sec.android.app.shealth,0,653fd34c-32e7-40af-8868-c3f625361e0f.achievement.json,653fd34c-32e7-40af-8868-c3f625361e0f,1720915200000,
62701610,11465,d5f75ebb-2078-4d26-a9af-d566a6cc1761.binning_data.json,7386570,6000,62701610,0,2024-07-14 18:30:07.517,com.sec.android.app.shealth,2024-07-14 18:30:07.517,,1.1395315,8417.2295,352.61996,11465,US7nt0+2+q,com.sec.android.app.shealth,0,d5f75ebb-2078-4d26-a9af-d566a6cc1761.achievement.json,d5f75ebb-2078-4d26-a9af-d566a6cc1761,1720915200000,
62701610,1936,221436cc-e845-430d-85eb-e8f2563003b0.binning_data.json,1114353,6000,62701610,8,2024-07-15 15:27:18.369,com.sec.android.app.shealth,2024-07-15 01:40:48.427,221436cc-e845-430d-85eb-e8f2563003b0.source_info.json,1.3108135,1460.71,59.719997,1928,VfS0qUERdZ,com.sec.android.app.shealth,0,221436cc-e845-430d-85eb-e8f2563003b0.achievement.json,221436cc-e845-430d-85eb-e8f2563003b0,1721001600000,
62701610,1936,d7c3fbc1-871f-4bb2-8a0c-d53ddfc24fa5.binning_data.json,1114353,6000,62701610,8,2024-07-15 18:30:04.975,com.sec.android.app.shealth,2024-07-15 18:30:04.975,,1.3108135,1460.71,59.719997,1928,US7nt0+2+q,com.sec.android.app.shealth,0,d7c3fbc1-871f-4bb2-8a0c-d53ddfc24fa5.achievement.json,d7c3fbc1-871f-4bb2-8a0c-d53ddfc24fa5,1721001600000,
62701610,5669,eb3809f6-c2b9-4269-bf63-244949c3f045.binning_data.json,3389241,6000,62701610,0,2024-07-16 18:12:54.263,com.sec.android.app.shealth,2024-07-16 02:12:58.127,eb3809f6-c2b9-4269-bf63-244949c3f045.source_info.json,1.2477071,4228.78,173.17996,5669,VfS0qUERdZ,com.sec.android.app.shealth,0,eb3809f6-c2b9-4269-bf63-244949c3f045.achievement.json,eb3809f6-c2b9-4269-bf63-244949c3f045,1721088000000,
62701610,5669,b52db059-b535-471a-945f-fb12a541fbaa.binning_data.json,3389241,6000,62701610,0,2024-07-16 18:30:02.976,com.sec.android.app.shealth,2024-07-16 18:30:02.976,,1.2477071,4228.78,173.17996,5669,US7nt0+2+q,com.sec.android.app.shealth,0,b52db059-b535-471a-945f-fb12a541fbaa.achievement.json,b52db059-b535-471a-945f-fb12a541fbaa,1721088000000,
62701610,2821,6964fb47-8e3f-497f-899e-ebd9d34803fb.binning_data.json,1795114,6000,62701610,0,2024-07-17 18:00:01.192,com.sec.android.app.shealth,2024-07-16 19:16:41.466,6964fb47-8e3f-497f-899e-ebd9d34803fb.source_info.json,1.1565056,2076.06,88.579994,2821,VfS0qUERdZ,com.sec.android.app.shealth,0,6964fb47-8e3f-497f-899e-ebd9d34803fb.achievement.json,6964fb47-8e3f-497f-899e-ebd9d34803fb,1721174400000,
62701610,2821,6a2535fa-035f-4937-9f73-007789984d59.binning_data.json,1795114,6000,62701610,0,2024-07-17 18:30:06.529,com.sec.android.app.shealth,2024-07-17 18:30:06.529,,1.1565056,2076.06,88.579994,2821,US7nt0+2+q,com.sec.android.app.shealth,0,6a2535fa-035f-4937-9f73-007789984d59.achievement.json,6a2535fa-035f-4937-9f73-007789984d59,1721174400000,
62701610,3142,7b22195b-3acc-4093-82d9-4881bf65477c.binning_data.json,2002179,6000,62701610,3,2024-07-18 17:31:37.011,com.sec.android.app.shealth,2024-07-17 19:32:46.550,7b22195b-3acc-4093-82d9-4881bf65477c.source_info.json,1.159706,2321.94,98.87999,3139,VfS0qUERdZ,com.sec.android.app.shealth,0,7b22195b-3acc-4093-82d9-4881bf65477c.achievement.json,7b22195b-3acc-4093-82d9-4881bf65477c,1721260800000,
62701610,3142,b39182d6-3e0e-40f4-ae2e-21643596037c.binning_data.json,2002179,6000,62701610,3,2024-07-18 18:30:03.060,com.sec.android.app.shealth,2024-07-18 18:30:03.060,,1.159706,2321.94,98.87999,3139,US7nt0+2+q,com.sec.android.app.shealth,0,b39182d6-3e0e-40f4-ae2e-21643596037c.achievement.json,b39182d6-3e0e-40f4-ae2e-21643596037c,1721260800000,
62701610,4432,ae322156-8e1b-45a1-a838-1b5e49a3a1da.binning_data.json,2410020,6000,62701610,64,2024-07-19 17:27:01.343,com.sec.android.app.shealth,2024-07-18 18:36:09.954,ae322156-8e1b-45a1-a838-1b5e49a3a1da.source_info.json,1.4312161,3449.26,143.95999,4368,VfS0qUERdZ,com.sec.android.app.shealth,0,ae322156-8e1b-45a1-a838-1b5e49a3a1da.achievement.json,ae322156-8e1b-45a1-a838-1b5e49a3a1da,1721347200000,
62701610,4432,1d106408-3133-4580-97b6-5588681d32f5.binning_data.json,2410020,6000,62701610,64,2024-07-19 18:30:06.202,com.sec.android.app.shealth,2024-07-19 18:30:06.202,,1.4312161,3449.26,143.95999,4368,US7nt0+2+q,com.sec.android.app.shealth,0,1d106408-3133-4580-97b6-5588681d32f5.achievement.json,1d106408-3133-4580-97b6-5588681d32f5,1721347200000,
62701610,803,8a28ce75-1c5f-4429-a76d-f6c2e6601d92.binning_data.json,469723,6000,62701610,0,2024-07-20 17:27:57.632,com.sec.android.app.shealth,2024-07-19 19:39:28.417,8a28ce75-1c5f-4429-a76d-f6c2e6601d92.source_info.json,1.2822427,602.3,25.23,803,VfS0qUERdZ,com.sec.android.app.shealth,0,8a28ce75-1c5f-4429-a76d-f6c2e6601d92.achievement.json,8a28ce75-1c5f-4429-a76d-f6c2e6601d92,1721433600000,
62701610,803,17f20ead-ccd2-4b60-a4c9-d7727c3ee52c.binning_data.json,469723,6000,62701610,0,2024-07-20 18:30:04.605,com.sec.android.app.shealth,2024-07-20 18:30:04.605,,1.2822427,602.3,25.23,803,US7nt0+2+q,com.sec.android.app.shealth,0,17f20ead-ccd2-4b60-a4c9-d7727c3ee52c.achievement.json,17f20ead-ccd2-4b60-a4c9-d7727c3ee52c,1721433600000,
62701610,3884,53bd735a-fb66-4438-8bd6-074bbd5c2acb.binning_data.json,2463689,6000,62701610,0,2024-07-21 16:57:21.473,com.sec.android.app.shealth,2024-07-20 19:43:55.999,53bd735a-fb66-4438-8bd6-074bbd5c2acb.source_info.json,1.1635722,2866.68,122.689995,3884,VfS0qUERdZ,com.sec.android.app.shealth,0,53bd735a-fb66-4438-8bd6-074bbd5c2acb.achievement.json,53bd735a-fb66-4438-8bd6-074bbd5c2acb,1721520000000,
62701610,3884,5c0d3876-cd22-42d0-80ca-94d68600eb89.binning_data.json,2463689,6000,62701610,0,2024-07-21 18:30:04.331,com.sec.android.app.shealth,2024-07-21 18:30:04.331,,1.1635722,2866.68,122.689995,3884,US7nt0+2+q,com.sec.android.app.shealth,0,5c0d3876-cd22-42d0-80ca-94d68600eb89.achievement.json,5c0d3876-cd22-42d0-80ca-94d68600eb89,1721520000000,
62701610,7307,b312e555-0edd-49ff-b0a7-5b721efbaa5b.binning_data.json,4472314,6000,62701610,0,2024-07-22 17:26:01.229,com.sec.android.app.shealth,2024-07-21 19:16:42.380,b312e555-0edd-49ff-b0a7-5b721efbaa5b.source_info.json,1.2146351,5432.23,225.39998,7307,VfS0qUERdZ,com.sec.android.app.shealth,0,b312e555-0edd-49ff-b0a7-5b721efbaa5b.achievement.json,b312e555-0edd-49ff-b0a7-5b721efbaa5b,1721606400000,
62701610,7307,8fe7a266-fe95-422a-8eb3-2e4fa64f3dee.binning_data.json,4472314,6000,62701610,0,2024-07-22 18:30:05.463,com.sec.android.app.shealth,2024-07-22 18:30:05.463,,1.2146351,5432.23,225.39998,7307,US7nt0+2+q,com.sec.android.app.shealth,0,8fe7a266-fe95-422a-8eb3-2e4fa64f3dee.achievement.json,8fe7a266-fe95-422a-8eb3-2e4fa64f3dee,1721606400000,
62701610,2998,3528be8f-9f1e-4d57-a8f3-0d6a07b2cc4f.binning_data.json,1735812,6000,62701610,14,2024-07-23 17:26:56.229,com.sec.android.app.shealth,2024-07-23 02:37:04.975,3528be8f-9f1e-4d57-a8f3-0d6a07b2cc4f.source_info.json,1.3162885,2284.83,96.829994,2984,VfS0qUERdZ,com.sec.android.app.shealth,0,3528be8f-9f1e-4d57-a8f3-0d6a07b2cc4f.achievement.json,3528be8f-9f1e-4d57-a8f3-0d6a07b2cc4f,1721692800000,
62701610,2998,d47b1d31-c0bd-46a1-9c1f-c85c4be00e27.binning_data.json,1735812,6000,62701610,14,2024-07-23 18:30:03.407,com.sec.android.app.shealth,2024-07-23 18:30:03.407,,1.3162885,2284.83,96.829994,2984,US7nt0+2+q,com.sec.android.app.shealth,0,d47b1d31-c0bd-46a1-9c1f-c85c4be00e27.achievement.json,d47b1d31-c0bd-46a1-9c1f-c85c4be00e27,1721692800000,
62701610,4701,042eeec7-8739-45af-b628-776f6ce6a5cf.binning_data.json,2857807,6000,62701610,8,2024-07-24 17:56:35.361,com.sec.android.app.shealth,2024-07-24 02:32:52.195,042eeec7-8739-45af-b628-776f6ce6a5cf.source_info.json,1.2316399,3519.7898,147.65997,4693,VfS0qUERdZ,com.sec.android.app.shealth,0,042eeec7-8739-45af-b628-776f6ce6a5cf.achievement.json,042eeec7-8739-45af-b628-776f6ce6a5cf,1721779200000,
62701610,4701,d4273223-109c-4277-aef7-8d362e474cc4.binning_data.json,2857807,6000,62701610,8,2024-07-24 18:30:06.909,com.sec.android.app.shealth,2024-07-24 18:30:06.909,,1.2316399,3519.7898,147.65997,4693,US7nt0+2+q,com.sec.android.app.shealth,0,d4273223-109c-4277-aef7-8d362e474cc4.achievement.json,d4273223-109c-4277-aef7-8d362e474cc4,1721779200000,
62701610,2600,8c40df8b-8d5e-448f-8a34-76deaea4c27e.binning_data.json,1638877,6000,62701610,0,2024-07-25 17:48:03.988,com.sec.android.app.shealth,2024-07-24 18:48:31.341,8c40df8b-8d5e-448f-8a34-76deaea4c27e.source_info.json,1.1696422,1916.9,81.22999,2600,VfS0qUERdZ,com.sec.android.app.shealth,0,8c40df8b-8d5e-448f-8a34-76deaea4c27e.achievement.json,8c40df8b-8d5e-448f-8a34-76deaea4c27e,1721865600000,
62701610,2600,d1797bbd-8a3b-4f87-a79c-a517498eb80f.binning_data.json,1638877,6000,62701610,0,2024-07-25 18:30:08.512,com.sec.android.app.shealth,2024-07-25 18:30:08.512,,1.1696422,1916.9,81.22999,2600,US7nt0+2+q,com.sec.android.app.shealth,0,d1797bbd-8a3b-4f87-a79c-a517498eb80f.achievement.json,d1797bbd-8a3b-4f87-a79c-a517498eb80f,1721865600000,
62701610,2355,48b939a7-6fe7-4533-9b65-ed6894b233e3.binning_data.json,1367251,6000,62701610,5,2024-07-26 16:28:12.641,com.sec.android.app.shealth,2024-07-25 20:42:03.461,48b939a7-6fe7-4533-9b65-ed6894b233e3.source_info.json,1.3029207,1781.42,74.81,2350,VfS0qUERdZ,com.sec.android.app.shealth,0,48b939a7-6fe7-4533-9b65-ed6894b233e3.achievement.json,48b939a7-6fe7-4533-9b65-ed6894b233e3,1721952000000,
62701610,2355,065b4674-2e6b-4684-b5cf-07937c817e47.binning_data.json,1367251,6000,62701610,5,2024-07-26 18:30:04.892,com.sec.android.app.shealth,2024-07-26 18:30:04.892,,1.3029207,1781.42,74.81,2350,US7nt0+2+q,com.sec.android.app.shealth,0,065b4674-2e6b-4684-b5cf-07937c817e47.achievement.json,065b4674-2e6b-4684-b5cf-07937c817e47,1721952000000,
62701610,2760,5d5504eb-541e-4ff9-9dd2-ea11f134e46e.binning_data.json,1558111,6000,62701610,28,2024-07-27 16:35:11.035,com.sec.android.app.shealth,2024-07-27 02:25:54.050,5d5504eb-541e-4ff9-9dd2-ea11f134e46e.source_info.json,1.3531896,2108.42,88.37999,2732,VfS0qUERdZ,com.sec.android.app.shealth,0,5d5504eb-541e-4ff9-9dd2-ea11f134e46e.achievement.json,5d5504eb-541e-4ff9-9dd2-ea11f134e46e,1722038400000,
62701610,2760,37c8f386-0413-4312-b570-090085f3d523.binning_data.json,1558111,6000,62701610,28,2024-07-27 18:30:05.324,com.sec.android.app.shealth,2024-07-27 18:30:05.324,,1.3531896,2108.42,88.37999,2732,US7nt0+2+q,com.sec.android.app.shealth,0,37c8f386-0413-4312-b570-090085f3d523.achievement.json,37c8f386-0413-4312-b570-090085f3d523,1722038400000,
62701610,3999,a91760b0-ad92-44d3-bc89-6b3b65b36e26.binning_data.json,2280081,6000,62701610,11,2024-07-28 18:21:55.412,com.sec.android.app.shealth,2024-07-28 04:15:00.961,a91760b0-ad92-44d3-bc89-6b3b65b36e26.source_info.json,1.3370137,3048.5,127.69999,3988,VfS0qUERdZ,com.sec.android.app.shealth,0,a91760b0-ad92-44d3-bc89-6b3b65b36e26.achievement.json,a91760b0-ad92-44d3-bc89-6b3b65b36e26,1722124800000,
62701610,3999,d4b3b154-431e-4d25-9a6b-e9eec6ba7f53.binning_data.json,2280081,6000,62701610,11,2024-07-28 18:30:05.024,com.sec.android.app.shealth,2024-07-28 18:30:05.024,,1.3370137,3048.5,127.69999,3988,US7nt0+2+q,com.sec.android.app.shealth,0,d4b3b154-431e-4d25-9a6b-e9eec6ba7f53.achievement.json,d4b3b154-431e-4d25-9a6b-e9eec6ba7f53,1722124800000,
62701610,3116,1da375cd-01e9-4355-bf1f-0e03fd358d6c.binning_data.json,1852676,6000,62701610,3,2024-07-29 18:07:33.281,com.sec.android.app.shealth,2024-07-29 02:04:05.096,1da375cd-01e9-4355-bf1f-0e03fd358d6c.source_info.json,1.2615262,2337.2,98.06999,3113,VfS0qUERdZ,com.sec.android.app.shealth,0,1da375cd-01e9-4355-bf1f-0e03fd358d6c.achievement.json,1da375cd-01e9-4355-bf1f-0e03fd358d6c,1722211200000,
62701610,3116,9940560f-266a-471a-8859-2d193eb49b87.binning_data.json,1852676,6000,62701610,3,2024-07-29 18:30:05.753,com.sec.android.app.shealth,2024-07-29 18:30:05.753,,1.2615262,2337.2,98.06999,3113,US7nt0+2+q,com.sec.android.app.shealth,0,9940560f-266a-471a-8859-2d193eb49b87.achievement.json,9940560f-266a-471a-8859-2d193eb49b87,1722211200000,
62701610,3428,d6d277b3-a690-477d-b7b2-6d03c4cdd1fa.binning_data.json,1861742,6000,62701610,32,2024-07-30 17:31:01.068,com.sec.android.app.shealth,2024-07-29 19:35:07.990,d6d277b3-a690-477d-b7b2-6d03c4cdd1fa.source_info.json,1.433748,2669.27,111.59999,3396,VfS0qUERdZ,com.sec.android.app.shealth,0,d6d277b3-a690-477d-b7b2-6d03c4cdd1fa.achievement.json,d6d277b3-a690-477d-b7b2-6d03c4cdd1fa,1722297600000,
62701610,3428,dbc138da-3139-4d31-89e5-7ad8288e75d0.binning_data.json,1861742,6000,62701610,32,2024-07-30 18:30:04.404,com.sec.android.app.shealth,2024-07-30 18:30:04.404,,1.433748,2669.27,111.59999,3396,US7nt0+2+q,com.sec.android.app.shealth,0,dbc138da-3139-4d31-89e5-7ad8288e75d0.achievement.json,dbc138da-3139-4d31-89e5-7ad8288e75d0,1722297600000,
62701610,4070,a628e250-a515-4d85-b373-4e509ed97245.binning_data.json,2492043,6000,62701610,8,2024-07-31 16:59:56.762,com.sec.android.app.shealth,2024-07-30 19:30:53.921,a628e250-a515-4d85-b373-4e509ed97245.source_info.json,1.2098625,3015.03,126.38999,4062,VfS0qUERdZ,com.sec.android.app.shealth,0,a628e250-a515-4d85-b373-4e509ed97245.achievement.json,a628e250-a515-4d85-b373-4e509ed97245,1722384000000,
62701610,4070,173e5ef4-f70a-4213-9228-66fd614e4ff6.binning_data.json,2492043,6000,62701610,8,2024-07-31 18:30:11.286,com.sec.android.app.shealth,2024-07-31 18:30:11.286,,1.2098625,3015.03,126.38999,4062,US7nt0+2+q,com.sec.android.app.shealth,0,173e5ef4-f70a-4213-9228-66fd614e4ff6.achievement.json,173e5ef4-f70a-4213-9228-66fd614e4ff6,1722384000000,
62701610,3076,e651b306-99ac-437a-8788-d20df070997e.binning_data.json,1857487,6000,62701610,28,2024-08-01 18:30:07.370,com.sec.android.app.shealth,2024-08-01 02:35:43.299,e651b306-99ac-437a-8788-d20df070997e.source_info.json,1.2445091,2311.66,97.74999,3048,VfS0qUERdZ,com.sec.android.app.shealth,0,e651b306-99ac-437a-8788-d20df070997e.achievement.json,e651b306-99ac-437a-8788-d20df070997e,1722470400000,
62701610,3076,d17cb527-a5a8-4fa1-b78e-cf71bec87b34.binning_data.json,1857487,6000,62701610,28,2024-08-01 18:30:05.634,com.sec.android.app.shealth,2024-08-01 18:30:05.634,,1.2445091,2311.66,97.74999,3048,US7nt0+2+q,com.sec.android.app.shealth,0,d17cb527-a5a8-4fa1-b78e-cf71bec87b34.achievement.json,d17cb527-a5a8-4fa1-b78e-cf71bec87b34,1722470400000,
62701610,1530,7c15464e-ed84-4dfa-9546-1046e1a4547b.binning_data.json,863168,6000,62701610,9,2024-08-02 17:35:02.255,com.sec.android.app.shealth,2024-08-01 18:30:31.726,7c15464e-ed84-4dfa-9546-1046e1a4547b.source_info.json,1.3571167,1171.42,48.559994,1521,VfS0qUERdZ,com.sec.android.app.shealth,0,7c15464e-ed84-4dfa-9546-1046e1a4547b.achievement.json,7c15464e-ed84-4dfa-9546-1046e1a4547b,1722556800000,
62701610,1530,d857c112-ad80-40ea-ad4c-b6ddecd83e01.binning_data.json,863168,6000,62701610,9,2024-08-02 18:30:03.529,com.sec.android.app.shealth,2024-08-02 18:30:03.529,,1.3571167,1171.42,48.559994,1521,US7nt0+2+q,com.sec.android.app.shealth,0,d857c112-ad80-40ea-ad4c-b6ddecd83e01.achievement.json,d857c112-ad80-40ea-ad4c-b6ddecd83e01,1722556800000,
62701610,4262,a729f955-c8d3-4972-8ba0-7a1019bcc8b3.binning_data.json,2515899,6000,62701610,8,2024-08-03 18:10:06.011,com.sec.android.app.shealth,2024-08-02 18:51:03.232,a729f955-c8d3-4972-8ba0-7a1019bcc8b3.source_info.json,1.275564,3209.19,132.70999,4254,VfS0qUERdZ,com.sec.android.app.shealth,0,a729f955-c8d3-4972-8ba0-7a1019bcc8b3.achievement.json,a729f955-c8d3-4972-8ba0-7a1019bcc8b3,1722643200000,
62701610,4262,5579a26f-777c-412f-b9d8-37fefb0f91db.binning_data.json,2515899,6000,62701610,8,2024-08-03 18:30:05.602,com.sec.android.app.shealth,2024-08-03 18:30:05.602,,1.275564,3209.19,132.70999,4254,US7nt0+2+q,com.sec.android.app.shealth,0,5579a26f-777c-412f-b9d8-37fefb0f91db.achievement.json,5579a26f-777c-412f-b9d8-37fefb0f91db,1722643200000,
62701610,7849,3d3b5d13-7a5a-4468-be6b-a01753eb9ee8.binning_data.json,4465318,6000,62701610,38,2024-08-04 18:08:51.168,com.sec.android.app.shealth,2024-08-03 18:32:34.329,3d3b5d13-7a5a-4468-be6b-a01753eb9ee8.source_info.json,1.3302252,5939.8804,241.55997,7811,VfS0qUERdZ,com.sec.android.app.shealth,0,3d3b5d13-7a5a-4468-be6b-a01753eb9ee8.achievement.json,3d3b5d13-7a5a-4468-be6b-a01753eb9ee8,1722729600000,
62701610,7849,e829a5f4-2818-405f-994a-537c2e595b87.binning_data.json,4465318,6000,62701610,38,2024-08-04 18:30:05.189,com.sec.android.app.shealth,2024-08-04 18:30:05.189,,1.3302252,5939.8804,241.55997,7811,US7nt0+2+q,com.sec.android.app.shealth,0,e829a5f4-2818-405f-994a-537c2e595b87.achievement.json,e829a5f4-2818-405f-994a-537c2e595b87,1722729600000,
62701610,6055,2c173659-0a9f-47a9-8c3a-7eb23c3e5e18.binning_data.json,3570480,6000,62701610,1,2024-08-05 14:46:56.166,com.sec.android.app.shealth,2024-08-05 02:44:11.456,2c173659-0a9f-47a9-8c3a-7eb23c3e5e18.source_info.json,1.2716832,4540.5195,184.17995,6054,VfS0qUERdZ,com.sec.android.app.shealth,0,2c173659-0a9f-47a9-8c3a-7eb23c3e5e18.achievement.json,2c173659-0a9f-47a9-8c3a-7eb23c3e5e18,1722816000000,
62701610,6055,401fee22-c11e-4964-a0ad-b7a0a40f61fa.binning_data.json,3570480,6000,62701610,1,2024-08-05 18:30:06.194,com.sec.android.app.shealth,2024-08-05 18:30:06.194,,1.2716832,4540.5195,184.17995,6054,US7nt0+2+q,com.sec.android.app.shealth,0,401fee22-c11e-4964-a0ad-b7a0a40f61fa.achievement.json,401fee22-c11e-4964-a0ad-b7a0a40f61fa,1722816000000,
62701610,3347,adecca37-b630-469a-9f89-8257baea75fd.binning_data.json,1993330,6000,62701610,0,2024-08-06 16:23:40.185,com.sec.android.app.shealth,2024-08-06 02:02:38.415,adecca37-b630-469a-9f89-8257baea75fd.source_info.json,1.2547339,2501.0999,102.08999,3347,VfS0qUERdZ,com.sec.android.app.shealth,0,adecca37-b630-469a-9f89-8257baea75fd.achievement.json,adecca37-b630-469a-9f89-8257baea75fd,1722902400000,
62701610,3347,7108a018-ddd5-42b9-a8f8-b1c8e05b96a2.binning_data.json,1993330,6000,62701610,0,2024-08-06 18:30:04.774,com.sec.android.app.shealth,2024-08-06 18:30:04.774,,1.2547339,2501.0999,102.08999,3347,US7nt0+2+q,com.sec.android.app.shealth,0,7108a018-ddd5-42b9-a8f8-b1c8e05b96a2.achievement.json,7108a018-ddd5-42b9-a8f8-b1c8e05b96a2,1722902400000,
62701610,3738,eb7be1d2-d863-4ce9-9807-44b9920be6a8.binning_data.json,2197788,6000,62710150,22,2024-08-07 15:10:00.548,com.sec.android.app.shealth,2024-08-07 02:58:19.754,eb7be1d2-d863-4ce9-9807-44b9920be6a8.source_info.json,1.2765287,2805.54,114.429985,3716,VfS0qUERdZ,com.sec.android.app.shealth,0,eb7be1d2-d863-4ce9-9807-44b9920be6a8.achievement.json,eb7be1d2-d863-4ce9-9807-44b9920be6a8,1722988800000,
62710150,3738,aef4d8c4-db12-4cb4-ae97-1e23c49cbc07.binning_data.json,2197788,6000,62710150,22,2024-08-07 18:30:04.664,com.sec.android.app.shealth,2024-08-07 18:30:04.664,,1.2765287,2805.54,114.429985,3716,US7nt0+2+q,com.sec.android.app.shealth,0,aef4d8c4-db12-4cb4-ae97-1e23c49cbc07.achievement.json,aef4d8c4-db12-4cb4-ae97-1e23c49cbc07,1722988800000,
62710150,5489,ab6bb312-9388-44ef-9e8a-63b5e137c6a4.binning_data.json,3218210,6000,62710150,27,2024-08-08 18:21:29.716,com.sec.android.app.shealth,2024-08-08 02:55:06.996,ab6bb312-9388-44ef-9e8a-63b5e137c6a4.source_info.json,1.2861401,4139.07,170.00998,5462,VfS0qUERdZ,com.sec.android.app.shealth,0,ab6bb312-9388-44ef-9e8a-63b5e137c6a4.achievement.json,ab6bb312-9388-44ef-9e8a-63b5e137c6a4,1723075200000,
62710150,5489,7f2eea6d-a931-441c-be28-913740c0bb5c.binning_data.json,3218210,6000,62710150,27,2024-08-08 18:30:04.126,com.sec.android.app.shealth,2024-08-08 18:30:04.126,,1.2861401,4139.07,170.00998,5462,US7nt0+2+q,com.sec.android.app.shealth,0,7f2eea6d-a931-441c-be28-913740c0bb5c.achievement.json,7f2eea6d-a931-441c-be28-913740c0bb5c,1723075200000,
62710150,9654,df9a459f-b372-4cf5-bf70-2c0c49a2c0ea.binning_data.json,5236785,6000,62710150,195,2024-08-09 17:44:33.187,com.sec.android.app.shealth,2024-08-08 18:56:31.926,df9a459f-b372-4cf5-bf70-2c0c49a2c0ea.source_info.json,1.4296365,7486.7,308.38998,9459,VfS0qUERdZ,com.sec.android.app.shealth,0,df9a459f-b372-4cf5-bf70-2c0c49a2c0ea.achievement.json,df9a459f-b372-4cf5-bf70-2c0c49a2c0ea,1723161600000,
62710150,9654,0205dc04-c61a-4e3a-894d-07772f3b1e48.binning_data.json,5236785,6000,62710150,195,2024-08-09 18:30:06.548,com.sec.android.app.shealth,2024-08-09 18:30:06.548,,1.4296365,7486.7,308.38998,9459,US7nt0+2+q,com.sec.android.app.shealth,0,0205dc04-c61a-4e3a-894d-07772f3b1e48.achievement.json,0205dc04-c61a-4e3a-894d-07772f3b1e48,1723161600000,
62710150,3605,d96bf813-7f05-4e0a-b869-8b4eefe9b049.binning_data.json,1874196,6000,62710150,108,2024-08-10 17:26:29.603,com.sec.android.app.shealth,2024-08-10 02:40:47.876,d96bf813-7f05-4e0a-b869-8b4eefe9b049.source_info.json,1.5498058,2904.6401,123.09,3497,VfS0qUERdZ,com.sec.android.app.shealth,0,d96bf813-7f05-4e0a-b869-8b4eefe9b049.achievement.json,d96bf813-7f05-4e0a-b869-8b4eefe9b049,1723248000000,
62710150,3605,ffec677c-94ca-491c-a0ad-caaeb052ff92.binning_data.json,1874196,6000,62710150,108,2024-08-10 18:30:07.308,com.sec.android.app.shealth,2024-08-10 18:30:07.308,,1.5498058,2904.6401,123.09,3497,US7nt0+2+q,com.sec.android.app.shealth,0,ffec677c-94ca-491c-a0ad-caaeb052ff92.achievement.json,ffec677c-94ca-491c-a0ad-caaeb052ff92,1723248000000,
62710150,9221,d09c957c-089b-44f0-8bd4-c61fbf94112f.binning_data.json,5085709,6000,62710150,119,2024-08-11 18:16:20.985,com.sec.android.app.shealth,2024-08-11 01:03:36.668,d09c957c-089b-44f0-8bd4-c61fbf94112f.source_info.json,1.4059417,7150.21,295.44998,9102,VfS0qUERdZ,com.sec.android.app.shealth,0,d09c957c-089b-44f0-8bd4-c61fbf94112f.achievement.json,d09c957c-089b-44f0-8bd4-c61fbf94112f,1723334400000,
62710150,9221,3bba3214-22ef-4da8-8e03-ac6f7ee138a1.binning_data.json,5085709,6000,62710150,119,2024-08-11 18:30:03.859,com.sec.android.app.shealth,2024-08-11 18:30:03.859,,1.4059417,7150.21,295.44998,9102,US7nt0+2+q,com.sec.android.app.shealth,0,3bba3214-22ef-4da8-8e03-ac6f7ee138a1.achievement.json,3bba3214-22ef-4da8-8e03-ac6f7ee138a1,1723334400000,
62710150,9998,33941e33-a829-4da0-b929-31d352d82bfb.binning_data.json,5986454,6000,62710150,0,2024-08-12 15:44:05.531,com.sec.android.app.shealth,2024-08-11 18:35:15.632,33941e33-a829-4da0-b929-31d352d82bfb.source_info.json,1.2472692,7466.7197,305.17993,9998,VfS0qUERdZ,com.sec.android.app.shealth,0,33941e33-a829-4da0-b929-31d352d82bfb.achievement.json,33941e33-a829-4da0-b929-31d352d82bfb,1723420800000,
62710150,9998,b19236ba-6808-436f-83b6-ac6237eccec5.binning_data.json,5986454,6000,62710150,0,2024-08-12 18:30:03.104,com.sec.android.app.shealth,2024-08-12 18:30:03.104,,1.2472692,7466.7197,305.17993,9998,US7nt0+2+q,com.sec.android.app.shealth,0,b19236ba-6808-436f-83b6-ac6237eccec5.achievement.json,b19236ba-6808-436f-83b6-ac6237eccec5,1723420800000,
62710150,17008,f4f758e1-e8c4-4484-be2a-782e7b013256.binning_data.json,9954467,6000,62710150,0,2024-08-13 16:27:29.299,com.sec.android.app.shealth,2024-08-13 02:19:15.620,f4f758e1-e8c4-4484-be2a-782e7b013256.source_info.json,1.2774969,12716.8,513.62994,17008,VfS0qUERdZ,com.sec.android.app.shealth,0,f4f758e1-e8c4-4484-be2a-782e7b013256.achievement.json,f4f758e1-e8c4-4484-be2a-782e7b013256,1723507200000,
62710150,17008,9f2ae707-9759-463e-91a1-24c88811c48e.binning_data.json,9954467,6000,62710150,0,2024-08-13 18:30:05.377,com.sec.android.app.shealth,2024-08-13 18:30:05.377,,1.2774969,12716.8,513.62994,17008,US7nt0+2+q,com.sec.android.app.shealth,0,9f2ae707-9759-463e-91a1-24c88811c48e.achievement.json,9f2ae707-9759-463e-91a1-24c88811c48e,1723507200000,
62710150,19701,2c1d97c7-294a-485f-8c03-63425ac12b61.binning_data.json,11240803,6000,62710150,0,2024-08-14 16:16:28.261,com.sec.android.app.shealth,2024-08-14 01:45:11.815,2c1d97c7-294a-485f-8c03-63425ac12b61.source_info.json,1.3158107,14790.77,784.2499,19701,VfS0qUERdZ,com.sec.android.app.shealth,0,2c1d97c7-294a-485f-8c03-63425ac12b61.achievement.json,2c1d97c7-294a-485f-8c03-63425ac12b61,1723593600000,
62710150,19701,3e6790b1-db9d-4a75-8656-e1b8056af9a0.binning_data.json,11240803,6000,62710150,0,2024-08-14 18:30:04.971,com.sec.android.app.shealth,2024-08-14 18:30:04.971,,1.3158107,14790.77,784.2499,19701,US7nt0+2+q,com.sec.android.app.shealth,0,3e6790b1-db9d-4a75-8656-e1b8056af9a0.achievement.json,3e6790b1-db9d-4a75-8656-e1b8056af9a0,1723593600000,
62710150,5714,d1178932-f213-4707-932c-bdb99c7d9eb0.binning_data.json,3287173,6000,62710150,18,2024-08-15 16:04:43.937,com.sec.android.app.shealth,2024-08-15 00:56:42.731,d1178932-f213-4707-932c-bdb99c7d9eb0.source_info.json,1.3101681,4306.7495,225.89996,5696,VfS0qUERdZ,com.sec.android.app.shealth,0,d1178932-f213-4707-932c-bdb99c7d9eb0.achievement.json,d1178932-f213-4707-932c-bdb99c7d9eb0,1723680000000,
62710150,5714,ab257bad-b717-4742-be85-f3ea3a264bc4.binning_data.json,3287173,6000,62710150,18,2024-08-15 18:30:10.270,com.sec.android.app.shealth,2024-08-15 18:30:10.270,,1.3101681,4306.7495,225.89996,5696,US7nt0+2+q,com.sec.android.app.shealth,0,ab257bad-b717-4742-be85-f3ea3a264bc4.achievement.json,ab257bad-b717-4742-be85-f3ea3a264bc4,1723680000000,
62710150,8935,33be83ed-ce12-4d30-bea9-78b51e965593.binning_data.json,5295591,6000,62710150,0,2024-08-16 15:36:12.602,com.sec.android.app.shealth,2024-08-16 02:43:00.755,33be83ed-ce12-4d30-bea9-78b51e965593.source_info.json,1.2606674,6675.98,352.52997,8935,VfS0qUERdZ,com.sec.android.app.shealth,0,33be83ed-ce12-4d30-bea9-78b51e965593.achievement.json,33be83ed-ce12-4d30-bea9-78b51e965593,1723766400000,
62710150,8935,35426ab9-04d1-4f6f-9b28-0466dfc9f1fe.binning_data.json,5295591,6000,62710150,0,2024-08-16 18:30:04.684,com.sec.android.app.shealth,2024-08-16 18:30:04.684,,1.2606674,6675.98,352.52997,8935,US7nt0+2+q,com.sec.android.app.shealth,0,35426ab9-04d1-4f6f-9b28-0466dfc9f1fe.achievement.json,35426ab9-04d1-4f6f-9b28-0466dfc9f1fe,1723766400000,
62710150,4727,cfb87067-7e91-471d-aa00-2c7ed13f52e2.binning_data.json,2776216,6000,62710150,4,2024-08-17 17:32:35.774,com.sec.android.app.shealth,2024-08-17 01:48:35.546,cfb87067-7e91-471d-aa00-2c7ed13f52e2.source_info.json,1.2756965,3541.6099,186.18999,4723,VfS0qUERdZ,com.sec.android.app.shealth,0,cfb87067-7e91-471d-aa00-2c7ed13f52e2.achievement.json,cfb87067-7e91-471d-aa00-2c7ed13f52e2,1723852800000,
62710150,4727,50be764c-243b-4ac0-a1ed-44a41d4aa2ca.binning_data.json,2776216,6000,62710150,4,2024-08-17 18:30:04.459,com.sec.android.app.shealth,2024-08-17 18:30:04.459,,1.2756965,3541.6099,186.18999,4723,US7nt0+2+q,com.sec.android.app.shealth,0,50be764c-243b-4ac0-a1ed-44a41d4aa2ca.achievement.json,50be764c-243b-4ac0-a1ed-44a41d4aa2ca,1723852800000,
62710150,10654,590ea775-4b3b-428a-8e71-161de9e2864f.binning_data.json,6032465,6000,62710150,94,2024-08-18 16:57:10.150,com.sec.android.app.shealth,2024-08-18 02:02:26.462,590ea775-4b3b-428a-8e71-161de9e2864f.source_info.json,1.3400209,8083.6294,422.54993,10560,VfS0qUERdZ,com.sec.android.app.shealth,0,590ea775-4b3b-428a-8e71-161de9e2864f.achievement.json,590ea775-4b3b-428a-8e71-161de9e2864f,1723939200000,
62710150,10654,9f60e131-4fda-42c6-993c-429098fd5300.binning_data.json,6032465,6000,62710150,94,2024-08-18 18:30:03.110,com.sec.android.app.shealth,2024-08-18 18:30:03.110,,1.3400209,8083.6294,422.54993,10560,US7nt0+2+q,com.sec.android.app.shealth,0,9f60e131-4fda-42c6-993c-429098fd5300.achievement.json,9f60e131-4fda-42c6-993c-429098fd5300,1723939200000,
62710150,7275,2403809e-ed74-4141-91c7-ee7beb656ddd.binning_data.json,4321786,6000,62710150,47,2024-08-19 18:30:14.771,com.sec.android.app.shealth,2024-08-19 00:54:34.208,2403809e-ed74-4141-91c7-ee7beb656ddd.source_info.json,1.2632369,5459.44,287.87997,7228,VfS0qUERdZ,com.sec.android.app.shealth,0,2403809e-ed74-4141-91c7-ee7beb656ddd.achievement.json,2403809e-ed74-4141-91c7-ee7beb656ddd,1724025600000,
62710150,7275,2fdf7196-8bda-4245-8722-71754da489c1.binning_data.json,4321786,6000,62710150,47,2024-08-19 18:30:11.232,com.sec.android.app.shealth,2024-08-19 18:30:11.232,,1.2632369,5459.44,287.87997,7228,US7nt0+2+q,com.sec.android.app.shealth,0,2fdf7196-8bda-4245-8722-71754da489c1.achievement.json,2fdf7196-8bda-4245-8722-71754da489c1,1724025600000,
62710150,6340,3e77621e-0dcc-4a85-b472-6b14d9c688c7.binning_data.json,3682260,6000,62710150,2,2024-08-20 15:39:34.530,com.sec.android.app.shealth,2024-08-20 02:15:27.118,3e77621e-0dcc-4a85-b472-6b14d9c688c7.source_info.json,1.290756,4752.9,251.10997,6338,VfS0qUERdZ,com.sec.android.app.shealth,0,3e77621e-0dcc-4a85-b472-6b14d9c688c7.achievement.json,3e77621e-0dcc-4a85-b472-6b14d9c688c7,1724112000000,
62710150,6340,9819b138-5f96-4269-8cf1-c79919d7df8f.binning_data.json,3682260,6000,62710150,2,2024-08-20 18:30:03.653,com.sec.android.app.shealth,2024-08-20 18:30:03.653,,1.290756,4752.9,251.10997,6338,US7nt0+2+q,com.sec.android.app.shealth,0,9819b138-5f96-4269-8cf1-c79919d7df8f.achievement.json,9819b138-5f96-4269-8cf1-c79919d7df8f,1724112000000,
62710150,12811,c3efbbe4-b4fe-4e63-84a2-e1e573915de3.binning_data.json,7273007,6000,62710150,9,2024-08-21 17:10:01.048,com.sec.android.app.shealth,2024-08-21 01:13:22.698,c3efbbe4-b4fe-4e63-84a2-e1e573915de3.source_info.json,1.3298528,9672.029,508.4899,12802,VfS0qUERdZ,com.sec.android.app.shealth,0,c3efbbe4-b4fe-4e63-84a2-e1e573915de3.achievement.json,c3efbbe4-b4fe-4e63-84a2-e1e573915de3,1724198400000,
62710150,12811,d934a889-4a53-47c4-aa66-5ea672afdedf.binning_data.json,7273007,6000,62710150,9,2024-08-21 18:30:05.071,com.sec.android.app.shealth,2024-08-21 18:30:05.071,,1.3298528,9672.029,508.4899,12802,US7nt0+2+q,com.sec.android.app.shealth,0,d934a889-4a53-47c4-aa66-5ea672afdedf.achievement.json,d934a889-4a53-47c4-aa66-5ea672afdedf,1724198400000,
62710150,5325,7e023ea5-2385-4b00-9a3d-72a90c797623.binning_data.json,3010899,6000,62710150,0,2024-08-22 16:26:37.621,com.sec.android.app.shealth,2024-08-22 01:22:43.960,7e023ea5-2385-4b00-9a3d-72a90c797623.source_info.json,1.333668,4015.5398,210.30995,5325,VfS0qUERdZ,com.sec.android.app.shealth,0,7e023ea5-2385-4b00-9a3d-72a90c797623.achievement.json,7e023ea5-2385-4b00-9a3d-72a90c797623,1724284800000,
62710150,5325,40552b6a-de4a-4738-8832-583669a9364d.binning_data.json,3010899,6000,62710150,0,2024-08-22 18:30:04.182,com.sec.android.app.shealth,2024-08-22 18:30:04.182,,1.333668,4015.5398,210.30995,5325,US7nt0+2+q,com.sec.android.app.shealth,0,40552b6a-de4a-4738-8832-583669a9364d.achievement.json,40552b6a-de4a-4738-8832-583669a9364d,1724284800000,
62710150,7863,299448fc-d414-4664-a2a9-0f8e5560c99f.binning_data.json,4525745,6000,62710150,7,2024-08-23 17:01:11.147,com.sec.android.app.shealth,2024-08-23 01:39:31.635,299448fc-d414-4664-a2a9-0f8e5560c99f.source_info.json,1.3083436,5921.23,308.61996,7856,VfS0qUERdZ,com.sec.android.app.shealth,0,299448fc-d414-4664-a2a9-0f8e5560c99f.achievement.json,299448fc-d414-4664-a2a9-0f8e5560c99f,1724371200000,
62710150,7863,3dce1341-fbc6-4445-8f68-77bdd4439d08.binning_data.json,4525745,6000,62710150,7,2024-08-23 18:30:05.409,com.sec.android.app.shealth,2024-08-23 18:30:05.409,,1.3083436,5921.23,308.61996,7856,US7nt0+2+q,com.sec.android.app.shealth,0,3dce1341-fbc6-4445-8f68-77bdd4439d08.achievement.json,3dce1341-fbc6-4445-8f68-77bdd4439d08,1724371200000,
62710150,3694,21079772-c98f-4fe8-8df7-7de3e9bf1fdd.binning_data.json,2189832,6000,62710150,3,2024-08-24 18:24:16.583,com.sec.android.app.shealth,2024-08-24 01:20:35.252,21079772-c98f-4fe8-8df7-7de3e9bf1fdd.source_info.json,1.267403,2775.4,142.51,3691,VfS0qUERdZ,com.sec.android.app.shealth,0,21079772-c98f-4fe8-8df7-7de3e9bf1fdd.achievement.json,21079772-c98f-4fe8-8df7-7de3e9bf1fdd,1724457600000,
62710150,3694,1e7dcecd-ee04-46fc-b7da-aa609b3b56a2.binning_data.json,2189832,6000,62710150,3,2024-08-24 18:30:05.902,com.sec.android.app.shealth,2024-08-24 18:30:05.902,,1.267403,2775.4,142.51,3691,US7nt0+2+q,com.sec.android.app.shealth,0,1e7dcecd-ee04-46fc-b7da-aa609b3b56a2.achievement.json,1e7dcecd-ee04-46fc-b7da-aa609b3b56a2,1724457600000,
62710150,7292,efc879a2-c73a-4b75-a429-135ce1d62fd9.binning_data.json,4511064,6000,62710150,6,2024-08-25 17:47:34.221,com.sec.android.app.shealth,2024-08-25 01:02:44.341,efc879a2-c73a-4b75-a429-135ce1d62fd9.source_info.json,1.2003442,5414.83,279.08,7286,VfS0qUERdZ,com.sec.android.app.shealth,0,efc879a2-c73a-4b75-a429-135ce1d62fd9.achievement.json,efc879a2-c73a-4b75-a429-135ce1d62fd9,1724544000000,
62710150,7292,331b08a2-dd99-4ef6-911a-652e1be61f57.binning_data.json,4511064,6000,62710150,6,2024-08-25 18:30:03.357,com.sec.android.app.shealth,2024-08-25 18:30:03.357,,1.2003442,5414.83,279.08,7286,US7nt0+2+q,com.sec.android.app.shealth,0,331b08a2-dd99-4ef6-911a-652e1be61f57.achievement.json,331b08a2-dd99-4ef6-911a-652e1be61f57,1724544000000,
62710150,13985,53e0b9a9-c44f-4cbe-9452-12940798ab21.binning_data.json,8709297,6000,62710150,0,2024-08-26 15:54:36.811,com.sec.android.app.shealth,2024-08-25 22:18:39.537,53e0b9a9-c44f-4cbe-9452-12940798ab21.source_info.json,1.1874564,10341.91,550.01996,13985,VfS0qUERdZ,com.sec.android.app.shealth,0,53e0b9a9-c44f-4cbe-9452-12940798ab21.achievement.json,53e0b9a9-c44f-4cbe-9452-12940798ab21,1724630400000,
62710150,13985,2869886b-eca0-411f-a5de-d9545538fce8.binning_data.json,8709297,6000,62710150,0,2024-08-26 18:30:05.693,com.sec.android.app.shealth,2024-08-26 18:30:05.693,,1.1874564,10341.91,550.01996,13985,US7nt0+2+q,com.sec.android.app.shealth,0,2869886b-eca0-411f-a5de-d9545538fce8.achievement.json,2869886b-eca0-411f-a5de-d9545538fce8,1724630400000,
62710150,5949,8e569d8f-10ed-45ff-9466-7aec5915e3f6.binning_data.json,3530593,6000,62710150,0,2024-08-27 12:56:13.499,com.sec.android.app.shealth,2024-08-27 00:50:49.342,8e569d8f-10ed-45ff-9466-7aec5915e3f6.source_info.json,1.2572986,4439.0103,235.15997,5949,VfS0qUERdZ,com.sec.android.app.shealth,0,8e569d8f-10ed-45ff-9466-7aec5915e3f6.achievement.json,8e569d8f-10ed-45ff-9466-7aec5915e3f6,1724716800000,
62710150,5949,4e02bc78-b215-4de0-bfe3-58c797c27bd0.binning_data.json,3530593,6000,62710150,0,2024-08-27 18:30:06.156,com.sec.android.app.shealth,2024-08-27 18:30:06.156,,1.2572986,4439.0103,235.15997,5949,US7nt0+2+q,com.sec.android.app.shealth,0,4e02bc78-b215-4de0-bfe3-58c797c27bd0.achievement.json,4e02bc78-b215-4de0-bfe3-58c797c27bd0,1724716800000,
62710150,2902,1e892583-7009-4658-809a-88b161e98ee9.binning_data.json,1733668,6000,62710150,4,2024-08-28 13:26:52.403,com.sec.android.app.shealth,2024-08-27 19:42:59.320,1e892583-7009-4658-809a-88b161e98ee9.source_info.json,1.2511793,2169.1301,113.91997,2898,VfS0qUERdZ,com.sec.android.app.shealth,0,1e892583-7009-4658-809a-88b161e98ee9.achievement.json,1e892583-7009-4658-809a-88b161e98ee9,1724803200000,
62710150,2902,a21abffe-bf2d-42d7-b62d-0633c10d7bd1.binning_data.json,1733668,6000,62710150,4,2024-08-28 18:30:05.764,com.sec.android.app.shealth,2024-08-28 18:30:05.764,,1.2511793,2169.1301,113.91997,2898,US7nt0+2+q,com.sec.android.app.shealth,0,a21abffe-bf2d-42d7-b62d-0633c10d7bd1.achievement.json,a21abffe-bf2d-42d7-b62d-0633c10d7bd1,1724803200000,
62710150,5799,7b83db22-5ea8-428f-b4ae-bcc87493736e.binning_data.json,3568834,6000,62710150,0,2024-08-29 15:34:33.922,com.sec.android.app.shealth,2024-08-29 01:10:30.240,7b83db22-5ea8-428f-b4ae-bcc87493736e.source_info.json,1.2018209,4289.1,227.95998,5799,VfS0qUERdZ,com.sec.android.app.shealth,0,7b83db22-5ea8-428f-b4ae-bcc87493736e.achievement.json,7b83db22-5ea8-428f-b4ae-bcc87493736e,1724889600000,
62710150,5799,dc65fcc1-46a1-4ebb-b233-45c164f17b5f.binning_data.json,3568834,6000,62710150,0,2024-08-29 18:30:04.164,com.sec.android.app.shealth,2024-08-29 18:30:04.164,,1.2018209,4289.1,227.95998,5799,US7nt0+2+q,com.sec.android.app.shealth,0,dc65fcc1-46a1-4ebb-b233-45c164f17b5f.achievement.json,dc65fcc1-46a1-4ebb-b233-45c164f17b5f,1724889600000,
62710150,4878,4c31b431-8613-43dd-b59a-14916294a425.binning_data.json,2949746,6000,62720090,0,2024-08-30 15:51:20.561,com.sec.android.app.shealth,2024-08-30 03:22:26.550,4c31b431-8613-43dd-b59a-14916294a425.source_info.json,1.2282279,3622.96,192.77998,4878,VfS0qUERdZ,com.sec.android.app.shealth,0,4c31b431-8613-43dd-b59a-14916294a425.achievement.json,4c31b431-8613-43dd-b59a-14916294a425,1724976000000,
62720090,4878,6c3efaa8-782f-4119-bb80-15d8f05888b5.binning_data.json,2949746,6000,62720090,0,2024-08-30 18:30:06.027,com.sec.android.app.shealth,2024-08-30 18:30:06.027,,1.2282279,3622.96,192.77998,4878,US7nt0+2+q,com.sec.android.app.shealth,0,6c3efaa8-782f-4119-bb80-15d8f05888b5.achievement.json,6c3efaa8-782f-4119-bb80-15d8f05888b5,1724976000000,
62720090,498,06614268-25fb-4cb1-bd6e-bd07792c4383.binning_data.json,286622,6000,62720090,0,2024-08-31 17:03:30.305,com.sec.android.app.shealth,2024-08-31 03:10:47.911,06614268-25fb-4cb1-bd6e-bd07792c4383.source_info.json,1.3119686,376.04,19.15,498,VfS0qUERdZ,com.sec.android.app.shealth,0,06614268-25fb-4cb1-bd6e-bd07792c4383.achievement.json,06614268-25fb-4cb1-bd6e-bd07792c4383,1725062400000,
62720090,498,c36599cd-ae18-487c-9daa-f44142faf45a.binning_data.json,286622,6000,62720090,0,2024-08-31 18:30:07.818,com.sec.android.app.shealth,2024-08-31 18:30:07.818,,1.3119686,376.04,19.15,498,US7nt0+2+q,com.sec.android.app.shealth,0,c36599cd-ae18-487c-9daa-f44142faf45a.achievement.json,c36599cd-ae18-487c-9daa-f44142faf45a,1725062400000,
62720090,908,515b7feb-271b-46bf-9d86-97e5e9d04f9c.binning_data.json,529810,6000,62720090,0,2024-09-01 15:52:18.964,com.sec.android.app.shealth,2024-09-01 02:47:40.432,515b7feb-271b-46bf-9d86-97e5e9d04f9c.source_info.json,1.2876306,682.2,34.819996,908,VfS0qUERdZ,com.sec.android.app.shealth,0,515b7feb-271b-46bf-9d86-97e5e9d04f9c.achievement.json,515b7feb-271b-46bf-9d86-97e5e9d04f9c,1725148800000,
62720090,908,d8037e23-46d6-4d5c-b36b-64eba03d6dd6.binning_data.json,529810,6000,62720090,0,2024-09-01 18:30:04.724,com.sec.android.app.shealth,2024-09-01 18:30:04.724,,1.2876306,682.2,34.819996,908,US7nt0+2+q,com.sec.android.app.shealth,0,d8037e23-46d6-4d5c-b36b-64eba03d6dd6.achievement.json,d8037e23-46d6-4d5c-b36b-64eba03d6dd6,1725148800000,
62720090,3982,902373ba-30ea-4bb4-a57c-bf943624ac6f.binning_data.json,2408820,6000,62720090,8,2024-09-02 15:26:27.280,com.sec.android.app.shealth,2024-09-01 18:55:39.673,902373ba-30ea-4bb4-a57c-bf943624ac6f.source_info.json,1.2291867,2960.8901,156.51997,3974,VfS0qUERdZ,com.sec.android.app.shealth,0,902373ba-30ea-4bb4-a57c-bf943624ac6f.achievement.json,902373ba-30ea-4bb4-a57c-bf943624ac6f,1725235200000,
62720090,3982,360a9a5f-df1e-4b46-a89a-0b251c9074d1.binning_data.json,2408820,6000,62720090,8,2024-09-02 18:30:06.661,com.sec.android.app.shealth,2024-09-02 18:30:06.661,,1.2291867,2960.8901,156.51997,3974,US7nt0+2+q,com.sec.android.app.shealth,0,360a9a5f-df1e-4b46-a89a-0b251c9074d1.achievement.json,360a9a5f-df1e-4b46-a89a-0b251c9074d1,1725235200000,
62720090,4594,6378ffbd-5eda-4219-b207-5867abaa7239.binning_data.json,2624521,6000,62720090,0,2024-09-03 11:36:48.364,com.sec.android.app.shealth,2024-09-03 01:03:47.098,6378ffbd-5eda-4219-b207-5867abaa7239.source_info.json,1.3156796,3453.03,181.05997,4594,VfS0qUERdZ,com.sec.android.app.shealth,0,6378ffbd-5eda-4219-b207-5867abaa7239.achievement.json,6378ffbd-5eda-4219-b207-5867abaa7239,1725321600000,
62720090,4594,a8d6cdea-b37b-4139-928b-5dc14acef968.binning_data.json,2624521,6000,62720090,0,2024-09-03 18:30:04.855,com.sec.android.app.shealth,2024-09-03 18:30:04.855,,1.3156796,3453.03,181.05997,4594,US7nt0+2+q,com.sec.android.app.shealth,0,a8d6cdea-b37b-4139-928b-5dc14acef968.achievement.json,a8d6cdea-b37b-4139-928b-5dc14acef968,1725321600000,
62720090,16143,3f998562-4aca-4253-9d08-bf5621469fc6.binning_data.json,9843571,6000,62720090,29,2024-09-04 17:35:01.557,com.sec.android.app.shealth,2024-09-03 19:12:10.700,3f998562-4aca-4253-9d08-bf5621469fc6.source_info.json,1.2179127,11988.61,636.7799,16114,VfS0qUERdZ,com.sec.android.app.shealth,0,3f998562-4aca-4253-9d08-bf5621469fc6.achievement.json,3f998562-4aca-4253-9d08-bf5621469fc6,1725408000000,
62720090,16143,5bff02b0-7c44-493b-a209-dd06439e1ec8.binning_data.json,9843571,6000,62720090,29,2024-09-04 18:30:03.282,com.sec.android.app.shealth,2024-09-04 18:30:03.282,,1.2179127,11988.61,636.7799,16114,US7nt0+2+q,com.sec.android.app.shealth,0,5bff02b0-7c44-493b-a209-dd06439e1ec8.achievement.json,5bff02b0-7c44-493b-a209-dd06439e1ec8,1725408000000,
62720090,1584,3669172b-ba5b-4d42-93dd-4188135cb721.binning_data.json,882970,6000,62720090,0,2024-09-05 16:48:07.542,com.sec.android.app.shealth,2024-09-05 01:32:30.941,3669172b-ba5b-4d42-93dd-4188135cb721.source_info.json,1.3656282,1205.81,62.269997,1584,VfS0qUERdZ,com.sec.android.app.shealth,0,3669172b-ba5b-4d42-93dd-4188135cb721.achievement.json,3669172b-ba5b-4d42-93dd-4188135cb721,1725494400000,
62720090,1584,f3339b38-4135-4faf-a1d2-6efde5c673e8.binning_data.json,882970,6000,62720090,0,2024-09-05 18:30:05.221,com.sec.android.app.shealth,2024-09-05 18:30:05.221,,1.3656282,1205.81,62.269997,1584,US7nt0+2+q,com.sec.android.app.shealth,0,f3339b38-4135-4faf-a1d2-6efde5c673e8.achievement.json,f3339b38-4135-4faf-a1d2-6efde5c673e8,1725494400000,
62720090,5841,5781c564-ef7f-411d-adac-3f6d8a508312.binning_data.json,3357680,6000,62720090,0,2024-09-06 18:30:03.627,com.sec.android.app.shealth,2024-09-06 02:28:02.579,5781c564-ef7f-411d-adac-3f6d8a508312.source_info.json,1.3092641,4396.09,228.83998,5841,VfS0qUERdZ,com.sec.android.app.shealth,0,5781c564-ef7f-411d-adac-3f6d8a508312.achievement.json,5781c564-ef7f-411d-adac-3f6d8a508312,1725580800000,
62720090,5841,8bc881b2-fa0c-4a5e-ba4a-38f97aacca00.binning_data.json,3357680,6000,62720090,0,2024-09-06 18:30:02.782,com.sec.android.app.shealth,2024-09-06 18:30:02.782,,1.3092641,4396.09,228.83998,5841,US7nt0+2+q,com.sec.android.app.shealth,0,8bc881b2-fa0c-4a5e-ba4a-38f97aacca00.achievement.json,8bc881b2-fa0c-4a5e-ba4a-38f97aacca00,1725580800000,
62720090,4028,d825383c-5edd-414e-a228-95a713ba9a29.binning_data.json,2485682,6000,62720090,0,2024-09-07 16:33:22.296,com.sec.android.app.shealth,2024-09-07 00:35:46.822,d825383c-5edd-414e-a228-95a713ba9a29.source_info.json,1.2024143,2988.8198,154.31999,4028,VfS0qUERdZ,com.sec.android.app.shealth,0,d825383c-5edd-414e-a228-95a713ba9a29.achievement.json,d825383c-5edd-414e-a228-95a713ba9a29,1725667200000,
62720090,4028,2676480b-e730-4faf-b84f-cbb41c641535.binning_data.json,2485682,6000,62720090,0,2024-09-07 18:30:09.040,com.sec.android.app.shealth,2024-09-07 18:30:09.040,,1.2024143,2988.8198,154.31999,4028,US7nt0+2+q,com.sec.android.app.shealth,0,2676480b-e730-4faf-b84f-cbb41c641535.achievement.json,2676480b-e730-4faf-b84f-cbb41c641535,1725667200000,
62720090,2561,d6ebb25e-cc79-4a51-9e5d-0065807d295a.binning_data.json,1501647,6000,62720090,6,2024-09-08 18:17:04.728,com.sec.android.app.shealth,2024-09-08 03:52:25.293,d6ebb25e-cc79-4a51-9e5d-0065807d295a.source_info.json,1.2809196,1923.49,97.89,2555,VfS0qUERdZ,com.sec.android.app.shealth,0,d6ebb25e-cc79-4a51-9e5d-0065807d295a.achievement.json,d6ebb25e-cc79-4a51-9e5d-0065807d295a,1725753600000,
62720090,2561,e39f7a98-0731-4fdf-b637-ea4d50642d57.binning_data.json,1501647,6000,62720090,6,2024-09-08 18:30:04.863,com.sec.android.app.shealth,2024-09-08 18:30:04.863,,1.2809196,1923.49,97.89,2555,US7nt0+2+q,com.sec.android.app.shealth,0,e39f7a98-0731-4fdf-b637-ea4d50642d57.achievement.json,e39f7a98-0731-4fdf-b637-ea4d50642d57,1725753600000,
62720090,4442,01f88244-6768-4eda-856e-4c2d57aed254.binning_data.json,2744946,6000,62720090,0,2024-09-09 16:35:02.238,com.sec.android.app.shealth,2024-09-08 18:33:58.489,01f88244-6768-4eda-856e-4c2d57aed254.source_info.json,1.1990286,3291.2698,172.10997,4442,VfS0qUERdZ,com.sec.android.app.shealth,0,01f88244-6768-4eda-856e-4c2d57aed254.achievement.json,01f88244-6768-4eda-856e-4c2d57aed254,1725840000000,
62720090,4442,589098b5-ee22-41d0-8cea-0b1898629993.binning_data.json,2744946,6000,62720090,0,2024-09-09 18:30:04.110,com.sec.android.app.shealth,2024-09-09 18:30:04.110,,1.1990286,3291.2698,172.10997,4442,US7nt0+2+q,com.sec.android.app.shealth,0,589098b5-ee22-41d0-8cea-0b1898629993.achievement.json,589098b5-ee22-41d0-8cea-0b1898629993,1725840000000,
62720090,4957,d4920bf9-d0fc-42e6-9463-2f8bc8c27373.binning_data.json,2973681,6000,62720090,8,2024-09-10 15:36:55.015,com.sec.android.app.shealth,2024-09-09 18:47:40.595,d4920bf9-d0fc-42e6-9463-2f8bc8c27373.source_info.json,1.2442187,3699.91,195.32997,4949,VfS0qUERdZ,com.sec.android.app.shealth,0,d4920bf9-d0fc-42e6-9463-2f8bc8c27373.achievement.json,d4920bf9-d0fc-42e6-9463-2f8bc8c27373,1725926400000,
62720090,4957,15899003-2a6f-4a9f-83ba-f998f0960e5d.binning_data.json,2973681,6000,62720090,8,2024-09-10 18:30:04.559,com.sec.android.app.shealth,2024-09-10 18:30:04.559,,1.2442187,3699.91,195.32997,4949,US7nt0+2+q,com.sec.android.app.shealth,0,15899003-2a6f-4a9f-83ba-f998f0960e5d.achievement.json,15899003-2a6f-4a9f-83ba-f998f0960e5d,1725926400000,
62720090,5077,b47e55ef-f85a-4af3-8d57-d432402bbf4f.binning_data.json,2891175,6000,62720090,0,2024-09-11 16:57:15.562,com.sec.android.app.shealth,2024-09-11 02:12:36.590,b47e55ef-f85a-4af3-8d57-d432402bbf4f.source_info.json,1.3193251,3814.4,200.92998,5077,VfS0qUERdZ,com.sec.android.app.shealth,0,b47e55ef-f85a-4af3-8d57-d432402bbf4f.achievement.json,b47e55ef-f85a-4af3-8d57-d432402bbf4f,1726012800000,
62720090,5077,689872a2-08fd-4a2f-8860-7f14f28e1df1.binning_data.json,2891175,6000,62720090,0,2024-09-11 18:30:06.714,com.sec.android.app.shealth,2024-09-11 18:30:06.714,,1.3193251,3814.4,200.92998,5077,US7nt0+2+q,com.sec.android.app.shealth,0,689872a2-08fd-4a2f-8860-7f14f28e1df1.achievement.json,689872a2-08fd-4a2f-8860-7f14f28e1df1,1726012800000,
62720090,4978,1bc4be19-238d-46e7-82b2-c95beaf14219.binning_data.json,2934896,6000,62720090,0,2024-09-12 18:25:05.517,com.sec.android.app.shealth,2024-09-12 02:32:50.222,1bc4be19-238d-46e7-82b2-c95beaf14219.source_info.json,1.2715236,3731.79,196.32999,4978,VfS0qUERdZ,com.sec.android.app.shealth,0,1bc4be19-238d-46e7-82b2-c95beaf14219.achievement.json,1bc4be19-238d-46e7-82b2-c95beaf14219,1726099200000,
62720090,4978,07574460-81a1-4898-8f91-8b9478c3b320.binning_data.json,2934896,6000,62720090,0,2024-09-12 18:30:07.898,com.sec.android.app.shealth,2024-09-12 18:30:07.898,,1.2715236,3731.79,196.32999,4978,US7nt0+2+q,com.sec.android.app.shealth,0,07574460-81a1-4898-8f91-8b9478c3b320.achievement.json,07574460-81a1-4898-8f91-8b9478c3b320,1726099200000,
62720090,12130,98107189-0f12-4356-8753-f5e6380fd9fd.binning_data.json,7018940,6000,62720090,165,2024-09-13 16:27:00.264,com.sec.android.app.shealth,2024-09-13 01:30:21.578,98107189-0f12-4356-8753-f5e6380fd9fd.source_info.json,1.3123847,9211.55,483.10995,11965,VfS0qUERdZ,com.sec.android.app.shealth,0,98107189-0f12-4356-8753-f5e6380fd9fd.achievement.json,98107189-0f12-4356-8753-f5e6380fd9fd,1726185600000,
62720090,12130,1cbdb7b4-90ae-4634-ae79-99e89bde6525.binning_data.json,7018940,6000,62720090,165,2024-09-13 18:30:06.795,com.sec.android.app.shealth,2024-09-13 18:30:06.795,,1.3123847,9211.55,483.10995,11965,US7nt0+2+q,com.sec.android.app.shealth,0,1cbdb7b4-90ae-4634-ae79-99e89bde6525.achievement.json,1cbdb7b4-90ae-4634-ae79-99e89bde6525,1726185600000,
62720090,12434,aed7ce9d-762f-4ea6-bbc3-18e2b1c733b7.binning_data.json,7375024,6000,62720090,54,2024-09-14 16:10:08.903,com.sec.android.app.shealth,2024-09-13 21:38:59.343,aed7ce9d-762f-4ea6-bbc3-18e2b1c733b7.source_info.json,1.2678642,9350.53,483.13998,12380,VfS0qUERdZ,com.sec.android.app.shealth,0,aed7ce9d-762f-4ea6-bbc3-18e2b1c733b7.achievement.json,aed7ce9d-762f-4ea6-bbc3-18e2b1c733b7,1726272000000,
62720090,12434,e1d7e151-65ed-467a-91ad-d173ff31217a.binning_data.json,7375024,6000,62720090,54,2024-09-14 18:30:07.464,com.sec.android.app.shealth,2024-09-14 18:30:07.464,,1.2678642,9350.53,483.13998,12380,US7nt0+2+q,com.sec.android.app.shealth,0,e1d7e151-65ed-467a-91ad-d173ff31217a.achievement.json,e1d7e151-65ed-467a-91ad-d173ff31217a,1726272000000,
62720090,465,d63fa13a-e840-4f25-850e-909e219d297f.binning_data.json,273143,6000,62720090,0,2024-09-15 15:55:58.104,com.sec.android.app.shealth,2024-09-15 02:08:05.542,d63fa13a-e840-4f25-850e-909e219d297f.source_info.json,1.2728853,347.68,17.49,465,VfS0qUERdZ,com.sec.android.app.shealth,0,d63fa13a-e840-4f25-850e-909e219d297f.achievement.json,d63fa13a-e840-4f25-850e-909e219d297f,1726358400000,
62720090,465,5dfddefa-dd9c-46ee-a719-53ecf45e3904.binning_data.json,273143,6000,62720090,0,2024-09-15 18:30:05.373,com.sec.android.app.shealth,2024-09-15 18:30:05.373,,1.2728853,347.68,17.49,465,US7nt0+2+q,com.sec.android.app.shealth,0,5dfddefa-dd9c-46ee-a719-53ecf45e3904.achievement.json,5dfddefa-dd9c-46ee-a719-53ecf45e3904,1726358400000,
62720090,418,fb5072e9-73f4-4c2a-8e37-48a06dffcad1.binning_data.json,239384,6000,62720090,0,2024-09-16 17:31:59.600,com.sec.android.app.shealth,2024-09-16 03:36:25.473,fb5072e9-73f4-4c2a-8e37-48a06dffcad1.source_info.json,1.3200077,315.99002,16.089998,418,VfS0qUERdZ,com.sec.android.app.shealth,0,fb5072e9-73f4-4c2a-8e37-48a06dffcad1.achievement.json,fb5072e9-73f4-4c2a-8e37-48a06dffcad1,1726444800000,
62720090,418,f57cfacb-6990-4076-8ceb-24014c6c1319.binning_data.json,239384,6000,62720090,0,2024-09-16 18:30:09.557,com.sec.android.app.shealth,2024-09-16 18:30:09.557,,1.3200077,315.99002,16.089998,418,US7nt0+2+q,com.sec.android.app.shealth,0,f57cfacb-6990-4076-8ceb-24014c6c1319.achievement.json,f57cfacb-6990-4076-8ceb-24014c6c1319,1726444800000,
62720090,6228,d01e02bd-9617-46f9-8ff4-59fe4a92a227.binning_data.json,3578716,6000,62720090,0,2024-09-17 16:35:22.266,com.sec.android.app.shealth,2024-09-17 01:57:33.247,d01e02bd-9617-46f9-8ff4-59fe4a92a227.source_info.json,1.3026401,4661.7803,245.90997,6228,VfS0qUERdZ,com.sec.android.app.shealth,0,d01e02bd-9617-46f9-8ff4-59fe4a92a227.achievement.json,d01e02bd-9617-46f9-8ff4-59fe4a92a227,1726531200000,
62720090,6228,1f59483e-0345-4ceb-887a-215b58a99817.binning_data.json,3578716,6000,62720090,0,2024-09-17 18:30:05.590,com.sec.android.app.shealth,2024-09-17 18:30:05.590,,1.3026401,4661.7803,245.90997,6228,US7nt0+2+q,com.sec.android.app.shealth,0,1f59483e-0345-4ceb-887a-215b58a99817.achievement.json,1f59483e-0345-4ceb-887a-215b58a99817,1726531200000,
62720090,6043,7b7826c8-6a8b-4269-abfc-94494985358b.binning_data.json,3322435,6000,62720090,0,2024-09-18 15:23:39.961,com.sec.android.app.shealth,2024-09-18 00:56:01.195,7b7826c8-6a8b-4269-abfc-94494985358b.source_info.json,1.3695012,4550.08,239.35997,6043,VfS0qUERdZ,com.sec.android.app.shealth,0,7b7826c8-6a8b-4269-abfc-94494985358b.achievement.json,7b7826c8-6a8b-4269-abfc-94494985358b,1726617600000,
62720090,6043,8f3bc350-062f-4b69-8a92-2cfccb435224.binning_data.json,3322435,6000,62720090,0,2024-09-18 18:30:23.478,com.sec.android.app.shealth,2024-09-18 18:30:23.478,,1.3695012,4550.08,239.35997,6043,US7nt0+2+q,com.sec.android.app.shealth,0,8f3bc350-062f-4b69-8a92-2cfccb435224.achievement.json,8f3bc350-062f-4b69-8a92-2cfccb435224,1726617600000,
62720090,9120,2b29eb59-f27b-43bd-99c9-404f19768234.binning_data.json,5380596,6000,62720090,8,2024-09-19 16:18:36.327,com.sec.android.app.shealth,2024-09-19 02:06:31.069,2b29eb59-f27b-43bd-99c9-404f19768234.source_info.json,1.2678112,6821.58,360.63998,9112,VfS0qUERdZ,com.sec.android.app.shealth,0,2b29eb59-f27b-43bd-99c9-404f19768234.achievement.json,2b29eb59-f27b-43bd-99c9-404f19768234,1726704000000,
62720090,9120,1f4ca3ab-8617-4789-bfc0-1a591f4822ae.binning_data.json,5380596,6000,62720090,8,2024-09-19 18:30:05.794,com.sec.android.app.shealth,2024-09-19 18:30:05.794,,1.2678112,6821.58,360.63998,9112,US7nt0+2+q,com.sec.android.app.shealth,0,1f4ca3ab-8617-4789-bfc0-1a591f4822ae.achievement.json,1f4ca3ab-8617-4789-bfc0-1a591f4822ae,1726704000000,
62720090,10835,d0eec83e-a2f0-456c-a95c-e332a8a14a6e.binning_data.json,6418784,6000,62720090,3,2024-09-20 18:23:12.166,com.sec.android.app.shealth,2024-09-20 02:52:32.721,d0eec83e-a2f0-456c-a95c-e332a8a14a6e.source_info.json,1.263593,8110.73,426.98996,10832,VfS0qUERdZ,com.sec.android.app.shealth,0,d0eec83e-a2f0-456c-a95c-e332a8a14a6e.achievement.json,d0eec83e-a2f0-456c-a95c-e332a8a14a6e,1726790400000,
62720090,10835,2423652e-b496-413e-972f-e080b3bfb3d4.binning_data.json,6418784,6000,62720090,3,2024-09-20 18:30:05.755,com.sec.android.app.shealth,2024-09-20 18:30:05.755,,1.263593,8110.73,426.98996,10832,US7nt0+2+q,com.sec.android.app.shealth,0,2423652e-b496-413e-972f-e080b3bfb3d4.achievement.json,2423652e-b496-413e-972f-e080b3bfb3d4,1726790400000,
62720090,734,30c7fe43-f58e-4d3d-92ea-d8a1adec768c.binning_data.json,421116,6000,62720090,0,2024-09-21 17:13:40.104,com.sec.android.app.shealth,2024-09-20 19:06:19.643,30c7fe43-f58e-4d3d-92ea-d8a1adec768c.source_info.json,1.3083091,550.95,27.83,734,VfS0qUERdZ,com.sec.android.app.shealth,0,30c7fe43-f58e-4d3d-92ea-d8a1adec768c.achievement.json,30c7fe43-f58e-4d3d-92ea-d8a1adec768c,1726876800000,
62720090,734,78171ef3-836d-4f4b-94a6-9e7ed447e235.binning_data.json,421116,6000,62720090,0,2024-09-21 18:30:06.580,com.sec.android.app.shealth,2024-09-21 18:30:06.580,,1.3083091,550.95,27.83,734,US7nt0+2+q,com.sec.android.app.shealth,0,78171ef3-836d-4f4b-94a6-9e7ed447e235.achievement.json,78171ef3-836d-4f4b-94a6-9e7ed447e235,1726876800000,
62720090,6312,bdc2fb9e-eadf-4d50-8bb1-32adafa843f6.binning_data.json,3649142,6000,62720090,11,2024-09-22 17:45:34.237,com.sec.android.app.shealth,2024-09-22 04:36:36.175,bdc2fb9e-eadf-4d50-8bb1-32adafa843f6.source_info.json,1.2968032,4732.22,251.32999,6301,VfS0qUERdZ,com.sec.android.app.shealth,0,bdc2fb9e-eadf-4d50-8bb1-32adafa843f6.achievement.json,bdc2fb9e-eadf-4d50-8bb1-32adafa843f6,1726963200000,
62720090,6312,dff638ea-c3d2-4582-9708-3c2e0e640e43.binning_data.json,3649142,6000,62720090,11,2024-09-22 18:30:04.414,com.sec.android.app.shealth,2024-09-22 18:30:04.414,,1.2968032,4732.22,251.32999,6301,US7nt0+2+q,com.sec.android.app.shealth,0,dff638ea-c3d2-4582-9708-3c2e0e640e43.achievement.json,dff638ea-c3d2-4582-9708-3c2e0e640e43,1726963200000,
62720090,6036,9f5432aa-fe4b-4d84-9c8b-d9cbebf75da2.binning_data.json,3394562,6000,62720090,15,2024-09-23 17:57:41.176,com.sec.android.app.shealth,2024-09-22 18:31:40.098,9f5432aa-fe4b-4d84-9c8b-d9cbebf75da2.source_info.json,1.3456343,4567.84,238.73999,6021,VfS0qUERdZ,com.sec.android.app.shealth,0,9f5432aa-fe4b-4d84-9c8b-d9cbebf75da2.achievement.json,9f5432aa-fe4b-4d84-9c8b-d9cbebf75da2,1727049600000,
62720090,6036,1f103bd2-025e-43ce-af4f-72c73aa53e26.binning_data.json,3394562,6000,62720090,15,2024-09-23 18:30:14.977,com.sec.android.app.shealth,2024-09-23 18:30:14.977,,1.3456343,4567.84,238.73999,6021,US7nt0+2+q,com.sec.android.app.shealth,0,1f103bd2-025e-43ce-af4f-72c73aa53e26.achievement.json,1f103bd2-025e-43ce-af4f-72c73aa53e26,1727049600000,
62720090,6470,c5f33706-e090-4370-aac7-12f49b9a8b7e.binning_data.json,3838234,6000,62720090,1,2024-09-24 11:51:29.273,com.sec.android.app.shealth,2024-09-24 03:11:23.874,c5f33706-e090-4370-aac7-12f49b9a8b7e.source_info.json,1.2581643,4829.13,256.94998,6469,VfS0qUERdZ,com.sec.android.app.shealth,0,c5f33706-e090-4370-aac7-12f49b9a8b7e.achievement.json,c5f33706-e090-4370-aac7-12f49b9a8b7e,1727136000000,
62720090,6470,f6c73763-9764-4d04-ace1-752edf003727.binning_data.json,3838234,6000,62720090,1,2024-09-24 18:30:06.229,com.sec.android.app.shealth,2024-09-24 18:30:06.229,,1.2581643,4829.13,256.94998,6469,US7nt0+2+q,com.sec.android.app.shealth,0,f6c73763-9764-4d04-ace1-752edf003727.achievement.json,f6c73763-9764-4d04-ace1-752edf003727,1727136000000,
62720090,18876,72e67faa-6bcd-4f08-a2af-aacc79c14b51.binning_data.json,10850455,6000,62720090,0,2024-09-25 15:06:44.633,com.sec.android.app.shealth,2024-09-25 02:19:49.722,72e67faa-6bcd-4f08-a2af-aacc79c14b51.source_info.json,1.3080935,14193.41,751.5699,18876,VfS0qUERdZ,com.sec.android.app.shealth,0,72e67faa-6bcd-4f08-a2af-aacc79c14b51.achievement.json,72e67faa-6bcd-4f08-a2af-aacc79c14b51,1727222400000,
62720090,18876,6cca14d4-01e8-44d7-ae4d-1dabae15af9e.binning_data.json,10850455,6000,62720090,0,2024-09-25 18:30:06.196,com.sec.android.app.shealth,2024-09-25 18:30:06.196,,1.3080935,14193.41,751.5699,18876,US7nt0+2+q,com.sec.android.app.shealth,0,6cca14d4-01e8-44d7-ae4d-1dabae15af9e.achievement.json,6cca14d4-01e8-44d7-ae4d-1dabae15af9e,1727222400000,
62720090,6990,8a10c432-4053-4c4a-ae3a-4e36947a288f.binning_data.json,4003131,6000,62720090,0,2024-09-26 15:50:52.146,com.sec.android.app.shealth,2024-09-26 02:22:54.598,8a10c432-4053-4c4a-ae3a-4e36947a288f.source_info.json,1.3126721,5254.8003,276.75998,6990,VfS0qUERdZ,com.sec.android.app.shealth,0,8a10c432-4053-4c4a-ae3a-4e36947a288f.achievement.json,8a10c432-4053-4c4a-ae3a-4e36947a288f,1727308800000,
62720090,6990,371f9243-953a-4075-8e23-12f762ed2d92.binning_data.json,4003131,6000,62720090,0,2024-09-26 18:30:05.552,com.sec.android.app.shealth,2024-09-26 18:30:05.552,,1.3126721,5254.8003,276.75998,6990,US7nt0+2+q,com.sec.android.app.shealth,0,371f9243-953a-4075-8e23-12f762ed2d92.achievement.json,371f9243-953a-4075-8e23-12f762ed2d92,1727308800000,
62720090,6914,ddf4b215-0630-4d2b-a6cf-0f538a627e54.binning_data.json,4055082,6000,62720090,8,2024-09-27 16:31:15.239,com.sec.android.app.shealth,2024-09-27 03:04:20.150,ddf4b215-0630-4d2b-a6cf-0f538a627e54.source_info.json,1.2772787,5179.4697,273.16998,6906,VfS0qUERdZ,com.sec.android.app.shealth,0,ddf4b215-0630-4d2b-a6cf-0f538a627e54.achievement.json,ddf4b215-0630-4d2b-a6cf-0f538a627e54,1727395200000,
62720090,6914,59bc2dc0-7671-41c0-9e2f-4e28b38ffb78.binning_data.json,4055082,6000,62720090,8,2024-09-27 18:30:05.075,com.sec.android.app.shealth,2024-09-27 18:30:05.075,,1.2772787,5179.4697,273.16998,6906,US7nt0+2+q,com.sec.android.app.shealth,0,59bc2dc0-7671-41c0-9e2f-4e28b38ffb78.achievement.json,59bc2dc0-7671-41c0-9e2f-4e28b38ffb78,1727395200000,
62720090,6327,fc92be7c-b512-45b6-a016-5a4218d79752.binning_data.json,4032302,6000,62720090,0,2024-09-28 17:19:07.031,com.sec.android.app.shealth,2024-09-28 03:30:43.494,fc92be7c-b512-45b6-a016-5a4218d79752.source_info.json,1.1544819,4655.22,248.26997,6327,VfS0qUERdZ,com.sec.android.app.shealth,0,fc92be7c-b512-45b6-a016-5a4218d79752.achievement.json,fc92be7c-b512-45b6-a016-5a4218d79752,1727481600000,
62720090,6327,251ee26a-7ab6-4af1-b943-ffc3e9542452.binning_data.json,4032302,6000,62720090,0,2024-09-28 18:30:04.581,com.sec.android.app.shealth,2024-09-28 18:30:04.581,,1.1544819,4655.22,248.26997,6327,US7nt0+2+q,com.sec.android.app.shealth,0,251ee26a-7ab6-4af1-b943-ffc3e9542452.achievement.json,251ee26a-7ab6-4af1-b943-ffc3e9542452,1727481600000,
62720090,5996,5ac86217-614d-4275-aab8-f46f4b1c3aa5.binning_data.json,3776002,6000,62720090,0,2024-09-29 17:54:32.152,com.sec.android.app.shealth,2024-09-29 03:26:40.817,5ac86217-614d-4275-aab8-f46f4b1c3aa5.source_info.json,1.171792,4424.69,234.76,5996,VfS0qUERdZ,com.sec.android.app.shealth,0,5ac86217-614d-4275-aab8-f46f4b1c3aa5.achievement.json,5ac86217-614d-4275-aab8-f46f4b1c3aa5,1727568000000,
62720090,5996,c05776fc-d1ab-4990-a747-3e76c82b323e.binning_data.json,3776002,6000,62720090,0,2024-09-29 18:30:07.805,com.sec.android.app.shealth,2024-09-29 18:30:07.805,,1.171792,4424.69,234.76,5996,US7nt0+2+q,com.sec.android.app.shealth,0,c05776fc-d1ab-4990-a747-3e76c82b323e.achievement.json,c05776fc-d1ab-4990-a747-3e76c82b323e,1727568000000,
62720090,4124,612b7598-6de3-4f6e-9ee1-dd70238106ba.binning_data.json,2394938,6000,62720090,0,2024-09-30 18:29:53.441,com.sec.android.app.shealth,2024-09-30 01:24:22.867,612b7598-6de3-4f6e-9ee1-dd70238106ba.source_info.json,1.2935486,3097.97,160.72998,4124,VfS0qUERdZ,com.sec.android.app.shealth,0,612b7598-6de3-4f6e-9ee1-dd70238106ba.achievement.json,612b7598-6de3-4f6e-9ee1-dd70238106ba,1727654400000,
62720090,4124,7a3c13d8-be91-4da1-8e0e-bad26e120b4e.binning_data.json,2394938,6000,62720090,0,2024-09-30 18:30:06.940,com.sec.android.app.shealth,2024-09-30 18:30:06.940,,1.2935486,3097.97,160.72998,4124,US7nt0+2+q,com.sec.android.app.shealth,0,7a3c13d8-be91-4da1-8e0e-bad26e120b4e.achievement.json,7a3c13d8-be91-4da1-8e0e-bad26e120b4e,1727654400000,
62720090,5851,ef87f534-4778-4a26-b689-c1456f69cbe7.binning_data.json,3513100,6000,62720090,51,2024-10-01 16:12:24.463,com.sec.android.app.shealth,2024-09-30 18:31:43.143,ef87f534-4778-4a26-b689-c1456f69cbe7.source_info.json,1.2455722,4375.8203,233.32996,5800,VfS0qUERdZ,com.sec.android.app.shealth,0,ef87f534-4778-4a26-b689-c1456f69cbe7.achievement.json,ef87f534-4778-4a26-b689-c1456f69cbe7,1727740800000,
62720090,5851,99abed70-4aa5-43ce-8ec0-ed310bc7930f.binning_data.json,3513100,6000,62720090,51,2024-10-01 18:30:08.388,com.sec.android.app.shealth,2024-10-01 18:30:08.388,,1.2455722,4375.8203,233.32996,5800,US7nt0+2+q,com.sec.android.app.shealth,0,99abed70-4aa5-43ce-8ec0-ed310bc7930f.achievement.json,99abed70-4aa5-43ce-8ec0-ed310bc7930f,1727740800000,
62720090,735,4e963e3d-5aff-4437-a584-fdb046cf33de.binning_data.json,429277,6000,62720090,0,2024-10-02 16:04:53.140,com.sec.android.app.shealth,2024-10-02 04:28:31.945,4e963e3d-5aff-4437-a584-fdb046cf33de.source_info.json,1.2898891,553.72003,28.229998,735,VfS0qUERdZ,com.sec.android.app.shealth,0,4e963e3d-5aff-4437-a584-fdb046cf33de.achievement.json,4e963e3d-5aff-4437-a584-fdb046cf33de,1727827200000,
62720090,735,b12b48fa-6f1e-412a-af1b-f6171997f78f.binning_data.json,429277,6000,62720090,0,2024-10-02 18:30:06.664,com.sec.android.app.shealth,2024-10-02 18:30:06.664,,1.2898891,553.72003,28.229998,735,US7nt0+2+q,com.sec.android.app.shealth,0,b12b48fa-6f1e-412a-af1b-f6171997f78f.achievement.json,b12b48fa-6f1e-412a-af1b-f6171997f78f,1727827200000,
62720090,3802,e7d4e38b-3b90-4041-94b5-c398deaf23ad.binning_data.json,2250073,6000,62720090,0,2024-10-03 15:32:27.534,com.sec.android.app.shealth,2024-10-03 02:39:15.490,e7d4e38b-3b90-4041-94b5-c398deaf23ad.source_info.json,1.2622741,2840.2102,150.17996,3802,VfS0qUERdZ,com.sec.android.app.shealth,0,e7d4e38b-3b90-4041-94b5-c398deaf23ad.achievement.json,e7d4e38b-3b90-4041-94b5-c398deaf23ad,1727913600000,
62720090,3802,b7cdd067-1efb-4358-b37e-b272bcf943ff.binning_data.json,2250073,6000,62720090,0,2024-10-03 18:30:05.684,com.sec.android.app.shealth,2024-10-03 18:30:05.684,,1.2622741,2840.2102,150.17996,3802,US7nt0+2+q,com.sec.android.app.shealth,0,b7cdd067-1efb-4358-b37e-b272bcf943ff.achievement.json,b7cdd067-1efb-4358-b37e-b272bcf943ff,1727913600000,
62720090,4701,e78754d1-2dda-46d0-aa98-413cbc83d78f.binning_data.json,2780497,6000,62720090,0,2024-10-04 15:08:45.153,com.sec.android.app.shealth,2024-10-04 01:06:43.365,e78754d1-2dda-46d0-aa98-413cbc83d78f.source_info.json,1.2643025,3515.39,183.48999,4701,VfS0qUERdZ,com.sec.android.app.shealth,0,e78754d1-2dda-46d0-aa98-413cbc83d78f.achievement.json,e78754d1-2dda-46d0-aa98-413cbc83d78f,1728000000000,
62720090,4701,b1b16971-072e-4886-8815-17cfdc33cf6c.binning_data.json,2780497,6000,62720090,0,2024-10-04 18:30:03.453,com.sec.android.app.shealth,2024-10-04 18:30:03.453,,1.2643025,3515.39,183.48999,4701,US7nt0+2+q,com.sec.android.app.shealth,0,b1b16971-072e-4886-8815-17cfdc33cf6c.achievement.json,b1b16971-072e-4886-8815-17cfdc33cf6c,1728000000000,
62720090,1102,775aad19-7704-411b-851a-885b7e005250.binning_data.json,659768,6000,62720090,0,2024-10-05 17:50:57.792,com.sec.android.app.shealth,2024-10-05 05:03:07.161,775aad19-7704-411b-851a-885b7e005250.source_info.json,1.2442391,820.91,41.67,1102,VfS0qUERdZ,com.sec.android.app.shealth,0,775aad19-7704-411b-851a-885b7e005250.achievement.json,775aad19-7704-411b-851a-885b7e005250,1728086400000,
62720090,1102,6a5280c5-79d0-4e8f-8a33-b0ee3604c5e5.binning_data.json,659768,6000,62720090,0,2024-10-05 18:30:10.238,com.sec.android.app.shealth,2024-10-05 18:30:10.238,,1.2442391,820.91,41.67,1102,US7nt0+2+q,com.sec.android.app.shealth,0,6a5280c5-79d0-4e8f-8a33-b0ee3604c5e5.achievement.json,6a5280c5-79d0-4e8f-8a33-b0ee3604c5e5,1728086400000,
62720090,866,ec754149-6c2a-4f3f-a38c-da6d779bf97c.binning_data.json,523571,6000,62720090,0,2024-10-06 17:15:02.653,com.sec.android.app.shealth,2024-10-05 18:44:17.692,ec754149-6c2a-4f3f-a38c-da6d779bf97c.source_info.json,1.2378063,648.08,33.079998,866,VfS0qUERdZ,com.sec.android.app.shealth,0,ec754149-6c2a-4f3f-a38c-da6d779bf97c.achievement.json,ec754149-6c2a-4f3f-a38c-da6d779bf97c,1728172800000,
62720090,866,680a47d2-fd1a-4baa-b14e-bfa52eb85ce9.binning_data.json,523571,6000,62720090,0,2024-10-06 18:30:05.780,com.sec.android.app.shealth,2024-10-06 18:30:05.780,,1.2378063,648.08,33.079998,866,US7nt0+2+q,com.sec.android.app.shealth,0,680a47d2-fd1a-4baa-b14e-bfa52eb85ce9.achievement.json,680a47d2-fd1a-4baa-b14e-bfa52eb85ce9,1728172800000,
62720090,4233,edca7bad-fab1-4d5b-ad8b-77932bad317b.binning_data.json,2506699,6000,62720090,15,2024-10-07 15:17:33.775,com.sec.android.app.shealth,2024-10-07 00:52:16.432,edca7bad-fab1-4d5b-ad8b-77932bad317b.source_info.json,1.2673358,3176.83,166.59998,4218,VfS0qUERdZ,com.sec.android.app.shealth,0,edca7bad-fab1-4d5b-ad8b-77932bad317b.achievement.json,edca7bad-fab1-4d5b-ad8b-77932bad317b,1728259200000,
62720090,4233,4a013d31-ab74-4f9f-8dde-efae9a7585e4.binning_data.json,2506699,6000,62720090,15,2024-10-07 18:30:06.940,com.sec.android.app.shealth,2024-10-07 18:30:06.940,,1.2673358,3176.83,166.59998,4218,US7nt0+2+q,com.sec.android.app.shealth,0,4a013d31-ab74-4f9f-8dde-efae9a7585e4.achievement.json,4a013d31-ab74-4f9f-8dde-efae9a7585e4,1728259200000,
62720090,7793,9a6b51eb-2829-41f3-ae6e-b4ae223b3fb6.binning_data.json,4724568,6000,62720090,0,2024-10-08 13:17:16.349,com.sec.android.app.shealth,2024-10-07 18:47:14.460,9a6b51eb-2829-41f3-ae6e-b4ae223b3fb6.source_info.json,1.2273883,5798.88,306.99997,7793,VfS0qUERdZ,com.sec.android.app.shealth,0,9a6b51eb-2829-41f3-ae6e-b4ae223b3fb6.achievement.json,9a6b51eb-2829-41f3-ae6e-b4ae223b3fb6,1728345600000,
62720090,7793,53411fd9-2d00-47db-9cde-f73731703e7b.binning_data.json,4724568,6000,62720090,0,2024-10-08 18:30:07.309,com.sec.android.app.shealth,2024-10-08 18:30:07.309,,1.2273883,5798.88,306.99997,7793,US7nt0+2+q,com.sec.android.app.shealth,0,53411fd9-2d00-47db-9cde-f73731703e7b.achievement.json,53411fd9-2d00-47db-9cde-f73731703e7b,1728345600000,
62720090,10055,1faee2f7-c63f-4074-b6aa-21c016ee777f.binning_data.json,5863560,6000,62720090,0,2024-10-09 17:55:02.145,com.sec.android.app.shealth,2024-10-09 03:37:21.613,1faee2f7-c63f-4074-b6aa-21c016ee777f.source_info.json,1.2863191,7542.4097,397.77994,10055,VfS0qUERdZ,com.sec.android.app.shealth,0,1faee2f7-c63f-4074-b6aa-21c016ee777f.achievement.json,1faee2f7-c63f-4074-b6aa-21c016ee777f,1728432000000,
62720090,10055,d71801cf-8a16-4215-b488-b524b13f145f.binning_data.json,5863560,6000,62720090,0,2024-10-09 18:30:04.521,com.sec.android.app.shealth,2024-10-09 18:30:04.521,,1.2863191,7542.4097,397.77994,10055,US7nt0+2+q,com.sec.android.app.shealth,0,d71801cf-8a16-4215-b488-b524b13f145f.achievement.json,d71801cf-8a16-4215-b488-b524b13f145f,1728432000000,
62720090,6763,9c6887d3-75c3-45ff-b83c-a1d1705d4173.binning_data.json,3825074,6000,62720090,246,2024-10-10 18:11:26.935,com.sec.android.app.shealth,2024-10-09 18:55:40.822,9c6887d3-75c3-45ff-b83c-a1d1705d4173.source_info.json,1.3567973,5189.85,275.68997,6517,VfS0qUERdZ,com.sec.android.app.shealth,0,9c6887d3-75c3-45ff-b83c-a1d1705d4173.achievement.json,9c6887d3-75c3-45ff-b83c-a1d1705d4173,1728518400000,
62720090,6763,3dda8650-ce14-499e-9af5-01e37fb601da.binning_data.json,3825074,6000,62720090,246,2024-10-10 18:30:05.384,com.sec.android.app.shealth,2024-10-10 18:30:05.384,,1.3567973,5189.85,275.68997,6517,US7nt0+2+q,com.sec.android.app.shealth,0,3dda8650-ce14-499e-9af5-01e37fb601da.achievement.json,3dda8650-ce14-499e-9af5-01e37fb601da,1728518400000,
62720090,6892,50f35b52-4033-4d70-aac5-8618937e2fc7.binning_data.json,3704621,6000,62720090,4,2024-10-11 18:03:11.922,com.sec.android.app.shealth,2024-10-10 19:13:50.122,50f35b52-4033-4d70-aac5-8618937e2fc7.source_info.json,1.4369619,5323.4,265.49,6888,VfS0qUERdZ,com.sec.android.app.shealth,0,50f35b52-4033-4d70-aac5-8618937e2fc7.achievement.json,50f35b52-4033-4d70-aac5-8618937e2fc7,1728604800000,
62720090,6892,d3c57a91-2ee3-40ec-9cef-9bb233356866.binning_data.json,3704621,6000,62720090,4,2024-10-11 18:30:03.474,com.sec.android.app.shealth,2024-10-11 18:30:03.474,,1.4369619,5323.4,265.49,6888,US7nt0+2+q,com.sec.android.app.shealth,0,d3c57a91-2ee3-40ec-9cef-9bb233356866.achievement.json,d3c57a91-2ee3-40ec-9cef-9bb233356866,1728604800000,
62720090,2483,d41be540-6166-4c2e-ac5d-7d648e31f824.binning_data.json,1496144,6000,62720090,1,2024-10-12 18:20:51.705,com.sec.android.app.shealth,2024-10-11 18:55:50.428,d41be540-6166-4c2e-ac5d-7d648e31f824.source_info.json,1.241137,1856.9199,94.58,2482,VfS0qUERdZ,com.sec.android.app.shealth,0,d41be540-6166-4c2e-ac5d-7d648e31f824.achievement.json,d41be540-6166-4c2e-ac5d-7d648e31f824,1728691200000,
62720090,2483,2e6e5a62-1f48-4958-98a3-4c553c0d4397.binning_data.json,1496144,6000,62720090,1,2024-10-12 18:30:04.155,com.sec.android.app.shealth,2024-10-12 18:30:04.155,,1.241137,1856.9199,94.58,2482,US7nt0+2+q,com.sec.android.app.shealth,0,2e6e5a62-1f48-4958-98a3-4c553c0d4397.achievement.json,2e6e5a62-1f48-4958-98a3-4c553c0d4397,1728691200000,
62720090,1917,5c6fe03b-9986-4e46-8f19-fced7e1d111c.binning_data.json,1170124,6000,62720090,2,2024-10-13 17:35:03.238,com.sec.android.app.shealth,2024-10-13 04:43:58.197,5c6fe03b-9986-4e46-8f19-fced7e1d111c.source_info.json,1.2195368,1427.01,71.98,1915,VfS0qUERdZ,com.sec.android.app.shealth,0,5c6fe03b-9986-4e46-8f19-fced7e1d111c.achievement.json,5c6fe03b-9986-4e46-8f19-fced7e1d111c,1728777600000,
62720090,1917,3d3240e3-7461-4789-a938-8ecd26d245e0.binning_data.json,1170124,6000,62720090,2,2024-10-13 18:30:04.319,com.sec.android.app.shealth,2024-10-13 18:30:04.319,,1.2195368,1427.01,71.98,1915,US7nt0+2+q,com.sec.android.app.shealth,0,3d3240e3-7461-4789-a938-8ecd26d245e0.achievement.json,3d3240e3-7461-4789-a938-8ecd26d245e0,1728777600000,
62720090,6673,edf6eefc-a0a9-4bf5-8a39-f5ad75ecf5d6.binning_data.json,3952286,6000,62720090,0,2024-10-14 17:21:22.836,com.sec.android.app.shealth,2024-10-13 21:23:11.859,edf6eefc-a0a9-4bf5-8a39-f5ad75ecf5d6.source_info.json,1.2628766,4991.25,263.77,6673,VfS0qUERdZ,com.sec.android.app.shealth,0,edf6eefc-a0a9-4bf5-8a39-f5ad75ecf5d6.achievement.json,edf6eefc-a0a9-4bf5-8a39-f5ad75ecf5d6,1728864000000,
62720090,6673,f5a74030-4aa4-4b39-b93f-0a6ab0849253.binning_data.json,3952286,6000,62720090,0,2024-10-14 18:30:03.706,com.sec.android.app.shealth,2024-10-14 18:30:03.706,,1.2628766,4991.25,263.77,6673,US7nt0+2+q,com.sec.android.app.shealth,0,f5a74030-4aa4-4b39-b93f-0a6ab0849253.achievement.json,f5a74030-4aa4-4b39-b93f-0a6ab0849253,1728864000000,
62720090,8738,f23cb635-0e6c-44ab-ac5e-950c361e47aa.binning_data.json,5255703,6000,62720090,8,2024-10-16 18:30:07.587,com.sec.android.app.shealth,2024-10-15 02:48:09.384,f23cb635-0e6c-44ab-ac5e-950c361e47aa.source_info.json,1.2403098,6518.7,343.49997,8730,VfS0qUERdZ,com.sec.android.app.shealth,0,f23cb635-0e6c-44ab-ac5e-950c361e47aa.achievement.json,f23cb635-0e6c-44ab-ac5e-950c361e47aa,1728950400000,
62720090,8738,fb6f754f-958b-41ea-906e-5b456c4dc9b9.binning_data.json,5255703,6000,62720090,8,2024-10-15 18:30:43.738,com.sec.android.app.shealth,2024-10-15 18:30:17.547,,1.2403098,6518.7,343.49997,8730,US7nt0+2+q,com.sec.android.app.shealth,0,fb6f754f-958b-41ea-906e-5b456c4dc9b9.achievement.json,fb6f754f-958b-41ea-906e-5b456c4dc9b9,1728950400000,
62720090,5013,d3395671-972c-43b2-bc84-d5c9c739c328.binning_data.json,3014715,6000,62720090,19,2024-10-16 16:26:25.389,com.sec.android.app.shealth,2024-10-15 19:35:58.044,d3395671-972c-43b2-bc84-d5c9c739c328.source_info.json,1.2474444,3760.69,195.56999,4994,VfS0qUERdZ,com.sec.android.app.shealth,0,d3395671-972c-43b2-bc84-d5c9c739c328.achievement.json,d3395671-972c-43b2-bc84-d5c9c739c328,1729036800000,
62720090,5013,61341b16-3224-474a-88f7-789bfa7b8782.binning_data.json,3014715,6000,62720090,19,2024-10-16 18:30:06.534,com.sec.android.app.shealth,2024-10-16 18:30:06.534,,1.2474444,3760.69,195.56999,4994,US7nt0+2+q,com.sec.android.app.shealth,0,61341b16-3224-474a-88f7-789bfa7b8782.achievement.json,61341b16-3224-474a-88f7-789bfa7b8782,1729036800000,
62720090,5150,8573e7ad-a71f-46db-adde-f77425b7728a.binning_data.json,3035664,6000,62720090,12,2024-10-17 17:56:49.426,com.sec.android.app.shealth,2024-10-16 18:32:23.893,8573e7ad-a71f-46db-adde-f77425b7728a.source_info.json,1.283393,3895.95,201.04,5138,VfS0qUERdZ,com.sec.android.app.shealth,0,8573e7ad-a71f-46db-adde-f77425b7728a.achievement.json,8573e7ad-a71f-46db-adde-f77425b7728a,1729123200000,
62720090,5150,01590163-d7fa-486a-bfba-601a24e2e5f7.binning_data.json,3035664,6000,62720090,12,2024-10-17 18:30:03.029,com.sec.android.app.shealth,2024-10-17 18:30:03.029,,1.283393,3895.95,201.04,5138,US7nt0+2+q,com.sec.android.app.shealth,0,01590163-d7fa-486a-bfba-601a24e2e5f7.achievement.json,01590163-d7fa-486a-bfba-601a24e2e5f7,1729123200000,
62720090,3155,18d56251-dd41-42a0-a9c3-434089fbb396.binning_data.json,2022308,6000,62720090,0,2024-10-18 18:04:58.827,com.sec.android.app.shealth,2024-10-18 02:39:16.462,18d56251-dd41-42a0-a9c3-434089fbb396.source_info.json,1.1471643,2319.92,121.65999,3155,VfS0qUERdZ,com.sec.android.app.shealth,0,18d56251-dd41-42a0-a9c3-434089fbb396.achievement.json,18d56251-dd41-42a0-a9c3-434089fbb396,1729209600000,
62720090,3155,8160dce0-3ea2-4ceb-8570-bac52935fe6e.binning_data.json,2022308,6000,62720090,0,2024-10-18 18:30:05.454,com.sec.android.app.shealth,2024-10-18 18:30:05.454,,1.1471643,2319.92,121.65999,3155,US7nt0+2+q,com.sec.android.app.shealth,0,8160dce0-3ea2-4ceb-8570-bac52935fe6e.achievement.json,8160dce0-3ea2-4ceb-8570-bac52935fe6e,1729209600000,
62720090,5528,42d215a5-b08b-4b0a-8bcb-59fdac8d30a7.binning_data.json,3176929,6000,62720090,219,2024-10-19 17:52:44.141,com.sec.android.app.shealth,2024-10-18 19:02:35.877,42d215a5-b08b-4b0a-8bcb-59fdac8d30a7.source_info.json,1.3396647,4256.02,224.24998,5309,VfS0qUERdZ,com.sec.android.app.shealth,0,42d215a5-b08b-4b0a-8bcb-59fdac8d30a7.achievement.json,42d215a5-b08b-4b0a-8bcb-59fdac8d30a7,1729296000000,
62720090,5528,676995e6-9937-4384-bf32-11dc160f6592.binning_data.json,3176929,6000,62720090,219,2024-10-19 18:30:05.123,com.sec.android.app.shealth,2024-10-19 18:30:05.123,,1.3396647,4256.02,224.24998,5309,US7nt0+2+q,com.sec.android.app.shealth,0,676995e6-9937-4384-bf32-11dc160f6592.achievement.json,676995e6-9937-4384-bf32-11dc160f6592,1729296000000,
62720090,6113,9094da44-ca4b-40dd-9144-b86bffa89a08.binning_data.json,3586396,6000,62720090,31,2024-10-20 18:28:59.927,com.sec.android.app.shealth,2024-10-20 02:35:05.391,9094da44-ca4b-40dd-9144-b86bffa89a08.source_info.json,1.2955539,4646.37,236.8,6082,VfS0qUERdZ,com.sec.android.app.shealth,0,9094da44-ca4b-40dd-9144-b86bffa89a08.achievement.json,9094da44-ca4b-40dd-9144-b86bffa89a08,1729382400000,
62720090,6113,9f87f521-6c5b-43f5-9515-fe908f91c519.binning_data.json,3586396,6000,62720090,31,2024-10-20 18:30:04.956,com.sec.android.app.shealth,2024-10-20 18:30:04.956,,1.2955539,4646.37,236.8,6082,US7nt0+2+q,com.sec.android.app.shealth,0,9f87f521-6c5b-43f5-9515-fe908f91c519.achievement.json,9f87f521-6c5b-43f5-9515-fe908f91c519,1729382400000,
62720090,8577,820c17ef-1b5f-40ec-8512-1d250cfe34ee.binning_data.json,5181945,6000,62720090,4,2024-10-21 16:49:58.788,com.sec.android.app.shealth,2024-10-20 18:33:03.851,820c17ef-1b5f-40ec-8512-1d250cfe34ee.source_info.json,1.2362094,6405.9697,335.72998,8573,VfS0qUERdZ,com.sec.android.app.shealth,0,820c17ef-1b5f-40ec-8512-1d250cfe34ee.achievement.json,820c17ef-1b5f-40ec-8512-1d250cfe34ee,1729468800000,
62720090,8577,0de5133d-a401-4d01-abe1-2f630a5da6e9.binning_data.json,5181945,6000,62720090,4,2024-10-21 18:30:06.042,com.sec.android.app.shealth,2024-10-21 18:30:06.042,,1.2362094,6405.9697,335.72998,8573,US7nt0+2+q,com.sec.android.app.shealth,0,0de5133d-a401-4d01-abe1-2f630a5da6e9.achievement.json,0de5133d-a401-4d01-abe1-2f630a5da6e9,1729468800000,
62720090,6124,c5f973a9-0f29-43bd-9f09-4f825dd82a20.binning_data.json,3625060,6000,62720090,0,2024-10-22 12:08:47.169,com.sec.android.app.shealth,2024-10-22 02:24:27.485,c5f973a9-0f29-43bd-9f09-4f825dd82a20.source_info.json,1.2604177,4569.09,242.25998,6124,VfS0qUERdZ,com.sec.android.app.shealth,0,c5f973a9-0f29-43bd-9f09-4f825dd82a20.achievement.json,c5f973a9-0f29-43bd-9f09-4f825dd82a20,1729555200000,
62720090,3937,e8017374-1d7d-4a18-a2d4-b89c502f2376.binning_data.json,2319725,6000,62720090,0,2024-10-23 15:55:01.682,com.sec.android.app.shealth,2024-10-23 02:43:44.069,e8017374-1d7d-4a18-a2d4-b89c502f2376.source_info.json,1.2690551,2943.86,155.21999,3937,VfS0qUERdZ,com.sec.android.app.shealth,0,e8017374-1d7d-4a18-a2d4-b89c502f2376.achievement.json,e8017374-1d7d-4a18-a2d4-b89c502f2376,1729641600000,
62720090,3937,0dc67166-5c6d-4122-9567-2f4d51497ffd.binning_data.json,2319725,6000,62720090,0,2024-10-23 18:30:05.262,com.sec.android.app.shealth,2024-10-23 18:30:05.262,,1.2690551,2943.86,155.21999,3937,US7nt0+2+q,com.sec.android.app.shealth,0,0dc67166-5c6d-4122-9567-2f4d51497ffd.achievement.json,0dc67166-5c6d-4122-9567-2f4d51497ffd,1729641600000,
62720090,6301,ef3fed9a-42ee-41cb-8adc-0ad5b6bd6672.binning_data.json,3612177,6000,62810050,1,2024-10-24 15:56:53.185,com.sec.android.app.shealth,2024-10-24 02:55:01.593,ef3fed9a-42ee-41cb-8adc-0ad5b6bd6672.source_info.json,1.3115469,4737.54,249.27998,6300,VfS0qUERdZ,com.sec.android.app.shealth,0,ef3fed9a-42ee-41cb-8adc-0ad5b6bd6672.achievement.json,ef3fed9a-42ee-41cb-8adc-0ad5b6bd6672,1729728000000,
62810050,6301,b8c47ad7-9b6c-40d9-886f-139a6104fb5f.binning_data.json,3612177,6000,62810050,1,2024-10-24 18:30:03.128,com.sec.android.app.shealth,2024-10-24 10:32:37.832,,1.3115469,4737.54,249.27998,6300,US7nt0+2+q,com.sec.android.app.shealth,0,b8c47ad7-9b6c-40d9-886f-139a6104fb5f.achievement.json,b8c47ad7-9b6c-40d9-886f-139a6104fb5f,1729728000000,
62810050,7923,b8ee4911-6737-46f9-bcef-b943d0a18879.binning_data.json,4573603,6000,62810050,49,2024-10-25 16:23:12.336,com.sec.android.app.shealth,2024-10-25 02:12:32.169,b8ee4911-6737-46f9-bcef-b943d0a18879.source_info.json,1.3271308,6069.77,321.31995,7874,VfS0qUERdZ,com.sec.android.app.shealth,0,b8ee4911-6737-46f9-bcef-b943d0a18879.achievement.json,b8ee4911-6737-46f9-bcef-b943d0a18879,1729814400000,
62810050,7923,e1d73858-8374-4559-825b-111470a02265.binning_data.json,4573603,6000,62810050,49,2024-10-25 18:30:04.054,com.sec.android.app.shealth,2024-10-25 18:30:04.054,,1.3271308,6069.77,321.31995,7874,US7nt0+2+q,com.sec.android.app.shealth,0,e1d73858-8374-4559-825b-111470a02265.achievement.json,e1d73858-8374-4559-825b-111470a02265,1729814400000,
62810050,2306,3fda8267-814a-4c2f-90e8-a7627a1306c4.binning_data.json,1238752,6000,62810050,0,2024-10-26 18:20:30.862,com.sec.android.app.shealth,2024-10-26 03:22:22.266,3fda8267-814a-4c2f-90e8-a7627a1306c4.source_info.json,1.4236253,1763.52,90.819984,2306,VfS0qUERdZ,com.sec.android.app.shealth,0,3fda8267-814a-4c2f-90e8-a7627a1306c4.achievement.json,3fda8267-814a-4c2f-90e8-a7627a1306c4,1729900800000,
62810050,2306,90e2f005-3fac-4e54-b437-a6be16a76887.binning_data.json,1238752,6000,62810050,0,2024-10-26 18:30:05.577,com.sec.android.app.shealth,2024-10-26 18:30:05.577,,1.4236253,1763.52,90.819984,2306,US7nt0+2+q,com.sec.android.app.shealth,0,90e2f005-3fac-4e54-b437-a6be16a76887.achievement.json,90e2f005-3fac-4e54-b437-a6be16a76887,1729900800000,
62810050,722,95ec1ace-28cd-46ad-8cb1-0a35b84cd55c.binning_data.json,404567,6000,62810050,0,2024-10-27 15:40:15.112,com.sec.android.app.shealth,2024-10-27 04:07:31.279,95ec1ace-28cd-46ad-8cb1-0a35b84cd55c.source_info.json,1.3535705,547.61,28.05,722,VfS0qUERdZ,com.sec.android.app.shealth,0,95ec1ace-28cd-46ad-8cb1-0a35b84cd55c.achievement.json,95ec1ace-28cd-46ad-8cb1-0a35b84cd55c,1729987200000,
62810050,722,241a1dd7-aa04-496f-a5df-9b19001568f2.binning_data.json,404567,6000,62810050,0,2024-10-27 18:30:03.170,com.sec.android.app.shealth,2024-10-27 18:30:03.170,,1.3535705,547.61,28.05,722,US7nt0+2+q,com.sec.android.app.shealth,0,241a1dd7-aa04-496f-a5df-9b19001568f2.achievement.json,241a1dd7-aa04-496f-a5df-9b19001568f2,1729987200000,
62810050,4851,5decdadb-6f7a-4cf8-a162-657564cd33ec.binning_data.json,2860591,6000,62810050,0,2024-10-28 18:30:06.376,com.sec.android.app.shealth,2024-10-28 03:14:13.266,5decdadb-6f7a-4cf8-a162-657564cd33ec.source_info.json,1.2679232,3627.01,190.96999,4851,VfS0qUERdZ,com.sec.android.app.shealth,0,5decdadb-6f7a-4cf8-a162-657564cd33ec.achievement.json,5decdadb-6f7a-4cf8-a162-657564cd33ec,1730073600000,
62810050,4851,b259c90f-8738-4593-8174-b23e1fd1b9c3.binning_data.json,2860591,6000,62810050,0,2024-10-28 18:30:03.835,com.sec.android.app.shealth,2024-10-28 18:30:03.835,,1.2679232,3627.01,190.96999,4851,US7nt0+2+q,com.sec.android.app.shealth,0,b259c90f-8738-4593-8174-b23e1fd1b9c3.achievement.json,b259c90f-8738-4593-8174-b23e1fd1b9c3,1730073600000,
62810050,5879,2315667a-5ca8-4a33-b5d3-0cd5eb91dd87.binning_data.json,3444384,6000,62810050,3,2024-10-29 18:18:48.753,com.sec.android.app.shealth,2024-10-28 19:35:08.693,2315667a-5ca8-4a33-b5d3-0cd5eb91dd87.source_info.json,1.2818168,4415.0703,232.15996,5876,VfS0qUERdZ,com.sec.android.app.shealth,0,2315667a-5ca8-4a33-b5d3-0cd5eb91dd87.achievement.json,2315667a-5ca8-4a33-b5d3-0cd5eb91dd87,1730160000000,
62810050,5879,4ec4177a-75c7-40ff-b4f8-daf6e5eab3fb.binning_data.json,3444384,6000,62810050,3,2024-10-29 18:30:04.446,com.sec.android.app.shealth,2024-10-29 18:30:04.446,,1.2818168,4415.0703,232.15996,5876,US7nt0+2+q,com.sec.android.app.shealth,0,4ec4177a-75c7-40ff-b4f8-daf6e5eab3fb.achievement.json,4ec4177a-75c7-40ff-b4f8-daf6e5eab3fb,1730160000000,
62810050,5769,9ad5ab95-0860-45da-8e7f-c8f2794a02cb.binning_data.json,3339019,6000,62810050,0,2024-10-30 18:29:55.670,com.sec.android.app.shealth,2024-10-30 02:57:24.599,9ad5ab95-0860-45da-8e7f-c8f2794a02cb.source_info.json,1.2973092,4331.74,227.24998,5769,VfS0qUERdZ,com.sec.android.app.shealth,0,9ad5ab95-0860-45da-8e7f-c8f2794a02cb.achievement.json,9ad5ab95-0860-45da-8e7f-c8f2794a02cb,1730246400000,
62810050,5769,05bb2704-83a0-48d6-8680-6ec02d52101d.binning_data.json,3339019,6000,62810050,0,2024-10-30 18:30:04.305,com.sec.android.app.shealth,2024-10-30 18:30:04.305,,1.2973092,4331.74,227.24998,5769,US7nt0+2+q,com.sec.android.app.shealth,0,05bb2704-83a0-48d6-8680-6ec02d52101d.achievement.json,05bb2704-83a0-48d6-8680-6ec02d52101d,1730246400000,
62810050,8275,1ea3a9b3-cfa2-418e-9147-6be0dfc4f8d1.binning_data.json,5002036,6000,62810050,0,2024-10-31 18:28:55.149,com.sec.android.app.shealth,2024-10-30 18:35:07.650,1ea3a9b3-cfa2-418e-9147-6be0dfc4f8d1.source_info.json,1.2331916,6168.4697,317.57,8275,VfS0qUERdZ,com.sec.android.app.shealth,0,1ea3a9b3-cfa2-418e-9147-6be0dfc4f8d1.achievement.json,1ea3a9b3-cfa2-418e-9147-6be0dfc4f8d1,1730332800000,
62810050,8275,91486c40-7acc-49d0-832d-41ce7f550522.binning_data.json,5002036,6000,62810050,0,2024-10-31 18:30:01.279,com.sec.android.app.shealth,2024-10-31 18:30:01.279,,1.2331916,6168.4697,317.57,8275,US7nt0+2+q,com.sec.android.app.shealth,0,91486c40-7acc-49d0-832d-41ce7f550522.achievement.json,91486c40-7acc-49d0-832d-41ce7f550522,1730332800000,
62810050,7356,01800b1f-c41b-4798-84fa-c7ac262549f0.binning_data.json,4372551,6000,62810050,11,2024-11-01 18:21:36.482,com.sec.android.app.shealth,2024-11-01 01:32:41.009,01800b1f-c41b-4798-84fa-c7ac262549f0.source_info.json,1.2632279,5523.53,282.13998,7345,VfS0qUERdZ,com.sec.android.app.shealth,0,01800b1f-c41b-4798-84fa-c7ac262549f0.achievement.json,01800b1f-c41b-4798-84fa-c7ac262549f0,1730419200000,
62810050,7356,3b10913c-ef70-4ed2-b7a7-6884c1f7d797.binning_data.json,4372551,6000,62810050,11,2024-11-01 18:30:05.558,com.sec.android.app.shealth,2024-11-01 18:30:05.558,,1.2632279,5523.53,282.13998,7345,US7nt0+2+q,com.sec.android.app.shealth,0,3b10913c-ef70-4ed2-b7a7-6884c1f7d797.achievement.json,3b10913c-ef70-4ed2-b7a7-6884c1f7d797,1730419200000,
62810050,4638,d5de10a9-18d7-4099-b838-6dcfc535ac9c.binning_data.json,2742713,6000,62810050,27,2024-11-02 18:14:25.665,com.sec.android.app.shealth,2024-11-02 02:19:57.240,d5de10a9-18d7-4099-b838-6dcfc535ac9c.source_info.json,1.2870759,3530.08,181.35,4611,VfS0qUERdZ,com.sec.android.app.shealth,0,d5de10a9-18d7-4099-b838-6dcfc535ac9c.achievement.json,d5de10a9-18d7-4099-b838-6dcfc535ac9c,1730505600000,
62810050,4638,1840866b-54f9-4347-9fd5-2722c41d7ff9.binning_data.json,2742713,6000,62810050,27,2024-11-02 18:30:08.883,com.sec.android.app.shealth,2024-11-02 18:30:08.883,,1.2870759,3530.08,181.35,4611,US7nt0+2+q,com.sec.android.app.shealth,0,1840866b-54f9-4347-9fd5-2722c41d7ff9.achievement.json,1840866b-54f9-4347-9fd5-2722c41d7ff9,1730505600000,
62810050,3461,a75100aa-99fe-44cd-8a0f-4f74c9e84195.binning_data.json,1927751,6000,62810050,20,2024-11-04 18:30:08.560,com.sec.android.app.shealth,2024-11-02 19:23:29.358,a75100aa-99fe-44cd-8a0f-4f74c9e84195.source_info.json,1.3710897,2643.1199,132.93,3441,VfS0qUERdZ,com.sec.android.app.shealth,0,a75100aa-99fe-44cd-8a0f-4f74c9e84195.achievement.json,a75100aa-99fe-44cd-8a0f-4f74c9e84195,1730592000000,
62810050,3461,f8fb5eea-e6b6-4d6d-a7fe-e34c4bfae204.binning_data.json,1927751,6000,62810050,20,2024-11-03 18:36:05.439,com.sec.android.app.shealth,2024-11-03 18:30:04.729,,1.3710897,2643.1199,132.93,3441,US7nt0+2+q,com.sec.android.app.shealth,0,f8fb5eea-e6b6-4d6d-a7fe-e34c4bfae204.achievement.json,f8fb5eea-e6b6-4d6d-a7fe-e34c4bfae204,1730592000000,
62810050,5173,fd343a0d-b852-459d-b832-e4a8cce8e5b9.binning_data.json,3120835,6000,62810050,0,2024-11-04 18:28:21.890,com.sec.android.app.shealth,2024-11-03 18:35:52.790,fd343a0d-b852-459d-b832-e4a8cce8e5b9.source_info.json,1.2341342,3851.53,198.73,5173,VfS0qUERdZ,com.sec.android.app.shealth,0,fd343a0d-b852-459d-b832-e4a8cce8e5b9.achievement.json,fd343a0d-b852-459d-b832-e4a8cce8e5b9,1730678400000,
62810050,5173,7d74386a-45cf-4ce9-95e2-afe517e3137b.binning_data.json,3120835,6000,62810050,0,2024-11-04 18:30:05.328,com.sec.android.app.shealth,2024-11-03 18:36:05.430,,1.2341342,3851.53,198.73,5173,US7nt0+2+q,com.sec.android.app.shealth,0,7d74386a-45cf-4ce9-95e2-afe517e3137b.achievement.json,7d74386a-45cf-4ce9-95e2-afe517e3137b,1730678400000,
62810050,3954,22429345-b90f-4a80-a3b6-f56952a36f98.binning_data.json,2378374,6000,62810050,0,2024-11-05 14:41:55.276,com.sec.android.app.shealth,2024-11-05 01:54:44.593,22429345-b90f-4a80-a3b6-f56952a36f98.source_info.json,1.2395732,2948.1702,156.45999,3954,VfS0qUERdZ,com.sec.android.app.shealth,0,22429345-b90f-4a80-a3b6-f56952a36f98.achievement.json,22429345-b90f-4a80-a3b6-f56952a36f98,1730764800000,
62810050,3954,55d01de5-7968-47d9-ad8a-49319ea1937f.binning_data.json,2378374,6000,62810050,0,2024-11-05 18:30:04.938,com.sec.android.app.shealth,2024-11-05 18:30:04.938,,1.2395732,2948.1702,156.45999,3954,US7nt0+2+q,com.sec.android.app.shealth,0,55d01de5-7968-47d9-ad8a-49319ea1937f.achievement.json,55d01de5-7968-47d9-ad8a-49319ea1937f,1730764800000,
62810050,352,f0511063-e4ee-4451-bd48-58f01fa6eab7.binning_data.json,189607,6000,62810050,9,2024-11-06 15:55:02.406,com.sec.android.app.shealth,2024-11-06 03:27:19.783,f0511063-e4ee-4451-bd48-58f01fa6eab7.source_info.json,1.4279528,270.75003,13.659998,343,VfS0qUERdZ,com.sec.android.app.shealth,0,f0511063-e4ee-4451-bd48-58f01fa6eab7.achievement.json,f0511063-e4ee-4451-bd48-58f01fa6eab7,1730851200000,
62810050,352,a3c60e05-4d91-44fb-92e0-da1fa3b3af18.binning_data.json,189607,6000,62810050,9,2024-11-06 18:30:03.681,com.sec.android.app.shealth,2024-11-06 18:30:03.681,,1.4279528,270.75003,13.659998,343,US7nt0+2+q,com.sec.android.app.shealth,0,a3c60e05-4d91-44fb-92e0-da1fa3b3af18.achievement.json,a3c60e05-4d91-44fb-92e0-da1fa3b3af18,1730851200000,
62810050,6890,19e3eb29-33fb-493e-b412-b2263d1175d7.binning_data.json,4365207,6000,62810050,0,2024-11-07 16:08:46.728,com.sec.android.app.shealth,2024-11-07 01:07:40.700,19e3eb29-33fb-493e-b412-b2263d1175d7.source_info.json,1.1611062,5068.4697,271.35995,6890,VfS0qUERdZ,com.sec.android.app.shealth,0,19e3eb29-33fb-493e-b412-b2263d1175d7.achievement.json,19e3eb29-33fb-493e-b412-b2263d1175d7,1730937600000,
62810050,6890,b9cfcdde-7cec-4fed-8d98-3d0361403201.binning_data.json,4365207,6000,62810050,0,2024-11-07 18:30:07.431,com.sec.android.app.shealth,2024-11-07 18:30:07.431,,1.1611062,5068.4697,271.35995,6890,US7nt0+2+q,com.sec.android.app.shealth,0,b9cfcdde-7cec-4fed-8d98-3d0361403201.achievement.json,b9cfcdde-7cec-4fed-8d98-3d0361403201,1730937600000,
62810050,5324,f4245fe5-7887-47a4-8106-5def1a98f13e.binning_data.json,3020892,6000,62810050,0,2024-11-08 16:20:44.743,com.sec.android.app.shealth,2024-11-08 02:53:42.067,f4245fe5-7887-47a4-8106-5def1a98f13e.source_info.json,1.3310006,4020.8098,209.90994,5324,VfS0qUERdZ,com.sec.android.app.shealth,0,f4245fe5-7887-47a4-8106-5def1a98f13e.achievement.json,f4245fe5-7887-47a4-8106-5def1a98f13e,1731024000000,
62810050,5324,543adad4-fc10-4e08-a7cc-eda56d3d9a4d.binning_data.json,3020892,6000,62810050,0,2024-11-08 18:30:08.360,com.sec.android.app.shealth,2024-11-08 18:30:08.360,,1.3310006,4020.8098,209.90994,5324,US7nt0+2+q,com.sec.android.app.shealth,0,543adad4-fc10-4e08-a7cc-eda56d3d9a4d.achievement.json,543adad4-fc10-4e08-a7cc-eda56d3d9a4d,1731024000000,
62810050,609,4ed3b405-8607-4312-9409-09097fb66bb3.binning_data.json,360829,6000,62820030,13,2024-11-09 17:50:43.784,com.sec.android.app.shealth,2024-11-09 05:28:40.250,4ed3b405-8607-4312-9409-09097fb66bb3.source_info.json,1.2730657,459.36002,24.029999,596,VfS0qUERdZ,com.sec.android.app.shealth,0,4ed3b405-8607-4312-9409-09097fb66bb3.achievement.json,4ed3b405-8607-4312-9409-09097fb66bb3,1731110400000,
62820030,609,710fb409-4aa3-4c68-9303-729785866b5b.binning_data.json,360829,6000,62820030,13,2024-11-09 18:30:05.115,com.sec.android.app.shealth,2024-11-09 18:30:05.115,,1.2730657,459.36002,24.029999,596,US7nt0+2+q,com.sec.android.app.shealth,0,710fb409-4aa3-4c68-9303-729785866b5b.achievement.json,710fb409-4aa3-4c68-9303-729785866b5b,1731110400000,
62820030,809,07aa3739-eec2-4c10-aebf-cf8273e86819.binning_data.json,471886,6000,62820030,0,2024-11-10 18:02:28.358,com.sec.android.app.shealth,2024-11-10 03:33:08.958,07aa3739-eec2-4c10-aebf-cf8273e86819.source_info.json,1.2857739,606.74,31.009998,809,VfS0qUERdZ,com.sec.android.app.shealth,0,07aa3739-eec2-4c10-aebf-cf8273e86819.achievement.json,07aa3739-eec2-4c10-aebf-cf8273e86819,1731196800000,
62820030,809,82a51224-65ca-4c6a-872e-0ffd9dbdc592.binning_data.json,471886,6000,62820030,0,2024-11-10 18:30:00.808,com.sec.android.app.shealth,2024-11-10 18:30:00.808,,1.2857739,606.74,31.009998,809,US7nt0+2+q,com.sec.android.app.shealth,0,82a51224-65ca-4c6a-872e-0ffd9dbdc592.achievement.json,82a51224-65ca-4c6a-872e-0ffd9dbdc592,1731196800000,
62820030,9034,34d04657-f12d-4ff8-b40d-646bf327072d.binning_data.json,5231987,6000,62820030,0,2024-11-11 16:45:47.611,com.sec.android.app.shealth,2024-11-11 02:26:46.642,34d04657-f12d-4ff8-b40d-646bf327072d.source_info.json,1.2977039,6789.57,357.17993,9034,VfS0qUERdZ,com.sec.android.app.shealth,0,34d04657-f12d-4ff8-b40d-646bf327072d.achievement.json,34d04657-f12d-4ff8-b40d-646bf327072d,1731283200000,
62820030,9034,5ad09de4-8a66-47ba-bbb4-ebc8e833fb82.binning_data.json,5231987,6000,62820030,0,2024-11-11 18:30:06.340,com.sec.android.app.shealth,2024-11-11 18:30:06.340,,1.2977039,6789.57,357.17993,9034,US7nt0+2+q,com.sec.android.app.shealth,0,5ad09de4-8a66-47ba-bbb4-ebc8e833fb82.achievement.json,5ad09de4-8a66-47ba-bbb4-ebc8e833fb82,1731283200000,
62820030,2919,04663e48-1c06-4bf4-825d-8cf1c63f68c3.binning_data.json,1676290,6000,62820030,0,2024-11-12 18:30:05.731,com.sec.android.app.shealth,2024-11-12 01:47:28.632,04663e48-1c06-4bf4-825d-8cf1c63f68c3.source_info.json,1.3125589,2200.23,115.88998,2919,VfS0qUERdZ,com.sec.android.app.shealth,0,04663e48-1c06-4bf4-825d-8cf1c63f68c3.achievement.json,04663e48-1c06-4bf4-825d-8cf1c63f68c3,1731369600000,
62820030,2919,9114f032-2d64-4560-83a7-46bb23422df5.binning_data.json,1676290,6000,62820030,0,2024-11-12 18:30:03.002,com.sec.android.app.shealth,2024-11-12 18:30:03.002,,1.3125589,2200.23,115.88998,2919,US7nt0+2+q,com.sec.android.app.shealth,0,9114f032-2d64-4560-83a7-46bb23422df5.achievement.json,9114f032-2d64-4560-83a7-46bb23422df5,1731369600000,
62820030,5290,3ad375d1-5ce6-4673-ab27-6c3f3fad5874.binning_data.json,3186117,6000,62820030,0,2024-11-13 13:44:49.755,com.sec.android.app.shealth,2024-11-13 02:40:36.048,3ad375d1-5ce6-4673-ab27-6c3f3fad5874.source_info.json,1.2365834,3939.9,208.94998,5290,VfS0qUERdZ,com.sec.android.app.shealth,0,3ad375d1-5ce6-4673-ab27-6c3f3fad5874.achievement.json,3ad375d1-5ce6-4673-ab27-6c3f3fad5874,1731456000000,
62820030,5290,0072fff3-5e88-4691-8650-7a445d7248ad.binning_data.json,3186117,6000,62820030,0,2024-11-13 18:30:03.232,com.sec.android.app.shealth,2024-11-13 18:30:03.232,,1.2365834,3939.9,208.94998,5290,US7nt0+2+q,com.sec.android.app.shealth,0,0072fff3-5e88-4691-8650-7a445d7248ad.achievement.json,0072fff3-5e88-4691-8650-7a445d7248ad,1731456000000,
62820030,16188,c35e19e5-b736-411c-bff7-f32251fa4c1c.binning_data.json,9459635,6000,62820030,0,2024-11-14 16:50:29.139,com.sec.android.app.shealth,2024-11-13 23:38:56.803,c35e19e5-b736-411c-bff7-f32251fa4c1c.source_info.json,1.2817659,12125.04,643.2899,16188,VfS0qUERdZ,com.sec.android.app.shealth,0,c35e19e5-b736-411c-bff7-f32251fa4c1c.achievement.json,c35e19e5-b736-411c-bff7-f32251fa4c1c,1731542400000,
62820030,16188,088a9734-b280-4e24-b4b9-3cb36d72b63c.binning_data.json,9459635,6000,62820030,0,2024-11-14 18:30:08.513,com.sec.android.app.shealth,2024-11-14 18:30:08.513,,1.2817659,12125.04,643.2899,16188,US7nt0+2+q,com.sec.android.app.shealth,0,088a9734-b280-4e24-b4b9-3cb36d72b63c.achievement.json,088a9734-b280-4e24-b4b9-3cb36d72b63c,1731542400000,
62820030,498,6c8aa6c8-60e2-40f0-992c-d176a834e211.binning_data.json,286301,6000,62820030,0,2024-11-15 17:52:09.424,com.sec.android.app.shealth,2024-11-14 23:44:51.946,6c8aa6c8-60e2-40f0-992c-d176a834e211.source_info.json,1.3087958,374.71002,19.119999,498,VfS0qUERdZ,com.sec.android.app.shealth,0,6c8aa6c8-60e2-40f0-992c-d176a834e211.achievement.json,6c8aa6c8-60e2-40f0-992c-d176a834e211,1731628800000,
62820030,498,b045fe0f-7f30-45e9-bc98-c4523b8760f7.binning_data.json,286301,6000,62820030,0,2024-11-15 18:30:05.837,com.sec.android.app.shealth,2024-11-15 18:30:05.837,,1.3087958,374.71002,19.119999,498,US7nt0+2+q,com.sec.android.app.shealth,0,b045fe0f-7f30-45e9-bc98-c4523b8760f7.achievement.json,b045fe0f-7f30-45e9-bc98-c4523b8760f7,1731628800000,
62820030,6430,c1f639ec-d30f-48d8-a8f7-b1dc3807d4d0.binning_data.json,3795099,6000,62820030,28,2024-11-16 18:14:23.510,com.sec.android.app.shealth,2024-11-16 03:42:59.179,c1f639ec-d30f-48d8-a8f7-b1dc3807d4d0.source_info.json,1.271329,4824.82,252.70996,6402,VfS0qUERdZ,com.sec.android.app.shealth,0,c1f639ec-d30f-48d8-a8f7-b1dc3807d4d0.achievement.json,c1f639ec-d30f-48d8-a8f7-b1dc3807d4d0,1731715200000,
62820030,6430,eb940902-5b06-48fa-8097-7240b209f26d.binning_data.json,3795099,6000,62820030,28,2024-11-16 18:30:05.445,com.sec.android.app.shealth,2024-11-16 18:30:05.445,,1.271329,4824.82,252.70996,6402,US7nt0+2+q,com.sec.android.app.shealth,0,eb940902-5b06-48fa-8097-7240b209f26d.achievement.json,eb940902-5b06-48fa-8097-7240b209f26d,1731715200000,
62820030,18587,62da6c24-c6cd-499a-a98c-8da2e168eaa2.binning_data.json,11320294,6000,62820030,8,2024-11-17 18:16:46.926,com.sec.android.app.shealth,2024-11-16 23:11:20.219,62da6c24-c6cd-499a-a98c-8da2e168eaa2.source_info.json,1.2196441,13806.73,732.18994,18579,VfS0qUERdZ,com.sec.android.app.shealth,0,62da6c24-c6cd-499a-a98c-8da2e168eaa2.achievement.json,62da6c24-c6cd-499a-a98c-8da2e168eaa2,1731801600000,
62820030,18587,0357f8c4-d2f4-4eb9-a033-dedff1d63cc8.binning_data.json,11320294,6000,62820030,8,2024-11-17 18:30:04.967,com.sec.android.app.shealth,2024-11-17 18:30:04.967,,1.2196441,13806.73,732.18994,18579,US7nt0+2+q,com.sec.android.app.shealth,0,0357f8c4-d2f4-4eb9-a033-dedff1d63cc8.achievement.json,0357f8c4-d2f4-4eb9-a033-dedff1d63cc8,1731801600000,
62820030,2791,387866ab-da76-4024-86ce-5a1e2071d8bf.binning_data.json,1540862,6000,62820030,0,2024-11-18 15:19:30.818,com.sec.android.app.shealth,2024-11-17 18:37:24.489,387866ab-da76-4024-86ce-5a1e2071d8bf.source_info.json,1.3747888,2118.3599,110.04999,2791,VfS0qUERdZ,com.sec.android.app.shealth,0,387866ab-da76-4024-86ce-5a1e2071d8bf.achievement.json,387866ab-da76-4024-86ce-5a1e2071d8bf,1731888000000,
62820030,2791,ff14a1c9-fb23-4983-a05d-6f640cf59f5a.binning_data.json,1540862,6000,62820030,0,2024-11-18 18:30:05.238,com.sec.android.app.shealth,2024-11-18 18:30:05.238,,1.3747888,2118.3599,110.04999,2791,US7nt0+2+q,com.sec.android.app.shealth,0,ff14a1c9-fb23-4983-a05d-6f640cf59f5a.achievement.json,ff14a1c9-fb23-4983-a05d-6f640cf59f5a,1731888000000,
62820030,3586,e871bc65-9b8f-4fef-910a-496f65ebbe60.binning_data.json,2126110,6000,62820030,0,2024-11-19 05:27:10.691,com.sec.android.app.shealth,2024-11-18 22:42:47.383,e871bc65-9b8f-4fef-910a-496f65ebbe60.source_info.json,1.2584668,2675.64,141.11998,3586,VfS0qUERdZ,com.sec.android.app.shealth,0,e871bc65-9b8f-4fef-910a-496f65ebbe60.achievement.json,e871bc65-9b8f-4fef-910a-496f65ebbe60,1731974400000,
62820030,3586,49126dad-b7e5-4def-8eb9-7cb2e89d7a0a.binning_data.json,2126110,6000,62820030,0,2024-11-19 18:30:05.132,com.sec.android.app.shealth,2024-11-19 18:30:05.132,,1.2584668,2675.64,141.11998,3586,US7nt0+2+q,com.sec.android.app.shealth,0,49126dad-b7e5-4def-8eb9-7cb2e89d7a0a.achievement.json,49126dad-b7e5-4def-8eb9-7cb2e89d7a0a,1731974400000,
62820030,14167,8a5e439f-4c8c-4eef-96d6-2fc3bbfae5f4.binning_data.json,8501510,6000,62820030,179,2024-11-20 17:58:28.765,com.sec.android.app.shealth,2024-11-20 02:19:16.469,8a5e439f-4c8c-4eef-96d6-2fc3bbfae5f4.source_info.json,1.2490356,10618.69,563.42993,13988,VfS0qUERdZ,com.sec.android.app.shealth,0,8a5e439f-4c8c-4eef-96d6-2fc3bbfae5f4.achievement.json,8a5e439f-4c8c-4eef-96d6-2fc3bbfae5f4,1732060800000,
62820030,14167,70eca6ee-5c60-4f39-b8d8-5f19a3c3e50c.binning_data.json,8501510,6000,62820030,179,2024-11-20 18:30:03.259,com.sec.android.app.shealth,2024-11-20 18:30:03.259,,1.2490356,10618.69,563.42993,13988,US7nt0+2+q,com.sec.android.app.shealth,0,70eca6ee-5c60-4f39-b8d8-5f19a3c3e50c.achievement.json,70eca6ee-5c60-4f39-b8d8-5f19a3c3e50c,1732060800000,
62820030,9657,99a29f3d-100b-4f95-9bca-6ea7e0f5e478.binning_data.json,5652331,6000,62820030,0,2024-11-21 17:32:19.652,com.sec.android.app.shealth,2024-11-21 01:19:29.087,99a29f3d-100b-4f95-9bca-6ea7e0f5e478.source_info.json,1.2801495,7235.83,381.96997,9657,VfS0qUERdZ,com.sec.android.app.shealth,0,99a29f3d-100b-4f95-9bca-6ea7e0f5e478.achievement.json,99a29f3d-100b-4f95-9bca-6ea7e0f5e478,1732147200000,
62820030,9657,6935983a-51bb-4614-b115-c93c75b6b423.binning_data.json,5652331,6000,62820030,0,2024-11-21 18:30:04.776,com.sec.android.app.shealth,2024-11-21 18:30:04.776,,1.2801495,7235.83,381.96997,9657,US7nt0+2+q,com.sec.android.app.shealth,0,6935983a-51bb-4614-b115-c93c75b6b423.achievement.json,6935983a-51bb-4614-b115-c93c75b6b423,1732147200000,
62820030,13388,f6e81430-9922-4ca7-ad89-fe601c8b48a6.binning_data.json,7560173,6000,62820030,90,2024-11-22 18:30:09.961,com.sec.android.app.shealth,2024-11-22 01:44:29.990,f6e81430-9922-4ca7-ad89-fe601c8b48a6.source_info.json,1.3437933,10159.31,531.60986,13298,VfS0qUERdZ,com.sec.android.app.shealth,0,f6e81430-9922-4ca7-ad89-fe601c8b48a6.achievement.json,f6e81430-9922-4ca7-ad89-fe601c8b48a6,1732233600000,
62820030,13388,1b46ca0d-f352-498f-a3b0-1cc415b9032e.binning_data.json,7560173,6000,62820030,90,2024-11-22 18:30:05.285,com.sec.android.app.shealth,2024-11-22 18:30:05.285,,1.3437933,10159.31,531.60986,13298,US7nt0+2+q,com.sec.android.app.shealth,0,1b46ca0d-f352-498f-a3b0-1cc415b9032e.achievement.json,1b46ca0d-f352-498f-a3b0-1cc415b9032e,1732233600000,
62820030,3666,621b2ef5-e80b-4921-92c0-4e5dc82eb6b1.binning_data.json,2267216,6000,62820030,31,2024-11-23 18:19:49.657,com.sec.android.app.shealth,2024-11-22 18:44:43.584,621b2ef5-e80b-4921-92c0-4e5dc82eb6b1.source_info.json,1.214286,2753.05,141.91,3635,VfS0qUERdZ,com.sec.android.app.shealth,0,621b2ef5-e80b-4921-92c0-4e5dc82eb6b1.achievement.json,621b2ef5-e80b-4921-92c0-4e5dc82eb6b1,1732320000000,
62820030,3666,1e683bcc-0c73-413e-bd2a-239a246f4260.binning_data.json,2267216,6000,62820030,31,2024-11-23 18:30:07.311,com.sec.android.app.shealth,2024-11-23 18:30:07.311,,1.214286,2753.05,141.91,3635,US7nt0+2+q,com.sec.android.app.shealth,0,1e683bcc-0c73-413e-bd2a-239a246f4260.achievement.json,1e683bcc-0c73-413e-bd2a-239a246f4260,1732320000000,
62820030,2767,ffe09254-9346-4983-a0a0-49fb083bef4b.binning_data.json,1601473,6000,62820030,28,2024-11-24 18:30:05.154,com.sec.android.app.shealth,2024-11-24 01:28:57.233,ffe09254-9346-4983-a0a0-49fb083bef4b.source_info.json,1.3105364,2098.79,107.67,2739,VfS0qUERdZ,com.sec.android.app.shealth,0,ffe09254-9346-4983-a0a0-49fb083bef4b.achievement.json,ffe09254-9346-4983-a0a0-49fb083bef4b,1732406400000,
62820030,2767,cef62f50-f69c-4b3a-8168-8dfcc42ef1eb.binning_data.json,1601473,6000,62820030,28,2024-11-24 18:30:04.528,com.sec.android.app.shealth,2024-11-24 18:30:04.528,,1.3105364,2098.79,107.67,2739,US7nt0+2+q,com.sec.android.app.shealth,0,cef62f50-f69c-4b3a-8168-8dfcc42ef1eb.achievement.json,cef62f50-f69c-4b3a-8168-8dfcc42ef1eb,1732406400000,
62820030,2351,db4e4b20-8836-4798-804f-d3e0c859ca8f.binning_data.json,1358089,6000,62820030,3,2024-11-25 17:46:47.706,com.sec.android.app.shealth,2024-11-25 02:05:26.115,db4e4b20-8836-4798-804f-d3e0c859ca8f.source_info.json,1.3153478,1786.36,90.63,2348,VfS0qUERdZ,com.sec.android.app.shealth,0,db4e4b20-8836-4798-804f-d3e0c859ca8f.achievement.json,db4e4b20-8836-4798-804f-d3e0c859ca8f,1732492800000,
62820030,2351,debf3199-ff8e-4ab9-bc83-3496c4bfb3fb.binning_data.json,1358089,6000,62820030,3,2024-11-25 18:30:02.773,com.sec.android.app.shealth,2024-11-25 18:30:02.773,,1.3153478,1786.36,90.63,2348,US7nt0+2+q,com.sec.android.app.shealth,0,debf3199-ff8e-4ab9-bc83-3496c4bfb3fb.achievement.json,debf3199-ff8e-4ab9-bc83-3496c4bfb3fb,1732492800000,
62820030,1598,0c82ca84-06d8-4416-ad1c-e084811fcd71.binning_data.json,933837,6000,62820030,2,2024-11-26 16:22:43.748,com.sec.android.app.shealth,2024-11-26 02:19:47.149,0c82ca84-06d8-4416-ad1c-e084811fcd71.source_info.json,1.287119,1201.96,61.109997,1596,VfS0qUERdZ,com.sec.android.app.shealth,0,0c82ca84-06d8-4416-ad1c-e084811fcd71.achievement.json,0c82ca84-06d8-4416-ad1c-e084811fcd71,1732579200000,
62820030,1598,5c6d42fb-6155-447b-bf16-5de7fa86489d.binning_data.json,933837,6000,62820030,2,2024-11-26 18:30:00.881,com.sec.android.app.shealth,2024-11-26 18:30:00.881,,1.287119,1201.96,61.109997,1596,US7nt0+2+q,com.sec.android.app.shealth,0,5c6d42fb-6155-447b-bf16-5de7fa86489d.achievement.json,5c6d42fb-6155-447b-bf16-5de7fa86489d,1732579200000,
62820030,1332,f05bef2a-0e4c-4759-97f9-c8f2a87fc579.binning_data.json,795430,6000,62820030,7,2024-11-27 17:17:03.050,com.sec.android.app.shealth,2024-11-27 02:07:51.025,f05bef2a-0e4c-4759-97f9-c8f2a87fc579.source_info.json,1.2596326,1001.94995,51.829994,1325,VfS0qUERdZ,com.sec.android.app.shealth,0,f05bef2a-0e4c-4759-97f9-c8f2a87fc579.achievement.json,f05bef2a-0e4c-4759-97f9-c8f2a87fc579,1732665600000,
62820030,1332,3001d96d-f5f7-4d3e-8b4b-02687f5a1fc0.binning_data.json,795430,6000,62820030,7,2024-11-27 18:30:04.952,com.sec.android.app.shealth,2024-11-27 18:30:04.952,,1.2596326,1001.94995,51.829994,1325,US7nt0+2+q,com.sec.android.app.shealth,0,3001d96d-f5f7-4d3e-8b4b-02687f5a1fc0.achievement.json,3001d96d-f5f7-4d3e-8b4b-02687f5a1fc0,1732665600000,
62820030,3070,b66d4288-61a4-4826-a073-f5837c97582c.binning_data.json,1748992,6000,62820030,60,2024-11-28 17:30:38.447,com.sec.android.app.shealth,2024-11-28 02:03:19.778,b66d4288-61a4-4826-a073-f5837c97582c.source_info.json,1.3671529,2391.1401,124.21999,3010,VfS0qUERdZ,com.sec.android.app.shealth,0,b66d4288-61a4-4826-a073-f5837c97582c.achievement.json,b66d4288-61a4-4826-a073-f5837c97582c,1732752000000,
62820030,3070,3dc190cc-6383-4ffa-a4a9-2ec078331e02.binning_data.json,1748992,6000,62820030,60,2024-11-28 18:30:07.030,com.sec.android.app.shealth,2024-11-28 18:30:07.030,,1.3671529,2391.1401,124.21999,3010,US7nt0+2+q,com.sec.android.app.shealth,0,3dc190cc-6383-4ffa-a4a9-2ec078331e02.achievement.json,3dc190cc-6383-4ffa-a4a9-2ec078331e02,1732752000000,
62820030,2556,a3584bec-2b84-45ef-b40a-c095b98abb56.binning_data.json,1453717,6000,62820030,36,2024-11-29 17:21:25.941,com.sec.android.app.shealth,2024-11-28 19:15:22.344,a3584bec-2b84-45ef-b40a-c095b98abb56.source_info.json,1.354025,1968.37,100.75,2520,VfS0qUERdZ,com.sec.android.app.shealth,0,a3584bec-2b84-45ef-b40a-c095b98abb56.achievement.json,a3584bec-2b84-45ef-b40a-c095b98abb56,1732838400000,
62820030,2556,c8de9b8e-5472-471e-acbd-ffea115b5527.binning_data.json,1453717,6000,62820030,36,2024-11-29 18:30:05.227,com.sec.android.app.shealth,2024-11-29 18:30:05.227,,1.354025,1968.37,100.75,2520,US7nt0+2+q,com.sec.android.app.shealth,0,c8de9b8e-5472-471e-acbd-ffea115b5527.achievement.json,c8de9b8e-5472-471e-acbd-ffea115b5527,1732838400000,
62820030,1181,196562f4-b320-4861-8423-6adb2bdd9560.binning_data.json,657707,6000,62820030,14,2024-11-30 17:23:58.388,com.sec.android.app.shealth,2024-11-30 02:32:40.219,196562f4-b320-4861-8423-6adb2bdd9560.source_info.json,1.396807,918.69,47.449993,1167,VfS0qUERdZ,com.sec.android.app.shealth,0,196562f4-b320-4861-8423-6adb2bdd9560.achievement.json,196562f4-b320-4861-8423-6adb2bdd9560,1732924800000,
62820030,1181,7750eaf0-d694-4470-8f13-d6742222e0d3.binning_data.json,657707,6000,62820030,14,2024-11-30 18:30:05.000,com.sec.android.app.shealth,2024-11-30 18:30:05.000,,1.396807,918.69,47.449993,1167,US7nt0+2+q,com.sec.android.app.shealth,0,7750eaf0-d694-4470-8f13-d6742222e0d3.achievement.json,7750eaf0-d694-4470-8f13-d6742222e0d3,1732924800000,
62820030,3155,129544c3-8e8b-4d56-8af8-06db194d766d.binning_data.json,1803114,6000,62820030,33,2024-12-01 18:16:25.892,com.sec.android.app.shealth,2024-12-01 03:49:28.799,129544c3-8e8b-4d56-8af8-06db194d766d.source_info.json,1.335944,2408.86,121.82,3122,VfS0qUERdZ,com.sec.android.app.shealth,0,129544c3-8e8b-4d56-8af8-06db194d766d.achievement.json,129544c3-8e8b-4d56-8af8-06db194d766d,1733011200000,
62820030,3155,2fbcd2f4-5c9c-48fa-8718-8a7dc811d1d7.binning_data.json,1803114,6000,62820030,33,2024-12-01 18:30:05.522,com.sec.android.app.shealth,2024-12-01 18:30:05.522,,1.335944,2408.86,121.82,3122,US7nt0+2+q,com.sec.android.app.shealth,0,2fbcd2f4-5c9c-48fa-8718-8a7dc811d1d7.achievement.json,2fbcd2f4-5c9c-48fa-8718-8a7dc811d1d7,1733011200000,
62820030,4576,4c05ea5a-583f-40ad-b26e-1f4380211b6b.binning_data.json,2674756,6000,62820030,0,2024-12-02 14:59:57.590,com.sec.android.app.shealth,2024-12-01 18:35:06.596,4c05ea5a-583f-40ad-b26e-1f4380211b6b.source_info.json,1.2855303,3438.4802,179.71999,4576,VfS0qUERdZ,com.sec.android.app.shealth,0,4c05ea5a-583f-40ad-b26e-1f4380211b6b.achievement.json,4c05ea5a-583f-40ad-b26e-1f4380211b6b,1733097600000,
62820030,4576,75b48487-a6b0-46a4-b187-52072709f27b.binning_data.json,2674756,6000,62820030,0,2024-12-02 18:30:08.823,com.sec.android.app.shealth,2024-12-02 18:30:08.823,,1.2855303,3438.4802,179.71999,4576,US7nt0+2+q,com.sec.android.app.shealth,0,75b48487-a6b0-46a4-b187-52072709f27b.achievement.json,75b48487-a6b0-46a4-b187-52072709f27b,1733097600000,
62820030,3470,d2baf5de-cbb2-4f43-9308-e7e30ef0d19f.binning_data.json,2024586,6000,62820030,0,2024-12-03 17:37:19.152,com.sec.android.app.shealth,2024-12-03 01:03:21.809,d2baf5de-cbb2-4f43-9308-e7e30ef0d19f.source_info.json,1.277624,2586.66,136.06999,3470,VfS0qUERdZ,com.sec.android.app.shealth,0,d2baf5de-cbb2-4f43-9308-e7e30ef0d19f.achievement.json,d2baf5de-cbb2-4f43-9308-e7e30ef0d19f,1733184000000,
62820030,3470,8a5e5bd7-d96a-471d-8388-c96911e31d5b.binning_data.json,2024586,6000,62820030,0,2024-12-03 18:30:04.819,com.sec.android.app.shealth,2024-12-03 18:30:04.819,,1.277624,2586.66,136.06999,3470,US7nt0+2+q,com.sec.android.app.shealth,0,8a5e5bd7-d96a-471d-8388-c96911e31d5b.achievement.json,8a5e5bd7-d96a-471d-8388-c96911e31d5b,1733184000000,
62820030,4582,8e46a86d-c531-4fed-82cf-6f2f4f648c3e.binning_data.json,2757850,6000,62820030,0,2024-12-04 16:03:58.208,com.sec.android.app.shealth,2024-12-03 19:21:51.305,8e46a86d-c531-4fed-82cf-6f2f4f648c3e.source_info.json,1.238972,3416.9,180.57999,4582,VfS0qUERdZ,com.sec.android.app.shealth,0,8e46a86d-c531-4fed-82cf-6f2f4f648c3e.achievement.json,8e46a86d-c531-4fed-82cf-6f2f4f648c3e,1733270400000,
62820030,4582,6978dec0-56f4-4208-81b9-855f83c322b7.binning_data.json,2757850,6000,62820030,0,2024-12-04 18:30:04.430,com.sec.android.app.shealth,2024-12-04 18:30:04.430,,1.238972,3416.9,180.57999,4582,US7nt0+2+q,com.sec.android.app.shealth,0,6978dec0-56f4-4208-81b9-855f83c322b7.achievement.json,6978dec0-56f4-4208-81b9-855f83c322b7,1733270400000,
62820030,5620,739eef33-6f13-4fd0-898a-78d396933357.binning_data.json,3374924,6000,62820030,0,2024-12-05 18:30:05.081,com.sec.android.app.shealth,2024-12-05 02:25:24.163,739eef33-6f13-4fd0-898a-78d396933357.source_info.json,1.2424366,4193.13,221.60994,5620,VfS0qUERdZ,com.sec.android.app.shealth,0,739eef33-6f13-4fd0-898a-78d396933357.achievement.json,739eef33-6f13-4fd0-898a-78d396933357,1733356800000,
62820030,5620,71b8757f-a2d3-42a4-b3d2-c3d4d0d0472b.binning_data.json,3374924,6000,62820030,0,2024-12-05 18:30:04.160,com.sec.android.app.shealth,2024-12-05 18:30:04.160,,1.2424366,4193.13,221.60994,5620,US7nt0+2+q,com.sec.android.app.shealth,0,71b8757f-a2d3-42a4-b3d2-c3d4d0d0472b.achievement.json,71b8757f-a2d3-42a4-b3d2-c3d4d0d0472b,1733356800000,
62820030,763,94733f8a-a97c-4388-9ed1-15f9f1298949.binning_data.json,455111,6000,62850050,1,2024-12-06 17:27:06.916,com.sec.android.app.shealth,2024-12-06 03:57:45.574,94733f8a-a97c-4388-9ed1-15f9f1298949.source_info.json,1.266328,576.32,27.02,762,VfS0qUERdZ,com.sec.android.app.shealth,0,94733f8a-a97c-4388-9ed1-15f9f1298949.achievement.json,94733f8a-a97c-4388-9ed1-15f9f1298949,1733443200000,
62850050,763,8885c7e8-f822-42a9-ae48-95104cad1fc4.binning_data.json,455111,6000,62850050,1,2024-12-06 18:30:10.698,com.sec.android.app.shealth,2024-12-06 18:30:10.698,,1.266328,576.32,27.02,762,US7nt0+2+q,com.sec.android.app.shealth,0,8885c7e8-f822-42a9-ae48-95104cad1fc4.achievement.json,8885c7e8-f822-42a9-ae48-95104cad1fc4,1733443200000,
62850050,830,9884015f-e2fd-4e6a-b60d-70453c94466d.binning_data.json,491976,6000,62850050,0,2024-12-07 16:02:12.723,com.sec.android.app.shealth,2024-12-07 03:14:59.552,9884015f-e2fd-4e6a-b60d-70453c94466d.source_info.json,1.2582922,619.05,26.249998,830,VfS0qUERdZ,com.sec.android.app.shealth,0,9884015f-e2fd-4e6a-b60d-70453c94466d.achievement.json,9884015f-e2fd-4e6a-b60d-70453c94466d,1733529600000,
62850050,830,c48af909-f24c-4e58-a7fd-07a372ee7ba1.binning_data.json,491976,6000,62850050,0,2024-12-07 18:30:03.826,com.sec.android.app.shealth,2024-12-07 18:30:03.826,,1.2582922,619.05,26.249998,830,US7nt0+2+q,com.sec.android.app.shealth,0,c48af909-f24c-4e58-a7fd-07a372ee7ba1.achievement.json,c48af909-f24c-4e58-a7fd-07a372ee7ba1,1733529600000,
62850050,526,2b2ee040-5361-46f4-b74f-8e4470d8df3b.binning_data.json,310407,6000,62850050,0,2024-12-08 18:30:09.676,com.sec.android.app.shealth,2024-12-08 03:58:16.326,2b2ee040-5361-46f4-b74f-8e4470d8df3b.source_info.json,1.2699128,394.19,16.829998,526,VfS0qUERdZ,com.sec.android.app.shealth,0,2b2ee040-5361-46f4-b74f-8e4470d8df3b.achievement.json,2b2ee040-5361-46f4-b74f-8e4470d8df3b,1733616000000,
62850050,526,953962c9-ac84-42d2-b76d-07cecc4458b8.binning_data.json,310407,6000,62850050,0,2024-12-08 18:30:06.835,com.sec.android.app.shealth,2024-12-08 18:30:06.835,,1.2699128,394.19,16.829998,526,US7nt0+2+q,com.sec.android.app.shealth,0,953962c9-ac84-42d2-b76d-07cecc4458b8.achievement.json,953962c9-ac84-42d2-b76d-07cecc4458b8,1733616000000,
62850050,9959,646dc41f-5a58-4e6f-8b2b-db794b6b54eb.binning_data.json,6064260,6000,62850050,0,2024-12-09 17:53:00.892,com.sec.android.app.shealth,2024-12-09 02:29:20.723,646dc41f-5a58-4e6f-8b2b-db794b6b54eb.source_info.json,1.2194496,7395.06,305.34995,9959,VfS0qUERdZ,com.sec.android.app.shealth,0,646dc41f-5a58-4e6f-8b2b-db794b6b54eb.achievement.json,646dc41f-5a58-4e6f-8b2b-db794b6b54eb,1733702400000,
62850050,9959,361eda9a-00f0-485d-8c79-512012a14db9.binning_data.json,6064260,6000,62850050,0,2024-12-09 18:30:05.236,com.sec.android.app.shealth,2024-12-09 18:30:05.236,,1.2194496,7395.06,305.34995,9959,US7nt0+2+q,com.sec.android.app.shealth,0,361eda9a-00f0-485d-8c79-512012a14db9.achievement.json,361eda9a-00f0-485d-8c79-512012a14db9,1733702400000,
62850050,8381,56c49e91-8ac8-44f1-9633-05f025c9db33.binning_data.json,4999657,6000,62850050,1,2024-12-10 12:55:01.537,com.sec.android.app.shealth,2024-12-09 18:30:29.502,56c49e91-8ac8-44f1-9633-05f025c9db33.source_info.json,1.2508856,6254.0,256.51996,8380,VfS0qUERdZ,com.sec.android.app.shealth,0,56c49e91-8ac8-44f1-9633-05f025c9db33.achievement.json,56c49e91-8ac8-44f1-9633-05f025c9db33,1733788800000,
62850050,8381,f162ca29-2ce7-4cbb-a9cb-27a73557d3e2.binning_data.json,4999657,6000,62850050,1,2024-12-10 18:30:05.383,com.sec.android.app.shealth,2024-12-10 18:30:05.383,,1.2508856,6254.0,256.51996,8380,US7nt0+2+q,com.sec.android.app.shealth,0,f162ca29-2ce7-4cbb-a9cb-27a73557d3e2.achievement.json,f162ca29-2ce7-4cbb-a9cb-27a73557d3e2,1733788800000,
62850050,442,898218f7-c510-4684-893d-22169faf9e07.binning_data.json,252186,6000,62850050,9,2024-12-11 15:01:59.546,com.sec.android.app.shealth,2024-12-11 03:42:02.508,898218f7-c510-4684-893d-22169faf9e07.source_info.json,1.3298504,335.37,14.839999,433,VfS0qUERdZ,com.sec.android.app.shealth,0,898218f7-c510-4684-893d-22169faf9e07.achievement.json,898218f7-c510-4684-893d-22169faf9e07,1733875200000,
62850050,442,cc00c5ad-3015-464d-8837-9e0858f831f1.binning_data.json,252186,6000,62850050,9,2024-12-11 18:30:05.677,com.sec.android.app.shealth,2024-12-11 18:30:05.677,,1.3298504,335.37,14.839999,433,US7nt0+2+q,com.sec.android.app.shealth,0,cc00c5ad-3015-464d-8837-9e0858f831f1.achievement.json,cc00c5ad-3015-464d-8837-9e0858f831f1,1733875200000,
62850050,456,142e2725-17e6-412b-a049-b59693bc767f.binning_data.json,243559,6000,62850050,0,2024-12-12 15:42:20.558,com.sec.android.app.shealth,2024-12-12 01:04:53.586,142e2725-17e6-412b-a049-b59693bc767f.source_info.json,1.4313127,348.61,14.389999,456,VfS0qUERdZ,com.sec.android.app.shealth,0,142e2725-17e6-412b-a049-b59693bc767f.achievement.json,142e2725-17e6-412b-a049-b59693bc767f,1733961600000,
62850050,456,703fcae7-db3b-43a0-8d78-ea7b7ed4c4a7.binning_data.json,243559,6000,62850050,0,2024-12-12 18:30:05.291,com.sec.android.app.shealth,2024-12-12 18:30:05.291,,1.4313127,348.61,14.389999,456,US7nt0+2+q,com.sec.android.app.shealth,0,703fcae7-db3b-43a0-8d78-ea7b7ed4c4a7.achievement.json,703fcae7-db3b-43a0-8d78-ea7b7ed4c4a7,1733961600000,
62850050,6560,90b887b1-e845-4122-ab91-2851994a1a7b.binning_data.json,3918917,6000,62850050,7,2024-12-13 14:49:58.808,com.sec.android.app.shealth,2024-12-13 01:02:53.707,90b887b1-e845-4122-ab91-2851994a1a7b.source_info.json,1.2510623,4902.81,204.89996,6553,VfS0qUERdZ,com.sec.android.app.shealth,0,90b887b1-e845-4122-ab91-2851994a1a7b.achievement.json,90b887b1-e845-4122-ab91-2851994a1a7b,1734048000000,
62850050,6560,8f8406ff-9c1a-4c9e-9d4a-882fea171f7d.binning_data.json,3918917,6000,62850050,7,2024-12-13 18:30:05.603,com.sec.android.app.shealth,2024-12-13 18:30:05.603,,1.2510623,4902.81,204.89996,6553,US7nt0+2+q,com.sec.android.app.shealth,0,8f8406ff-9c1a-4c9e-9d4a-882fea171f7d.achievement.json,8f8406ff-9c1a-4c9e-9d4a-882fea171f7d,1734048000000,
62850050,523,3e8dbaac-94e9-4a80-a1cd-109b44dcee73.binning_data.json,306173,6000,62850050,0,2024-12-14 16:42:34.567,com.sec.android.app.shealth,2024-12-14 05:12:54.580,3e8dbaac-94e9-4a80-a1cd-109b44dcee73.source_info.json,1.2832601,392.9,16.849998,523,VfS0qUERdZ,com.sec.android.app.shealth,0,3e8dbaac-94e9-4a80-a1cd-109b44dcee73.achievement.json,3e8dbaac-94e9-4a80-a1cd-109b44dcee73,1734134400000,
62850050,523,06d25230-2990-4ba8-ab1f-d985ad0b5646.binning_data.json,306173,6000,62850050,0,2024-12-14 18:30:06.764,com.sec.android.app.shealth,2024-12-14 18:30:06.764,,1.2832601,392.9,16.849998,523,US7nt0+2+q,com.sec.android.app.shealth,0,06d25230-2990-4ba8-ab1f-d985ad0b5646.achievement.json,06d25230-2990-4ba8-ab1f-d985ad0b5646,1734134400000,
62850050,2772,19736ee4-81d4-4823-8cd7-55805aad0ca2.binning_data.json,1621522,6000,62850050,17,2024-12-15 15:07:35.278,com.sec.android.app.shealth,2024-12-14 23:15:45.964,19736ee4-81d4-4823-8cd7-55805aad0ca2.source_info.json,1.285341,2084.21,86.389984,2755,VfS0qUERdZ,com.sec.android.app.shealth,0,19736ee4-81d4-4823-8cd7-55805aad0ca2.achievement.json,19736ee4-81d4-4823-8cd7-55805aad0ca2,1734220800000,
62850050,2772,f1c16e6f-f881-4be2-b069-b5b6ac4df783.binning_data.json,1621522,6000,62850050,17,2024-12-15 18:30:07.242,com.sec.android.app.shealth,2024-12-15 18:30:07.242,,1.285341,2084.21,86.389984,2755,US7nt0+2+q,com.sec.android.app.shealth,0,f1c16e6f-f881-4be2-b069-b5b6ac4df783.achievement.json,f1c16e6f-f881-4be2-b069-b5b6ac4df783,1734220800000,
62850050,5103,c5d91172-98f8-4e56-bf9b-1cff501a5dc7.binning_data.json,3066543,6000,62850050,0,2024-12-16 15:08:25.333,com.sec.android.app.shealth,2024-12-15 23:01:13.737,c5d91172-98f8-4e56-bf9b-1cff501a5dc7.source_info.json,1.2375855,3795.1099,159.09998,5103,VfS0qUERdZ,com.sec.android.app.shealth,0,c5d91172-98f8-4e56-bf9b-1cff501a5dc7.achievement.json,c5d91172-98f8-4e56-bf9b-1cff501a5dc7,1734307200000,
62850050,5103,118e98f2-3778-4b57-8f87-87f5377470ca.binning_data.json,3066543,6000,62850050,0,2024-12-16 18:30:05.264,com.sec.android.app.shealth,2024-12-16 18:30:05.264,,1.2375855,3795.1099,159.09998,5103,US7nt0+2+q,com.sec.android.app.shealth,0,118e98f2-3778-4b57-8f87-87f5377470ca.achievement.json,118e98f2-3778-4b57-8f87-87f5377470ca,1734307200000,
62850050,3216,f53d5a4d-45d1-4219-b07a-7089173307c2.binning_data.json,1923089,6000,62850050,3,2024-12-17 15:13:06.382,com.sec.android.app.shealth,2024-12-17 01:00:28.265,f53d5a4d-45d1-4219-b07a-7089173307c2.source_info.json,1.2479552,2399.93,100.49999,3213,VfS0qUERdZ,com.sec.android.app.shealth,0,f53d5a4d-45d1-4219-b07a-7089173307c2.achievement.json,f53d5a4d-45d1-4219-b07a-7089173307c2,1734393600000,
62850050,3216,51d7eb91-8e35-4116-be32-09751e66ed13.binning_data.json,1923089,6000,62850050,3,2024-12-17 18:30:06.136,com.sec.android.app.shealth,2024-12-17 18:30:06.136,,1.2479552,2399.93,100.49999,3213,US7nt0+2+q,com.sec.android.app.shealth,0,51d7eb91-8e35-4116-be32-09751e66ed13.achievement.json,51d7eb91-8e35-4116-be32-09751e66ed13,1734393600000,
62850050,7428,1cf368ee-e7b1-482f-aebd-b5f68120099d.binning_data.json,4334522,6000,62850050,12,2024-12-18 15:38:04.308,com.sec.android.app.shealth,2024-12-18 02:43:54.313,1cf368ee-e7b1-482f-aebd-b5f68120099d.source_info.json,1.2866007,5576.8,229.20995,7416,VfS0qUERdZ,com.sec.android.app.shealth,0,1cf368ee-e7b1-482f-aebd-b5f68120099d.achievement.json,1cf368ee-e7b1-482f-aebd-b5f68120099d,1734480000000,
62850050,7428,058e1491-435a-484b-8655-af6137a9eec8.binning_data.json,4334522,6000,62850050,12,2024-12-18 18:30:04.380,com.sec.android.app.shealth,2024-12-18 18:30:04.380,,1.2866007,5576.8,229.20995,7416,US7nt0+2+q,com.sec.android.app.shealth,0,058e1491-435a-484b-8655-af6137a9eec8.achievement.json,058e1491-435a-484b-8655-af6137a9eec8,1734480000000,
62850050,10585,35f00057-812f-47db-99cb-b4f8ace9b4da.binning_data.json,6210095,6000,62850050,3,2024-12-19 17:26:59.268,com.sec.android.app.shealth,2024-12-19 02:42:37.283,35f00057-812f-47db-99cb-b4f8ace9b4da.source_info.json,1.2794359,7945.42,324.43994,10582,VfS0qUERdZ,com.sec.android.app.shealth,0,35f00057-812f-47db-99cb-b4f8ace9b4da.achievement.json,35f00057-812f-47db-99cb-b4f8ace9b4da,1734566400000,
62850050,10585,5a64b60e-b366-4a19-89f6-22429080c003.binning_data.json,6210095,6000,62850050,3,2024-12-19 18:30:05.009,com.sec.android.app.shealth,2024-12-19 18:30:05.009,,1.2794359,7945.42,324.43994,10582,US7nt0+2+q,com.sec.android.app.shealth,0,5a64b60e-b366-4a19-89f6-22429080c003.achievement.json,5a64b60e-b366-4a19-89f6-22429080c003,1734566400000,
62850050,8901,8df43cd2-a7d2-47e6-842d-27e71ba7453e.binning_data.json,5150813,6000,62850050,57,2024-12-20 17:16:24.182,com.sec.android.app.shealth,2024-12-20 02:19:35.840,8df43cd2-a7d2-47e6-842d-27e71ba7453e.source_info.json,1.3049492,6721.55,279.92996,8844,VfS0qUERdZ,com.sec.android.app.shealth,0,8df43cd2-a7d2-47e6-842d-27e71ba7453e.achievement.json,8df43cd2-a7d2-47e6-842d-27e71ba7453e,1734652800000,
62850050,8901,aa5da398-ddf5-4eb7-93be-3d74507262cb.binning_data.json,5150813,6000,62850050,57,2024-12-20 18:30:08.051,com.sec.android.app.shealth,2024-12-20 18:30:08.051,,1.3049492,6721.55,279.92996,8844,US7nt0+2+q,com.sec.android.app.shealth,0,aa5da398-ddf5-4eb7-93be-3d74507262cb.achievement.json,aa5da398-ddf5-4eb7-93be-3d74507262cb,1734652800000,
62850050,6625,3d3bd289-50a7-478a-bb9b-50664a9af633.binning_data.json,3660682,6000,62850050,13,2024-12-21 17:13:49.547,com.sec.android.app.shealth,2024-12-21 00:16:02.617,3d3bd289-50a7-478a-bb9b-50664a9af633.source_info.json,1.3805948,5053.92,208.29999,6612,VfS0qUERdZ,com.sec.android.app.shealth,0,3d3bd289-50a7-478a-bb9b-50664a9af633.achievement.json,3d3bd289-50a7-478a-bb9b-50664a9af633,1734739200000,
62850050,6625,cc9033a5-f857-40d0-847e-a1f315d52f92.binning_data.json,3660682,6000,62850050,13,2024-12-21 18:30:03.907,com.sec.android.app.shealth,2024-12-21 18:30:03.907,,1.3805948,5053.92,208.29999,6612,US7nt0+2+q,com.sec.android.app.shealth,0,cc9033a5-f857-40d0-847e-a1f315d52f92.achievement.json,cc9033a5-f857-40d0-847e-a1f315d52f92,1734739200000,
62850050,5995,a420f341-500a-4db4-aec8-eb38c6f845b2.binning_data.json,3460024,6000,62850050,19,2024-12-22 18:00:32.682,com.sec.android.app.shealth,2024-12-21 23:36:07.261,a420f341-500a-4db4-aec8-eb38c6f845b2.source_info.json,1.3078232,4525.1,195.46999,5976,VfS0qUERdZ,com.sec.android.app.shealth,0,a420f341-500a-4db4-aec8-eb38c6f845b2.achievement.json,a420f341-500a-4db4-aec8-eb38c6f845b2,1734825600000,
62850050,5995,f1cb3da5-f278-4bd0-9945-662c56b504be.binning_data.json,3460024,6000,62850050,19,2024-12-22 18:30:06.121,com.sec.android.app.shealth,2024-12-22 18:30:06.121,,1.3078232,4525.1,195.46999,5976,US7nt0+2+q,com.sec.android.app.shealth,0,f1cb3da5-f278-4bd0-9945-662c56b504be.achievement.json,f1cb3da5-f278-4bd0-9945-662c56b504be,1734825600000,
62850050,8740,371dea71-c633-41df-9764-babf3fae9dc7.binning_data.json,4963605,6000,62850050,62,2024-12-23 16:07:59.464,com.sec.android.app.shealth,2024-12-23 02:07:22.855,371dea71-c633-41df-9764-babf3fae9dc7.source_info.json,1.34306,6666.42,283.19998,8678,VfS0qUERdZ,com.sec.android.app.shealth,0,371dea71-c633-41df-9764-babf3fae9dc7.achievement.json,371dea71-c633-41df-9764-babf3fae9dc7,1734912000000,
62850050,8740,49a6894b-4a0d-45d6-ab37-28673c4ef13b.binning_data.json,4963605,6000,62850050,62,2024-12-23 18:30:04.562,com.sec.android.app.shealth,2024-12-23 18:30:04.562,,1.34306,6666.42,283.19998,8678,US7nt0+2+q,com.sec.android.app.shealth,0,49a6894b-4a0d-45d6-ab37-28673c4ef13b.achievement.json,49a6894b-4a0d-45d6-ab37-28673c4ef13b,1734912000000,
62850050,8647,d65e88df-c356-4ec2-8636-aadbeaa58ea5.binning_data.json,5557731,6000,62850050,1,2024-12-24 16:43:26.256,com.sec.android.app.shealth,2024-12-23 22:44:42.630,d65e88df-c356-4ec2-8636-aadbeaa58ea5.source_info.json,1.1436229,6355.95,281.62997,8646,VfS0qUERdZ,com.sec.android.app.shealth,0,d65e88df-c356-4ec2-8636-aadbeaa58ea5.achievement.json,d65e88df-c356-4ec2-8636-aadbeaa58ea5,1734998400000,
62850050,8647,1cd02ff9-1d4e-4b86-a390-5ef89f1eeae8.binning_data.json,5557731,6000,62850050,1,2024-12-24 18:30:04.203,com.sec.android.app.shealth,2024-12-24 18:30:04.203,,1.1436229,6355.95,281.62997,8646,US7nt0+2+q,com.sec.android.app.shealth,0,1cd02ff9-1d4e-4b86-a390-5ef89f1eeae8.achievement.json,1cd02ff9-1d4e-4b86-a390-5ef89f1eeae8,1734998400000,
62850050,8928,487464cc-48a1-42d9-92ce-80a914a5d5a4.binning_data.json,5692238,6000,62850050,5,2024-12-25 17:47:21.114,com.sec.android.app.shealth,2024-12-25 01:15:18.583,487464cc-48a1-42d9-92ce-80a914a5d5a4.source_info.json,1.1542736,6570.4,287.02,8923,VfS0qUERdZ,com.sec.android.app.shealth,0,487464cc-48a1-42d9-92ce-80a914a5d5a4.achievement.json,487464cc-48a1-42d9-92ce-80a914a5d5a4,1735084800000,
62850050,8928,d30be5cf-da06-4708-a0e4-5505b4bf520c.binning_data.json,5692238,6000,62850050,5,2024-12-25 18:30:05.448,com.sec.android.app.shealth,2024-12-25 18:30:05.448,,1.1542736,6570.4,287.02,8923,US7nt0+2+q,com.sec.android.app.shealth,0,d30be5cf-da06-4708-a0e4-5505b4bf520c.achievement.json,d30be5cf-da06-4708-a0e4-5505b4bf520c,1735084800000,
62850050,2336,b1ffa6fd-b5a7-40f7-8c1e-05cae024bd12.binning_data.json,1350414,6000,62850050,8,2024-12-26 17:16:56.009,com.sec.android.app.shealth,2024-12-26 01:57:11.886,b1ffa6fd-b5a7-40f7-8c1e-05cae024bd12.source_info.json,1.3124859,1772.4,76.939995,2328,VfS0qUERdZ,com.sec.android.app.shealth,0,b1ffa6fd-b5a7-40f7-8c1e-05cae024bd12.achievement.json,b1ffa6fd-b5a7-40f7-8c1e-05cae024bd12,1735171200000,
62850050,2336,d9165ca4-25f2-4bb2-bc22-eacb515ba8d5.binning_data.json,1350414,6000,62850050,8,2024-12-26 18:30:05.117,com.sec.android.app.shealth,2024-12-26 18:30:05.117,,1.3124859,1772.4,76.939995,2328,US7nt0+2+q,com.sec.android.app.shealth,0,d9165ca4-25f2-4bb2-bc22-eacb515ba8d5.achievement.json,d9165ca4-25f2-4bb2-bc22-eacb515ba8d5,1735171200000,
62850050,3780,aad5fb10-7385-4aa3-9213-6a15c8b9621b.binning_data.json,2303027,6000,62850050,9,2024-12-27 16:53:36.991,com.sec.android.app.shealth,2024-12-27 01:41:56.236,aad5fb10-7385-4aa3-9213-6a15c8b9621b.source_info.json,1.2288349,2830.04,123.08999,3771,VfS0qUERdZ,com.sec.android.app.shealth,0,aad5fb10-7385-4aa3-9213-6a15c8b9621b.achievement.json,aad5fb10-7385-4aa3-9213-6a15c8b9621b,1735257600000,
62850050,3780,e4eaaf1d-a11d-4d2e-92d8-75c82dd2aa8f.binning_data.json,2303027,6000,62850050,9,2024-12-27 18:30:08.719,com.sec.android.app.shealth,2024-12-27 18:30:08.719,,1.2288349,2830.04,123.08999,3771,US7nt0+2+q,com.sec.android.app.shealth,0,e4eaaf1d-a11d-4d2e-92d8-75c82dd2aa8f.achievement.json,e4eaaf1d-a11d-4d2e-92d8-75c82dd2aa8f,1735257600000,
62850050,4503,ef8e444a-bd1d-41d9-9c87-b02cb5edca73.binning_data.json,2698369,6000,62850050,7,2024-12-28 18:17:35.025,com.sec.android.app.shealth,2024-12-28 01:51:31.422,ef8e444a-bd1d-41d9-9c87-b02cb5edca73.source_info.json,1.2498139,3372.46,145.90997,4496,VfS0qUERdZ,com.sec.android.app.shealth,0,ef8e444a-bd1d-41d9-9c87-b02cb5edca73.achievement.json,ef8e444a-bd1d-41d9-9c87-b02cb5edca73,1735344000000,
62850050,4503,d3e8a42a-c345-475c-881d-1ddf79526ed8.binning_data.json,2698369,6000,62850050,7,2024-12-28 18:30:06.196,com.sec.android.app.shealth,2024-12-28 18:30:06.196,,1.2498139,3372.46,145.90997,4496,US7nt0+2+q,com.sec.android.app.shealth,0,d3e8a42a-c345-475c-881d-1ddf79526ed8.achievement.json,d3e8a42a-c345-475c-881d-1ddf79526ed8,1735344000000,
62850050,1862,37b6a3df-50f5-4423-863b-0e1e3b6043d5.binning_data.json,1100706,6000,62850050,2,2024-12-29 16:32:50.226,com.sec.android.app.shealth,2024-12-29 03:37:18.112,37b6a3df-50f5-4423-863b-0e1e3b6043d5.source_info.json,1.2751995,1403.62,60.639996,1860,VfS0qUERdZ,com.sec.android.app.shealth,0,37b6a3df-50f5-4423-863b-0e1e3b6043d5.achievement.json,37b6a3df-50f5-4423-863b-0e1e3b6043d5,1735430400000,
62850050,1862,9b91afdb-9832-47a3-a96e-aacadb5e3ed7.binning_data.json,1100706,6000,62850050,2,2024-12-29 18:30:05.096,com.sec.android.app.shealth,2024-12-29 18:30:05.096,,1.2751995,1403.62,60.639996,1860,US7nt0+2+q,com.sec.android.app.shealth,0,9b91afdb-9832-47a3-a96e-aacadb5e3ed7.achievement.json,9b91afdb-9832-47a3-a96e-aacadb5e3ed7,1735430400000,
62850050,1227,d8de9429-d184-4f60-b823-69527918f5f0.binning_data.json,714048,6000,62850050,10,2024-12-30 17:04:41.685,com.sec.android.app.shealth,2024-12-30 02:04:37.393,d8de9429-d184-4f60-b823-69527918f5f0.source_info.json,1.301928,929.64,40.55,1217,VfS0qUERdZ,com.sec.android.app.shealth,0,d8de9429-d184-4f60-b823-69527918f5f0.achievement.json,d8de9429-d184-4f60-b823-69527918f5f0,1735516800000,
62850050,1227,54a1e2da-fae2-4a97-baa4-3e7a2d0d2b03.binning_data.json,714048,6000,62850050,10,2024-12-30 18:30:06.034,com.sec.android.app.shealth,2024-12-30 18:30:06.034,,1.301928,929.64,40.55,1217,US7nt0+2+q,com.sec.android.app.shealth,0,54a1e2da-fae2-4a97-baa4-3e7a2d0d2b03.achievement.json,54a1e2da-fae2-4a97-baa4-3e7a2d0d2b03,1735516800000,
62850050,2112,c2ae9c21-f758-4e25-998c-b441372b5e7c.binning_data.json,1238479,6000,62850050,0,2024-12-31 16:54:00.928,com.sec.android.app.shealth,2024-12-31 01:40:24.107,c2ae9c21-f758-4e25-998c-b441372b5e7c.source_info.json,1.2824113,1588.24,68.27,2112,VfS0qUERdZ,com.sec.android.app.shealth,0,c2ae9c21-f758-4e25-998c-b441372b5e7c.achievement.json,c2ae9c21-f758-4e25-998c-b441372b5e7c,1735603200000,
62850050,2112,f71a48bd-a676-402a-9267-a377bcdd8f6f.binning_data.json,1238479,6000,62850050,0,2024-12-31 18:30:07.776,com.sec.android.app.shealth,2024-12-31 18:30:07.776,,1.2824113,1588.24,68.27,2112,US7nt0+2+q,com.sec.android.app.shealth,0,f71a48bd-a676-402a-9267-a377bcdd8f6f.achievement.json,f71a48bd-a676-402a-9267-a377bcdd8f6f,1735603200000,
62850050,3819,6d93aa82-4084-41f1-a0d5-359da279ee2e.binning_data.json,2439671,6000,62850050,10,2025-01-01 16:30:51.298,com.sec.android.app.shealth,2025-01-01 00:48:42.907,6d93aa82-4084-41f1-a0d5-359da279ee2e.source_info.json,1.1588364,2827.18,124.61999,3809,VfS0qUERdZ,com.sec.android.app.shealth,0,6d93aa82-4084-41f1-a0d5-359da279ee2e.achievement.json,6d93aa82-4084-41f1-a0d5-359da279ee2e,1735689600000,
62850050,3819,58984f88-654c-4a97-9283-dd1573aa111c.binning_data.json,2439671,6000,62850050,10,2025-01-01 18:30:04.977,com.sec.android.app.shealth,2025-01-01 18:30:04.977,,1.1588364,2827.18,124.61999,3809,US7nt0+2+q,com.sec.android.app.shealth,0,58984f88-654c-4a97-9283-dd1573aa111c.achievement.json,58984f88-654c-4a97-9283-dd1573aa111c,1735689600000,
62850050,2484,e575bc0a-e603-4923-a2b4-4d676298a896.binning_data.json,1426270,6000,62850050,2,2025-01-02 16:26:49.356,com.sec.android.app.shealth,2025-01-02 01:35:03.159,e575bc0a-e603-4923-a2b4-4d676298a896.source_info.json,1.3187398,1880.88,80.259995,2482,VfS0qUERdZ,com.sec.android.app.shealth,0,e575bc0a-e603-4923-a2b4-4d676298a896.achievement.json,e575bc0a-e603-4923-a2b4-4d676298a896,1735776000000,
62850050,2484,0c42e271-6022-4955-828d-4fe5e6707c41.binning_data.json,1426270,6000,62850050,2,2025-01-02 18:30:06.242,com.sec.android.app.shealth,2025-01-02 18:30:06.242,,1.3187398,1880.88,80.259995,2482,US7nt0+2+q,com.sec.android.app.shealth,0,0c42e271-6022-4955-828d-4fe5e6707c41.achievement.json,0c42e271-6022-4955-828d-4fe5e6707c41,1735776000000,
62850050,3536,ec98e9f5-7d47-49b3-8726-5c2ea06fde0a.binning_data.json,2211750,6000,62850050,2,2025-01-03 18:30:11.214,com.sec.android.app.shealth,2025-01-03 01:34:04.508,ec98e9f5-7d47-49b3-8726-5c2ea06fde0a.source_info.json,1.185794,2622.68,115.35999,3534,VfS0qUERdZ,com.sec.android.app.shealth,0,ec98e9f5-7d47-49b3-8726-5c2ea06fde0a.achievement.json,ec98e9f5-7d47-49b3-8726-5c2ea06fde0a,1735862400000,
62850050,3536,5728d71b-99bb-4c1a-ac5f-a62d79fbede1.binning_data.json,2211750,6000,62850050,2,2025-01-03 18:30:09.899,com.sec.android.app.shealth,2025-01-03 18:30:09.899,,1.185794,2622.68,115.35999,3534,US7nt0+2+q,com.sec.android.app.shealth,0,5728d71b-99bb-4c1a-ac5f-a62d79fbede1.achievement.json,5728d71b-99bb-4c1a-ac5f-a62d79fbede1,1735862400000,
62850050,5879,6c2b8e7d-0516-4a4f-9404-82dda2d2d2cf.binning_data.json,3435795,6000,62850050,10,2025-01-04 18:29:49.096,com.sec.android.app.shealth,2025-01-04 02:22:46.494,6c2b8e7d-0516-4a4f-9404-82dda2d2d2cf.source_info.json,1.2881618,4425.86,187.43999,5869,VfS0qUERdZ,com.sec.android.app.shealth,0,6c2b8e7d-0516-4a4f-9404-82dda2d2d2cf.achievement.json,6c2b8e7d-0516-4a4f-9404-82dda2d2d2cf,1735948800000,
62850050,5879,313bfb62-08eb-4c88-a1b0-9d230a18ec05.binning_data.json,3435795,6000,62850050,10,2025-01-04 18:30:06.277,com.sec.android.app.shealth,2025-01-04 18:30:06.277,,1.2881618,4425.86,187.43999,5869,US7nt0+2+q,com.sec.android.app.shealth,0,313bfb62-08eb-4c88-a1b0-9d230a18ec05.achievement.json,313bfb62-08eb-4c88-a1b0-9d230a18ec05,1735948800000,
62850050,4071,3d597fb9-516b-4d07-8b4f-289995729e83.binning_data.json,2806040,6000,62850050,7,2025-01-05 18:30:11.862,com.sec.android.app.shealth,2025-01-04 18:50:51.434,3d597fb9-516b-4d07-8b4f-289995729e83.source_info.json,1.0541224,2957.91,138.14,4064,VfS0qUERdZ,com.sec.android.app.shealth,0,3d597fb9-516b-4d07-8b4f-289995729e83.achievement.json,3d597fb9-516b-4d07-8b4f-289995729e83,1736035200000,
62850050,4071,b77e5773-e6c7-425c-b1a9-d9214a1e9fba.binning_data.json,2806040,6000,62850050,7,2025-01-05 18:30:09.316,com.sec.android.app.shealth,2025-01-05 18:30:09.316,,1.0541224,2957.91,138.14,4064,US7nt0+2+q,com.sec.android.app.shealth,0,b77e5773-e6c7-425c-b1a9-d9214a1e9fba.achievement.json,b77e5773-e6c7-425c-b1a9-d9214a1e9fba,1736035200000,
62850050,2115,096b27ae-c139-4786-8a30-a824b0f35f47.binning_data.json,1193533,6000,62850050,26,2025-01-06 15:57:30.240,com.sec.android.app.shealth,2025-01-06 01:17:06.325,096b27ae-c139-4786-8a30-a824b0f35f47.source_info.json,1.3538202,1615.83,69.149994,2089,VfS0qUERdZ,com.sec.android.app.shealth,0,096b27ae-c139-4786-8a30-a824b0f35f47.achievement.json,096b27ae-c139-4786-8a30-a824b0f35f47,1736121600000,
62850050,2115,3834db42-36fb-49d6-8897-6df8e81713e9.binning_data.json,1193533,6000,62850050,26,2025-01-06 18:30:06.135,com.sec.android.app.shealth,2025-01-06 18:30:06.135,,1.3538202,1615.83,69.149994,2089,US7nt0+2+q,com.sec.android.app.shealth,0,3834db42-36fb-49d6-8897-6df8e81713e9.achievement.json,3834db42-36fb-49d6-8897-6df8e81713e9,1736121600000,
62850050,2890,da40bd06-b32c-47cd-b7c3-582c318282b6.binning_data.json,1626379,6000,62850050,36,2025-01-07 16:56:01.886,com.sec.android.app.shealth,2025-01-07 02:19:48.318,da40bd06-b32c-47cd-b7c3-582c318282b6.source_info.json,1.3600333,2211.93,95.799995,2854,VfS0qUERdZ,com.sec.android.app.shealth,0,da40bd06-b32c-47cd-b7c3-582c318282b6.achievement.json,da40bd06-b32c-47cd-b7c3-582c318282b6,1736208000000,
62850050,2890,3c78a97e-a021-4942-89e7-1cf12b1a6f97.binning_data.json,1626379,6000,62850050,36,2025-01-07 18:30:05.645,com.sec.android.app.shealth,2025-01-07 18:30:05.645,,1.3600333,2211.93,95.799995,2854,US7nt0+2+q,com.sec.android.app.shealth,0,3c78a97e-a021-4942-89e7-1cf12b1a6f97.achievement.json,3c78a97e-a021-4942-89e7-1cf12b1a6f97,1736208000000,
62850050,2541,da79286e-e21f-4715-857e-fd2ee3a8a8d2.binning_data.json,1524916,6000,62850050,0,2025-01-08 16:02:39.949,com.sec.android.app.shealth,2025-01-08 01:58:24.499,da79286e-e21f-4715-857e-fd2ee3a8a8d2.source_info.json,1.245216,1898.85,82.09,2541,VfS0qUERdZ,com.sec.android.app.shealth,0,da79286e-e21f-4715-857e-fd2ee3a8a8d2.achievement.json,da79286e-e21f-4715-857e-fd2ee3a8a8d2,1736294400000,
62850050,2541,bdb9854b-78c2-44cd-a680-8efc1159bd57.binning_data.json,1524916,6000,62850050,0,2025-01-08 18:30:05.166,com.sec.android.app.shealth,2025-01-08 18:30:05.166,,1.245216,1898.85,82.09,2541,US7nt0+2+q,com.sec.android.app.shealth,0,bdb9854b-78c2-44cd-a680-8efc1159bd57.achievement.json,bdb9854b-78c2-44cd-a680-8efc1159bd57,1736294400000,
62850050,4810,aba8c5b0-4434-4215-9a62-3e5f7fb5819c.binning_data.json,3453493,6000,62850050,0,2025-01-09 15:38:34.371,com.sec.android.app.shealth,2025-01-09 02:32:40.381,aba8c5b0-4434-4215-9a62-3e5f7fb5819c.source_info.json,1.0011891,3457.6,171.75,4810,VfS0qUERdZ,com.sec.android.app.shealth,0,aba8c5b0-4434-4215-9a62-3e5f7fb5819c.achievement.json,aba8c5b0-4434-4215-9a62-3e5f7fb5819c,1736380800000,
62850050,4810,7695f12e-976a-4939-87ea-5ab7ff1f63ab.binning_data.json,3453493,6000,62850050,0,2025-01-09 18:30:04.819,com.sec.android.app.shealth,2025-01-09 18:30:04.819,,1.0011891,3457.6,171.75,4810,US7nt0+2+q,com.sec.android.app.shealth,0,7695f12e-976a-4939-87ea-5ab7ff1f63ab.achievement.json,7695f12e-976a-4939-87ea-5ab7ff1f63ab,1736380800000,
62850050,4665,52754f0c-3723-42e4-8b2d-5f4aa785247b.binning_data.json,2840303,6000,62850050,36,2025-01-10 16:30:23.863,com.sec.android.app.shealth,2025-01-10 02:03:45.345,52754f0c-3723-42e4-8b2d-5f4aa785247b.source_info.json,1.2356534,3509.63,153.09,4629,VfS0qUERdZ,com.sec.android.app.shealth,0,52754f0c-3723-42e4-8b2d-5f4aa785247b.achievement.json,52754f0c-3723-42e4-8b2d-5f4aa785247b,1736467200000,
62850050,4665,e953bfb2-a97c-4cbe-8fd9-6bbee2ef1a77.binning_data.json,2840303,6000,62850050,36,2025-01-10 18:30:03.318,com.sec.android.app.shealth,2025-01-10 18:30:03.318,,1.2356534,3509.63,153.09,4629,US7nt0+2+q,com.sec.android.app.shealth,0,e953bfb2-a97c-4cbe-8fd9-6bbee2ef1a77.achievement.json,e953bfb2-a97c-4cbe-8fd9-6bbee2ef1a77,1736467200000,
62850050,4611,5df8c051-77a8-4eb9-a809-3f72cb8894ed.binning_data.json,2672574,6000,62850050,53,2025-01-11 16:47:18.527,com.sec.android.app.shealth,2025-01-11 00:50:04.193,5df8c051-77a8-4eb9-a809-3f72cb8894ed.source_info.json,1.3104516,3502.28,151.86,4558,VfS0qUERdZ,com.sec.android.app.shealth,0,5df8c051-77a8-4eb9-a809-3f72cb8894ed.achievement.json,5df8c051-77a8-4eb9-a809-3f72cb8894ed,1736553600000,
62850050,4611,2b69a329-54c8-4353-8841-4b58e8e6a846.binning_data.json,2672574,6000,62850050,53,2025-01-11 18:30:07.509,com.sec.android.app.shealth,2025-01-11 18:30:07.509,,1.3104516,3502.28,151.86,4558,US7nt0+2+q,com.sec.android.app.shealth,0,2b69a329-54c8-4353-8841-4b58e8e6a846.achievement.json,2b69a329-54c8-4353-8841-4b58e8e6a846,1736553600000,
62850050,3658,b717b7a7-b84a-4c02-a482-94a3ed56a850.binning_data.json,2125270,6000,62850050,24,2025-01-12 16:57:51.396,com.sec.android.app.shealth,2025-01-12 01:29:41.737,b717b7a7-b84a-4c02-a482-94a3ed56a850.source_info.json,1.3030761,2769.39,119.2,3634,VfS0qUERdZ,com.sec.android.app.shealth,0,b717b7a7-b84a-4c02-a482-94a3ed56a850.achievement.json,b717b7a7-b84a-4c02-a482-94a3ed56a850,1736640000000,
62850050,3658,6b86f381-cefa-4db9-aa8b-d187fa8063e0.binning_data.json,2125270,6000,62850050,24,2025-01-12 18:30:03.277,com.sec.android.app.shealth,2025-01-12 18:30:03.277,,1.3030761,2769.39,119.2,3634,US7nt0+2+q,com.sec.android.app.shealth,0,6b86f381-cefa-4db9-aa8b-d187fa8063e0.achievement.json,6b86f381-cefa-4db9-aa8b-d187fa8063e0,1736640000000,
62850050,1855,ef2d626e-6538-4642-99d4-72cab44fdccf.binning_data.json,1101888,6000,62850050,2,2025-01-13 17:14:19.681,com.sec.android.app.shealth,2025-01-13 02:20:03.589,ef2d626e-6538-4642-99d4-72cab44fdccf.source_info.json,1.2752837,1405.22,60.959995,1853,VfS0qUERdZ,com.sec.android.app.shealth,0,ef2d626e-6538-4642-99d4-72cab44fdccf.achievement.json,ef2d626e-6538-4642-99d4-72cab44fdccf,1736726400000,
62850050,1855,ccb9a86c-a603-4e04-8dc6-0a8da6ef69c3.binning_data.json,1101888,6000,62850050,2,2025-01-13 18:30:02.296,com.sec.android.app.shealth,2025-01-13 18:30:02.296,,1.2752837,1405.22,60.959995,1853,US7nt0+2+q,com.sec.android.app.shealth,0,ccb9a86c-a603-4e04-8dc6-0a8da6ef69c3.achievement.json,ccb9a86c-a603-4e04-8dc6-0a8da6ef69c3,1736726400000,
62850050,1116,f811aece-dd30-4542-ac57-cf385c617dc9.binning_data.json,750653,6000,62850050,0,2025-01-14 18:28:20.780,com.sec.android.app.shealth,2025-01-14 03:09:12.815,f811aece-dd30-4542-ac57-cf385c617dc9.source_info.json,1.083416,813.27,37.19,1116,VfS0qUERdZ,com.sec.android.app.shealth,0,f811aece-dd30-4542-ac57-cf385c617dc9.achievement.json,f811aece-dd30-4542-ac57-cf385c617dc9,1736812800000,
62850050,1116,188b36ea-2976-43d0-8496-aecf38cc709d.binning_data.json,750653,6000,62850050,0,2025-01-14 18:30:04.218,com.sec.android.app.shealth,2025-01-14 18:30:04.218,,1.083416,813.27,37.19,1116,US7nt0+2+q,com.sec.android.app.shealth,0,188b36ea-2976-43d0-8496-aecf38cc709d.achievement.json,188b36ea-2976-43d0-8496-aecf38cc709d,1736812800000,
62850050,7292,f997524b-01d3-405f-8a5a-283c88ea9a4f.binning_data.json,4457480,6000,62850050,6,2025-01-15 16:35:03.919,com.sec.android.app.shealth,2025-01-14 18:31:07.020,f997524b-01d3-405f-8a5a-283c88ea9a4f.source_info.json,1.2159805,5420.21,229.06999,7286,VfS0qUERdZ,com.sec.android.app.shealth,0,f997524b-01d3-405f-8a5a-283c88ea9a4f.achievement.json,f997524b-01d3-405f-8a5a-283c88ea9a4f,1736899200000,
62850050,7292,fe7651d7-32ae-4a1a-af09-0c35a5fb588b.binning_data.json,4457480,6000,62850050,6,2025-01-15 18:30:26.640,com.sec.android.app.shealth,2025-01-15 18:30:26.640,,1.2159805,5420.21,229.06999,7286,US7nt0+2+q,com.sec.android.app.shealth,0,fe7651d7-32ae-4a1a-af09-0c35a5fb588b.achievement.json,fe7651d7-32ae-4a1a-af09-0c35a5fb588b,1736899200000,
62850050,6281,3203e1e7-6c03-4f59-8a3d-6096ffe1df77.binning_data.json,3559534,6000,62850050,0,2025-01-16 15:02:45.923,com.sec.android.app.shealth,2025-01-16 03:03:46.854,3203e1e7-6c03-4f59-8a3d-6096ffe1df77.source_info.json,1.3331801,4745.5,191.25996,6281,VfS0qUERdZ,com.sec.android.app.shealth,0,3203e1e7-6c03-4f59-8a3d-6096ffe1df77.achievement.json,3203e1e7-6c03-4f59-8a3d-6096ffe1df77,1736985600000,
62850050,6281,f8664784-4a8f-4224-afa3-a7c51f42262a.binning_data.json,3559534,6000,62850050,0,2025-01-16 18:30:04.653,com.sec.android.app.shealth,2025-01-16 18:30:04.653,,1.3331801,4745.5,191.25996,6281,US7nt0+2+q,com.sec.android.app.shealth,0,f8664784-4a8f-4224-afa3-a7c51f42262a.achievement.json,f8664784-4a8f-4224-afa3-a7c51f42262a,1736985600000,
62850050,11694,ddc226c2-5951-4dc3-bf24-076f810a85ef.binning_data.json,6804328,6000,62900750,1,2025-01-18 18:30:04.562,com.sec.android.app.shealth,2025-01-17 01:58:28.591,ddc226c2-5951-4dc3-bf24-076f810a85ef.source_info.json,1.2910473,8784.71,359.03992,11693,VfS0qUERdZ,com.sec.android.app.shealth,0,ddc226c2-5951-4dc3-bf24-076f810a85ef.achievement.json,ddc226c2-5951-4dc3-bf24-076f810a85ef,1737072000000,
62900750,11694,4ca6f411-9422-43ef-9893-73ac31d24016.binning_data.json,6804328,6000,62900750,1,2025-01-17 18:35:26.417,com.sec.android.app.shealth,2025-01-17 18:30:06.708,,1.2910473,8784.71,359.03992,11693,US7nt0+2+q,com.sec.android.app.shealth,0,4ca6f411-9422-43ef-9893-73ac31d24016.achievement.json,4ca6f411-9422-43ef-9893-73ac31d24016,1737072000000,
62900750,17664,b20bee7b-3bde-48da-94a1-9646d3e3c6e6.binning_data.json,10456629,6000,62900750,216,2025-01-18 18:30:04.688,com.sec.android.app.shealth,2025-01-17 19:12:33.874,b20bee7b-3bde-48da-94a1-9646d3e3c6e6.source_info.json,1.2787304,13371.21,577.37,17448,VfS0qUERdZ,com.sec.android.app.shealth,0,b20bee7b-3bde-48da-94a1-9646d3e3c6e6.achievement.json,b20bee7b-3bde-48da-94a1-9646d3e3c6e6,1737158400000,
62900750,17664,504f4529-d646-493b-9c60-1d1c25331d20.binning_data.json,10456629,6000,62900750,216,2025-01-18 18:30:03.925,com.sec.android.app.shealth,2025-01-18 18:30:03.925,,1.2787304,13371.21,577.37,17448,US7nt0+2+q,com.sec.android.app.shealth,0,504f4529-d646-493b-9c60-1d1c25331d20.achievement.json,504f4529-d646-493b-9c60-1d1c25331d20,1737158400000,
62900750,10271,ebf5d23a-f223-4c7b-879c-da5b6e9fe941.binning_data.json,6026420,6000,62900750,60,2025-01-19 18:30:04.342,com.sec.android.app.shealth,2025-01-18 18:55:05.513,ebf5d23a-f223-4c7b-879c-da5b6e9fe941.source_info.json,1.2827682,7730.5,329.24,10211,VfS0qUERdZ,com.sec.android.app.shealth,0,ebf5d23a-f223-4c7b-879c-da5b6e9fe941.achievement.json,ebf5d23a-f223-4c7b-879c-da5b6e9fe941,1737244800000,
62900750,10271,b7752563-0724-4fb4-ad33-d06716bb4355.binning_data.json,6026420,6000,62900750,60,2025-01-19 18:30:03.194,com.sec.android.app.shealth,2025-01-19 18:30:03.194,,1.2827682,7730.5,329.24,10211,US7nt0+2+q,com.sec.android.app.shealth,0,b7752563-0724-4fb4-ad33-d06716bb4355.achievement.json,b7752563-0724-4fb4-ad33-d06716bb4355,1737244800000,
62900750,8090,fe2fe949-d947-4ee9-bbde-c6dddbd0e840.binning_data.json,4784241,6000,62900750,0,2025-01-20 15:55:21.904,com.sec.android.app.shealth,2025-01-19 21:24:57.727,fe2fe949-d947-4ee9-bbde-c6dddbd0e840.source_info.json,1.2639307,6046.95,249.73997,8090,VfS0qUERdZ,com.sec.android.app.shealth,0,fe2fe949-d947-4ee9-bbde-c6dddbd0e840.achievement.json,fe2fe949-d947-4ee9-bbde-c6dddbd0e840,1737331200000,
62900750,8090,f61a0891-1bee-417f-8977-3c7d971d2aeb.binning_data.json,4784241,6000,62900750,0,2025-01-20 18:30:10.880,com.sec.android.app.shealth,2025-01-20 18:30:10.880,,1.2639307,6046.95,249.73997,8090,US7nt0+2+q,com.sec.android.app.shealth,0,f61a0891-1bee-417f-8977-3c7d971d2aeb.achievement.json,f61a0891-1bee-417f-8977-3c7d971d2aeb,1737331200000,
62900750,4024,ec798868-2903-40e2-bf47-72978c4f8dd8.binning_data.json,2333142,6000,62900750,0,2025-01-21 11:12:32.127,com.sec.android.app.shealth,2025-01-21 02:45:20.352,ec798868-2903-40e2-bf47-72978c4f8dd8.source_info.json,1.2974987,3027.25,123.32998,4024,VfS0qUERdZ,com.sec.android.app.shealth,0,ec798868-2903-40e2-bf47-72978c4f8dd8.achievement.json,ec798868-2903-40e2-bf47-72978c4f8dd8,1737417600000,
62900750,4024,2a1111a2-832c-4930-8c57-29fb862bee2e.binning_data.json,2333142,6000,62900750,0,2025-01-21 18:30:02.844,com.sec.android.app.shealth,2025-01-21 18:30:02.844,,1.2974987,3027.25,123.32998,4024,US7nt0+2+q,com.sec.android.app.shealth,0,2a1111a2-832c-4930-8c57-29fb862bee2e.achievement.json,2a1111a2-832c-4930-8c57-29fb862bee2e,1737417600000,
62900750,4770,191f4cc3-7a08-427b-b314-eef178ad7a86.binning_data.json,2804815,6000,62900750,1,2025-01-22 18:30:04.554,com.sec.android.app.shealth,2025-01-22 01:33:51.598,191f4cc3-7a08-427b-b314-eef178ad7a86.source_info.json,1.2777704,3583.91,160.00998,4769,VfS0qUERdZ,com.sec.android.app.shealth,0,191f4cc3-7a08-427b-b314-eef178ad7a86.achievement.json,191f4cc3-7a08-427b-b314-eef178ad7a86,1737504000000,
62900750,4770,6c4a14c8-e148-4e71-835f-7f32bd783fb4.binning_data.json,2804815,6000,62900750,1,2025-01-22 18:30:03.688,com.sec.android.app.shealth,2025-01-22 18:30:03.688,,1.2777704,3583.91,160.00998,4769,US7nt0+2+q,com.sec.android.app.shealth,0,6c4a14c8-e148-4e71-835f-7f32bd783fb4.achievement.json,6c4a14c8-e148-4e71-835f-7f32bd783fb4,1737504000000,
62900750,6966,fe86a5f6-21d8-4ba7-9512-2169ce7b9e3a.binning_data.json,4269126,6000,62900750,0,2025-01-23 15:55:01.408,com.sec.android.app.shealth,2025-01-23 01:28:20.345,fe86a5f6-21d8-4ba7-9512-2169ce7b9e3a.source_info.json,1.2087507,5160.31,245.22998,6966,VfS0qUERdZ,com.sec.android.app.shealth,0,fe86a5f6-21d8-4ba7-9512-2169ce7b9e3a.achievement.json,fe86a5f6-21d8-4ba7-9512-2169ce7b9e3a,1737590400000,
62900750,6966,f6a28b72-b6fb-40fa-84bd-d210ed87e1b0.binning_data.json,4269126,6000,62900750,0,2025-01-23 18:30:07.003,com.sec.android.app.shealth,2025-01-23 18:30:07.003,,1.2087507,5160.31,245.22998,6966,US7nt0+2+q,com.sec.android.app.shealth,0,f6a28b72-b6fb-40fa-84bd-d210ed87e1b0.achievement.json,f6a28b72-b6fb-40fa-84bd-d210ed87e1b0,1737590400000,
62900750,8802,67ec107d-7d7f-4e26-aaf7-e43ae57e7406.binning_data.json,5099851,6000,62900750,7,2025-01-25 18:30:41.061,com.sec.android.app.shealth,2025-01-24 02:12:25.367,67ec107d-7d7f-4e26-aaf7-e43ae57e7406.source_info.json,1.2956749,6607.75,281.51996,8795,VfS0qUERdZ,com.sec.android.app.shealth,0,67ec107d-7d7f-4e26-aaf7-e43ae57e7406.achievement.json,67ec107d-7d7f-4e26-aaf7-e43ae57e7406,1737676800000,
62900750,8802,da696bc4-382e-4058-817b-f635ad8908ef.binning_data.json,5099851,6000,62900750,7,2025-01-24 18:34:00.319,com.sec.android.app.shealth,2025-01-24 18:30:06.257,,1.2956749,6607.75,281.51996,8795,US7nt0+2+q,com.sec.android.app.shealth,0,da696bc4-382e-4058-817b-f635ad8908ef.achievement.json,da696bc4-382e-4058-817b-f635ad8908ef,1737676800000,
62900750,14511,07ce3278-d03d-433b-915e-86fb76579b76.binning_data.json,8592976,6000,62900750,170,2025-01-25 17:36:55.234,com.sec.android.app.shealth,2025-01-24 18:33:57.312,07ce3278-d03d-433b-915e-86fb76579b76.source_info.json,1.2705922,10918.169,497.92993,14341,VfS0qUERdZ,com.sec.android.app.shealth,0,07ce3278-d03d-433b-915e-86fb76579b76.achievement.json,07ce3278-d03d-433b-915e-86fb76579b76,1737763200000,
62900750,14511,c1c1cf92-4d68-408a-ad58-85a37f006cf0.binning_data.json,8592976,6000,62900750,170,2025-01-25 18:30:29.827,com.sec.android.app.shealth,2025-01-24 18:33:59.796,,1.2705922,10918.169,497.92993,14341,US7nt0+2+q,com.sec.android.app.shealth,0,c1c1cf92-4d68-408a-ad58-85a37f006cf0.achievement.json,c1c1cf92-4d68-408a-ad58-85a37f006cf0,1737763200000,
62900750,416,007dc182-3206-469f-8d89-d78e3434ae17.binning_data.json,226134,6000,62900750,12,2025-01-26 16:52:54.123,com.sec.android.app.shealth,2025-01-26 03:42:53.447,007dc182-3206-469f-8d89-d78e3434ae17.source_info.json,1.4183587,320.74002,14.139999,404,VfS0qUERdZ,com.sec.android.app.shealth,0,007dc182-3206-469f-8d89-d78e3434ae17.achievement.json,007dc182-3206-469f-8d89-d78e3434ae17,1737849600000,
62900750,416,a540d5a0-7688-423e-bc80-476b704988b1.binning_data.json,226134,6000,62900750,12,2025-01-26 18:30:25.922,com.sec.android.app.shealth,2025-01-26 18:30:25.922,,1.4183587,320.74002,14.139999,404,US7nt0+2+q,com.sec.android.app.shealth,0,a540d5a0-7688-423e-bc80-476b704988b1.achievement.json,a540d5a0-7688-423e-bc80-476b704988b1,1737849600000,
62900750,3096,24d58b93-fb08-4dd7-a1d4-8f0cf09e1af5.binning_data.json,1836878,6000,62900750,11,2025-01-27 17:26:07.071,com.sec.android.app.shealth,2025-01-27 01:41:15.158,24d58b93-fb08-4dd7-a1d4-8f0cf09e1af5.source_info.json,1.2639049,2321.64,104.69999,3085,VfS0qUERdZ,com.sec.android.app.shealth,0,24d58b93-fb08-4dd7-a1d4-8f0cf09e1af5.achievement.json,24d58b93-fb08-4dd7-a1d4-8f0cf09e1af5,1737936000000,
62900750,3096,99cacf52-4cfe-49e7-93e0-0054ae3658fb.binning_data.json,1836878,6000,62900750,11,2025-01-27 18:30:23.665,com.sec.android.app.shealth,2025-01-27 18:30:23.665,,1.2639049,2321.64,104.69999,3085,US7nt0+2+q,com.sec.android.app.shealth,0,99cacf52-4cfe-49e7-93e0-0054ae3658fb.achievement.json,99cacf52-4cfe-49e7-93e0-0054ae3658fb,1737936000000,
62900750,3447,18ab6d65-1d32-4103-ba22-01874d1719cc.binning_data.json,2010537,6000,62900750,0,2025-01-28 18:30:07.151,com.sec.android.app.shealth,2025-01-28 02:03:00.475,18ab6d65-1d32-4103-ba22-01874d1719cc.source_info.json,1.2861587,2585.87,113.69999,3447,VfS0qUERdZ,com.sec.android.app.shealth,0,18ab6d65-1d32-4103-ba22-01874d1719cc.achievement.json,18ab6d65-1d32-4103-ba22-01874d1719cc,1738022400000,
62900750,3447,3f51d7a7-e1f6-49e6-bd63-f557a77bbd90.binning_data.json,2010537,6000,62900750,0,2025-01-28 18:30:06.234,com.sec.android.app.shealth,2025-01-28 18:30:06.234,,1.2861587,2585.87,113.69999,3447,US7nt0+2+q,com.sec.android.app.shealth,0,3f51d7a7-e1f6-49e6-bd63-f557a77bbd90.achievement.json,3f51d7a7-e1f6-49e6-bd63-f557a77bbd90,1738022400000,
62900750,5062,d36cd2be-7c27-47fc-a5d5-3a520b65d875.binning_data.json,2922780,6000,62900750,37,2025-01-29 16:48:33.228,com.sec.android.app.shealth,2025-01-29 02:08:08.877,d36cd2be-7c27-47fc-a5d5-3a520b65d875.source_info.json,1.3076279,3821.91,167.71997,5025,VfS0qUERdZ,com.sec.android.app.shealth,0,d36cd2be-7c27-47fc-a5d5-3a520b65d875.achievement.json,d36cd2be-7c27-47fc-a5d5-3a520b65d875,1738108800000,
62900750,5062,60b019b9-6320-49c1-a6c6-b026087e20c5.binning_data.json,2922780,6000,62900750,37,2025-01-29 18:30:48.120,com.sec.android.app.shealth,2025-01-29 18:30:48.120,,1.3076279,3821.91,167.71997,5025,US7nt0+2+q,com.sec.android.app.shealth,0,60b019b9-6320-49c1-a6c6-b026087e20c5.achievement.json,60b019b9-6320-49c1-a6c6-b026087e20c5,1738108800000,
62900750,4726,cf1587c8-f4f5-49cf-a8db-7b8cb141c194.binning_data.json,2799703,6000,62900750,0,2025-01-30 18:30:06.500,com.sec.android.app.shealth,2025-01-30 01:59:47.893,cf1587c8-f4f5-49cf-a8db-7b8cb141c194.source_info.json,1.262416,3534.39,155.89998,4726,VfS0qUERdZ,com.sec.android.app.shealth,0,cf1587c8-f4f5-49cf-a8db-7b8cb141c194.achievement.json,cf1587c8-f4f5-49cf-a8db-7b8cb141c194,1738195200000,
62900750,4726,adf2fa47-39d8-4532-86ea-f05ad4344646.binning_data.json,2799703,6000,62900750,0,2025-01-30 18:30:05.354,com.sec.android.app.shealth,2025-01-30 18:30:05.354,,1.262416,3534.39,155.89998,4726,US7nt0+2+q,com.sec.android.app.shealth,0,adf2fa47-39d8-4532-86ea-f05ad4344646.achievement.json,adf2fa47-39d8-4532-86ea-f05ad4344646,1738195200000,
62900750,6019,19e030ec-593d-4f05-aa81-352038b153e5.binning_data.json,3676094,6000,62900750,0,2025-01-31 18:04:02.680,com.sec.android.app.shealth,2025-01-30 22:46:39.665,19e030ec-593d-4f05-aa81-352038b153e5.source_info.json,1.215268,4467.44,211.60999,6019,VfS0qUERdZ,com.sec.android.app.shealth,0,19e030ec-593d-4f05-aa81-352038b153e5.achievement.json,19e030ec-593d-4f05-aa81-352038b153e5,1738281600000,
62900750,6019,38d3816b-b96f-449b-8f35-c2201f5d97d3.binning_data.json,3676094,6000,62900750,0,2025-01-31 18:30:03.760,com.sec.android.app.shealth,2025-01-31 18:30:03.760,,1.215268,4467.44,211.60999,6019,US7nt0+2+q,com.sec.android.app.shealth,0,38d3816b-b96f-449b-8f35-c2201f5d97d3.achievement.json,38d3816b-b96f-449b-8f35-c2201f5d97d3,1738281600000,
62900750,568,aad38006-35cf-41e9-828c-2d83128281d2.binning_data.json,333823,6000,62900750,0,2025-02-01 17:35:03.814,com.sec.android.app.shealth,2025-02-01 02:33:03.579,aad38006-35cf-41e9-828c-2d83128281d2.source_info.json,1.2762445,426.03998,19.31,568,VfS0qUERdZ,com.sec.android.app.shealth,0,aad38006-35cf-41e9-828c-2d83128281d2.achievement.json,aad38006-35cf-41e9-828c-2d83128281d2,1738368000000,
62900750,568,881cf40d-6578-406b-8f82-e641e97b3a0f.binning_data.json,333823,6000,62900750,0,2025-02-01 18:30:03.560,com.sec.android.app.shealth,2025-02-01 18:30:03.560,,1.2762445,426.03998,19.31,568,US7nt0+2+q,com.sec.android.app.shealth,0,881cf40d-6578-406b-8f82-e641e97b3a0f.achievement.json,881cf40d-6578-406b-8f82-e641e97b3a0f,1738368000000,
62900750,16324,33f825af-52f5-4b0a-8ba6-252acffa872f.binning_data.json,9316245,6000,62900750,0,2025-02-02 15:20:34.813,com.sec.android.app.shealth,2025-02-01 19:19:56.275,33f825af-52f5-4b0a-8ba6-252acffa872f.source_info.json,1.319317,12291.08,516.76996,16324,VfS0qUERdZ,com.sec.android.app.shealth,0,33f825af-52f5-4b0a-8ba6-252acffa872f.achievement.json,33f825af-52f5-4b0a-8ba6-252acffa872f,1738454400000,
62900750,16324,312f0dc4-bcf8-4154-9fbe-5d028e1e9dc2.binning_data.json,9316245,6000,62900750,0,2025-02-02 18:30:05.087,com.sec.android.app.shealth,2025-02-02 18:30:05.087,,1.319317,12291.08,516.76996,16324,US7nt0+2+q,com.sec.android.app.shealth,0,312f0dc4-bcf8-4154-9fbe-5d028e1e9dc2.achievement.json,312f0dc4-bcf8-4154-9fbe-5d028e1e9dc2,1738454400000,
62900750,6017,d8a6cd11-b61a-46d8-8eb4-5783dd9be8ca.binning_data.json,3558070,6000,62900750,2,2025-02-03 18:30:02.599,com.sec.android.app.shealth,2025-02-03 02:05:38.473,d8a6cd11-b61a-46d8-8eb4-5783dd9be8ca.source_info.json,1.267094,4508.41,207.95,6015,VfS0qUERdZ,com.sec.android.app.shealth,0,d8a6cd11-b61a-46d8-8eb4-5783dd9be8ca.achievement.json,d8a6cd11-b61a-46d8-8eb4-5783dd9be8ca,1738540800000,
62900750,6017,c94815f1-7c48-4571-94b9-bd07a089f340.binning_data.json,3558070,6000,62900750,2,2025-02-03 18:30:02.170,com.sec.android.app.shealth,2025-02-03 18:30:02.170,,1.267094,4508.41,207.95,6015,US7nt0+2+q,com.sec.android.app.shealth,0,c94815f1-7c48-4571-94b9-bd07a089f340.achievement.json,c94815f1-7c48-4571-94b9-bd07a089f340,1738540800000,
62900750,3826,3c8e7a51-9371-4669-9633-4603b610e72f.binning_data.json,2219075,6000,62900750,0,2025-02-04 12:15:06.886,com.sec.android.app.shealth,2025-02-04 02:28:46.533,3c8e7a51-9371-4669-9633-4603b610e72f.source_info.json,1.2952828,2874.33,125.16999,3826,VfS0qUERdZ,com.sec.android.app.shealth,0,3c8e7a51-9371-4669-9633-4603b610e72f.achievement.json,3c8e7a51-9371-4669-9633-4603b610e72f,1738627200000,
62900750,3826,da64802a-31d9-477f-819f-970e71ff3541.binning_data.json,2219075,6000,62900750,0,2025-02-04 18:30:21.764,com.sec.android.app.shealth,2025-02-04 18:30:21.764,,1.2952828,2874.33,125.16999,3826,US7nt0+2+q,com.sec.android.app.shealth,0,da64802a-31d9-477f-819f-970e71ff3541.achievement.json,da64802a-31d9-477f-819f-970e71ff3541,1738627200000,
62900750,3545,2a54f99f-d96f-410d-a9da-4fb543fd7023.binning_data.json,2015942,6000,62900750,4,2025-02-05 15:42:47.051,com.sec.android.app.shealth,2025-02-05 02:11:18.861,2a54f99f-d96f-410d-a9da-4fb543fd7023.source_info.json,1.3290406,2679.27,112.87998,3541,VfS0qUERdZ,com.sec.android.app.shealth,0,2a54f99f-d96f-410d-a9da-4fb543fd7023.achievement.json,2a54f99f-d96f-410d-a9da-4fb543fd7023,1738713600000,
62900750,3545,780baaac-7835-4754-ae97-37068178c7ec.binning_data.json,2015942,6000,62900750,4,2025-02-05 18:30:04.262,com.sec.android.app.shealth,2025-02-05 18:30:04.262,,1.3290406,2679.27,112.87998,3541,US7nt0+2+q,com.sec.android.app.shealth,0,780baaac-7835-4754-ae97-37068178c7ec.achievement.json,780baaac-7835-4754-ae97-37068178c7ec,1738713600000,
62900750,4747,f19b7409-c969-4fda-adee-a4c54c4c9ee3.binning_data.json,2898469,6000,62900750,0,2025-02-06 17:05:33.738,com.sec.android.app.shealth,2025-02-06 01:45:15.421,f19b7409-c969-4fda-adee-a4c54c4c9ee3.source_info.json,1.2161313,3524.92,166.71999,4747,VfS0qUERdZ,com.sec.android.app.shealth,0,f19b7409-c969-4fda-adee-a4c54c4c9ee3.achievement.json,f19b7409-c969-4fda-adee-a4c54c4c9ee3,1738800000000,
62900750,4747,f8bf3987-44ec-4dc4-8ba5-ae62913bdc7c.binning_data.json,2898469,6000,62900750,0,2025-02-06 18:30:03.674,com.sec.android.app.shealth,2025-02-06 18:30:03.674,,1.2161313,3524.92,166.71999,4747,US7nt0+2+q,com.sec.android.app.shealth,0,f8bf3987-44ec-4dc4-8ba5-ae62913bdc7c.achievement.json,f8bf3987-44ec-4dc4-8ba5-ae62913bdc7c,1738800000000,
62900750,10227,1da1d71c-80c7-4d62-848b-b7aad18eeabc.binning_data.json,5791900,6000,62910110,516,2025-02-07 16:46:11.657,com.sec.android.app.shealth,2025-02-07 02:21:24.931,1da1d71c-80c7-4d62-848b-b7aad18eeabc.source_info.json,1.3654776,7908.71,362.16995,9711,VfS0qUERdZ,com.sec.android.app.shealth,0,1da1d71c-80c7-4d62-848b-b7aad18eeabc.achievement.json,1da1d71c-80c7-4d62-848b-b7aad18eeabc,1738886400000,
62910110,10227,9c269b93-d1c7-4b59-93df-c71ddfcc0d0e.binning_data.json,5791900,6000,62910110,516,2025-02-07 18:30:04.617,com.sec.android.app.shealth,2025-02-07 18:30:04.617,,1.3654776,7908.71,362.16995,9711,US7nt0+2+q,com.sec.android.app.shealth,0,9c269b93-d1c7-4b59-93df-c71ddfcc0d0e.achievement.json,9c269b93-d1c7-4b59-93df-c71ddfcc0d0e,1738886400000,
62920010,11052,818aa1b3-6c77-483e-9b7f-67d6075a7674.binning_data.json,6712089,6000,62920010,2,2025-02-08 18:11:45.113,com.sec.android.app.shealth,2025-02-08 03:27:12.147,818aa1b3-6c77-483e-9b7f-67d6075a7674.source_info.json,1.2229769,8208.7295,394.86,11050,VfS0qUERdZ,com.sec.android.app.shealth,0,818aa1b3-6c77-483e-9b7f-67d6075a7674.achievement.json,818aa1b3-6c77-483e-9b7f-67d6075a7674,1738972800000,
62920010,11052,ea7efb9b-4d0b-4c12-9f2c-c7309948d93e.binning_data.json,6712089,6000,62920010,2,2025-02-08 18:30:03.722,com.sec.android.app.shealth,2025-02-08 18:30:03.722,,1.2229769,8208.7295,394.86,11050,US7nt0+2+q,com.sec.android.app.shealth,0,ea7efb9b-4d0b-4c12-9f2c-c7309948d93e.achievement.json,ea7efb9b-4d0b-4c12-9f2c-c7309948d93e,1738972800000,
62920010,8738,0e6ea816-aded-4237-855b-b75765c74beb.binning_data.json,5433773,6000,62920010,0,2025-02-09 16:38:19.452,com.sec.android.app.shealth,2025-02-08 19:14:40.278,0e6ea816-aded-4237-855b-b75765c74beb.source_info.json,1.1909901,6471.57,329.61,8738,VfS0qUERdZ,com.sec.android.app.shealth,0,0e6ea816-aded-4237-855b-b75765c74beb.achievement.json,0e6ea816-aded-4237-855b-b75765c74beb,1739059200000,
62920010,8738,400e669f-daae-439e-8a3e-0bcf51651754.binning_data.json,5433773,6000,62920010,0,2025-02-09 18:30:03.201,com.sec.android.app.shealth,2025-02-09 18:30:03.201,,1.1909901,6471.57,329.61,8738,US7nt0+2+q,com.sec.android.app.shealth,0,400e669f-daae-439e-8a3e-0bcf51651754.achievement.json,400e669f-daae-439e-8a3e-0bcf51651754,1739059200000,
62920010,5075,0451ca39-3da1-449b-b098-e7ba15a8b96f.binning_data.json,2994469,6000,62920010,9,2025-02-10 18:30:23.199,com.sec.android.app.shealth,2025-02-10 01:57:43.258,0451ca39-3da1-449b-b098-e7ba15a8b96f.source_info.json,1.2698742,3802.6,192.80998,5066,VfS0qUERdZ,com.sec.android.app.shealth,0,0451ca39-3da1-449b-b098-e7ba15a8b96f.achievement.json,0451ca39-3da1-449b-b098-e7ba15a8b96f,1739145600000,
62920010,5075,e2160d38-bc73-42b1-8c7a-ccf4f5965a56.binning_data.json,2994469,6000,62920010,9,2025-02-10 18:30:22.369,com.sec.android.app.shealth,2025-02-10 18:30:22.369,,1.2698742,3802.6,192.80998,5066,US7nt0+2+q,com.sec.android.app.shealth,0,e2160d38-bc73-42b1-8c7a-ccf4f5965a56.achievement.json,e2160d38-bc73-42b1-8c7a-ccf4f5965a56,1739145600000,
62920010,3070,ad2b0203-4086-404c-a632-1fea71984a59.binning_data.json,1876992,6000,62920010,0,2025-02-11 18:25:28.087,com.sec.android.app.shealth,2025-02-11 02:34:43.307,ad2b0203-4086-404c-a632-1fea71984a59.source_info.json,1.2151351,2280.8,117.329994,3070,VfS0qUERdZ,com.sec.android.app.shealth,0,ad2b0203-4086-404c-a632-1fea71984a59.achievement.json,ad2b0203-4086-404c-a632-1fea71984a59,1739232000000,
62920010,3070,866fb201-0c2f-4e45-85c2-e2021eea5d96.binning_data.json,1876992,6000,62920010,0,2025-02-11 18:30:37.482,com.sec.android.app.shealth,2025-02-11 18:30:37.482,,1.2151351,2280.8,117.329994,3070,US7nt0+2+q,com.sec.android.app.shealth,0,866fb201-0c2f-4e45-85c2-e2021eea5d96.achievement.json,866fb201-0c2f-4e45-85c2-e2021eea5d96,1739232000000,
62920010,4552,224f6be4-5b22-4c1c-93f6-4764a4924a75.binning_data.json,2745181,6000,62920010,0,2025-02-12 16:35:50.628,com.sec.android.app.shealth,2025-02-12 01:14:02.229,224f6be4-5b22-4c1c-93f6-4764a4924a75.source_info.json,1.2332337,3385.4502,173.03,4552,VfS0qUERdZ,com.sec.android.app.shealth,0,224f6be4-5b22-4c1c-93f6-4764a4924a75.achievement.json,224f6be4-5b22-4c1c-93f6-4764a4924a75,1739318400000,
62920010,4552,c5f925c6-e284-40cf-aa1f-d066dce6bf85.binning_data.json,2745181,6000,62920010,0,2025-02-12 18:30:05.009,com.sec.android.app.shealth,2025-02-12 18:30:05.009,,1.2332337,3385.4502,173.03,4552,US7nt0+2+q,com.sec.android.app.shealth,0,c5f925c6-e284-40cf-aa1f-d066dce6bf85.achievement.json,c5f925c6-e284-40cf-aa1f-d066dce6bf85,1739318400000,
62920010,9617,87574f90-aaf4-494c-ae41-1bd044a42a68.binning_data.json,5743881,6000,62920010,0,2025-02-13 16:04:29.952,com.sec.android.app.shealth,2025-02-13 00:31:35.542,87574f90-aaf4-494c-ae41-1bd044a42a68.source_info.json,1.2507865,7184.37,374.89996,9617,VfS0qUERdZ,com.sec.android.app.shealth,0,87574f90-aaf4-494c-ae41-1bd044a42a68.achievement.json,87574f90-aaf4-494c-ae41-1bd044a42a68,1739404800000,
62920010,9617,2b401c3b-aae0-4dd5-9f2b-7b5e00653435.binning_data.json,5743881,6000,62920010,0,2025-02-13 18:30:04.381,com.sec.android.app.shealth,2025-02-13 18:30:04.381,,1.2507865,7184.37,374.89996,9617,US7nt0+2+q,com.sec.android.app.shealth,0,2b401c3b-aae0-4dd5-9f2b-7b5e00653435.achievement.json,2b401c3b-aae0-4dd5-9f2b-7b5e00653435,1739404800000,
62920010,6295,42691284-0e51-4e15-a3b0-9b23baed626c.binning_data.json,3927220,6000,62920010,0,2025-02-14 17:21:47.483,com.sec.android.app.shealth,2025-02-14 00:18:53.398,42691284-0e51-4e15-a3b0-9b23baed626c.source_info.json,1.187453,4663.3896,244.46999,6295,VfS0qUERdZ,com.sec.android.app.shealth,0,42691284-0e51-4e15-a3b0-9b23baed626c.achievement.json,42691284-0e51-4e15-a3b0-9b23baed626c,1739491200000,
62920010,6295,24dbd3b4-e548-42b3-aff7-b6a411cbd175.binning_data.json,3927220,6000,62920010,0,2025-02-14 18:30:04.362,com.sec.android.app.shealth,2025-02-14 18:30:04.362,,1.187453,4663.3896,244.46999,6295,US7nt0+2+q,com.sec.android.app.shealth,0,24dbd3b4-e548-42b3-aff7-b6a411cbd175.achievement.json,24dbd3b4-e548-42b3-aff7-b6a411cbd175,1739491200000,
62920010,13654,b6f4bf95-737c-4578-91da-02ba8878c319.binning_data.json,8144688,6000,62920010,7,2025-02-15 18:30:05.806,com.sec.android.app.shealth,2025-02-15 01:33:53.419,b6f4bf95-737c-4578-91da-02ba8878c319.source_info.json,1.2523559,10200.05,531.1099,13647,VfS0qUERdZ,com.sec.android.app.shealth,0,b6f4bf95-737c-4578-91da-02ba8878c319.achievement.json,b6f4bf95-737c-4578-91da-02ba8878c319,1739577600000,
62920010,13654,6b368b28-8184-4268-afec-7d9f4d6b9d6e.binning_data.json,8144688,6000,62920010,7,2025-02-15 18:30:04.713,com.sec.android.app.shealth,2025-02-15 18:30:04.713,,1.2523559,10200.05,531.1099,13647,US7nt0+2+q,com.sec.android.app.shealth,0,6b368b28-8184-4268-afec-7d9f4d6b9d6e.achievement.json,6b368b28-8184-4268-afec-7d9f4d6b9d6e,1739577600000,
62920010,8203,c9d0f2ab-0736-47c9-a650-15d2ef2d4d9a.binning_data.json,4980736,6000,62920010,0,2025-02-16 17:43:20.605,com.sec.android.app.shealth,2025-02-15 19:03:57.276,c9d0f2ab-0736-47c9-a650-15d2ef2d4d9a.source_info.json,1.2206348,6079.66,318.99,8203,VfS0qUERdZ,com.sec.android.app.shealth,0,c9d0f2ab-0736-47c9-a650-15d2ef2d4d9a.achievement.json,c9d0f2ab-0736-47c9-a650-15d2ef2d4d9a,1739664000000,
62920010,8203,140f56e9-9365-47a5-bc0b-4f70e8be83d5.binning_data.json,4980736,6000,62920010,0,2025-02-16 18:30:24.229,com.sec.android.app.shealth,2025-02-16 18:30:24.229,,1.2206348,6079.66,318.99,8203,US7nt0+2+q,com.sec.android.app.shealth,0,140f56e9-9365-47a5-bc0b-4f70e8be83d5.achievement.json,140f56e9-9365-47a5-bc0b-4f70e8be83d5,1739664000000,
62920010,539,d0f8e8b5-1951-454f-b6c8-1726897005dc.binning_data.json,329053,6000,62920010,0,2025-02-17 17:23:30.688,com.sec.android.app.shealth,2025-02-17 02:21:45.101,d0f8e8b5-1951-454f-b6c8-1726897005dc.source_info.json,1.2153349,399.91,19.9,539,VfS0qUERdZ,com.sec.android.app.shealth,0,d0f8e8b5-1951-454f-b6c8-1726897005dc.achievement.json,d0f8e8b5-1951-454f-b6c8-1726897005dc,1739750400000,
62920010,539,018f8120-d8be-4fe6-bfc4-5c63f2d64a80.binning_data.json,329053,6000,62920010,0,2025-02-17 18:30:02.229,com.sec.android.app.shealth,2025-02-17 18:30:02.229,,1.2153349,399.91,19.9,539,US7nt0+2+q,com.sec.android.app.shealth,0,018f8120-d8be-4fe6-bfc4-5c63f2d64a80.achievement.json,018f8120-d8be-4fe6-bfc4-5c63f2d64a80,1739750400000,
62920010,6474,8051ea3c-c1f6-4110-bb39-db342d66c394.binning_data.json,4028236,6000,62920010,4,2025-02-18 15:55:04.819,com.sec.android.app.shealth,2025-02-18 02:45:29.621,8051ea3c-c1f6-4110-bb39-db342d66c394.source_info.json,1.1858438,4776.86,242.73,6470,VfS0qUERdZ,com.sec.android.app.shealth,0,8051ea3c-c1f6-4110-bb39-db342d66c394.achievement.json,8051ea3c-c1f6-4110-bb39-db342d66c394,1739836800000,
62920010,6474,2872b0d2-3241-4655-aac0-86371a6bcac5.binning_data.json,4028236,6000,62920010,4,2025-02-18 18:30:02.074,com.sec.android.app.shealth,2025-02-18 18:30:02.074,,1.1858438,4776.86,242.73,6470,US7nt0+2+q,com.sec.android.app.shealth,0,2872b0d2-3241-4655-aac0-86371a6bcac5.achievement.json,2872b0d2-3241-4655-aac0-86371a6bcac5,1739836800000,
62920010,13161,16377c3d-8667-4bd9-b700-504c741b36ae.binning_data.json,7941313,6000,62920010,3,2025-02-19 16:20:38.194,com.sec.android.app.shealth,2025-02-18 18:30:37.594,16377c3d-8667-4bd9-b700-504c741b36ae.source_info.json,1.2374477,9826.96,494.20993,13158,VfS0qUERdZ,com.sec.android.app.shealth,0,16377c3d-8667-4bd9-b700-504c741b36ae.achievement.json,16377c3d-8667-4bd9-b700-504c741b36ae,1739923200000,
62920010,13161,e4ebc3bc-0c0e-4e18-8c62-8934fdfe80b3.binning_data.json,7941313,6000,62920010,3,2025-02-19 18:30:03.463,com.sec.android.app.shealth,2025-02-19 18:30:03.463,,1.2374477,9826.96,494.20993,13158,US7nt0+2+q,com.sec.android.app.shealth,0,e4ebc3bc-0c0e-4e18-8c62-8934fdfe80b3.achievement.json,e4ebc3bc-0c0e-4e18-8c62-8934fdfe80b3,1739923200000,
62920010,8176,a07af444-a179-49d0-be97-0e86cbd090a7.binning_data.json,4994909,6000,62920010,23,2025-02-20 18:30:01.790,com.sec.android.app.shealth,2025-02-20 00:15:15.474,a07af444-a179-49d0-be97-0e86cbd090a7.source_info.json,1.2222525,6105.04,298.73996,8153,VfS0qUERdZ,com.sec.android.app.shealth,0,a07af444-a179-49d0-be97-0e86cbd090a7.achievement.json,a07af444-a179-49d0-be97-0e86cbd090a7,1740009600000,
62920010,8176,e524b316-56b3-4a52-9931-5b8af0e022dc.binning_data.json,4994909,6000,62920010,23,2025-02-20 18:30:01.326,com.sec.android.app.shealth,2025-02-20 18:30:01.326,,1.2222525,6105.04,298.73996,8153,US7nt0+2+q,com.sec.android.app.shealth,0,e524b316-56b3-4a52-9931-5b8af0e022dc.achievement.json,e524b316-56b3-4a52-9931-5b8af0e022dc,1740009600000,
62920010,16942,6b74f0b8-8c7e-48e5-9422-c10877c50fdc.binning_data.json,10613501,6000,62920010,0,2025-02-21 17:07:16.989,com.sec.android.app.shealth,2025-02-21 00:57:44.157,6b74f0b8-8c7e-48e5-9422-c10877c50fdc.source_info.json,1.1772497,12494.74,653.76996,16942,VfS0qUERdZ,com.sec.android.app.shealth,0,6b74f0b8-8c7e-48e5-9422-c10877c50fdc.achievement.json,6b74f0b8-8c7e-48e5-9422-c10877c50fdc,1740096000000,
62920010,16942,14eb8532-48de-4950-8bd4-ef861b316032.binning_data.json,10613501,6000,62920010,0,2025-02-21 18:30:04.628,com.sec.android.app.shealth,2025-02-21 18:30:04.628,,1.1772497,12494.74,653.76996,16942,US7nt0+2+q,com.sec.android.app.shealth,0,14eb8532-48de-4950-8bd4-ef861b316032.achievement.json,14eb8532-48de-4950-8bd4-ef861b316032,1740096000000,
62920010,12421,0a7bde3b-59aa-49cf-9404-8bc2f29be88e.binning_data.json,6801730,6000,62920010,53,2025-02-22 16:36:41.246,com.sec.android.app.shealth,2025-02-22 01:52:40.082,0a7bde3b-59aa-49cf-9404-8bc2f29be88e.source_info.json,1.4019153,9535.45,426.90997,12368,VfS0qUERdZ,com.sec.android.app.shealth,0,0a7bde3b-59aa-49cf-9404-8bc2f29be88e.achievement.json,0a7bde3b-59aa-49cf-9404-8bc2f29be88e,1740182400000,
62920010,12421,fdcf0d68-f591-40a7-b77d-81ceefdd82fd.binning_data.json,6801730,6000,62920010,53,2025-02-22 18:30:04.167,com.sec.android.app.shealth,2025-02-22 18:30:04.167,,1.4019153,9535.45,426.90997,12368,US7nt0+2+q,com.sec.android.app.shealth,0,fdcf0d68-f591-40a7-b77d-81ceefdd82fd.achievement.json,fdcf0d68-f591-40a7-b77d-81ceefdd82fd,1740182400000,
62920010,10301,8939e33d-9ca4-4ab8-bdaa-c6167e0447dd.binning_data.json,6369072,6000,62920010,63,2025-02-23 18:15:06.351,com.sec.android.app.shealth,2025-02-23 01:26:18.108,8939e33d-9ca4-4ab8-bdaa-c6167e0447dd.source_info.json,1.2029066,7661.4,390.52997,10238,VfS0qUERdZ,com.sec.android.app.shealth,0,8939e33d-9ca4-4ab8-bdaa-c6167e0447dd.achievement.json,8939e33d-9ca4-4ab8-bdaa-c6167e0447dd,1740268800000,
62920010,10301,538d614a-c712-4d04-9c6c-bbbcd04f9fa9.binning_data.json,6369072,6000,62920010,63,2025-02-23 18:30:04.339,com.sec.android.app.shealth,2025-02-23 18:30:04.339,,1.2029066,7661.4,390.52997,10238,US7nt0+2+q,com.sec.android.app.shealth,0,538d614a-c712-4d04-9c6c-bbbcd04f9fa9.achievement.json,538d614a-c712-4d04-9c6c-bbbcd04f9fa9,1740268800000,
62920010,19724,7a9c798c-2c18-401d-8e49-8a4d12720f3d.binning_data.json,12285266,6000,62930070,190,2025-02-24 17:14:08.636,com.sec.android.app.shealth,2025-02-23 19:15:13.852,7a9c798c-2c18-401d-8e49-8a4d12720f3d.source_info.json,1.1888989,14605.939,777.22,19534,VfS0qUERdZ,com.sec.android.app.shealth,0,7a9c798c-2c18-401d-8e49-8a4d12720f3d.achievement.json,7a9c798c-2c18-401d-8e49-8a4d12720f3d,1740355200000,
62930070,19724,07e2b742-4d47-489c-a6af-4762828e2756.binning_data.json,12285266,6000,62930070,190,2025-02-24 18:31:01.731,com.sec.android.app.shealth,2025-02-24 18:31:01.731,,1.1888989,14605.939,777.22,19534,US7nt0+2+q,com.sec.android.app.shealth,0,07e2b742-4d47-489c-a6af-4762828e2756.achievement.json,07e2b742-4d47-489c-a6af-4762828e2756,1740355200000,
62930070,1210,bbce2b03-6d11-4ead-8630-ae5a4b20e72f.binning_data.json,725278,6000,62930070,0,2025-02-25 18:17:01.640,com.sec.android.app.shealth,2025-02-25 05:05:51.002,bbce2b03-6d11-4ead-8630-ae5a4b20e72f.source_info.json,1.2436054,901.96,45.03,1210,VfS0qUERdZ,com.sec.android.app.shealth,0,bbce2b03-6d11-4ead-8630-ae5a4b20e72f.achievement.json,bbce2b03-6d11-4ead-8630-ae5a4b20e72f,1740441600000,
62930070,1210,d703074a-ac5f-4f1d-9885-5b7c3b29d725.binning_data.json,725278,6000,62930070,0,2025-02-25 18:30:05.035,com.sec.android.app.shealth,2025-02-25 18:30:05.035,,1.2436054,901.96,45.03,1210,US7nt0+2+q,com.sec.android.app.shealth,0,d703074a-ac5f-4f1d-9885-5b7c3b29d725.achievement.json,d703074a-ac5f-4f1d-9885-5b7c3b29d725,1740441600000,
62930070,3820,7f105137-b1af-48bb-a3f7-05b3f2361124.binning_data.json,2159184,6000,62930070,18,2025-02-26 16:39:40.769,com.sec.android.app.shealth,2025-02-26 00:50:36.824,7f105137-b1af-48bb-a3f7-05b3f2361124.source_info.json,1.3429377,2899.65,143.65999,3802,VfS0qUERdZ,com.sec.android.app.shealth,0,7f105137-b1af-48bb-a3f7-05b3f2361124.achievement.json,7f105137-b1af-48bb-a3f7-05b3f2361124,1740528000000,
62930070,3820,2db94ea1-db61-4009-93ac-6161ca940343.binning_data.json,2159184,6000,62930070,18,2025-02-26 18:30:04.915,com.sec.android.app.shealth,2025-02-26 18:30:04.915,,1.3429377,2899.65,143.65999,3802,US7nt0+2+q,com.sec.android.app.shealth,0,2db94ea1-db61-4009-93ac-6161ca940343.achievement.json,2db94ea1-db61-4009-93ac-6161ca940343,1740528000000,
62930070,3903,91465b97-ff63-415d-8e69-e190cfa0f4fd.binning_data.json,2282605,6000,62930070,0,2025-02-27 18:30:26.356,com.sec.android.app.shealth,2025-02-27 02:44:29.645,91465b97-ff63-415d-8e69-e190cfa0f4fd.source_info.json,1.2789989,2919.45,150.48999,3903,VfS0qUERdZ,com.sec.android.app.shealth,0,91465b97-ff63-415d-8e69-e190cfa0f4fd.achievement.json,91465b97-ff63-415d-8e69-e190cfa0f4fd,1740614400000,
62930070,3903,a5c3839a-d3a0-470c-95c4-2e23439323a2.binning_data.json,2282605,6000,62930070,0,2025-02-27 18:30:25.545,com.sec.android.app.shealth,2025-02-27 18:30:25.545,,1.2789989,2919.45,150.48999,3903,US7nt0+2+q,com.sec.android.app.shealth,0,a5c3839a-d3a0-470c-95c4-2e23439323a2.achievement.json,a5c3839a-d3a0-470c-95c4-2e23439323a2,1740614400000,
62930070,8168,dc7c7d5c-09b9-4aee-9810-7fff743b9d40.binning_data.json,4877473,6000,62930070,1,2025-02-28 18:30:08.455,com.sec.android.app.shealth,2025-02-28 02:48:11.248,dc7c7d5c-09b9-4aee-9810-7fff743b9d40.source_info.json,1.2511541,6102.47,307.12,8167,VfS0qUERdZ,com.sec.android.app.shealth,0,dc7c7d5c-09b9-4aee-9810-7fff743b9d40.achievement.json,dc7c7d5c-09b9-4aee-9810-7fff743b9d40,1740700800000,
62930070,8168,b5dea0dd-eaac-4cf1-8412-e50394832226.binning_data.json,4877473,6000,62930070,1,2025-02-28 18:30:07.345,com.sec.android.app.shealth,2025-02-28 18:30:07.345,,1.2511541,6102.47,307.12,8167,US7nt0+2+q,com.sec.android.app.shealth,0,b5dea0dd-eaac-4cf1-8412-e50394832226.achievement.json,b5dea0dd-eaac-4cf1-8412-e50394832226,1740700800000,
62930070,753,8e71a48e-aa98-491a-8119-821fc1e82f65.binning_data.json,472899,6000,62930070,0,2025-03-01 18:10:26.231,com.sec.android.app.shealth,2025-03-01 02:37:54.091,8e71a48e-aa98-491a-8119-821fc1e82f65.source_info.json,1.1757048,555.99,27.979998,753,VfS0qUERdZ,com.sec.android.app.shealth,0,8e71a48e-aa98-491a-8119-821fc1e82f65.achievement.json,8e71a48e-aa98-491a-8119-821fc1e82f65,1740787200000,
62930070,753,8f281764-3f81-416a-abd5-1ed2d9a12f63.binning_data.json,472899,6000,62930070,0,2025-03-01 18:30:03.959,com.sec.android.app.shealth,2025-03-01 18:30:03.959,,1.1757048,555.99,27.979998,753,US7nt0+2+q,com.sec.android.app.shealth,0,8f281764-3f81-416a-abd5-1ed2d9a12f63.achievement.json,8f281764-3f81-416a-abd5-1ed2d9a12f63,1740787200000,
62930070,998,edf90a8c-2d9d-4c3a-8683-73566cade543.binning_data.json,572105,6000,62930070,18,2025-03-02 15:11:55.763,com.sec.android.app.shealth,2025-03-01 19:30:23.463,edf90a8c-2d9d-4c3a-8683-73566cade543.source_info.json,1.3252269,758.17,37.489998,980,VfS0qUERdZ,com.sec.android.app.shealth,0,edf90a8c-2d9d-4c3a-8683-73566cade543.achievement.json,edf90a8c-2d9d-4c3a-8683-73566cade543,1740873600000,
62930070,998,a02430f2-bba0-4d76-aba7-a0550521253b.binning_data.json,572105,6000,62930070,18,2025-03-02 18:30:11.597,com.sec.android.app.shealth,2025-03-02 18:30:11.597,,1.3252269,758.17,37.489998,980,US7nt0+2+q,com.sec.android.app.shealth,0,a02430f2-bba0-4d76-aba7-a0550521253b.achievement.json,a02430f2-bba0-4d76-aba7-a0550521253b,1740873600000,
62930070,6123,5cdd123a-11c9-4883-aea5-49e80c8e5646.binning_data.json,3667955,6000,62930070,2,2025-03-03 18:30:47.955,com.sec.android.app.shealth,2025-03-02 23:14:18.762,5cdd123a-11c9-4883-aea5-49e80c8e5646.source_info.json,1.2437748,4562.11,239.98,6121,VfS0qUERdZ,com.sec.android.app.shealth,0,5cdd123a-11c9-4883-aea5-49e80c8e5646.achievement.json,5cdd123a-11c9-4883-aea5-49e80c8e5646,1740960000000,
62930070,6123,b2177c55-7670-4256-8d00-c7d07d024498.binning_data.json,3667955,6000,62930070,2,2025-03-03 18:30:46.896,com.sec.android.app.shealth,2025-03-03 18:30:46.896,,1.2437748,4562.11,239.98,6121,US7nt0+2+q,com.sec.android.app.shealth,0,b2177c55-7670-4256-8d00-c7d07d024498.achievement.json,b2177c55-7670-4256-8d00-c7d07d024498,1740960000000,
62930070,4601,8fb474a0-9e79-49be-a3d1-ffd76ebbd2f4.binning_data.json,2836189,6000,62930070,2,2025-03-04 16:13:39.096,com.sec.android.app.shealth,2025-03-04 02:31:43.116,8fb474a0-9e79-49be-a3d1-ffd76ebbd2f4.source_info.json,1.2045704,3416.39,177.59,4599,VfS0qUERdZ,com.sec.android.app.shealth,0,8fb474a0-9e79-49be-a3d1-ffd76ebbd2f4.achievement.json,8fb474a0-9e79-49be-a3d1-ffd76ebbd2f4,1741046400000,
62930070,4601,f513e78b-a7d7-42ed-bc55-f269953d5e70.binning_data.json,2836189,6000,62930070,2,2025-03-04 18:30:22.613,com.sec.android.app.shealth,2025-03-04 18:30:22.613,,1.2045704,3416.39,177.59,4599,US7nt0+2+q,com.sec.android.app.shealth,0,f513e78b-a7d7-42ed-bc55-f269953d5e70.achievement.json,f513e78b-a7d7-42ed-bc55-f269953d5e70,1741046400000,
62930070,5855,0d6869a9-045e-4f77-b182-23e44d131674.binning_data.json,3657439,6000,62930070,0,2025-03-05 16:40:18.432,com.sec.android.app.shealth,2025-03-04 22:47:38.133,0d6869a9-045e-4f77-b182-23e44d131674.source_info.json,1.1824857,4324.8696,225.90999,5855,VfS0qUERdZ,com.sec.android.app.shealth,0,0d6869a9-045e-4f77-b182-23e44d131674.achievement.json,0d6869a9-045e-4f77-b182-23e44d131674,1741132800000,
62930070,5855,9145ea9b-68c9-4434-907a-de240b39e53c.binning_data.json,3657439,6000,62930070,0,2025-03-05 18:30:35.183,com.sec.android.app.shealth,2025-03-05 18:30:35.183,,1.1824857,4324.8696,225.90999,5855,US7nt0+2+q,com.sec.android.app.shealth,0,9145ea9b-68c9-4434-907a-de240b39e53c.achievement.json,9145ea9b-68c9-4434-907a-de240b39e53c,1741132800000,
62930070,5472,c8b87955-e40f-4f4f-be15-5bde90712186.binning_data.json,3294257,6000,62930070,2,2025-03-06 18:30:53.108,com.sec.android.app.shealth,2025-03-06 01:43:57.269,c8b87955-e40f-4f4f-be15-5bde90712186.source_info.json,1.2385309,4080.04,210.37999,5470,VfS0qUERdZ,com.sec.android.app.shealth,0,c8b87955-e40f-4f4f-be15-5bde90712186.achievement.json,c8b87955-e40f-4f4f-be15-5bde90712186,1741219200000,
62930070,5472,aad9a29c-5628-45e1-a8df-29fcf63c1f82.binning_data.json,3294257,6000,62930070,2,2025-03-06 18:30:52.173,com.sec.android.app.shealth,2025-03-06 18:30:52.173,,1.2385309,4080.04,210.37999,5470,US7nt0+2+q,com.sec.android.app.shealth,0,aad9a29c-5628-45e1-a8df-29fcf63c1f82.achievement.json,aad9a29c-5628-45e1-a8df-29fcf63c1f82,1741219200000,
62930070,5536,076acaf2-68af-4fc0-a21e-43ffaffe5742.binning_data.json,3338803,6000,62930070,1,2025-03-07 18:30:12.684,com.sec.android.app.shealth,2025-03-07 00:08:50.698,076acaf2-68af-4fc0-a21e-43ffaffe5742.source_info.json,1.2352061,4124.11,211.18999,5535,VfS0qUERdZ,com.sec.android.app.shealth,0,076acaf2-68af-4fc0-a21e-43ffaffe5742.achievement.json,076acaf2-68af-4fc0-a21e-43ffaffe5742,1741305600000,
62930070,5536,fbb07729-b8ab-4643-bcf0-b35267ab0792.binning_data.json,3338803,6000,62930070,1,2025-03-07 18:30:11.121,com.sec.android.app.shealth,2025-03-07 18:30:11.121,,1.2352061,4124.11,211.18999,5535,US7nt0+2+q,com.sec.android.app.shealth,0,fbb07729-b8ab-4643-bcf0-b35267ab0792.achievement.json,fbb07729-b8ab-4643-bcf0-b35267ab0792,1741305600000,
62930070,733,3e11738d-efb0-4204-ba37-b4aeb0de8c2f.binning_data.json,422698,6000,62930070,0,2025-03-08 17:43:33.170,com.sec.android.app.shealth,2025-03-08 03:10:33.048,3e11738d-efb0-4204-ba37-b4aeb0de8c2f.source_info.json,1.3032928,550.9,27.359999,733,VfS0qUERdZ,com.sec.android.app.shealth,0,3e11738d-efb0-4204-ba37-b4aeb0de8c2f.achievement.json,3e11738d-efb0-4204-ba37-b4aeb0de8c2f,1741392000000,
62930070,733,851fc071-5160-4620-be84-8ecacfa8583d.binning_data.json,422698,6000,62930070,0,2025-03-08 18:30:11.537,com.sec.android.app.shealth,2025-03-08 18:30:11.537,,1.3032928,550.9,27.359999,733,US7nt0+2+q,com.sec.android.app.shealth,0,851fc071-5160-4620-be84-8ecacfa8583d.achievement.json,851fc071-5160-4620-be84-8ecacfa8583d,1741392000000,
62930070,551,883b46c0-2d46-4a71-b8cf-b5449d718f83.binning_data.json,321437,6000,62930070,0,2025-03-09 15:16:24.331,com.sec.android.app.shealth,2025-03-09 01:13:17.254,883b46c0-2d46-4a71-b8cf-b5449d718f83.source_info.json,1.2828633,412.36,20.699997,551,VfS0qUERdZ,com.sec.android.app.shealth,0,883b46c0-2d46-4a71-b8cf-b5449d718f83.achievement.json,883b46c0-2d46-4a71-b8cf-b5449d718f83,1741478400000,
62930070,551,28779453-8148-4aaf-ae34-7f5873457aed.binning_data.json,321437,6000,62930070,0,2025-03-09 18:30:18.169,com.sec.android.app.shealth,2025-03-09 18:30:18.169,,1.2828633,412.36,20.699997,551,US7nt0+2+q,com.sec.android.app.shealth,0,28779453-8148-4aaf-ae34-7f5873457aed.achievement.json,28779453-8148-4aaf-ae34-7f5873457aed,1741478400000,
62930070,6136,ff559a3f-12fe-47ab-a0cb-6945ca15098b.binning_data.json,3653682,6000,62930070,0,2025-03-10 16:21:26.300,com.sec.android.app.shealth,2025-03-09 23:23:02.314,ff559a3f-12fe-47ab-a0cb-6945ca15098b.source_info.json,1.2535079,4579.92,237.28998,6136,VfS0qUERdZ,com.sec.android.app.shealth,0,ff559a3f-12fe-47ab-a0cb-6945ca15098b.achievement.json,ff559a3f-12fe-47ab-a0cb-6945ca15098b,1741564800000,
62930070,6136,8025380a-4b56-446e-9d56-763dcdcb81d4.binning_data.json,3653682,6000,62930070,0,2025-03-10 18:30:05.266,com.sec.android.app.shealth,2025-03-10 18:30:05.266,,1.2535079,4579.92,237.28998,6136,US7nt0+2+q,com.sec.android.app.shealth,0,8025380a-4b56-446e-9d56-763dcdcb81d4.achievement.json,8025380a-4b56-446e-9d56-763dcdcb81d4,1741564800000,
62930070,3159,455611dc-987c-4576-aae7-1a6d2d5628e0.binning_data.json,1861455,6000,62930070,0,2025-03-11 17:03:45.916,com.sec.android.app.shealth,2025-03-11 02:04:23.669,455611dc-987c-4576-aae7-1a6d2d5628e0.source_info.json,1.2702214,2364.46,121.36,3159,VfS0qUERdZ,com.sec.android.app.shealth,0,455611dc-987c-4576-aae7-1a6d2d5628e0.achievement.json,455611dc-987c-4576-aae7-1a6d2d5628e0,1741651200000,
62930070,3159,382fab33-5352-47dd-b81b-7d683e36b409.binning_data.json,1861455,6000,62930070,0,2025-03-11 18:30:04.950,com.sec.android.app.shealth,2025-03-11 18:30:04.950,,1.2702214,2364.46,121.36,3159,US7nt0+2+q,com.sec.android.app.shealth,0,382fab33-5352-47dd-b81b-7d683e36b409.achievement.json,382fab33-5352-47dd-b81b-7d683e36b409,1741651200000,
62930070,3138,9175232d-1473-4e2b-94b4-b9c701dd75b6.binning_data.json,1899640,6000,62930070,0,2025-03-12 17:07:59.711,com.sec.android.app.shealth,2025-03-12 01:38:33.782,9175232d-1473-4e2b-94b4-b9c701dd75b6.source_info.json,1.2284484,2333.61,121.42,3138,VfS0qUERdZ,com.sec.android.app.shealth,0,9175232d-1473-4e2b-94b4-b9c701dd75b6.achievement.json,9175232d-1473-4e2b-94b4-b9c701dd75b6,1741737600000,
62930070,3138,36cd96b0-a45b-4f9e-8182-fdbebf320cc4.binning_data.json,1899640,6000,62930070,0,2025-03-12 18:30:05.495,com.sec.android.app.shealth,2025-03-12 18:30:05.495,,1.2284484,2333.61,121.42,3138,US7nt0+2+q,com.sec.android.app.shealth,0,36cd96b0-a45b-4f9e-8182-fdbebf320cc4.achievement.json,36cd96b0-a45b-4f9e-8182-fdbebf320cc4,1741737600000,
62930070,5277,2401cbf8-36d0-434e-b504-236d66a21530.binning_data.json,3223185,6000,62930070,0,2025-03-13 18:30:15.795,com.sec.android.app.shealth,2025-03-13 00:40:54.764,2401cbf8-36d0-434e-b504-236d66a21530.source_info.json,1.2134764,3911.26,206.18,5277,VfS0qUERdZ,com.sec.android.app.shealth,0,2401cbf8-36d0-434e-b504-236d66a21530.achievement.json,2401cbf8-36d0-434e-b504-236d66a21530,1741824000000,
62930070,5277,baf47261-6997-44d2-a2f3-238fa881c74d.binning_data.json,3223185,6000,62930070,0,2025-03-13 18:30:14.921,com.sec.android.app.shealth,2025-03-13 18:30:14.921,,1.2134764,3911.26,206.18,5277,US7nt0+2+q,com.sec.android.app.shealth,0,baf47261-6997-44d2-a2f3-238fa881c74d.achievement.json,baf47261-6997-44d2-a2f3-238fa881c74d,1741824000000,
62930070,670,0b4c6fbe-b368-4740-a0c8-6b295080129d.binning_data.json,391856,6000,62930070,0,2025-03-14 18:30:07.494,com.sec.android.app.shealth,2025-03-14 02:50:39.082,0b4c6fbe-b368-4740-a0c8-6b295080129d.source_info.json,1.2764885,500.19998,25.42,670,VfS0qUERdZ,com.sec.android.app.shealth,0,0b4c6fbe-b368-4740-a0c8-6b295080129d.achievement.json,0b4c6fbe-b368-4740-a0c8-6b295080129d,1741910400000,
62930070,670,a4856fd8-252f-4eb4-aa1a-88cdafe25f93.binning_data.json,391856,6000,62930070,0,2025-03-14 18:30:06.386,com.sec.android.app.shealth,2025-03-14 18:30:06.386,,1.2764885,500.19998,25.42,670,US7nt0+2+q,com.sec.android.app.shealth,0,a4856fd8-252f-4eb4-aa1a-88cdafe25f93.achievement.json,a4856fd8-252f-4eb4-aa1a-88cdafe25f93,1741910400000,
62930070,467,32f36b39-d4b5-4e83-a37c-05dee67150f1.binning_data.json,264072,6000,62930070,0,2025-03-15 14:47:23.744,com.sec.android.app.shealth,2025-03-14 18:42:29.253,32f36b39-d4b5-4e83-a37c-05dee67150f1.source_info.json,1.3373983,353.17,16.83,467,VfS0qUERdZ,com.sec.android.app.shealth,0,32f36b39-d4b5-4e83-a37c-05dee67150f1.achievement.json,32f36b39-d4b5-4e83-a37c-05dee67150f1,1741996800000,
62930070,467,99f57c08-2a8b-4ed7-a38b-80416afa3824.binning_data.json,264072,6000,62930070,0,2025-03-15 18:30:23.517,com.sec.android.app.shealth,2025-03-15 18:30:23.517,,1.3373983,353.17,16.83,467,US7nt0+2+q,com.sec.android.app.shealth,0,99f57c08-2a8b-4ed7-a38b-80416afa3824.achievement.json,99f57c08-2a8b-4ed7-a38b-80416afa3824,1741996800000,
62930070,968,073a4da3-d84c-4b75-a9fc-19ec353fb85b.binning_data.json,567731,6000,62930070,0,2025-03-16 17:40:21.720,com.sec.android.app.shealth,2025-03-16 00:59:57.124,073a4da3-d84c-4b75-a9fc-19ec353fb85b.source_info.json,1.2773468,725.19,35.27,968,VfS0qUERdZ,com.sec.android.app.shealth,0,073a4da3-d84c-4b75-a9fc-19ec353fb85b.achievement.json,073a4da3-d84c-4b75-a9fc-19ec353fb85b,1742083200000,
62930070,968,65254e45-f912-461b-8367-c833b7dcdb9a.binning_data.json,567731,6000,62930070,0,2025-03-16 18:30:05.474,com.sec.android.app.shealth,2025-03-16 18:30:05.474,,1.2773468,725.19,35.27,968,US7nt0+2+q,com.sec.android.app.shealth,0,65254e45-f912-461b-8367-c833b7dcdb9a.achievement.json,65254e45-f912-461b-8367-c833b7dcdb9a,1742083200000,
62930070,5311,522fcf05-246a-4300-8a13-cd3262d02169.binning_data.json,3186779,6000,62930070,0,2025-03-17 15:18:41.399,com.sec.android.app.shealth,2025-03-17 01:06:25.707,522fcf05-246a-4300-8a13-cd3262d02169.source_info.json,1.2441905,3964.96,202.62999,5311,VfS0qUERdZ,com.sec.android.app.shealth,0,522fcf05-246a-4300-8a13-cd3262d02169.achievement.json,522fcf05-246a-4300-8a13-cd3262d02169,1742169600000,
62930070,5311,7198fc5e-3627-45bd-88ad-819459cabe5c.binning_data.json,3186779,6000,62930070,0,2025-03-17 18:30:48.814,com.sec.android.app.shealth,2025-03-17 18:30:48.814,,1.2441905,3964.96,202.62999,5311,US7nt0+2+q,com.sec.android.app.shealth,0,7198fc5e-3627-45bd-88ad-819459cabe5c.achievement.json,7198fc5e-3627-45bd-88ad-819459cabe5c,1742169600000,
62930070,3244,801aaf20-903d-4fe6-b02a-3bb82dc4af50.binning_data.json,1830984,6000,62930070,10,2025-03-18 17:33:32.690,com.sec.android.app.shealth,2025-03-18 01:34:17.035,801aaf20-903d-4fe6-b02a-3bb82dc4af50.source_info.json,1.3368055,2447.67,125.31,3234,VfS0qUERdZ,com.sec.android.app.shealth,0,801aaf20-903d-4fe6-b02a-3bb82dc4af50.achievement.json,801aaf20-903d-4fe6-b02a-3bb82dc4af50,1742256000000,
62930070,3244,17499a36-cb3b-4abf-9db4-669b5dfc65d2.binning_data.json,1830984,6000,62930070,10,2025-03-18 18:30:04.578,com.sec.android.app.shealth,2025-03-18 18:30:04.578,,1.3368055,2447.67,125.31,3234,US7nt0+2+q,com.sec.android.app.shealth,0,17499a36-cb3b-4abf-9db4-669b5dfc65d2.achievement.json,17499a36-cb3b-4abf-9db4-669b5dfc65d2,1742256000000,
62930070,8087,05db2aae-f702-4762-85cc-bc9e9290916f.binning_data.json,4576601,6000,62930070,2,2025-03-19 18:30:39.334,com.sec.android.app.shealth,2025-03-18 18:41:08.238,05db2aae-f702-4762-85cc-bc9e9290916f.source_info.json,1.335209,6110.7197,311.06998,8085,VfS0qUERdZ,com.sec.android.app.shealth,0,05db2aae-f702-4762-85cc-bc9e9290916f.achievement.json,05db2aae-f702-4762-85cc-bc9e9290916f,1742342400000,
62930070,8087,d9366e81-b625-4e3d-bf1e-a334cdc9bb7c.binning_data.json,4576601,6000,62930070,2,2025-03-19 18:30:38.058,com.sec.android.app.shealth,2025-03-19 18:30:38.058,,1.335209,6110.7197,311.06998,8085,US7nt0+2+q,com.sec.android.app.shealth,0,d9366e81-b625-4e3d-bf1e-a334cdc9bb7c.achievement.json,d9366e81-b625-4e3d-bf1e-a334cdc9bb7c,1742342400000,
62930070,4475,f987e988-c568-4c75-80f2-7194d2e7adca.binning_data.json,2697133,6000,62930070,0,2025-03-20 15:43:44.817,com.sec.android.app.shealth,2025-03-20 02:01:39.699,f987e988-c568-4c75-80f2-7194d2e7adca.source_info.json,1.2351819,3331.45,173.83998,4475,VfS0qUERdZ,com.sec.android.app.shealth,0,f987e988-c568-4c75-80f2-7194d2e7adca.achievement.json,f987e988-c568-4c75-80f2-7194d2e7adca,1742428800000,
62930070,4475,baa26798-9868-4c0a-97b3-39a041174d91.binning_data.json,2697133,6000,62930070,0,2025-03-20 18:30:07.237,com.sec.android.app.shealth,2025-03-20 18:30:07.237,,1.2351819,3331.45,173.83998,4475,US7nt0+2+q,com.sec.android.app.shealth,0,baa26798-9868-4c0a-97b3-39a041174d91.achievement.json,baa26798-9868-4c0a-97b3-39a041174d91,1742428800000,
62930070,4050,a50d03e2-72e6-4c0f-bfd2-aaf4098e89b3.binning_data.json,2392388,6000,62930070,0,2025-03-21 15:00:30.035,com.sec.android.app.shealth,2025-03-21 00:19:16.085,a50d03e2-72e6-4c0f-bfd2-aaf4098e89b3.source_info.json,1.2669638,3031.0698,154.42,4050,VfS0qUERdZ,com.sec.android.app.shealth,0,a50d03e2-72e6-4c0f-bfd2-aaf4098e89b3.achievement.json,a50d03e2-72e6-4c0f-bfd2-aaf4098e89b3,1742515200000,
62930070,4050,85b3f88e-264c-4fc6-91d0-ba574d34a208.binning_data.json,2392388,6000,62930070,0,2025-03-21 18:30:06.083,com.sec.android.app.shealth,2025-03-21 18:30:06.083,,1.2669638,3031.0698,154.42,4050,US7nt0+2+q,com.sec.android.app.shealth,0,85b3f88e-264c-4fc6-91d0-ba574d34a208.achievement.json,85b3f88e-264c-4fc6-91d0-ba574d34a208,1742515200000,
62930070,735,641e53a9-03d8-40bc-a750-1ce31c8f111d.binning_data.json,425788,6000,62930070,0,2025-03-22 18:30:05.378,com.sec.android.app.shealth,2025-03-22 05:16:54.041,641e53a9-03d8-40bc-a750-1ce31c8f111d.source_info.json,1.3024309,554.56,26.619999,735,VfS0qUERdZ,com.sec.android.app.shealth,0,641e53a9-03d8-40bc-a750-1ce31c8f111d.achievement.json,641e53a9-03d8-40bc-a750-1ce31c8f111d,1742601600000,
62930070,735,d84bbebb-f62b-46c9-be27-2efd5ff6d912.binning_data.json,425788,6000,62930070,0,2025-03-22 18:30:04.569,com.sec.android.app.shealth,2025-03-22 18:30:04.569,,1.3024309,554.56,26.619999,735,US7nt0+2+q,com.sec.android.app.shealth,0,d84bbebb-f62b-46c9-be27-2efd5ff6d912.achievement.json,d84bbebb-f62b-46c9-be27-2efd5ff6d912,1742601600000,
62930070,6325,8ec3fa47-081f-4dfb-8c37-2bd6d064fe80.binning_data.json,3531365,6000,62930070,0,2025-03-23 16:45:12.643,com.sec.android.app.shealth,2025-03-23 02:55:02.921,8ec3fa47-081f-4dfb-8c37-2bd6d064fe80.source_info.json,1.3549886,4784.96,244.54,6325,VfS0qUERdZ,com.sec.android.app.shealth,0,8ec3fa47-081f-4dfb-8c37-2bd6d064fe80.achievement.json,8ec3fa47-081f-4dfb-8c37-2bd6d064fe80,1742688000000,
62930070,6325,ed10e78b-515a-4f8c-ad5c-2f873ec1864e.binning_data.json,3531365,6000,62930070,0,2025-03-23 18:30:47.081,com.sec.android.app.shealth,2025-03-23 18:30:47.081,,1.3549886,4784.96,244.54,6325,US7nt0+2+q,com.sec.android.app.shealth,0,ed10e78b-515a-4f8c-ad5c-2f873ec1864e.achievement.json,ed10e78b-515a-4f8c-ad5c-2f873ec1864e,1742688000000,
62930070,3922,5faaa069-279f-4191-b867-49be1122a001.binning_data.json,2353764,6000,62930070,6,2025-03-24 15:07:14.961,com.sec.android.app.shealth,2025-03-24 00:49:59.616,5faaa069-279f-4191-b867-49be1122a001.source_info.json,1.2445295,2929.33,121.51999,3916,VfS0qUERdZ,com.sec.android.app.shealth,0,5faaa069-279f-4191-b867-49be1122a001.achievement.json,5faaa069-279f-4191-b867-49be1122a001,1742774400000,
62930070,3922,51fb3391-9e98-4359-a9dc-15ccfe897b2b.binning_data.json,2353764,6000,62930070,6,2025-03-24 18:30:04.323,com.sec.android.app.shealth,2025-03-24 18:30:04.323,,1.2445295,2929.33,121.51999,3916,US7nt0+2+q,com.sec.android.app.shealth,0,51fb3391-9e98-4359-a9dc-15ccfe897b2b.achievement.json,51fb3391-9e98-4359-a9dc-15ccfe897b2b,1742774400000,
62930070,5765,f7700c71-a750-4764-a031-8ecd2ae6b7a0.binning_data.json,3409211,6000,62930070,53,2025-03-25 11:55:04.421,com.sec.android.app.shealth,2025-03-24 23:51:59.039,f7700c71-a750-4764-a031-8ecd2ae6b7a0.source_info.json,1.2719158,4336.23,180.48999,5712,VfS0qUERdZ,com.sec.android.app.shealth,0,f7700c71-a750-4764-a031-8ecd2ae6b7a0.achievement.json,f7700c71-a750-4764-a031-8ecd2ae6b7a0,1742860800000,
62930070,5765,94c3b29a-097e-4833-9a47-5a7934650c2f.binning_data.json,3409211,6000,62930070,53,2025-03-25 18:30:08.743,com.sec.android.app.shealth,2025-03-25 18:30:08.743,,1.2719158,4336.23,180.48999,5712,US7nt0+2+q,com.sec.android.app.shealth,0,94c3b29a-097e-4833-9a47-5a7934650c2f.achievement.json,94c3b29a-097e-4833-9a47-5a7934650c2f,1742860800000,
62930070,13141,81e1da33-e364-4645-908e-c873c927b578.binning_data.json,7527124,6000,62930070,1,2025-03-26 16:55:16.072,com.sec.android.app.shealth,2025-03-25 19:11:46.898,81e1da33-e364-4645-908e-c873c927b578.source_info.json,1.3116151,9872.69,399.28995,13140,VfS0qUERdZ,com.sec.android.app.shealth,0,81e1da33-e364-4645-908e-c873c927b578.achievement.json,81e1da33-e364-4645-908e-c873c927b578,1742947200000,
62930070,13141,20d09712-f2f7-47b0-bb2a-30a2c58a6cd0.binning_data.json,7527124,6000,62930070,1,2025-03-26 18:30:02.422,com.sec.android.app.shealth,2025-03-26 18:30:02.422,,1.3116151,9872.69,399.28995,13140,US7nt0+2+q,com.sec.android.app.shealth,0,20d09712-f2f7-47b0-bb2a-30a2c58a6cd0.achievement.json,20d09712-f2f7-47b0-bb2a-30a2c58a6cd0,1742947200000,
62930070,11990,ef9a4038-5697-4120-bf2b-5ddd106a3b9a.binning_data.json,6961683,6000,62930070,0,2025-03-27 17:35:02.342,com.sec.android.app.shealth,2025-03-27 01:21:05.985,ef9a4038-5697-4120-bf2b-5ddd106a3b9a.source_info.json,1.2914606,8990.74,365.87994,11990,VfS0qUERdZ,com.sec.android.app.shealth,0,ef9a4038-5697-4120-bf2b-5ddd106a3b9a.achievement.json,ef9a4038-5697-4120-bf2b-5ddd106a3b9a,1743033600000,
62930070,11990,2230a523-0de7-482a-894a-ee28841782c9.binning_data.json,6961683,6000,62930070,0,2025-03-27 18:30:05.203,com.sec.android.app.shealth,2025-03-27 18:30:05.203,,1.2914606,8990.74,365.87994,11990,US7nt0+2+q,com.sec.android.app.shealth,0,2230a523-0de7-482a-894a-ee28841782c9.achievement.json,2230a523-0de7-482a-894a-ee28841782c9,1743033600000,
62930070,7781,897b09fd-8c9c-4527-bb35-01c436cb9e97.binning_data.json,4720090,6000,62930070,0,2025-03-28 18:30:04.744,com.sec.android.app.shealth,2025-03-28 01:54:35.587,897b09fd-8c9c-4527-bb35-01c436cb9e97.source_info.json,1.2248664,5781.48,240.60999,7781,VfS0qUERdZ,com.sec.android.app.shealth,0,897b09fd-8c9c-4527-bb35-01c436cb9e97.achievement.json,897b09fd-8c9c-4527-bb35-01c436cb9e97,1743120000000,
62930070,7781,f4bbb5c6-6cd2-4b7c-af0f-e9d551b7f8cf.binning_data.json,4720090,6000,62930070,0,2025-03-28 18:30:03.863,com.sec.android.app.shealth,2025-03-28 18:30:03.863,,1.2248664,5781.48,240.60999,7781,US7nt0+2+q,com.sec.android.app.shealth,0,f4bbb5c6-6cd2-4b7c-af0f-e9d551b7f8cf.achievement.json,f4bbb5c6-6cd2-4b7c-af0f-e9d551b7f8cf,1743120000000,
62930070,7876,016c48f8-f9e4-432a-8b38-224717dc87f7.binning_data.json,4533743,6000,62930070,23,2025-03-29 17:53:19.171,com.sec.android.app.shealth,2025-03-28 19:55:23.626,016c48f8-f9e4-432a-8b38-224717dc87f7.source_info.json,1.3157759,5965.39,251.49998,7853,VfS0qUERdZ,com.sec.android.app.shealth,0,016c48f8-f9e4-432a-8b38-224717dc87f7.achievement.json,016c48f8-f9e4-432a-8b38-224717dc87f7,1743206400000,
62930070,7876,5a889b18-9c5a-4746-b5c4-41cf11a1b6dc.binning_data.json,4533743,6000,62930070,23,2025-03-29 18:30:03.916,com.sec.android.app.shealth,2025-03-29 18:30:03.916,,1.3157759,5965.39,251.49998,7853,US7nt0+2+q,com.sec.android.app.shealth,0,5a889b18-9c5a-4746-b5c4-41cf11a1b6dc.achievement.json,5a889b18-9c5a-4746-b5c4-41cf11a1b6dc,1743206400000,
62930070,7437,d03293d2-b906-4270-a560-19991f9b7598.binning_data.json,4165790,6000,62930070,13,2025-03-30 17:54:28.771,com.sec.android.app.shealth,2025-03-30 02:59:43.474,d03293d2-b906-4270-a560-19991f9b7598.source_info.json,1.3642045,5682.9897,239.43999,7424,VfS0qUERdZ,com.sec.android.app.shealth,0,d03293d2-b906-4270-a560-19991f9b7598.achievement.json,d03293d2-b906-4270-a560-19991f9b7598,1743292800000,
62930070,7437,820cd30b-f65e-4ad7-a046-9143220620fe.binning_data.json,4165790,6000,62930070,13,2025-03-30 18:30:04.464,com.sec.android.app.shealth,2025-03-30 18:30:04.464,,1.3642045,5682.9897,239.43999,7424,US7nt0+2+q,com.sec.android.app.shealth,0,820cd30b-f65e-4ad7-a046-9143220620fe.achievement.json,820cd30b-f65e-4ad7-a046-9143220620fe,1743292800000,
62930070,5152,f68ea015-ced1-4c28-9ae6-a8e209227fd3.binning_data.json,2969571,6000,62930070,57,2025-03-31 18:30:08.688,com.sec.android.app.shealth,2025-03-31 02:27:08.871,f68ea015-ced1-4c28-9ae6-a8e209227fd3.source_info.json,1.320625,3921.69,170.12,5095,VfS0qUERdZ,com.sec.android.app.shealth,0,f68ea015-ced1-4c28-9ae6-a8e209227fd3.achievement.json,f68ea015-ced1-4c28-9ae6-a8e209227fd3,1743379200000,
62930070,5152,0c90351b-1068-429c-adad-2f405c5ca801.binning_data.json,2969571,6000,62930070,57,2025-03-31 18:30:05.876,com.sec.android.app.shealth,2025-03-31 18:30:05.876,,1.320625,3921.69,170.12,5095,US7nt0+2+q,com.sec.android.app.shealth,0,0c90351b-1068-429c-adad-2f405c5ca801.achievement.json,0c90351b-1068-429c-adad-2f405c5ca801,1743379200000,
62930070,4742,1382247d-a185-47db-8926-809cb26fe14a.binning_data.json,2855570,6000,62930070,2,2025-04-01 17:36:37.839,com.sec.android.app.shealth,2025-03-31 19:16:27.287,1382247d-a185-47db-8926-809cb26fe14a.source_info.json,1.2372379,3533.02,147.58998,4740,VfS0qUERdZ,com.sec.android.app.shealth,0,1382247d-a185-47db-8926-809cb26fe14a.achievement.json,1382247d-a185-47db-8926-809cb26fe14a,1743465600000,
62930070,4742,65bf4c10-58d6-49de-9eaf-be320dced7a9.binning_data.json,2855570,6000,62930070,2,2025-04-01 18:30:05.009,com.sec.android.app.shealth,2025-04-01 18:30:05.009,,1.2372379,3533.02,147.58998,4740,US7nt0+2+q,com.sec.android.app.shealth,0,65bf4c10-58d6-49de-9eaf-be320dced7a9.achievement.json,65bf4c10-58d6-49de-9eaf-be320dced7a9,1743465600000,
62930070,4946,90a7b9f2-a0f1-419e-b96f-b5916dd69291.binning_data.json,2908564,6000,62930070,0,2025-04-02 17:30:38.208,com.sec.android.app.shealth,2025-04-02 02:24:55.971,90a7b9f2-a0f1-419e-b96f-b5916dd69291.source_info.json,1.2721466,3700.12,151.54999,4946,VfS0qUERdZ,com.sec.android.app.shealth,0,90a7b9f2-a0f1-419e-b96f-b5916dd69291.achievement.json,90a7b9f2-a0f1-419e-b96f-b5916dd69291,1743552000000,
62930070,4946,3ed21438-3143-49b2-8fef-d47309930a05.binning_data.json,2908564,6000,62930070,0,2025-04-02 18:30:19.927,com.sec.android.app.shealth,2025-04-02 18:30:19.927,,1.2721466,3700.12,151.54999,4946,US7nt0+2+q,com.sec.android.app.shealth,0,3ed21438-3143-49b2-8fef-d47309930a05.achievement.json,3ed21438-3143-49b2-8fef-d47309930a05,1743552000000,
62930070,6719,11035fb3-e67f-4526-a398-a81dee88ac3d.binning_data.json,3954978,6000,62930070,0,2025-04-03 18:19:26.458,com.sec.android.app.shealth,2025-04-03 02:34:52.569,11035fb3-e67f-4526-a398-a81dee88ac3d.source_info.json,1.2726645,5033.36,206.91998,6719,VfS0qUERdZ,com.sec.android.app.shealth,0,11035fb3-e67f-4526-a398-a81dee88ac3d.achievement.json,11035fb3-e67f-4526-a398-a81dee88ac3d,1743638400000,
62930070,6719,69275036-bec8-4569-b5be-21a5e72f820f.binning_data.json,3954978,6000,62930070,0,2025-04-03 18:30:01.454,com.sec.android.app.shealth,2025-04-03 18:30:01.454,,1.2726645,5033.36,206.91998,6719,US7nt0+2+q,com.sec.android.app.shealth,0,69275036-bec8-4569-b5be-21a5e72f820f.achievement.json,69275036-bec8-4569-b5be-21a5e72f820f,1743638400000,
62930070,11299,5036b039-d69a-410c-8fbd-55ccb4a02d07.binning_data.json,6883386,6000,62950170,1,2025-04-04 16:29:42.939,com.sec.android.app.shealth,2025-04-04 01:32:26.899,5036b039-d69a-410c-8fbd-55ccb4a02d07.source_info.json,1.220225,8399.28,347.43997,11298,VfS0qUERdZ,com.sec.android.app.shealth,0,5036b039-d69a-410c-8fbd-55ccb4a02d07.achievement.json,5036b039-d69a-410c-8fbd-55ccb4a02d07,1743724800000,
62950170,11299,e10a6a82-6c92-4357-be89-30bb5b5beaee.binning_data.json,6883386,6000,62950170,1,2025-04-04 18:30:31.076,com.sec.android.app.shealth,2025-04-04 18:30:31.076,,1.220225,8399.28,347.43997,11298,US7nt0+2+q,com.sec.android.app.shealth,0,e10a6a82-6c92-4357-be89-30bb5b5beaee.achievement.json,e10a6a82-6c92-4357-be89-30bb5b5beaee,1743724800000,
62950170,3436,e6cb1e19-d00f-43ab-86a3-5c8e8675bfef.binning_data.json,2082180,6000,62950170,0,2025-04-05 17:48:33.648,com.sec.android.app.shealth,2025-04-05 00:38:57.703,e6cb1e19-d00f-43ab-86a3-5c8e8675bfef.source_info.json,1.2311324,2563.44,108.99999,3436,VfS0qUERdZ,com.sec.android.app.shealth,0,e6cb1e19-d00f-43ab-86a3-5c8e8675bfef.achievement.json,e6cb1e19-d00f-43ab-86a3-5c8e8675bfef,1743811200000,
62950170,3436,69b0a563-aaa8-41ad-9545-f2ad349fb15f.binning_data.json,2082180,6000,62950170,0,2025-04-05 18:30:04.314,com.sec.android.app.shealth,2025-04-05 18:30:04.314,,1.2311324,2563.44,108.99999,3436,US7nt0+2+q,com.sec.android.app.shealth,0,69b0a563-aaa8-41ad-9545-f2ad349fb15f.achievement.json,69b0a563-aaa8-41ad-9545-f2ad349fb15f,1743811200000,
62950170,6119,c069d6f7-b435-4dc6-b257-6d429df69db0.binning_data.json,3368307,6000,62950170,0,2025-04-06 18:30:17.284,com.sec.android.app.shealth,2025-04-06 04:39:46.435,c069d6f7-b435-4dc6-b257-6d429df69db0.source_info.json,1.3822016,4655.68,185.34999,6119,VfS0qUERdZ,com.sec.android.app.shealth,0,c069d6f7-b435-4dc6-b257-6d429df69db0.achievement.json,c069d6f7-b435-4dc6-b257-6d429df69db0,1743897600000,
62950170,6119,2aab3a4e-9b61-414f-a6fa-a69162402ba2.binning_data.json,3368307,6000,62950170,0,2025-04-06 18:30:16.473,com.sec.android.app.shealth,2025-04-06 18:30:16.473,,1.3822016,4655.68,185.34999,6119,US7nt0+2+q,com.sec.android.app.shealth,0,2aab3a4e-9b61-414f-a6fa-a69162402ba2.achievement.json,2aab3a4e-9b61-414f-a6fa-a69162402ba2,1743897600000,
62950170,6471,275d90c0-44d2-4e36-940f-e7f0a36dcb77.binning_data.json,3811951,6000,62950170,3,2025-04-07 17:30:59.072,com.sec.android.app.shealth,2025-04-07 02:47:51.866,275d90c0-44d2-4e36-940f-e7f0a36dcb77.source_info.json,1.2723929,4850.3,196.54999,6468,VfS0qUERdZ,com.sec.android.app.shealth,0,275d90c0-44d2-4e36-940f-e7f0a36dcb77.achievement.json,275d90c0-44d2-4e36-940f-e7f0a36dcb77,1743984000000,
62950170,6471,a6a6b6c5-e5a6-4d7c-8038-55d0e5e654e1.binning_data.json,3811951,6000,62950170,3,2025-04-07 18:30:05.348,com.sec.android.app.shealth,2025-04-07 18:30:05.348,,1.2723929,4850.3,196.54999,6468,US7nt0+2+q,com.sec.android.app.shealth,0,a6a6b6c5-e5a6-4d7c-8038-55d0e5e654e1.achievement.json,a6a6b6c5-e5a6-4d7c-8038-55d0e5e654e1,1743984000000,
62950170,3322,d95f1451-be0e-4932-bd33-8667f19b2012.binning_data.json,2006409,6000,62950170,0,2025-04-08 11:04:46.963,com.sec.android.app.shealth,2025-04-08 02:40:37.341,d95f1451-be0e-4932-bd33-8667f19b2012.source_info.json,1.2320564,2472.01,100.78,3322,VfS0qUERdZ,com.sec.android.app.shealth,0,d95f1451-be0e-4932-bd33-8667f19b2012.achievement.json,d95f1451-be0e-4932-bd33-8667f19b2012,1744070400000,
62950170,3322,04760765-f08f-4cd1-b84c-4185052f1c02.binning_data.json,2006409,6000,62950170,0,2025-04-08 18:30:03.843,com.sec.android.app.shealth,2025-04-08 18:30:03.843,,1.2320564,2472.01,100.78,3322,US7nt0+2+q,com.sec.android.app.shealth,0,04760765-f08f-4cd1-b84c-4185052f1c02.achievement.json,04760765-f08f-4cd1-b84c-4185052f1c02,1744070400000,
62950170,13875,3b16ab66-ef2b-4bc2-a069-e946e82f6cfb.binning_data.json,8022151,6000,62950170,0,2025-04-09 16:25:15.462,com.sec.android.app.shealth,2025-04-08 18:54:50.677,3b16ab66-ef2b-4bc2-a069-e946e82f6cfb.source_info.json,1.2998433,10427.54,418.95996,13875,VfS0qUERdZ,com.sec.android.app.shealth,0,3b16ab66-ef2b-4bc2-a069-e946e82f6cfb.achievement.json,3b16ab66-ef2b-4bc2-a069-e946e82f6cfb,1744156800000,
62950170,13875,7c0d02d0-89d4-4f99-96cb-38ff6d715a43.binning_data.json,8022151,6000,62950170,0,2025-04-09 18:30:04.919,com.sec.android.app.shealth,2025-04-09 18:30:04.919,,1.2998433,10427.54,418.95996,13875,US7nt0+2+q,com.sec.android.app.shealth,0,7c0d02d0-89d4-4f99-96cb-38ff6d715a43.achievement.json,7c0d02d0-89d4-4f99-96cb-38ff6d715a43,1744156800000,
62950170,935,62a4730d-16fc-474b-bcfa-691e8fe6d8c6.binning_data.json,544496,6000,62950170,0,2025-04-10 17:15:06.551,com.sec.android.app.shealth,2025-04-10 02:37:38.658,62a4730d-16fc-474b-bcfa-691e8fe6d8c6.source_info.json,1.2877963,701.2,29.029997,935,VfS0qUERdZ,com.sec.android.app.shealth,0,62a4730d-16fc-474b-bcfa-691e8fe6d8c6.achievement.json,62a4730d-16fc-474b-bcfa-691e8fe6d8c6,1744243200000,
62950170,935,13c3e502-6a30-4815-8d2d-9f6cd0aa704c.binning_data.json,544496,6000,62950170,0,2025-04-10 18:30:04.375,com.sec.android.app.shealth,2025-04-10 18:30:04.375,,1.2877963,701.2,29.029997,935,US7nt0+2+q,com.sec.android.app.shealth,0,13c3e502-6a30-4815-8d2d-9f6cd0aa704c.achievement.json,13c3e502-6a30-4815-8d2d-9f6cd0aa704c,1744243200000,
62950170,10657,27871bf8-82e1-4d75-9f78-347133ca01fa.binning_data.json,6256177,6000,62950170,11,2025-04-11 16:47:00.664,com.sec.android.app.shealth,2025-04-10 23:15:03.538,27871bf8-82e1-4d75-9f78-347133ca01fa.source_info.json,1.274518,7973.61,324.41998,10646,VfS0qUERdZ,com.sec.android.app.shealth,0,27871bf8-82e1-4d75-9f78-347133ca01fa.achievement.json,27871bf8-82e1-4d75-9f78-347133ca01fa,1744329600000,
62950170,10657,dadba524-5633-4549-b5f9-85b97e827f15.binning_data.json,6256177,6000,62950170,11,2025-04-11 19:18:06.491,com.sec.android.app.shealth,2025-04-11 19:18:06.491,,1.274518,7973.61,324.41998,10646,US7nt0+2+q,com.sec.android.app.shealth,0,dadba524-5633-4549-b5f9-85b97e827f15.achievement.json,dadba524-5633-4549-b5f9-85b97e827f15,1744329600000,
62950170,563,adf0f2d1-2827-4877-a675-a04074e18fdb.binning_data.json,327067,6000,62950170,0,2025-04-12 13:49:01.889,com.sec.android.app.shealth,2025-04-12 03:51:58.247,adf0f2d1-2827-4877-a675-a04074e18fdb.source_info.json,1.2891845,421.65,17.55,563,VfS0qUERdZ,com.sec.android.app.shealth,0,adf0f2d1-2827-4877-a675-a04074e18fdb.achievement.json,adf0f2d1-2827-4877-a675-a04074e18fdb,1744416000000,
62950170,563,fb86de92-bdd2-4eb8-99cf-579ed6971101.binning_data.json,327067,6000,62950170,0,2025-04-12 18:30:04.960,com.sec.android.app.shealth,2025-04-12 18:30:04.960,,1.2891845,421.65,17.55,563,US7nt0+2+q,com.sec.android.app.shealth,0,fb86de92-bdd2-4eb8-99cf-579ed6971101.achievement.json,fb86de92-bdd2-4eb8-99cf-579ed6971101,1744416000000,
62950170,1847,ab0b6e93-2018-4028-b383-5d0d9691e769.binning_data.json,1059235,6000,62950170,10,2025-04-13 17:35:08.535,com.sec.android.app.shealth,2025-04-13 03:06:28.338,ab0b6e93-2018-4028-b383-5d0d9691e769.source_info.json,1.3173273,1395.36,57.139996,1837,VfS0qUERdZ,com.sec.android.app.shealth,0,ab0b6e93-2018-4028-b383-5d0d9691e769.achievement.json,ab0b6e93-2018-4028-b383-5d0d9691e769,1744502400000,
62950170,1847,5feca6bd-42f4-43cf-9204-ba6f3a972c3a.binning_data.json,1059235,6000,62950170,10,2025-04-13 18:30:24.493,com.sec.android.app.shealth,2025-04-13 18:30:24.493,,1.3173273,1395.36,57.139996,1837,US7nt0+2+q,com.sec.android.app.shealth,0,5feca6bd-42f4-43cf-9204-ba6f3a972c3a.achievement.json,5feca6bd-42f4-43cf-9204-ba6f3a972c3a,1744502400000,
62950170,564,a5ee1dac-f5b0-4df7-937e-046f68674627.binning_data.json,316653,6000,62950170,0,2025-04-14 16:35:04.037,com.sec.android.app.shealth,2025-04-14 02:57:13.912,a5ee1dac-f5b0-4df7-937e-046f68674627.source_info.json,1.3493291,427.27002,18.029999,564,VfS0qUERdZ,com.sec.android.app.shealth,0,a5ee1dac-f5b0-4df7-937e-046f68674627.achievement.json,a5ee1dac-f5b0-4df7-937e-046f68674627,1744588800000,
62950170,564,ef3aefc1-0f62-4c71-bf10-9b838f4e2ce6.binning_data.json,316653,6000,62950170,0,2025-04-14 18:30:03.798,com.sec.android.app.shealth,2025-04-14 18:30:03.798,,1.3493291,427.27002,18.029999,564,US7nt0+2+q,com.sec.android.app.shealth,0,ef3aefc1-0f62-4c71-bf10-9b838f4e2ce6.achievement.json,ef3aefc1-0f62-4c71-bf10-9b838f4e2ce6,1744588800000,
62950170,6268,989db84e-b097-49b3-b186-60bae2ad328b.binning_data.json,3754931,6000,62950170,3,2025-04-15 17:19:34.846,com.sec.android.app.shealth,2025-04-15 02:26:40.655,989db84e-b097-49b3-b186-60bae2ad328b.source_info.json,1.2420229,4663.71,193.23999,6265,VfS0qUERdZ,com.sec.android.app.shealth,0,989db84e-b097-49b3-b186-60bae2ad328b.achievement.json,989db84e-b097-49b3-b186-60bae2ad328b,1744675200000,
62950170,6268,0bec13df-c5fe-463a-9318-a6ccbf356b59.binning_data.json,3754931,6000,62950170,3,2025-04-15 18:44:57.889,com.sec.android.app.shealth,2025-04-15 18:44:57.889,,1.2420229,4663.71,193.23999,6265,US7nt0+2+q,com.sec.android.app.shealth,0,0bec13df-c5fe-463a-9318-a6ccbf356b59.achievement.json,0bec13df-c5fe-463a-9318-a6ccbf356b59,1744675200000,
62950170,14496,5c6dd140-2459-4f47-b4d0-ce3eff3eca76.binning_data.json,8490320,6000,62950170,2,2025-04-16 18:30:07.042,com.sec.android.app.shealth,2025-04-16 00:55:24.848,5c6dd140-2459-4f47-b4d0-ce3eff3eca76.source_info.json,1.278946,10858.66,439.96994,14494,VfS0qUERdZ,com.sec.android.app.shealth,0,5c6dd140-2459-4f47-b4d0-ce3eff3eca76.achievement.json,5c6dd140-2459-4f47-b4d0-ce3eff3eca76,1744761600000,
62950170,14496,8af18aa4-17f8-4620-bca0-31dd277a4af4.binning_data.json,8490320,6000,62950170,2,2025-04-16 18:30:05.439,com.sec.android.app.shealth,2025-04-16 18:30:05.439,,1.278946,10858.66,439.96994,14494,US7nt0+2+q,com.sec.android.app.shealth,0,8af18aa4-17f8-4620-bca0-31dd277a4af4.achievement.json,8af18aa4-17f8-4620-bca0-31dd277a4af4,1744761600000,
62950170,11496,802fd0f1-6c8b-42d3-953a-a922c03aa6e0.binning_data.json,6511029,6000,62950170,21,2025-04-17 18:35:58.610,com.sec.android.app.shealth,2025-04-17 00:50:46.392,802fd0f1-6c8b-42d3-953a-a922c03aa6e0.source_info.json,1.3311905,8667.42,351.58997,11475,VfS0qUERdZ,com.sec.android.app.shealth,0,802fd0f1-6c8b-42d3-953a-a922c03aa6e0.achievement.json,802fd0f1-6c8b-42d3-953a-a922c03aa6e0,1744848000000,
62950170,11496,74e76cb4-21dd-4883-911b-a815260f8e07.binning_data.json,6511029,6000,62950170,21,2025-04-17 18:35:50.672,com.sec.android.app.shealth,2025-04-17 18:35:50.672,,1.3311905,8667.42,351.58997,11475,US7nt0+2+q,com.sec.android.app.shealth,0,74e76cb4-21dd-4883-911b-a815260f8e07.achievement.json,74e76cb4-21dd-4883-911b-a815260f8e07,1744848000000,
62950170,15957,9c7eada0-f6ae-4f36-b6a1-55e8473109ad.binning_data.json,9001580,6000,62950170,0,2025-04-18 17:37:17.992,com.sec.android.app.shealth,2025-04-18 02:40:19.477,9c7eada0-f6ae-4f36-b6a1-55e8473109ad.source_info.json,1.3371918,12036.84,485.0299,15957,VfS0qUERdZ,com.sec.android.app.shealth,0,9c7eada0-f6ae-4f36-b6a1-55e8473109ad.achievement.json,9c7eada0-f6ae-4f36-b6a1-55e8473109ad,1744934400000,
62950170,15957,43e7d4b7-fe80-428f-9772-f9ddc9b43c36.binning_data.json,9001580,6000,62950170,0,2025-04-18 18:30:55.143,com.sec.android.app.shealth,2025-04-18 18:30:55.143,,1.3371918,12036.84,485.0299,15957,US7nt0+2+q,com.sec.android.app.shealth,0,43e7d4b7-fe80-428f-9772-f9ddc9b43c36.achievement.json,43e7d4b7-fe80-428f-9772-f9ddc9b43c36,1744934400000,
62950170,10520,692f0505-bb55-4e5c-8480-079a9d085e92.binning_data.json,6314303,6000,62950170,0,2025-04-19 16:55:02.034,com.sec.android.app.shealth,2025-04-19 03:47:08.105,692f0505-bb55-4e5c-8480-079a9d085e92.source_info.json,1.2377138,7815.3,324.18,10520,VfS0qUERdZ,com.sec.android.app.shealth,0,692f0505-bb55-4e5c-8480-079a9d085e92.achievement.json,692f0505-bb55-4e5c-8480-079a9d085e92,1745020800000,
62950170,10520,b067741d-210f-4be4-b06c-210496e2807e.binning_data.json,6314303,6000,62950170,0,2025-04-19 18:30:34.410,com.sec.android.app.shealth,2025-04-19 18:30:34.410,,1.2377138,7815.3,324.18,10520,US7nt0+2+q,com.sec.android.app.shealth,0,b067741d-210f-4be4-b06c-210496e2807e.achievement.json,b067741d-210f-4be4-b06c-210496e2807e,1745020800000,
62950170,6018,9812ae39-d724-4c3d-8e6f-309ea3cb3b93.binning_data.json,3453448,6000,62950170,0,2025-04-20 18:30:18.240,com.sec.android.app.shealth,2025-04-20 02:26:10.236,9812ae39-d724-4c3d-8e6f-309ea3cb3b93.source_info.json,1.3068125,4513.01,183.31998,6018,VfS0qUERdZ,com.sec.android.app.shealth,0,9812ae39-d724-4c3d-8e6f-309ea3cb3b93.achievement.json,9812ae39-d724-4c3d-8e6f-309ea3cb3b93,1745107200000,
62950170,6018,24ba9f0f-e1fc-43ca-8fb8-0ceef5c82f70.binning_data.json,3453448,6000,62950170,0,2025-04-20 18:30:08.843,com.sec.android.app.shealth,2025-04-20 18:30:08.843,,1.3068125,4513.01,183.31998,6018,US7nt0+2+q,com.sec.android.app.shealth,0,24ba9f0f-e1fc-43ca-8fb8-0ceef5c82f70.achievement.json,24ba9f0f-e1fc-43ca-8fb8-0ceef5c82f70,1745107200000,
62950170,6973,86b3fdfc-1135-481e-8d7d-8536cbbb71f6.binning_data.json,4031735,6000,62950170,0,2025-04-21 17:02:07.480,com.sec.android.app.shealth,2025-04-21 02:43:08.169,86b3fdfc-1135-481e-8d7d-8536cbbb71f6.source_info.json,1.2964243,5226.84,216.13998,6973,VfS0qUERdZ,com.sec.android.app.shealth,0,86b3fdfc-1135-481e-8d7d-8536cbbb71f6.achievement.json,86b3fdfc-1135-481e-8d7d-8536cbbb71f6,1745193600000,
62950170,6973,8f9af46c-9f7e-4fe0-8b5f-e9ab3ded62a2.binning_data.json,4031735,6000,62950170,0,2025-04-21 18:37:03.426,com.sec.android.app.shealth,2025-04-21 18:37:03.426,,1.2964243,5226.84,216.13998,6973,US7nt0+2+q,com.sec.android.app.shealth,0,8f9af46c-9f7e-4fe0-8b5f-e9ab3ded62a2.achievement.json,8f9af46c-9f7e-4fe0-8b5f-e9ab3ded62a2,1745193600000,
62950170,4259,42bf57be-4f67-4438-b875-995fb7e3b17f.binning_data.json,2544194,6000,62950170,0,2025-04-22 18:30:06.967,com.sec.android.app.shealth,2025-04-22 02:24:48.095,42bf57be-4f67-4438-b875-995fb7e3b17f.source_info.json,1.2437922,3164.45,135.73999,4259,VfS0qUERdZ,com.sec.android.app.shealth,0,42bf57be-4f67-4438-b875-995fb7e3b17f.achievement.json,42bf57be-4f67-4438-b875-995fb7e3b17f,1745280000000,
62950170,4259,4cd423cb-efa1-43fd-b531-aace4619bf7a.binning_data.json,2544194,6000,62950170,0,2025-04-22 18:30:05.805,com.sec.android.app.shealth,2025-04-22 18:30:05.805,,1.2437922,3164.45,135.73999,4259,US7nt0+2+q,com.sec.android.app.shealth,0,4cd423cb-efa1-43fd-b531-aace4619bf7a.achievement.json,4cd423cb-efa1-43fd-b531-aace4619bf7a,1745280000000,
62950170,6719,c160cfbc-e814-4d22-9467-17c8f8e88c9f.binning_data.json,3908180,6000,62950170,1,2025-04-23 15:14:48.253,com.sec.android.app.shealth,2025-04-23 02:18:03.646,c160cfbc-e814-4d22-9467-17c8f8e88c9f.source_info.json,1.2860078,5025.95,207.73999,6718,VfS0qUERdZ,com.sec.android.app.shealth,0,c160cfbc-e814-4d22-9467-17c8f8e88c9f.achievement.json,c160cfbc-e814-4d22-9467-17c8f8e88c9f,1745366400000,
62950170,6719,1332743d-9346-4d85-bc33-c13d4d98a622.binning_data.json,3908180,6000,62950170,1,2025-04-23 19:27:03.951,com.sec.android.app.shealth,2025-04-23 19:27:03.951,,1.2860078,5025.95,207.73999,6718,US7nt0+2+q,com.sec.android.app.shealth,0,1332743d-9346-4d85-bc33-c13d4d98a622.achievement.json,1332743d-9346-4d85-bc33-c13d4d98a622,1745366400000,
62950170,9229,1eadf6ba-12c4-48d1-a9dd-b507079d6670.binning_data.json,5224617,6000,62950170,21,2025-04-24 15:13:48.622,com.sec.android.app.shealth,2025-04-24 01:31:18.815,1eadf6ba-12c4-48d1-a9dd-b507079d6670.source_info.json,1.3308344,6953.1,283.33,9208,VfS0qUERdZ,com.sec.android.app.shealth,0,1eadf6ba-12c4-48d1-a9dd-b507079d6670.achievement.json,1eadf6ba-12c4-48d1-a9dd-b507079d6670,1745452800000,
62950170,9229,2965f645-9afb-4b28-b937-6ee2b006676e.binning_data.json,5224617,6000,62950170,21,2025-04-24 18:30:04.825,com.sec.android.app.shealth,2025-04-24 18:30:04.825,,1.3308344,6953.1,283.33,9208,US7nt0+2+q,com.sec.android.app.shealth,0,2965f645-9afb-4b28-b937-6ee2b006676e.achievement.json,2965f645-9afb-4b28-b937-6ee2b006676e,1745452800000,
62950170,2507,6b11103c-5efb-4ea2-a3a0-afc18259a293.binning_data.json,1429795,6000,62950170,0,2025-04-25 16:07:28.141,com.sec.android.app.shealth,2025-04-24 22:33:39.167,6b11103c-5efb-4ea2-a3a0-afc18259a293.source_info.json,1.3207622,1888.42,78.35999,2507,VfS0qUERdZ,com.sec.android.app.shealth,0,6b11103c-5efb-4ea2-a3a0-afc18259a293.achievement.json,6b11103c-5efb-4ea2-a3a0-afc18259a293,1745539200000,
62950170,2507,34da2c29-f78f-4c4d-a5e8-03949d9ac5e6.binning_data.json,1429795,6000,62950170,0,2025-04-25 18:30:09.098,com.sec.android.app.shealth,2025-04-25 18:30:09.098,,1.3207622,1888.42,78.35999,2507,US7nt0+2+q,com.sec.android.app.shealth,0,34da2c29-f78f-4c4d-a5e8-03949d9ac5e6.achievement.json,34da2c29-f78f-4c4d-a5e8-03949d9ac5e6,1745539200000,
62950170,13875,89e3932d-0a8d-430c-8d48-789e7fa3874d.binning_data.json,8092712,6000,62950170,81,2025-04-26 18:36:23.479,com.sec.android.app.shealth,2025-04-25 22:34:29.184,89e3932d-0a8d-430c-8d48-789e7fa3874d.source_info.json,1.2884158,10426.779,440.4399,13794,VfS0qUERdZ,com.sec.android.app.shealth,0,89e3932d-0a8d-430c-8d48-789e7fa3874d.achievement.json,89e3932d-0a8d-430c-8d48-789e7fa3874d,1745625600000,
62950170,4767,a9668e0f-bfbb-4448-9022-42c2c2a085e5.binning_data.json,2769383,6000,62950170,0,2025-04-27 18:30:27.992,com.sec.android.app.shealth,2025-04-26 18:36:06.283,a9668e0f-bfbb-4448-9022-42c2c2a085e5.source_info.json,1.290168,3572.97,149.63998,4767,VfS0qUERdZ,com.sec.android.app.shealth,0,a9668e0f-bfbb-4448-9022-42c2c2a085e5.achievement.json,a9668e0f-bfbb-4448-9022-42c2c2a085e5,1745712000000,
62950170,4767,bf18be9d-71c4-43de-85d1-36ad35ce0104.binning_data.json,2769383,6000,62950170,0,2025-04-27 18:30:25.858,com.sec.android.app.shealth,2025-04-26 18:36:18.266,,1.290168,3572.97,149.63998,4767,US7nt0+2+q,com.sec.android.app.shealth,0,bf18be9d-71c4-43de-85d1-36ad35ce0104.achievement.json,bf18be9d-71c4-43de-85d1-36ad35ce0104,1745712000000,
62950170,13875,197835bb-c279-4f60-9917-ffd064c05c58.binning_data.json,8092712,6000,62950170,81,2025-04-26 18:36:18.778,com.sec.android.app.shealth,2025-04-26 18:36:18.778,,1.2884158,10426.779,440.4399,13794,US7nt0+2+q,com.sec.android.app.shealth,0,197835bb-c279-4f60-9917-ffd064c05c58.achievement.json,197835bb-c279-4f60-9917-ffd064c05c58,1745625600000,
62950170,9692,8b8ef684-40e2-4d75-a48c-dc883db6e41f.binning_data.json,5929552,6000,62950170,13,2025-04-28 18:30:08.467,com.sec.android.app.shealth,2025-04-27 18:55:04.020,8b8ef684-40e2-4d75-a48c-dc883db6e41f.source_info.json,1.2156768,7208.42,323.22998,9679,VfS0qUERdZ,com.sec.android.app.shealth,0,8b8ef684-40e2-4d75-a48c-dc883db6e41f.achievement.json,8b8ef684-40e2-4d75-a48c-dc883db6e41f,1745798400000,
62950170,9692,ace5b82b-38c7-486b-b92d-0e5062b9facd.binning_data.json,5929552,6000,62950170,13,2025-04-28 18:30:06.859,com.sec.android.app.shealth,2025-04-28 18:30:06.859,,1.2156768,7208.42,323.22998,9679,US7nt0+2+q,com.sec.android.app.shealth,0,ace5b82b-38c7-486b-b92d-0e5062b9facd.achievement.json,ace5b82b-38c7-486b-b92d-0e5062b9facd,1745798400000,
62950170,3586,37ae5fce-5990-46fc-8a8d-17429bb43bbd.binning_data.json,2059986,6000,62950170,10,2025-04-29 17:45:49.877,com.sec.android.app.shealth,2025-04-28 18:52:30.808,37ae5fce-5990-46fc-8a8d-17429bb43bbd.source_info.json,1.3159065,2710.75,118.06,3576,VfS0qUERdZ,com.sec.android.app.shealth,0,37ae5fce-5990-46fc-8a8d-17429bb43bbd.achievement.json,37ae5fce-5990-46fc-8a8d-17429bb43bbd,1745884800000,
62950170,3586,4ffe799f-3c81-4c02-9f00-a5305e4eb1f9.binning_data.json,2059986,6000,62950170,10,2025-04-29 18:30:07.209,com.sec.android.app.shealth,2025-04-29 18:30:07.209,,1.3159065,2710.75,118.06,3576,US7nt0+2+q,com.sec.android.app.shealth,0,4ffe799f-3c81-4c02-9f00-a5305e4eb1f9.achievement.json,4ffe799f-3c81-4c02-9f00-a5305e4eb1f9,1745884800000,
62950170,8194,570397a7-c463-41d8-8ee5-ba52e4d10b87.binning_data.json,4056905,6000,62950170,2794,2025-04-30 17:43:00.019,com.sec.android.app.shealth,2025-04-30 00:03:36.299,570397a7-c463-41d8-8ee5-ba52e4d10b87.source_info.json,1.7611282,7144.73,393.77,5400,VfS0qUERdZ,com.sec.android.app.shealth,0,570397a7-c463-41d8-8ee5-ba52e4d10b87.achievement.json,570397a7-c463-41d8-8ee5-ba52e4d10b87,1745971200000,
62950170,8194,9b2b6a71-8aef-4530-aefd-e29b9e626f2d.binning_data.json,4056905,6000,62950170,2794,2025-04-30 18:30:03.603,com.sec.android.app.shealth,2025-04-30 18:30:03.603,,1.7611282,7144.73,393.77,5400,US7nt0+2+q,com.sec.android.app.shealth,0,9b2b6a71-8aef-4530-aefd-e29b9e626f2d.achievement.json,9b2b6a71-8aef-4530-aefd-e29b9e626f2d,1745971200000,
62950170,3279,b07e6017-8837-4d45-a8ca-91e1c28e33dd.binning_data.json,1803222,6000,62950170,56,2025-05-01 20:17:14.082,com.sec.android.app.shealth,2025-04-30 20:17:15.024,b07e6017-8837-4d45-a8ca-91e1c28e33dd.source_info.json,1.3994503,2523.52,110.42,3223,VfS0qUERdZ,com.sec.android.app.shealth,0,b07e6017-8837-4d45-a8ca-91e1c28e33dd.achievement.json,b07e6017-8837-4d45-a8ca-91e1c28e33dd,1746057600000,
62950170,3279,cc2ad2d7-2da0-433f-ac63-3df19d883358.binning_data.json,1803222,6000,62950170,56,2025-05-01 20:16:55.142,com.sec.android.app.shealth,2025-05-01 20:16:55.142,,1.3994503,2523.52,110.42,3223,US7nt0+2+q,com.sec.android.app.shealth,0,cc2ad2d7-2da0-433f-ac63-3df19d883358.achievement.json,cc2ad2d7-2da0-433f-ac63-3df19d883358,1746057600000,
62950170,7587,b22237c3-079f-4b53-8af2-69b37abd8614.binning_data.json,4337024,6000,62950170,782,2025-05-02 15:40:37.964,com.sec.android.app.shealth,2025-05-02 00:31:47.227,b22237c3-079f-4b53-8af2-69b37abd8614.source_info.json,1.3636446,5914.16,275.63998,6805,VfS0qUERdZ,com.sec.android.app.shealth,0,b22237c3-079f-4b53-8af2-69b37abd8614.achievement.json,b22237c3-079f-4b53-8af2-69b37abd8614,1746144000000,
62950170,7587,249e913d-88a6-4707-ab59-d5e2b414b7a8.binning_data.json,4337024,6000,62950170,782,2025-05-02 18:31:46.871,com.sec.android.app.shealth,2025-05-02 18:31:46.871,,1.3636446,5914.16,275.63998,6805,US7nt0+2+q,com.sec.android.app.shealth,0,249e913d-88a6-4707-ab59-d5e2b414b7a8.achievement.json,249e913d-88a6-4707-ab59-d5e2b414b7a8,1746144000000,
62950170,6189,df5e104b-ee7e-4f3b-92d2-88dc2f02be2e.binning_data.json,3857820,6000,62950170,40,2025-05-03 18:30:06.406,com.sec.android.app.shealth,2025-05-03 03:27:29.587,df5e104b-ee7e-4f3b-92d2-88dc2f02be2e.source_info.json,1.1893787,4588.4097,213.81999,6149,VfS0qUERdZ,com.sec.android.app.shealth,0,df5e104b-ee7e-4f3b-92d2-88dc2f02be2e.achievement.json,df5e104b-ee7e-4f3b-92d2-88dc2f02be2e,1746230400000,
62950170,6189,c06c1c5e-b97f-423f-8163-d639dab9b161.binning_data.json,3857820,6000,62950170,40,2025-05-03 18:30:05.109,com.sec.android.app.shealth,2025-05-03 18:30:05.109,,1.1893787,4588.4097,213.81999,6149,US7nt0+2+q,com.sec.android.app.shealth,0,c06c1c5e-b97f-423f-8163-d639dab9b161.achievement.json,c06c1c5e-b97f-423f-8163-d639dab9b161,1746230400000,
62950170,2635,2d646589-1ece-45cb-859d-d09f129b33fe.binning_data.json,1548583,6000,62950170,0,2025-05-04 18:30:06.020,com.sec.android.app.shealth,2025-05-04 03:27:16.459,2d646589-1ece-45cb-859d-d09f129b33fe.source_info.json,1.2731831,1971.63,86.509995,2635,VfS0qUERdZ,com.sec.android.app.shealth,0,2d646589-1ece-45cb-859d-d09f129b33fe.achievement.json,2d646589-1ece-45cb-859d-d09f129b33fe,1746316800000,
62950170,2635,723cf263-617b-4bfd-963b-b2902ab8fccf.binning_data.json,1548583,6000,62950170,0,2025-05-04 18:30:04.877,com.sec.android.app.shealth,2025-05-04 18:30:04.877,,1.2731831,1971.63,86.509995,2635,US7nt0+2+q,com.sec.android.app.shealth,0,723cf263-617b-4bfd-963b-b2902ab8fccf.achievement.json,723cf263-617b-4bfd-963b-b2902ab8fccf,1746316800000,
62950170,3026,48c73b96-5c8c-47ed-812d-74eb8a8c4005.binning_data.json,1817128,6000,62950170,4,2025-05-05 17:12:21.555,com.sec.android.app.shealth,2025-05-05 02:34:08.844,48c73b96-5c8c-47ed-812d-74eb8a8c4005.source_info.json,1.2461311,2264.38,101.17,3022,VfS0qUERdZ,com.sec.android.app.shealth,0,48c73b96-5c8c-47ed-812d-74eb8a8c4005.achievement.json,48c73b96-5c8c-47ed-812d-74eb8a8c4005,1746403200000,
62950170,3026,c1f26c85-3fc2-4e97-b44d-9342cf02d8ab.binning_data.json,1817128,6000,62950170,4,2025-05-05 18:31:32.637,com.sec.android.app.shealth,2025-05-05 18:31:32.637,,1.2461311,2264.38,101.17,3022,US7nt0+2+q,com.sec.android.app.shealth,0,c1f26c85-3fc2-4e97-b44d-9342cf02d8ab.achievement.json,c1f26c85-3fc2-4e97-b44d-9342cf02d8ab,1746403200000,
62950170,4422,13c9bf7a-b78c-4364-8cf2-7ce388600f74.binning_data.json,2586785,6000,62950170,35,2025-05-06 17:03:05.113,com.sec.android.app.shealth,2025-05-06 00:11:09.583,13c9bf7a-b78c-4364-8cf2-7ce388600f74.source_info.json,1.2903777,3337.93,147.56,4387,VfS0qUERdZ,com.sec.android.app.shealth,0,13c9bf7a-b78c-4364-8cf2-7ce388600f74.achievement.json,13c9bf7a-b78c-4364-8cf2-7ce388600f74,1746489600000,
62950170,4422,ec581891-544e-4506-81c4-331561f7fdb7.binning_data.json,2586785,6000,62950170,35,2025-05-06 18:30:06.829,com.sec.android.app.shealth,2025-05-06 18:30:06.829,,1.2903777,3337.93,147.56,4387,US7nt0+2+q,com.sec.android.app.shealth,0,ec581891-544e-4506-81c4-331561f7fdb7.achievement.json,ec581891-544e-4506-81c4-331561f7fdb7,1746489600000,
62950170,2755,1ba11815-4a7e-40f3-a857-c7daf289d39d.binning_data.json,1634387,6000,62950170,0,2025-05-07 16:38:24.422,com.sec.android.app.shealth,2025-05-07 00:38:51.834,1ba11815-4a7e-40f3-a857-c7daf289d39d.source_info.json,1.2621487,2062.84,91.32,2755,VfS0qUERdZ,com.sec.android.app.shealth,0,1ba11815-4a7e-40f3-a857-c7daf289d39d.achievement.json,1ba11815-4a7e-40f3-a857-c7daf289d39d,1746576000000,
62950170,2755,14156ac7-5a4c-4e45-9046-8426fd06187b.binning_data.json,1634387,6000,62950170,0,2025-05-07 19:03:27.745,com.sec.android.app.shealth,2025-05-07 19:03:27.745,,1.2621487,2062.84,91.32,2755,US7nt0+2+q,com.sec.android.app.shealth,0,14156ac7-5a4c-4e45-9046-8426fd06187b.achievement.json,14156ac7-5a4c-4e45-9046-8426fd06187b,1746576000000,
62950170,4288,ef48855b-3605-4759-93b9-2425a506fefc.binning_data.json,2381005,6000,62950170,11,2025-05-08 18:19:50.378,com.sec.android.app.shealth,2025-05-08 02:56:12.988,ef48855b-3605-4759-93b9-2425a506fefc.source_info.json,1.3753729,3274.77,140.16,4277,VfS0qUERdZ,com.sec.android.app.shealth,0,ef48855b-3605-4759-93b9-2425a506fefc.achievement.json,ef48855b-3605-4759-93b9-2425a506fefc,1746662400000,
62950170,4288,fcfd6ebf-b55a-42f8-ab8f-36a5e97685f4.binning_data.json,2381005,6000,62950170,11,2025-05-08 18:30:03.527,com.sec.android.app.shealth,2025-05-08 18:30:03.527,,1.3753729,3274.77,140.16,4277,US7nt0+2+q,com.sec.android.app.shealth,0,fcfd6ebf-b55a-42f8-ab8f-36a5e97685f4.achievement.json,fcfd6ebf-b55a-42f8-ab8f-36a5e97685f4,1746662400000,
62950170,2540,5f90a7e9-6c83-4a3f-abe6-0d074687b095.binning_data.json,1511366,6000,62950170,7,2025-05-09 18:30:06.434,com.sec.android.app.shealth,2025-05-09 03:05:16.853,5f90a7e9-6c83-4a3f-abe6-0d074687b095.source_info.json,1.2657884,1913.07,84.409996,2533,VfS0qUERdZ,com.sec.android.app.shealth,0,5f90a7e9-6c83-4a3f-abe6-0d074687b095.achievement.json,5f90a7e9-6c83-4a3f-abe6-0d074687b095,1746748800000,
62950170,2540,9054f3a3-d2a1-476a-911f-ca99f5f9cac4.binning_data.json,1511366,6000,62950170,7,2025-05-09 18:30:05.078,com.sec.android.app.shealth,2025-05-09 18:30:05.078,,1.2657884,1913.07,84.409996,2533,US7nt0+2+q,com.sec.android.app.shealth,0,9054f3a3-d2a1-476a-911f-ca99f5f9cac4.achievement.json,9054f3a3-d2a1-476a-911f-ca99f5f9cac4,1746748800000,
62950170,1187,275a6d71-75e9-441d-82d2-3c307c885799.binning_data.json,707843,6000,62950170,1,2025-05-10 18:20:12.038,com.sec.android.app.shealth,2025-05-10 02:57:19.838,275a6d71-75e9-441d-82d2-3c307c885799.source_info.json,1.2612253,892.75,37.429996,1186,VfS0qUERdZ,com.sec.android.app.shealth,0,275a6d71-75e9-441d-82d2-3c307c885799.achievement.json,275a6d71-75e9-441d-82d2-3c307c885799,1746835200000,
62950170,1187,bc81c97f-4d4d-4d48-b623-614ab6e3a8cb.binning_data.json,707843,6000,62950170,1,2025-05-10 18:30:03.580,com.sec.android.app.shealth,2025-05-10 18:30:03.580,,1.2612253,892.75,37.429996,1186,US7nt0+2+q,com.sec.android.app.shealth,0,bc81c97f-4d4d-4d48-b623-614ab6e3a8cb.achievement.json,bc81c97f-4d4d-4d48-b623-614ab6e3a8cb,1746835200000,
62950170,2864,56e69978-ddaa-498c-bfd4-097e8ffc5c7f.binning_data.json,1571116,6000,62950170,20,2025-05-11 18:30:04.729,com.sec.android.app.shealth,2025-05-11 03:30:02.464,56e69978-ddaa-498c-bfd4-097e8ffc5c7f.source_info.json,1.408533,2212.97,92.6,2844,VfS0qUERdZ,com.sec.android.app.shealth,0,56e69978-ddaa-498c-bfd4-097e8ffc5c7f.achievement.json,56e69978-ddaa-498c-bfd4-097e8ffc5c7f,1746921600000,
62950170,2864,1a7f3c8c-7ad0-4a81-9c0c-d5f2bf59e478.binning_data.json,1571116,6000,62950170,20,2025-05-11 18:30:03.610,com.sec.android.app.shealth,2025-05-11 18:30:03.610,,1.408533,2212.97,92.6,2844,US7nt0+2+q,com.sec.android.app.shealth,0,1a7f3c8c-7ad0-4a81-9c0c-d5f2bf59e478.achievement.json,1a7f3c8c-7ad0-4a81-9c0c-d5f2bf59e478,1746921600000,
62950170,2080,0dee8e56-7326-497e-8ee0-e5a7df32a979.binning_data.json,1161288,6000,62950170,14,2025-05-12 17:54:46.367,com.sec.android.app.shealth,2025-05-12 03:00:48.291,0dee8e56-7326-497e-8ee0-e5a7df32a979.source_info.json,1.3860377,1609.59,67.52,2066,VfS0qUERdZ,com.sec.android.app.shealth,0,0dee8e56-7326-497e-8ee0-e5a7df32a979.achievement.json,0dee8e56-7326-497e-8ee0-e5a7df32a979,1747008000000,
62950170,2080,c33a351f-4c03-48b1-831a-e6f41aa62ef5.binning_data.json,1161288,6000,62950170,14,2025-05-12 19:03:46.861,com.sec.android.app.shealth,2025-05-12 19:03:46.861,,1.3860377,1609.59,67.52,2066,US7nt0+2+q,com.sec.android.app.shealth,0,c33a351f-4c03-48b1-831a-e6f41aa62ef5.achievement.json,c33a351f-4c03-48b1-831a-e6f41aa62ef5,1747008000000,
62950170,4029,d4ad3980-67b8-4170-bb73-c7e24ddd62b1.binning_data.json,2278448,6000,62950170,0,2025-05-13 17:39:52.524,com.sec.android.app.shealth,2025-05-12 21:35:13.089,d4ad3980-67b8-4170-bb73-c7e24ddd62b1.source_info.json,1.3365496,3045.2598,122.84998,4029,VfS0qUERdZ,com.sec.android.app.shealth,0,d4ad3980-67b8-4170-bb73-c7e24ddd62b1.achievement.json,d4ad3980-67b8-4170-bb73-c7e24ddd62b1,1747094400000,
62950170,4029,2c55e370-18e5-4303-bc49-ae1a9f3300ed.binning_data.json,2278448,6000,62950170,0,2025-05-13 18:30:03.593,com.sec.android.app.shealth,2025-05-13 18:30:03.593,,1.3365496,3045.2598,122.84998,4029,US7nt0+2+q,com.sec.android.app.shealth,0,2c55e370-18e5-4303-bc49-ae1a9f3300ed.achievement.json,2c55e370-18e5-4303-bc49-ae1a9f3300ed,1747094400000,
62950170,4843,de295578-bc23-4636-9e2e-263349781f3c.binning_data.json,2829165,6000,62950170,7,2025-05-14 18:30:32.987,com.sec.android.app.shealth,2025-05-14 04:13:57.841,de295578-bc23-4636-9e2e-263349781f3c.source_info.json,1.280155,3621.77,148.89998,4836,VfS0qUERdZ,com.sec.android.app.shealth,0,de295578-bc23-4636-9e2e-263349781f3c.achievement.json,de295578-bc23-4636-9e2e-263349781f3c,1747180800000,
62950170,4843,daf747a4-1084-4a11-af76-2431f73a0a83.binning_data.json,2829165,6000,62950170,7,2025-05-14 18:30:31.183,com.sec.android.app.shealth,2025-05-14 18:30:31.183,,1.280155,3621.77,148.89998,4836,US7nt0+2+q,com.sec.android.app.shealth,0,daf747a4-1084-4a11-af76-2431f73a0a83.achievement.json,daf747a4-1084-4a11-af76-2431f73a0a83,1747180800000,
62950170,5952,2bd5ab4e-267c-4be5-bd2f-ffb59a3a0fb1.binning_data.json,3591153,6000,62950170,0,2025-05-15 17:41:07.885,com.sec.android.app.shealth,2025-05-14 18:46:44.231,2bd5ab4e-267c-4be5-bd2f-ffb59a3a0fb1.source_info.json,1.2292846,4414.5503,186.26997,5952,VfS0qUERdZ,com.sec.android.app.shealth,0,2bd5ab4e-267c-4be5-bd2f-ffb59a3a0fb1.achievement.json,2bd5ab4e-267c-4be5-bd2f-ffb59a3a0fb1,1747267200000,
62950170,5952,3187ab7d-a09a-48ef-a349-bb36b5663c4a.binning_data.json,3591153,6000,62950170,0,2025-05-15 18:35:45.299,com.sec.android.app.shealth,2025-05-15 18:35:45.299,,1.2292846,4414.5503,186.26997,5952,US7nt0+2+q,com.sec.android.app.shealth,0,3187ab7d-a09a-48ef-a349-bb36b5663c4a.achievement.json,3187ab7d-a09a-48ef-a349-bb36b5663c4a,1747267200000,
62950170,4514,d9403e0b-6e69-43c8-a06e-8b6168404569.binning_data.json,2598909,6000,62950170,0,2025-05-16 17:48:14.384,com.sec.android.app.shealth,2025-05-16 03:26:33.643,d9403e0b-6e69-43c8-a06e-8b6168404569.source_info.json,1.302104,3384.05,138.94998,4514,VfS0qUERdZ,com.sec.android.app.shealth,0,d9403e0b-6e69-43c8-a06e-8b6168404569.achievement.json,d9403e0b-6e69-43c8-a06e-8b6168404569,1747353600000,
62950170,4514,8d223887-e93b-419b-bf9d-c6a68b150baf.binning_data.json,2598909,6000,62950170,0,2025-05-16 18:30:03.416,com.sec.android.app.shealth,2025-05-16 18:30:03.416,,1.302104,3384.05,138.94998,4514,US7nt0+2+q,com.sec.android.app.shealth,0,8d223887-e93b-419b-bf9d-c6a68b150baf.achievement.json,8d223887-e93b-419b-bf9d-c6a68b150baf,1747353600000,
62950170,4053,5027e509-27b4-490f-9282-a5654a460f36.binning_data.json,2293229,6000,62950170,0,2025-05-17 16:43:13.069,com.sec.android.app.shealth,2025-05-17 05:23:04.407,5027e509-27b4-490f-9282-a5654a460f36.source_info.json,1.3310442,3052.39,123.54997,4053,VfS0qUERdZ,com.sec.android.app.shealth,0,5027e509-27b4-490f-9282-a5654a460f36.achievement.json,5027e509-27b4-490f-9282-a5654a460f36,1747440000000,
62950170,4053,f741a562-baaf-4d48-b3cb-ad7c53e49eab.binning_data.json,2293229,6000,62950170,0,2025-05-17 18:52:32.909,com.sec.android.app.shealth,2025-05-17 18:52:32.909,,1.3310442,3052.39,123.54997,4053,US7nt0+2+q,com.sec.android.app.shealth,0,f741a562-baaf-4d48-b3cb-ad7c53e49eab.achievement.json,f741a562-baaf-4d48-b3cb-ad7c53e49eab,1747440000000,
62950170,966,08ad988f-a3ba-43ca-94a6-e18b271e39b6.binning_data.json,577205,6000,62950170,0,2025-05-18 17:00:44.231,com.sec.android.app.shealth,2025-05-18 02:58:27.565,08ad988f-a3ba-43ca-94a6-e18b271e39b6.source_info.json,1.2426077,717.24,31.799997,966,VfS0qUERdZ,com.sec.android.app.shealth,0,08ad988f-a3ba-43ca-94a6-e18b271e39b6.achievement.json,08ad988f-a3ba-43ca-94a6-e18b271e39b6,1747526400000,
62950170,966,ac3fe199-3011-4fb4-ae6f-2a2d909085ec.binning_data.json,577205,6000,62950170,0,2025-05-18 18:30:03.730,com.sec.android.app.shealth,2025-05-18 18:30:03.730,,1.2426077,717.24,31.799997,966,US7nt0+2+q,com.sec.android.app.shealth,0,ac3fe199-3011-4fb4-ae6f-2a2d909085ec.achievement.json,ac3fe199-3011-4fb4-ae6f-2a2d909085ec,1747526400000,
62950170,844,3c16b496-930e-4e1d-9dbd-69fccf949946.binning_data.json,488477,6000,62950170,0,2025-05-19 16:03:11.631,com.sec.android.app.shealth,2025-05-19 03:31:01.083,3c16b496-930e-4e1d-9dbd-69fccf949946.source_info.json,1.2960881,633.11005,26.509995,844,VfS0qUERdZ,com.sec.android.app.shealth,0,3c16b496-930e-4e1d-9dbd-69fccf949946.achievement.json,3c16b496-930e-4e1d-9dbd-69fccf949946,1747612800000,
62950170,844,f8c19d1b-6229-47e2-9bd8-2530db11eb9b.binning_data.json,488477,6000,62950170,0,2025-05-19 18:46:57.681,com.sec.android.app.shealth,2025-05-19 18:46:57.681,,1.2960881,633.11005,26.509995,844,US7nt0+2+q,com.sec.android.app.shealth,0,f8c19d1b-6229-47e2-9bd8-2530db11eb9b.achievement.json,f8c19d1b-6229-47e2-9bd8-2530db11eb9b,1747612800000,
62950170,5196,9c64500a-45dc-4991-9d47-ec429ce0b5f0.binning_data.json,3098590,6000,62950170,0,2025-05-20 18:30:05.718,com.sec.android.app.shealth,2025-05-20 03:06:11.455,9c64500a-45dc-4991-9d47-ec429ce0b5f0.source_info.json,1.2465217,3862.46,159.41998,5196,VfS0qUERdZ,com.sec.android.app.shealth,0,9c64500a-45dc-4991-9d47-ec429ce0b5f0.achievement.json,9c64500a-45dc-4991-9d47-ec429ce0b5f0,1747699200000,
62950170,5196,f3137011-851c-45ea-855f-b7af06c903a4.binning_data.json,3098590,6000,62950170,0,2025-05-20 18:30:04.232,com.sec.android.app.shealth,2025-05-20 18:30:04.232,,1.2465217,3862.46,159.41998,5196,US7nt0+2+q,com.sec.android.app.shealth,0,f3137011-851c-45ea-855f-b7af06c903a4.achievement.json,f3137011-851c-45ea-855f-b7af06c903a4,1747699200000,
62950170,4731,c34a1df2-b232-466c-8325-774ec3bf626b.binning_data.json,2792492,6000,62950170,0,2025-05-21 14:30:02.810,com.sec.android.app.shealth,2025-05-21 05:12:03.874,c34a1df2-b232-466c-8325-774ec3bf626b.source_info.json,1.262596,3525.7898,146.20998,4731,VfS0qUERdZ,com.sec.android.app.shealth,0,c34a1df2-b232-466c-8325-774ec3bf626b.achievement.json,c34a1df2-b232-466c-8325-774ec3bf626b,1747785600000,
62950170,4731,619c5941-bf62-435d-a1c7-1ba8da040190.binning_data.json,2792492,6000,62950170,0,2025-05-21 19:17:08.522,com.sec.android.app.shealth,2025-05-21 19:17:08.522,,1.262596,3525.7898,146.20998,4731,US7nt0+2+q,com.sec.android.app.shealth,0,619c5941-bf62-435d-a1c7-1ba8da040190.achievement.json,619c5941-bf62-435d-a1c7-1ba8da040190,1747785600000,
62950170,4813,d6ac4c8b-25c7-44d5-96a0-11aa2ac78da1.binning_data.json,2786732,6000,62950170,2,2025-05-22 14:35:11.374,com.sec.android.app.shealth,2025-05-22 03:07:38.334,d6ac4c8b-25c7-44d5-96a0-11aa2ac78da1.source_info.json,1.2934682,3604.5498,148.88998,4811,VfS0qUERdZ,com.sec.android.app.shealth,0,d6ac4c8b-25c7-44d5-96a0-11aa2ac78da1.achievement.json,d6ac4c8b-25c7-44d5-96a0-11aa2ac78da1,1747872000000,
62950170,4813,fdeb40b5-4eb4-4b8e-8c52-4a5b48acb856.binning_data.json,2786732,6000,62950170,2,2025-05-22 18:30:03.585,com.sec.android.app.shealth,2025-05-22 18:30:03.585,,1.2934682,3604.5498,148.88998,4811,US7nt0+2+q,com.sec.android.app.shealth,0,fdeb40b5-4eb4-4b8e-8c52-4a5b48acb856.achievement.json,fdeb40b5-4eb4-4b8e-8c52-4a5b48acb856,1747872000000,
62950170,9554,f4c64c89-36fd-4763-8540-0ecb2388af19.binning_data.json,5595943,6000,62950170,0,2025-05-23 18:14:23.393,com.sec.android.app.shealth,2025-05-23 02:44:36.986,f4c64c89-36fd-4763-8540-0ecb2388af19.source_info.json,1.2752972,7136.49,296.23996,9554,VfS0qUERdZ,com.sec.android.app.shealth,0,f4c64c89-36fd-4763-8540-0ecb2388af19.achievement.json,f4c64c89-36fd-4763-8540-0ecb2388af19,1747958400000,
62950170,9554,e85aec54-aef3-43c3-a34d-753a1cbfef8b.binning_data.json,5595943,6000,62950170,0,2025-05-23 18:30:04.162,com.sec.android.app.shealth,2025-05-23 18:30:04.162,,1.2752972,7136.49,296.23996,9554,US7nt0+2+q,com.sec.android.app.shealth,0,e85aec54-aef3-43c3-a34d-753a1cbfef8b.achievement.json,e85aec54-aef3-43c3-a34d-753a1cbfef8b,1747958400000,
62950170,12908,3d39777c-0d8e-4363-a5fe-54761cb23a25.binning_data.json,7873224,6000,62950170,0,2025-05-24 16:26:21.637,com.sec.android.app.shealth,2025-05-24 07:55:04.257,3d39777c-0d8e-4363-a5fe-54761cb23a25.source_info.json,1.2137684,9556.27,406.87994,12908,VfS0qUERdZ,com.sec.android.app.shealth,0,3d39777c-0d8e-4363-a5fe-54761cb23a25.achievement.json,3d39777c-0d8e-4363-a5fe-54761cb23a25,1748044800000,
62950170,12908,dc9b1b51-2488-403c-bd8b-c30efe3011b7.binning_data.json,7873224,6000,62950170,0,2025-05-24 18:30:03.814,com.sec.android.app.shealth,2025-05-24 18:30:03.814,,1.2137684,9556.27,406.87994,12908,US7nt0+2+q,com.sec.android.app.shealth,0,dc9b1b51-2488-403c-bd8b-c30efe3011b7.achievement.json,dc9b1b51-2488-403c-bd8b-c30efe3011b7,1748044800000,
62950170,6664,b8aecde2-c3f2-42ac-87c2-c5f1793ad332.binning_data.json,4165157,6000,62950170,1,2025-05-25 18:04:41.032,com.sec.android.app.shealth,2025-05-25 03:30:15.406,b8aecde2-c3f2-42ac-87c2-c5f1793ad332.source_info.json,1.1795592,4913.05,214.97998,6663,VfS0qUERdZ,com.sec.android.app.shealth,0,b8aecde2-c3f2-42ac-87c2-c5f1793ad332.achievement.json,b8aecde2-c3f2-42ac-87c2-c5f1793ad332,1748131200000,
62950170,6664,8e4bb062-d1d6-4e2f-9c14-85eecd0ad5b8.binning_data.json,4165157,6000,62950170,1,2025-05-25 18:30:04.163,com.sec.android.app.shealth,2025-05-25 18:30:04.163,,1.1795592,4913.05,214.97998,6663,US7nt0+2+q,com.sec.android.app.shealth,0,8e4bb062-d1d6-4e2f-9c14-85eecd0ad5b8.achievement.json,8e4bb062-d1d6-4e2f-9c14-85eecd0ad5b8,1748131200000,
62950170,14944,af089ff7-ff59-44d7-8869-0744f7c3487c.binning_data.json,8497371,6000,62950170,0,2025-05-26 17:21:50.608,com.sec.android.app.shealth,2025-05-26 07:05:15.173,af089ff7-ff59-44d7-8869-0744f7c3487c.source_info.json,1.3211309,11226.14,451.56995,14944,VfS0qUERdZ,com.sec.android.app.shealth,0,af089ff7-ff59-44d7-8869-0744f7c3487c.achievement.json,af089ff7-ff59-44d7-8869-0744f7c3487c,1748217600000,
62950170,14944,1b8e37e1-9042-4efb-8aaf-1f7fddbbcd14.binning_data.json,8497371,6000,62950170,0,2025-05-26 19:29:47.289,com.sec.android.app.shealth,2025-05-26 19:29:47.289,,1.3211309,11226.14,451.56995,14944,US7nt0+2+q,com.sec.android.app.shealth,0,1b8e37e1-9042-4efb-8aaf-1f7fddbbcd14.achievement.json,1b8e37e1-9042-4efb-8aaf-1f7fddbbcd14,1748217600000,
62950170,5064,39e5e522-3ff6-4e5e-8445-3d1fd4f6aafc.binning_data.json,2935618,6000,62950170,0,2025-05-27 16:15:01.497,com.sec.android.app.shealth,2025-05-27 02:32:00.204,39e5e522-3ff6-4e5e-8445-3d1fd4f6aafc.source_info.json,1.2931381,3796.16,157.68999,5064,VfS0qUERdZ,com.sec.android.app.shealth,0,39e5e522-3ff6-4e5e-8445-3d1fd4f6aafc.achievement.json,39e5e522-3ff6-4e5e-8445-3d1fd4f6aafc,1748304000000,
62950170,5064,a429d566-2592-4e3d-9ee7-2be55c5bd5c7.binning_data.json,2935618,6000,62950170,0,2025-05-27 20:12:36.659,com.sec.android.app.shealth,2025-05-27 20:12:36.659,,1.2931381,3796.16,157.68999,5064,US7nt0+2+q,com.sec.android.app.shealth,0,a429d566-2592-4e3d-9ee7-2be55c5bd5c7.achievement.json,a429d566-2592-4e3d-9ee7-2be55c5bd5c7,1748304000000,
62950170,4227,19d72774-dc88-46eb-bd51-d5e1e279d165.binning_data.json,2644875,6000,62950170,0,2025-05-28 17:22:45.295,com.sec.android.app.shealth,2025-05-28 02:43:00.956,19d72774-dc88-46eb-bd51-d5e1e279d165.source_info.json,1.175439,3108.8901,136.59998,4227,VfS0qUERdZ,com.sec.android.app.shealth,0,19d72774-dc88-46eb-bd51-d5e1e279d165.achievement.json,19d72774-dc88-46eb-bd51-d5e1e279d165,1748390400000,
62950170,4227,b2ade7ce-da55-4486-9e7d-19cc54fd0640.binning_data.json,2644875,6000,62950170,0,2025-05-28 18:30:04.673,com.sec.android.app.shealth,2025-05-28 18:30:04.673,,1.175439,3108.8901,136.59998,4227,US7nt0+2+q,com.sec.android.app.shealth,0,b2ade7ce-da55-4486-9e7d-19cc54fd0640.achievement.json,b2ade7ce-da55-4486-9e7d-19cc54fd0640,1748390400000,
62950170,10578,217ed55f-0a8c-49ff-96ba-017bc9797102.binning_data.json,6287049,6000,62950170,0,2025-05-29 15:37:49.990,com.sec.android.app.shealth,2025-05-28 18:50:15.125,217ed55f-0a8c-49ff-96ba-017bc9797102.source_info.json,1.252276,7873.1206,327.19992,10578,VfS0qUERdZ,com.sec.android.app.shealth,0,217ed55f-0a8c-49ff-96ba-017bc9797102.achievement.json,217ed55f-0a8c-49ff-96ba-017bc9797102,1748476800000,
62950170,10578,e3fd5d8e-fd7b-4bec-b6ed-70b1694e8035.binning_data.json,6287049,6000,62950170,0,2025-05-29 18:30:13.467,com.sec.android.app.shealth,2025-05-29 18:30:13.467,,1.252276,7873.1206,327.19992,10578,US7nt0+2+q,com.sec.android.app.shealth,0,e3fd5d8e-fd7b-4bec-b6ed-70b1694e8035.achievement.json,e3fd5d8e-fd7b-4bec-b6ed-70b1694e8035,1748476800000,
62950170,3678,8ea84a61-6676-4a79-b3b7-998c70fe8953.binning_data.json,2171734,6000,62950170,0,2025-05-30 18:30:06.508,com.sec.android.app.shealth,2025-05-30 04:44:26.242,8ea84a61-6676-4a79-b3b7-998c70fe8953.source_info.json,1.2651821,2747.64,115.88999,3678,VfS0qUERdZ,com.sec.android.app.shealth,0,8ea84a61-6676-4a79-b3b7-998c70fe8953.achievement.json,8ea84a61-6676-4a79-b3b7-998c70fe8953,1748563200000,
62950170,3678,acdbf100-7872-478d-b2f0-3885757c5dbf.binning_data.json,2171734,6000,62950170,0,2025-05-30 18:30:05.451,com.sec.android.app.shealth,2025-05-30 18:30:05.451,,1.2651821,2747.64,115.88999,3678,US7nt0+2+q,com.sec.android.app.shealth,0,acdbf100-7872-478d-b2f0-3885757c5dbf.achievement.json,acdbf100-7872-478d-b2f0-3885757c5dbf,1748563200000,
62950170,10465,38582cca-bba5-4409-8812-4990ba3c44cf.binning_data.json,6265662,6000,62950170,6,2025-05-31 19:15:37.666,com.sec.android.app.shealth,2025-05-30 18:41:20.154,38582cca-bba5-4409-8812-4990ba3c44cf.source_info.json,1.2440313,7794.68,331.25995,10459,VfS0qUERdZ,com.sec.android.app.shealth,0,38582cca-bba5-4409-8812-4990ba3c44cf.achievement.json,38582cca-bba5-4409-8812-4990ba3c44cf,1748649600000,
62950170,10465,7126512c-a5b2-445c-902e-8fc8e7c46b5a.binning_data.json,6265662,6000,62950170,6,2025-05-31 19:15:26.706,com.sec.android.app.shealth,2025-05-31 19:15:26.706,,1.2440313,7794.68,331.25995,10459,US7nt0+2+q,com.sec.android.app.shealth,0,7126512c-a5b2-445c-902e-8fc8e7c46b5a.achievement.json,7126512c-a5b2-445c-902e-8fc8e7c46b5a,1748649600000,
62950170,5426,20295705-d1cd-4fbf-943d-d872d9370179.binning_data.json,3542925,6000,62950170,0,2025-06-01 16:15:51.499,com.sec.android.app.shealth,2025-05-31 19:35:08.806,20295705-d1cd-4fbf-943d-d872d9370179.source_info.json,1.1202323,3968.9,182.17,5426,VfS0qUERdZ,com.sec.android.app.shealth,0,20295705-d1cd-4fbf-943d-d872d9370179.achievement.json,20295705-d1cd-4fbf-943d-d872d9370179,1748736000000,
62950170,5426,87629978-246c-4d48-a86f-80d77a3b836d.binning_data.json,3542925,6000,62950170,0,2025-06-01 19:07:19.580,com.sec.android.app.shealth,2025-06-01 19:07:19.580,,1.1202323,3968.9,182.17,5426,US7nt0+2+q,com.sec.android.app.shealth,0,87629978-246c-4d48-a86f-80d77a3b836d.achievement.json,87629978-246c-4d48-a86f-80d77a3b836d,1748736000000,
62950170,4738,7ddce2c0-9a52-4de0-98cc-6ea58112ca75.binning_data.json,2950691,6000,62950170,11,2025-06-02 17:11:21.831,com.sec.android.app.shealth,2025-06-01 19:07:41.206,7ddce2c0-9a52-4de0-98cc-6ea58112ca75.source_info.json,1.1911818,3514.81,159.06999,4727,VfS0qUERdZ,com.sec.android.app.shealth,0,7ddce2c0-9a52-4de0-98cc-6ea58112ca75.achievement.json,7ddce2c0-9a52-4de0-98cc-6ea58112ca75,1748822400000,
62950170,4738,9d02c363-638c-4139-a3d2-156b58ffea96.binning_data.json,2950691,6000,62950170,11,2025-06-02 18:30:03.678,com.sec.android.app.shealth,2025-06-02 18:30:03.678,,1.1911818,3514.81,159.06999,4727,US7nt0+2+q,com.sec.android.app.shealth,0,9d02c363-638c-4139-a3d2-156b58ffea96.achievement.json,9d02c363-638c-4139-a3d2-156b58ffea96,1748822400000,
62950170,2491,bffa00ff-74a0-453e-88ab-f60d21fff48e.binning_data.json,1447927,6000,63010030,12,2025-06-03 18:29:47.227,com.sec.android.app.shealth,2025-06-02 18:40:14.801,bffa00ff-74a0-453e-88ab-f60d21fff48e.source_info.json,1.3068612,1892.24,84.759995,2479,VfS0qUERdZ,com.sec.android.app.shealth,0,bffa00ff-74a0-453e-88ab-f60d21fff48e.achievement.json,bffa00ff-74a0-453e-88ab-f60d21fff48e,1748908800000,
63010030,2491,6db376ec-4bb6-48d5-a379-bf4fa4b972a1.binning_data.json,1447927,6000,63010030,12,2025-06-03 18:30:03.132,com.sec.android.app.shealth,2025-06-03 18:30:03.132,,1.3068612,1892.24,84.759995,2479,US7nt0+2+q,com.sec.android.app.shealth,0,6db376ec-4bb6-48d5-a379-bf4fa4b972a1.achievement.json,6db376ec-4bb6-48d5-a379-bf4fa4b972a1,1748908800000,
63010030,3124,a392c7e2-4105-4411-8c09-577efb77dcf9.binning_data.json,1657795,6000,63010030,9,2025-06-04 17:37:50.898,com.sec.android.app.shealth,2025-06-03 19:14:27.969,a392c7e2-4105-4411-8c09-577efb77dcf9.source_info.json,1.4567174,2414.94,102.68,3115,VfS0qUERdZ,com.sec.android.app.shealth,0,a392c7e2-4105-4411-8c09-577efb77dcf9.achievement.json,a392c7e2-4105-4411-8c09-577efb77dcf9,1748995200000,
63010030,3124,a250eabf-b5ed-482b-86e6-b83fa473ebae.binning_data.json,1657795,6000,63010030,9,2025-06-04 19:07:35.350,com.sec.android.app.shealth,2025-06-04 19:07:35.350,,1.4567174,2414.94,102.68,3115,US7nt0+2+q,com.sec.android.app.shealth,0,a250eabf-b5ed-482b-86e6-b83fa473ebae.achievement.json,a250eabf-b5ed-482b-86e6-b83fa473ebae,1748995200000,
63010030,3703,c93fb364-87bb-4ef0-b7d6-55e15151d598.binning_data.json,2309460,6000,63010030,43,2025-06-05 18:04:31.398,com.sec.android.app.shealth,2025-06-04 19:48:11.422,c93fb364-87bb-4ef0-b7d6-55e15151d598.source_info.json,1.2133653,2802.22,133.34,3660,VfS0qUERdZ,com.sec.android.app.shealth,0,c93fb364-87bb-4ef0-b7d6-55e15151d598.achievement.json,c93fb364-87bb-4ef0-b7d6-55e15151d598,1749081600000,
63010030,3703,960c4153-ecc8-4592-a77e-dec8e407702b.binning_data.json,2309460,6000,63010030,43,2025-06-05 18:30:03.385,com.sec.android.app.shealth,2025-06-05 18:30:03.385,,1.2133653,2802.22,133.34,3660,US7nt0+2+q,com.sec.android.app.shealth,0,960c4153-ecc8-4592-a77e-dec8e407702b.achievement.json,960c4153-ecc8-4592-a77e-dec8e407702b,1749081600000,
63010030,1055,e577d711-9459-49dc-aaae-1797a7bdefaf.binning_data.json,619128,6000,63010030,10,2025-06-06 16:57:00.525,com.sec.android.app.shealth,2025-06-06 03:07:42.862,e577d711-9459-49dc-aaae-1797a7bdefaf.source_info.json,1.2896682,798.47,35.8,1045,VfS0qUERdZ,com.sec.android.app.shealth,0,e577d711-9459-49dc-aaae-1797a7bdefaf.achievement.json,e577d711-9459-49dc-aaae-1797a7bdefaf,1749168000000,
63010030,1055,3fcd8476-0423-4728-b139-3765cf956240.binning_data.json,619128,6000,63010030,10,2025-06-06 18:30:03.153,com.sec.android.app.shealth,2025-06-06 18:30:03.153,,1.2896682,798.47,35.8,1045,US7nt0+2+q,com.sec.android.app.shealth,0,3fcd8476-0423-4728-b139-3765cf956240.achievement.json,3fcd8476-0423-4728-b139-3765cf956240,1749168000000,
63010030,3769,f99d46ec-8ef3-4a43-892e-285901ca0a52.binning_data.json,2060275,6000,63010030,49,2025-06-07 18:16:24.423,com.sec.android.app.shealth,2025-06-06 19:17:44.396,f99d46ec-8ef3-4a43-892e-285901ca0a52.source_info.json,1.4294107,2944.98,129.48,3720,VfS0qUERdZ,com.sec.android.app.shealth,0,f99d46ec-8ef3-4a43-892e-285901ca0a52.achievement.json,f99d46ec-8ef3-4a43-892e-285901ca0a52,1749254400000,
63010030,3769,e33c9d00-eb33-4961-8c62-5f38d26ccb5c.binning_data.json,2060275,6000,63010030,49,2025-06-07 18:30:03.748,com.sec.android.app.shealth,2025-06-07 18:30:03.748,,1.4294107,2944.98,129.48,3720,US7nt0+2+q,com.sec.android.app.shealth,0,e33c9d00-eb33-4961-8c62-5f38d26ccb5c.achievement.json,e33c9d00-eb33-4961-8c62-5f38d26ccb5c,1749254400000,
63010030,2461,d33cef52-f88f-4eb1-b662-32b6e403053b.binning_data.json,1402060,6000,63010030,9,2025-06-08 18:00:36.929,com.sec.android.app.shealth,2025-06-07 18:48:14.632,d33cef52-f88f-4eb1-b662-32b6e403053b.source_info.json,1.3297001,1864.3201,81.869995,2452,VfS0qUERdZ,com.sec.android.app.shealth,0,d33cef52-f88f-4eb1-b662-32b6e403053b.achievement.json,d33cef52-f88f-4eb1-b662-32b6e403053b,1749340800000,
63010030,2461,15970481-81e4-4d68-ba60-aae3df1fb8bf.binning_data.json,1402060,6000,63010030,9,2025-06-08 18:30:24.285,com.sec.android.app.shealth,2025-06-08 18:30:24.285,,1.3297001,1864.3201,81.869995,2452,US7nt0+2+q,com.sec.android.app.shealth,0,15970481-81e4-4d68-ba60-aae3df1fb8bf.achievement.json,15970481-81e4-4d68-ba60-aae3df1fb8bf,1749340800000,
63010030,6063,83dd6d73-1ab8-49c9-a87d-5217c9641192.binning_data.json,3481934,6000,63010030,35,2025-06-09 15:32:00.508,com.sec.android.app.shealth,2025-06-08 18:31:10.400,83dd6d73-1ab8-49c9-a87d-5217c9641192.source_info.json,1.322437,4604.64,200.47,6028,VfS0qUERdZ,com.sec.android.app.shealth,0,83dd6d73-1ab8-49c9-a87d-5217c9641192.achievement.json,83dd6d73-1ab8-49c9-a87d-5217c9641192,1749427200000,
63010030,6063,672951aa-adbc-4eac-86a1-8b2f4a726b84.binning_data.json,3481934,6000,63010030,35,2025-06-09 18:30:03.734,com.sec.android.app.shealth,2025-06-09 18:30:03.734,,1.322437,4604.64,200.47,6028,US7nt0+2+q,com.sec.android.app.shealth,0,672951aa-adbc-4eac-86a1-8b2f4a726b84.achievement.json,672951aa-adbc-4eac-86a1-8b2f4a726b84,1749427200000,
63010030,22793,e48f776f-91de-440f-ad75-8064616966b9.binning_data.json,13384775,6000,63010030,19,2025-06-10 18:15:07.012,com.sec.android.app.shealth,2025-06-09 23:34:47.250,e48f776f-91de-440f-ad75-8064616966b9.source_info.json,1.2711844,17014.52,704.9499,22774,VfS0qUERdZ,com.sec.android.app.shealth,0,e48f776f-91de-440f-ad75-8064616966b9.achievement.json,e48f776f-91de-440f-ad75-8064616966b9,1749513600000,
63010030,22793,66f78141-5ca7-4569-a010-ed93886815e0.binning_data.json,13384775,6000,63010030,19,2025-06-10 18:30:03.429,com.sec.android.app.shealth,2025-06-10 18:30:03.429,,1.2711844,17014.52,704.9499,22774,US7nt0+2+q,com.sec.android.app.shealth,0,66f78141-5ca7-4569-a010-ed93886815e0.achievement.json,66f78141-5ca7-4569-a010-ed93886815e0,1749513600000,
63010030,26821,dcdac571-14b5-4b73-865e-a7e277ed9824.binning_data.json,15291218,6000,63010030,32,2025-06-11 17:01:19.701,com.sec.android.app.shealth,2025-06-10 19:12:36.746,dcdac571-14b5-4b73-865e-a7e277ed9824.source_info.json,1.3263423,20281.39,844.7499,26789,VfS0qUERdZ,com.sec.android.app.shealth,0,dcdac571-14b5-4b73-865e-a7e277ed9824.achievement.json,dcdac571-14b5-4b73-865e-a7e277ed9824,1749600000000,
63010030,26821,c1967acf-4984-45d0-9912-29950e7dc7a5.binning_data.json,15291218,6000,63010030,32,2025-06-11 18:30:05.660,com.sec.android.app.shealth,2025-06-11 18:30:05.660,,1.3263423,20281.39,844.7499,26789,US7nt0+2+q,com.sec.android.app.shealth,0,c1967acf-4984-45d0-9912-29950e7dc7a5.achievement.json,c1967acf-4984-45d0-9912-29950e7dc7a5,1749600000000,
63010030,17884,8c2d2779-dcee-4e4d-903f-66837a7d2183.binning_data.json,11092392,6000,63010030,0,2025-06-12 17:15:03.420,com.sec.android.app.shealth,2025-06-11 19:25:55.681,8c2d2779-dcee-4e4d-903f-66837a7d2183.source_info.json,1.1873652,13170.721,559.7999,17884,VfS0qUERdZ,com.sec.android.app.shealth,0,8c2d2779-dcee-4e4d-903f-66837a7d2183.achievement.json,8c2d2779-dcee-4e4d-903f-66837a7d2183,1749686400000,
63010030,17884,a679fbc9-31c9-46f7-9310-c0ea85e3a481.binning_data.json,11092392,6000,63010030,0,2025-06-12 18:30:15.288,com.sec.android.app.shealth,2025-06-12 18:30:15.288,,1.1873652,13170.721,559.7999,17884,US7nt0+2+q,com.sec.android.app.shealth,0,a679fbc9-31c9-46f7-9310-c0ea85e3a481.achievement.json,a679fbc9-31c9-46f7-9310-c0ea85e3a481,1749686400000,
63010030,9447,60eb0c8b-a9a0-4b32-b9ee-8e0e15b85f7a.binning_data.json,5830201,6000,63010030,0,2025-06-13 15:11:12.453,com.sec.android.app.shealth,2025-06-12 18:55:23.587,60eb0c8b-a9a0-4b32-b9ee-8e0e15b85f7a.source_info.json,1.19706,6979.1,305.40997,9447,VfS0qUERdZ,com.sec.android.app.shealth,0,60eb0c8b-a9a0-4b32-b9ee-8e0e15b85f7a.achievement.json,60eb0c8b-a9a0-4b32-b9ee-8e0e15b85f7a,1749772800000,
63010030,9447,22f06d53-eda6-40f8-9ca6-c6d856148bab.binning_data.json,5830201,6000,63010030,0,2025-06-13 18:30:14.951,com.sec.android.app.shealth,2025-06-13 18:30:14.951,,1.19706,6979.1,305.40997,9447,US7nt0+2+q,com.sec.android.app.shealth,0,22f06d53-eda6-40f8-9ca6-c6d856148bab.achievement.json,22f06d53-eda6-40f8-9ca6-c6d856148bab,1749772800000,
63010030,8075,f56b6f5d-2efe-4ce8-b1b8-499765d3dda7.binning_data.json,5171228,6000,63010030,3,2025-06-14 16:52:09.075,com.sec.android.app.shealth,2025-06-14 04:13:30.886,f56b6f5d-2efe-4ce8-b1b8-499765d3dda7.source_info.json,1.1455749,5924.0303,269.66998,8072,VfS0qUERdZ,com.sec.android.app.shealth,0,f56b6f5d-2efe-4ce8-b1b8-499765d3dda7.achievement.json,f56b6f5d-2efe-4ce8-b1b8-499765d3dda7,1749859200000,
63010030,8075,4a78402d-5a02-4dd9-abcd-458d2c57077c.binning_data.json,5171228,6000,63010030,3,2025-06-14 18:30:07.129,com.sec.android.app.shealth,2025-06-14 18:30:07.129,,1.1455749,5924.0303,269.66998,8072,US7nt0+2+q,com.sec.android.app.shealth,0,4a78402d-5a02-4dd9-abcd-458d2c57077c.achievement.json,4a78402d-5a02-4dd9-abcd-458d2c57077c,1749859200000,
63010030,9344,7278f115-ab0c-4c5d-91e9-1896ab2eb5d9.binning_data.json,5559222,6000,63010030,0,2025-06-15 18:21:26.425,com.sec.android.app.shealth,2025-06-14 23:28:49.386,7278f115-ab0c-4c5d-91e9-1896ab2eb5d9.source_info.json,1.2483581,6939.9,292.52997,9344,VfS0qUERdZ,com.sec.android.app.shealth,0,7278f115-ab0c-4c5d-91e9-1896ab2eb5d9.achievement.json,7278f115-ab0c-4c5d-91e9-1896ab2eb5d9,1749945600000,
63010030,9344,f064a120-8458-41b7-b929-04499cd14246.binning_data.json,5559222,6000,63010030,0,2025-06-15 18:30:05.061,com.sec.android.app.shealth,2025-06-15 18:30:05.061,,1.2483581,6939.9,292.52997,9344,US7nt0+2+q,com.sec.android.app.shealth,0,f064a120-8458-41b7-b929-04499cd14246.achievement.json,f064a120-8458-41b7-b929-04499cd14246,1749945600000,
63010030,11779,8beb0252-e3a3-4a9f-a2f1-98cf7b4ae354.binning_data.json,7176321,6000,63010030,44,2025-06-16 18:02:46.801,com.sec.android.app.shealth,2025-06-15 18:35:02.939,8beb0252-e3a3-4a9f-a2f1-98cf7b4ae354.source_info.json,1.2250232,8791.16,394.69998,11735,VfS0qUERdZ,com.sec.android.app.shealth,0,8beb0252-e3a3-4a9f-a2f1-98cf7b4ae354.achievement.json,8beb0252-e3a3-4a9f-a2f1-98cf7b4ae354,1750032000000,
63010030,11779,191d6b75-e6f1-4057-a979-76d60888f0a9.binning_data.json,7176321,6000,63010030,44,2025-06-16 18:30:04.173,com.sec.android.app.shealth,2025-06-16 18:30:04.173,,1.2250232,8791.16,394.69998,11735,US7nt0+2+q,com.sec.android.app.shealth,0,191d6b75-e6f1-4057-a979-76d60888f0a9.achievement.json,191d6b75-e6f1-4057-a979-76d60888f0a9,1750032000000,
63010030,4267,78f0d8da-5aab-4ccb-b42b-853c61be6a48.binning_data.json,2441912,6000,63010030,0,2025-06-17 18:12:58.405,com.sec.android.app.shealth,2025-06-17 02:12:44.063,78f0d8da-5aab-4ccb-b42b-853c61be6a48.source_info.json,1.3195808,3222.3,140.47,4267,VfS0qUERdZ,com.sec.android.app.shealth,0,78f0d8da-5aab-4ccb-b42b-853c61be6a48.achievement.json,78f0d8da-5aab-4ccb-b42b-853c61be6a48,1750118400000,
63010030,4267,7a397989-3acf-441c-aa71-8a77c43dea27.binning_data.json,2441912,6000,63010030,0,2025-06-17 18:30:03.696,com.sec.android.app.shealth,2025-06-17 18:30:03.696,,1.3195808,3222.3,140.47,4267,US7nt0+2+q,com.sec.android.app.shealth,0,7a397989-3acf-441c-aa71-8a77c43dea27.achievement.json,7a397989-3acf-441c-aa71-8a77c43dea27,1750118400000,
63010030,15616,440b5222-2553-467e-8f6a-69a0beaca5f3.binning_data.json,9017440,6000,63010030,16,2025-06-18 17:04:53.334,com.sec.android.app.shealth,2025-06-17 23:35:01.193,440b5222-2553-467e-8f6a-69a0beaca5f3.source_info.json,1.2948208,11675.971,485.68997,15600,VfS0qUERdZ,com.sec.android.app.shealth,0,440b5222-2553-467e-8f6a-69a0beaca5f3.achievement.json,440b5222-2553-467e-8f6a-69a0beaca5f3,1750204800000,
63010030,15616,ec6edc7e-7a0d-4990-ad0b-628ec048ef2c.binning_data.json,9017440,6000,63010030,16,2025-06-18 18:30:04.431,com.sec.android.app.shealth,2025-06-18 18:30:04.431,,1.2948208,11675.971,485.68997,15600,US7nt0+2+q,com.sec.android.app.shealth,0,ec6edc7e-7a0d-4990-ad0b-628ec048ef2c.achievement.json,ec6edc7e-7a0d-4990-ad0b-628ec048ef2c,1750204800000,
63010030,6552,889fad25-6c80-479b-8a02-eabdb067be12.binning_data.json,3886063,6000,63010030,56,2025-06-19 18:08:27.607,com.sec.android.app.shealth,2025-06-19 03:26:25.826,889fad25-6c80-479b-8a02-eabdb067be12.source_info.json,1.2656662,4918.46,218.81,6496,VfS0qUERdZ,com.sec.android.app.shealth,0,889fad25-6c80-479b-8a02-eabdb067be12.achievement.json,889fad25-6c80-479b-8a02-eabdb067be12,1750291200000,
63010030,6552,40e296c3-117b-49ed-a139-90874e89ebfe.binning_data.json,3886063,6000,63010030,56,2025-06-19 18:30:04.140,com.sec.android.app.shealth,2025-06-19 18:30:04.140,,1.2656662,4918.46,218.81,6496,US7nt0+2+q,com.sec.android.app.shealth,0,40e296c3-117b-49ed-a139-90874e89ebfe.achievement.json,40e296c3-117b-49ed-a139-90874e89ebfe,1750291200000,
63010030,6811,fe5679e6-0830-4cc0-ba1c-1b631197e2de.binning_data.json,4219787,6000,63010030,5,2025-06-21 18:30:14.276,com.sec.android.app.shealth,2025-06-19 22:55:23.732,fe5679e6-0830-4cc0-ba1c-1b631197e2de.source_info.json,1.1968896,5050.62,228.18999,6806,VfS0qUERdZ,com.sec.android.app.shealth,0,fe5679e6-0830-4cc0-ba1c-1b631197e2de.achievement.json,fe5679e6-0830-4cc0-ba1c-1b631197e2de,1750377600000,
63010030,6811,e26b7d24-9a8d-4413-8bf0-96446967e8af.binning_data.json,4219787,6000,63010030,5,2025-06-20 18:35:04.122,com.sec.android.app.shealth,2025-06-20 18:30:03.606,,1.1968896,5050.62,228.18999,6806,US7nt0+2+q,com.sec.android.app.shealth,0,e26b7d24-9a8d-4413-8bf0-96446967e8af.achievement.json,e26b7d24-9a8d-4413-8bf0-96446967e8af,1750377600000,
63010030,9907,93a3c108-d19f-4f32-841a-77a8566d8ace.binning_data.json,6328303,6000,63010030,4,2025-06-21 18:15:03.488,com.sec.android.app.shealth,2025-06-20 18:35:03.618,93a3c108-d19f-4f32-841a-77a8566d8ace.source_info.json,1.1505027,7280.73,332.34998,9903,VfS0qUERdZ,com.sec.android.app.shealth,0,93a3c108-d19f-4f32-841a-77a8566d8ace.achievement.json,93a3c108-d19f-4f32-841a-77a8566d8ace,1750464000000,
63010030,9907,17a2bd8f-7c5e-49c5-82c4-5e84f0cec73d.binning_data.json,6328303,6000,63010030,4,2025-06-21 18:30:12.093,com.sec.android.app.shealth,2025-06-20 18:35:04.112,,1.1505027,7280.73,332.34998,9903,US7nt0+2+q,com.sec.android.app.shealth,0,17a2bd8f-7c5e-49c5-82c4-5e84f0cec73d.achievement.json,17a2bd8f-7c5e-49c5-82c4-5e84f0cec73d,1750464000000,
63010030,6337,958f6fc3-70db-43ae-8c15-84017aabb28d.binning_data.json,4007435,6000,63010030,30,2025-06-23 18:30:05.285,com.sec.android.app.shealth,2025-06-21 18:35:25.598,958f6fc3-70db-43ae-8c15-84017aabb28d.source_info.json,1.1686602,4683.33,216.56999,6307,VfS0qUERdZ,com.sec.android.app.shealth,0,958f6fc3-70db-43ae-8c15-84017aabb28d.achievement.json,958f6fc3-70db-43ae-8c15-84017aabb28d,1750550400000,
63010030,6337,3afc2d89-66ef-411e-a951-0517d0671f50.binning_data.json,4007435,6000,63010030,30,2025-06-22 18:35:07.295,com.sec.android.app.shealth,2025-06-22 18:30:02.986,,1.1686602,4683.33,216.56999,6307,US7nt0+2+q,com.sec.android.app.shealth,0,3afc2d89-66ef-411e-a951-0517d0671f50.achievement.json,3afc2d89-66ef-411e-a951-0517d0671f50,1750550400000,
63010030,2948,a3883f2e-9a02-4607-827a-ea03db893480.binning_data.json,1797495,6000,63010030,0,2025-06-24 18:30:05.530,com.sec.android.app.shealth,2025-06-22 18:35:01.535,a3883f2e-9a02-4607-827a-ea03db893480.source_info.json,1.2168374,2187.26,98.24,2948,VfS0qUERdZ,com.sec.android.app.shealth,0,a3883f2e-9a02-4607-827a-ea03db893480.achievement.json,a3883f2e-9a02-4607-827a-ea03db893480,1750636800000,
63010030,2948,a2ff6a8f-b3d9-46f3-8b94-057d81edb044.binning_data.json,1797495,6000,63010030,0,2025-06-23 18:35:09.162,com.sec.android.app.shealth,2025-06-22 18:35:07.281,,1.2168374,2187.26,98.24,2948,US7nt0+2+q,com.sec.android.app.shealth,0,a2ff6a8f-b3d9-46f3-8b94-057d81edb044.achievement.json,a2ff6a8f-b3d9-46f3-8b94-057d81edb044,1750636800000,
63010030,2768,6a80ef50-e724-4280-a13c-e910e8705f0e.binning_data.json,1627787,6000,63010030,3,2025-06-25 18:30:06.348,com.sec.android.app.shealth,2025-06-23 18:35:03.153,6a80ef50-e724-4280-a13c-e910e8705f0e.source_info.json,1.2730409,2072.24,91.549995,2765,VfS0qUERdZ,com.sec.android.app.shealth,0,6a80ef50-e724-4280-a13c-e910e8705f0e.achievement.json,6a80ef50-e724-4280-a13c-e910e8705f0e,1750723200000,
63010030,2768,2f643921-74ce-46d3-ae83-6736e6886358.binning_data.json,1627787,6000,63010030,3,2025-06-24 18:31:46.775,com.sec.android.app.shealth,2025-06-23 18:35:09.212,,1.2730409,2072.24,91.549995,2765,US7nt0+2+q,com.sec.android.app.shealth,0,2f643921-74ce-46d3-ae83-6736e6886358.achievement.json,2f643921-74ce-46d3-ae83-6736e6886358,1750723200000,
63010030,2994,f9f25e08-6c7b-4576-84ef-153edad1375c.binning_data.json,1748898,6000,63010030,0,2025-06-25 17:55:06.454,com.sec.android.app.shealth,2025-06-24 18:31:44.335,f9f25e08-6c7b-4576-84ef-153edad1375c.source_info.json,1.2881595,2252.8599,98.09,2994,VfS0qUERdZ,com.sec.android.app.shealth,0,f9f25e08-6c7b-4576-84ef-153edad1375c.achievement.json,f9f25e08-6c7b-4576-84ef-153edad1375c,1750809600000,
63010030,2994,b946633d-f022-41d8-abb2-a391e6942101.binning_data.json,1748898,6000,63010030,0,2025-06-25 18:30:04.991,com.sec.android.app.shealth,2025-06-24 18:31:46.346,,1.2881595,2252.8599,98.09,2994,US7nt0+2+q,com.sec.android.app.shealth,0,b946633d-f022-41d8-abb2-a391e6942101.achievement.json,b946633d-f022-41d8-abb2-a391e6942101,1750809600000,
63010030,3715,f051beff-36cf-47b2-927b-582b4db60e0e.binning_data.json,2117179,6000,63010030,1,2025-06-26 17:37:22.549,com.sec.android.app.shealth,2025-06-25 18:30:02.492,f051beff-36cf-47b2-927b-582b4db60e0e.source_info.json,1.3274405,2810.43,122.609985,3714,VfS0qUERdZ,com.sec.android.app.shealth,0,f051beff-36cf-47b2-927b-582b4db60e0e.achievement.json,f051beff-36cf-47b2-927b-582b4db60e0e,1750896000000,
63010030,3715,67337f15-8156-442d-ab3a-b1e0dab7fbc5.binning_data.json,2117179,6000,63010030,1,2025-06-26 18:30:04.278,com.sec.android.app.shealth,2025-06-25 18:30:04.912,,1.3274405,2810.43,122.609985,3714,US7nt0+2+q,com.sec.android.app.shealth,0,67337f15-8156-442d-ab3a-b1e0dab7fbc5.achievement.json,67337f15-8156-442d-ab3a-b1e0dab7fbc5,1750896000000,
63010030,5142,ddcfbd96-6b72-43ac-a5a4-8b7b005c4f26.binning_data.json,3051853,6000,63020270,43,2025-06-27 18:24:29.543,com.sec.android.app.shealth,2025-06-26 19:23:48.166,ddcfbd96-6b72-43ac-a5a4-8b7b005c4f26.source_info.json,1.2671547,3867.17,171.75,5099,VfS0qUERdZ,com.sec.android.app.shealth,0,ddcfbd96-6b72-43ac-a5a4-8b7b005c4f26.achievement.json,ddcfbd96-6b72-43ac-a5a4-8b7b005c4f26,1750982400000,
63020270,5142,32b7837a-b6ac-437a-ad71-9876afadc111.binning_data.json,3051853,6000,63020270,43,2025-06-27 18:30:03.205,com.sec.android.app.shealth,2025-06-27 18:30:03.205,,1.2671547,3867.17,171.75,5099,US7nt0+2+q,com.sec.android.app.shealth,0,32b7837a-b6ac-437a-ad71-9876afadc111.achievement.json,32b7837a-b6ac-437a-ad71-9876afadc111,1750982400000,
63020270,8652,d4a32000-5e4d-4103-ad9f-31695c301934.binning_data.json,5084404,6000,63020270,11,2025-06-28 18:26:19.683,com.sec.android.app.shealth,2025-06-28 01:04:49.758,d4a32000-5e4d-4103-ad9f-31695c301934.source_info.json,1.2772154,6493.88,283.53998,8641,VfS0qUERdZ,com.sec.android.app.shealth,0,d4a32000-5e4d-4103-ad9f-31695c301934.achievement.json,d4a32000-5e4d-4103-ad9f-31695c301934,1751068800000,
63020270,8652,1d1da031-1db3-4a08-a3d7-08454b281cee.binning_data.json,5084404,6000,63020270,11,2025-06-28 18:30:06.717,com.sec.android.app.shealth,2025-06-28 18:30:06.717,,1.2772154,6493.88,283.53998,8641,US7nt0+2+q,com.sec.android.app.shealth,0,1d1da031-1db3-4a08-a3d7-08454b281cee.achievement.json,1d1da031-1db3-4a08-a3d7-08454b281cee,1751068800000,
63020270,4191,992e7f59-476c-4c5d-a047-2acf8c383867.binning_data.json,2594081,6000,63020270,5,2025-06-29 18:02:24.584,com.sec.android.app.shealth,2025-06-28 22:33:41.315,992e7f59-476c-4c5d-a047-2acf8c383867.source_info.json,1.1951436,3100.3,139.65,4186,VfS0qUERdZ,com.sec.android.app.shealth,0,992e7f59-476c-4c5d-a047-2acf8c383867.achievement.json,992e7f59-476c-4c5d-a047-2acf8c383867,1751155200000,
63020270,4191,19b65d62-e93e-42dc-921e-12ec5613d8ad.binning_data.json,2594081,6000,63020270,5,2025-06-29 18:30:02.731,com.sec.android.app.shealth,2025-06-29 18:30:02.731,,1.1951436,3100.3,139.65,4186,US7nt0+2+q,com.sec.android.app.shealth,0,19b65d62-e93e-42dc-921e-12ec5613d8ad.achievement.json,19b65d62-e93e-42dc-921e-12ec5613d8ad,1751155200000,
63020270,2875,24eba599-490e-4005-b539-f41eb7268b5c.binning_data.json,1704194,6000,63020270,1,2025-06-30 18:19:45.886,com.sec.android.app.shealth,2025-06-30 04:43:31.351,24eba599-490e-4005-b539-f41eb7268b5c.source_info.json,1.2670093,2159.23,96.36,2874,VfS0qUERdZ,com.sec.android.app.shealth,0,24eba599-490e-4005-b539-f41eb7268b5c.achievement.json,24eba599-490e-4005-b539-f41eb7268b5c,1751241600000,
63020270,2875,3c03cf3a-5140-40f9-9167-4a40af0f8138.binning_data.json,1704194,6000,63020270,1,2025-06-30 18:30:06.053,com.sec.android.app.shealth,2025-06-30 18:30:06.053,,1.2670093,2159.23,96.36,2874,US7nt0+2+q,com.sec.android.app.shealth,0,3c03cf3a-5140-40f9-9167-4a40af0f8138.achievement.json,3c03cf3a-5140-40f9-9167-4a40af0f8138,1751241600000,
63020270,2691,f54f7a2b-74e4-449f-96b2-02fff4cad99a.binning_data.json,1619939,6000,63020270,0,2025-07-01 18:10:56.749,com.sec.android.app.shealth,2025-06-30 18:31:09.595,f54f7a2b-74e4-449f-96b2-02fff4cad99a.source_info.json,1.2396636,2008.18,88.759995,2691,VfS0qUERdZ,com.sec.android.app.shealth,0,f54f7a2b-74e4-449f-96b2-02fff4cad99a.achievement.json,f54f7a2b-74e4-449f-96b2-02fff4cad99a,1751328000000,
63020270,2691,388bc6bf-5c55-4b0b-b471-1efdf80db2bb.binning_data.json,1619939,6000,63020270,0,2025-07-01 18:30:04.264,com.sec.android.app.shealth,2025-07-01 18:30:04.264,,1.2396636,2008.18,88.759995,2691,US7nt0+2+q,com.sec.android.app.shealth,0,388bc6bf-5c55-4b0b-b471-1efdf80db2bb.achievement.json,388bc6bf-5c55-4b0b-b471-1efdf80db2bb,1751328000000,
63020270,1550,076f9098-0003-4eed-b28c-343c29a2624a.binning_data.json,933909,6000,63020270,17,2025-07-02 17:28:21.078,com.sec.android.app.shealth,2025-07-02 03:29:44.735,076f9098-0003-4eed-b28c-343c29a2624a.source_info.json,1.2468655,1164.46,53.37,1533,VfS0qUERdZ,com.sec.android.app.shealth,0,076f9098-0003-4eed-b28c-343c29a2624a.achievement.json,076f9098-0003-4eed-b28c-343c29a2624a,1751414400000,
63020270,1550,5ec6fdbd-49d5-4cef-aeb9-bf415c49eb2b.binning_data.json,933909,6000,63020270,17,2025-07-02 18:30:04.137,com.sec.android.app.shealth,2025-07-02 18:30:04.137,,1.2468655,1164.46,53.37,1533,US7nt0+2+q,com.sec.android.app.shealth,0,5ec6fdbd-49d5-4cef-aeb9-bf415c49eb2b.achievement.json,5ec6fdbd-49d5-4cef-aeb9-bf415c49eb2b,1751414400000,
63020270,3477,2d4176c3-9865-46ed-a45b-2e6f80ffee1e.binning_data.json,2026947,6000,63020270,10,2025-07-03 17:29:32.216,com.sec.android.app.shealth,2025-07-03 04:42:41.944,2d4176c3-9865-46ed-a45b-2e6f80ffee1e.source_info.json,1.2922783,2619.3801,115.659996,3467,VfS0qUERdZ,com.sec.android.app.shealth,0,2d4176c3-9865-46ed-a45b-2e6f80ffee1e.achievement.json,2d4176c3-9865-46ed-a45b-2e6f80ffee1e,1751500800000,
63020270,3477,a3bcfc11-fde3-4d7e-89ec-5791a3125eb9.binning_data.json,2026947,6000,63020270,10,2025-07-03 18:30:06.696,com.sec.android.app.shealth,2025-07-03 18:30:06.696,,1.2922783,2619.3801,115.659996,3467,US7nt0+2+q,com.sec.android.app.shealth,0,a3bcfc11-fde3-4d7e-89ec-5791a3125eb9.achievement.json,a3bcfc11-fde3-4d7e-89ec-5791a3125eb9,1751500800000,
63020270,3375,0319c661-456e-44e9-954f-fc814c85fcd1.binning_data.json,1951748,6000,63020270,27,2025-07-04 17:54:23.814,com.sec.android.app.shealth,2025-07-03 18:51:34.443,0319c661-456e-44e9-954f-fc814c85fcd1.source_info.json,1.3071456,2551.22,112.49,3348,VfS0qUERdZ,com.sec.android.app.shealth,0,0319c661-456e-44e9-954f-fc814c85fcd1.achievement.json,0319c661-456e-44e9-954f-fc814c85fcd1,1751587200000,
63020270,3375,eebe9a06-7f18-4dad-a2e6-b652be78ac2f.binning_data.json,1951748,6000,63020270,27,2025-07-04 18:30:03.139,com.sec.android.app.shealth,2025-07-04 18:30:03.139,,1.3071456,2551.22,112.49,3348,US7nt0+2+q,com.sec.android.app.shealth,0,eebe9a06-7f18-4dad-a2e6-b652be78ac2f.achievement.json,eebe9a06-7f18-4dad-a2e6-b652be78ac2f,1751587200000,
63020310,1930,cce5f3f1-ae60-4431-addf-9679d4945cd9.binning_data.json,1202602,6000,63020310,0,2025-07-05 16:19:56.148,com.sec.android.app.shealth,2025-07-05 04:39:25.841,cce5f3f1-ae60-4431-addf-9679d4945cd9.source_info.json,1.184464,1424.4401,63.239998,1930,VfS0qUERdZ,com.sec.android.app.shealth,0,cce5f3f1-ae60-4431-addf-9679d4945cd9.achievement.json,cce5f3f1-ae60-4431-addf-9679d4945cd9,1751673600000,
63020310,1930,5a6e9425-6bdd-44fa-a699-cef213580ccc.binning_data.json,1202602,6000,63020310,0,2025-07-05 18:30:05.436,com.sec.android.app.shealth,2025-07-05 18:30:05.436,,1.184464,1424.4401,63.239998,1930,US7nt0+2+q,com.sec.android.app.shealth,0,5a6e9425-6bdd-44fa-a699-cef213580ccc.achievement.json,5a6e9425-6bdd-44fa-a699-cef213580ccc,1751673600000,
63020310,4445,1107c770-6d11-4f99-b328-36cd9b6a54d3.binning_data.json,2634020,6000,63020310,0,2025-07-06 15:57:58.414,com.sec.android.app.shealth,2025-07-05 23:54:18.054,1107c770-6d11-4f99-b328-36cd9b6a54d3.source_info.json,1.258392,3314.6301,139.31999,4445,VfS0qUERdZ,com.sec.android.app.shealth,0,1107c770-6d11-4f99-b328-36cd9b6a54d3.achievement.json,1107c770-6d11-4f99-b328-36cd9b6a54d3,1751760000000,
63020310,4445,4d80e78d-e4f6-4a64-8db9-54546d5ea0df.binning_data.json,2634020,6000,63020310,0,2025-07-06 18:30:03.587,com.sec.android.app.shealth,2025-07-06 18:30:03.587,,1.258392,3314.6301,139.31999,4445,US7nt0+2+q,com.sec.android.app.shealth,0,4d80e78d-e4f6-4a64-8db9-54546d5ea0df.achievement.json,4d80e78d-e4f6-4a64-8db9-54546d5ea0df,1751760000000,
63020310,6427,f86227e3-3007-4e40-89df-5c9dd85266b3.binning_data.json,3931586,6000,63020310,0,2025-07-07 15:39:33.924,com.sec.android.app.shealth,2025-07-06 18:50:03.012,f86227e3-3007-4e40-89df-5c9dd85266b3.source_info.json,1.2085502,4751.52,202.79,6427,VfS0qUERdZ,com.sec.android.app.shealth,0,f86227e3-3007-4e40-89df-5c9dd85266b3.achievement.json,f86227e3-3007-4e40-89df-5c9dd85266b3,1751846400000,
63020310,6427,96737971-8a89-409a-80e2-f9f81aa4740b.binning_data.json,3931586,6000,63020310,0,2025-07-07 18:30:14.513,com.sec.android.app.shealth,2025-07-07 18:30:14.513,,1.2085502,4751.52,202.79,6427,US7nt0+2+q,com.sec.android.app.shealth,0,96737971-8a89-409a-80e2-f9f81aa4740b.achievement.json,96737971-8a89-409a-80e2-f9f81aa4740b,1751846400000,
63020310,6887,89230516-1f9a-4859-b3bf-ef73a2c30c69.binning_data.json,4175775,6000,63020310,5,2025-07-08 16:11:02.957,com.sec.android.app.shealth,2025-07-08 02:15:22.724,89230516-1f9a-4859-b3bf-ef73a2c30c69.source_info.json,1.2243907,5112.78,217.06999,6882,VfS0qUERdZ,com.sec.android.app.shealth,0,89230516-1f9a-4859-b3bf-ef73a2c30c69.achievement.json,89230516-1f9a-4859-b3bf-ef73a2c30c69,1751932800000,
63020310,6887,75754f25-5923-480b-89f1-9f2d59dc7f9d.binning_data.json,4175775,6000,63020310,5,2025-07-08 18:30:05.887,com.sec.android.app.shealth,2025-07-08 18:30:05.887,,1.2243907,5112.78,217.06999,6882,US7nt0+2+q,com.sec.android.app.shealth,0,75754f25-5923-480b-89f1-9f2d59dc7f9d.achievement.json,75754f25-5923-480b-89f1-9f2d59dc7f9d,1751932800000,
63020310,6624,d5dc12f1-046f-4bc6-9be3-1a9942dad5b9.binning_data.json,3930441,6000,63020310,0,2025-07-09 15:26:52.529,com.sec.android.app.shealth,2025-07-08 18:49:46.061,d5dc12f1-046f-4bc6-9be3-1a9942dad5b9.source_info.json,1.2541441,4929.3403,205.12997,6624,VfS0qUERdZ,com.sec.android.app.shealth,0,d5dc12f1-046f-4bc6-9be3-1a9942dad5b9.achievement.json,d5dc12f1-046f-4bc6-9be3-1a9942dad5b9,1752019200000,
63020310,6624,76ce8a7e-468e-49d4-8a16-0e9452439dbb.binning_data.json,3930441,6000,63020310,0,2025-07-09 18:30:05.354,com.sec.android.app.shealth,2025-07-09 18:30:05.354,,1.2541441,4929.3403,205.12997,6624,US7nt0+2+q,com.sec.android.app.shealth,0,76ce8a7e-468e-49d4-8a16-0e9452439dbb.achievement.json,76ce8a7e-468e-49d4-8a16-0e9452439dbb,1752019200000,
63020310,6738,c5380948-d93a-4acf-a30d-4ded2e9bc0dd.binning_data.json,4085127,6000,63020310,0,2025-07-10 16:10:37.479,com.sec.android.app.shealth,2025-07-10 03:15:02.294,c5380948-d93a-4acf-a30d-4ded2e9bc0dd.source_info.json,1.2221259,4992.54,212.23997,6738,VfS0qUERdZ,com.sec.android.app.shealth,0,c5380948-d93a-4acf-a30d-4ded2e9bc0dd.achievement.json,c5380948-d93a-4acf-a30d-4ded2e9bc0dd,1752105600000,
63020310,6738,060ace99-cd2a-45f0-ab03-1dc2dc9cad25.binning_data.json,4085127,6000,63020310,0,2025-07-10 18:30:04.578,com.sec.android.app.shealth,2025-07-10 18:30:04.578,,1.2221259,4992.54,212.23997,6738,US7nt0+2+q,com.sec.android.app.shealth,0,060ace99-cd2a-45f0-ab03-1dc2dc9cad25.achievement.json,060ace99-cd2a-45f0-ab03-1dc2dc9cad25,1752105600000,
63020310,4803,47bfffa8-4ca5-4592-b981-a713150afd92.binning_data.json,2891696,6000,63020310,0,2025-07-11 16:25:11.719,com.sec.android.app.shealth,2025-07-10 19:08:28.325,47bfffa8-4ca5-4592-b981-a713150afd92.source_info.json,1.2333385,3566.44,150.18,4803,VfS0qUERdZ,com.sec.android.app.shealth,0,47bfffa8-4ca5-4592-b981-a713150afd92.achievement.json,47bfffa8-4ca5-4592-b981-a713150afd92,1752192000000,
63020310,4803,f0396ac3-08f1-4358-8f98-9d44fd90342f.binning_data.json,2891696,6000,63020310,0,2025-07-11 18:30:04.344,com.sec.android.app.shealth,2025-07-11 18:30:04.344,,1.2333385,3566.44,150.18,4803,US7nt0+2+q,com.sec.android.app.shealth,0,f0396ac3-08f1-4358-8f98-9d44fd90342f.achievement.json,f0396ac3-08f1-4358-8f98-9d44fd90342f,1752192000000,
63020310,1892,6c1a172f-5e51-4331-9d7f-d66e3da00b60.binning_data.json,1093760,6000,63020310,0,2025-07-12 15:25:44.465,com.sec.android.app.shealth,2025-07-11 20:45:19.134,6c1a172f-5e51-4331-9d7f-d66e3da00b60.source_info.json,1.296609,1418.1799,58.539993,1892,VfS0qUERdZ,com.sec.android.app.shealth,0,6c1a172f-5e51-4331-9d7f-d66e3da00b60.achievement.json,6c1a172f-5e51-4331-9d7f-d66e3da00b60,1752278400000,
63020310,1892,607ba94d-ecf3-43c8-975a-1bfae9f96f4e.binning_data.json,1093760,6000,63020310,0,2025-07-12 18:30:04.075,com.sec.android.app.shealth,2025-07-12 18:30:04.075,,1.296609,1418.1799,58.539993,1892,US7nt0+2+q,com.sec.android.app.shealth,0,607ba94d-ecf3-43c8-975a-1bfae9f96f4e.achievement.json,607ba94d-ecf3-43c8-975a-1bfae9f96f4e,1752278400000,
63020310,14099,226c8d5d-d6c7-4990-ac44-edfb833f0c03.binning_data.json,8574752,6000,63020310,577,2025-07-13 17:42:08.354,com.sec.android.app.shealth,2025-07-13 02:32:10.599,226c8d5d-d6c7-4990-ac44-edfb833f0c03.source_info.json,1.2394644,10628.101,481.52997,13522,VfS0qUERdZ,com.sec.android.app.shealth,0,226c8d5d-d6c7-4990-ac44-edfb833f0c03.achievement.json,226c8d5d-d6c7-4990-ac44-edfb833f0c03,1752364800000,
63020310,14099,dd42fa58-d195-4920-9c09-214bf9654bbd.binning_data.json,8574752,6000,63020310,577,2025-07-13 18:30:03.433,com.sec.android.app.shealth,2025-07-13 18:30:03.433,,1.2394644,10628.101,481.52997,13522,US7nt0+2+q,com.sec.android.app.shealth,0,dd42fa58-d195-4920-9c09-214bf9654bbd.achievement.json,dd42fa58-d195-4920-9c09-214bf9654bbd,1752364800000,
63020310,7996,7131bd85-7e6d-4ba2-8f85-1d49fc2fed8b.binning_data.json,4832312,6000,63020310,0,2025-07-14 16:14:26.168,com.sec.android.app.shealth,2025-07-14 02:48:03.653,7131bd85-7e6d-4ba2-8f85-1d49fc2fed8b.source_info.json,1.2274,5931.18,249.94995,7996,VfS0qUERdZ,com.sec.android.app.shealth,0,7131bd85-7e6d-4ba2-8f85-1d49fc2fed8b.achievement.json,7131bd85-7e6d-4ba2-8f85-1d49fc2fed8b,1752451200000,
63020310,7996,22da3c56-a0b5-4230-b3c4-fc593f16ed84.binning_data.json,4832312,6000,63020310,0,2025-07-14 18:30:03.162,com.sec.android.app.shealth,2025-07-14 18:30:03.162,,1.2274,5931.18,249.94995,7996,US7nt0+2+q,com.sec.android.app.shealth,0,22da3c56-a0b5-4230-b3c4-fc593f16ed84.achievement.json,22da3c56-a0b5-4230-b3c4-fc593f16ed84,1752451200000,
63020310,7906,260f9f3c-9ff3-4eb6-88d4-66e8e07ce79a.binning_data.json,4764104,6000,63020310,0,2025-07-15 17:15:04.214,com.sec.android.app.shealth,2025-07-15 02:44:10.380,260f9f3c-9ff3-4eb6-88d4-66e8e07ce79a.source_info.json,1.2297758,5858.7803,247.9,7906,VfS0qUERdZ,com.sec.android.app.shealth,0,260f9f3c-9ff3-4eb6-88d4-66e8e07ce79a.achievement.json,260f9f3c-9ff3-4eb6-88d4-66e8e07ce79a,1752537600000,
63020310,7906,0fdb2443-7d28-4586-be53-a2c947a4b2f2.binning_data.json,4764104,6000,63020310,0,2025-07-15 18:30:07.128,com.sec.android.app.shealth,2025-07-15 18:30:07.128,,1.2297758,5858.7803,247.9,7906,US7nt0+2+q,com.sec.android.app.shealth,0,0fdb2443-7d28-4586-be53-a2c947a4b2f2.achievement.json,0fdb2443-7d28-4586-be53-a2c947a4b2f2,1752537600000,
63020310,7731,b843c06a-c5f5-444e-8b30-9027c87e4848.binning_data.json,4567787,6000,63020310,3,2025-07-16 16:42:52.157,com.sec.android.app.shealth,2025-07-16 02:54:57.952,b843c06a-c5f5-444e-8b30-9027c87e4848.source_info.json,1.2617092,5763.22,240.99997,7728,VfS0qUERdZ,com.sec.android.app.shealth,0,b843c06a-c5f5-444e-8b30-9027c87e4848.achievement.json,b843c06a-c5f5-444e-8b30-9027c87e4848,1752624000000,
63020310,7731,e64e8c85-51ba-4482-963a-2c5291ea2c7d.binning_data.json,4567787,6000,63020310,3,2025-07-16 18:30:03.495,com.sec.android.app.shealth,2025-07-16 18:30:03.495,,1.2617092,5763.22,240.99997,7728,US7nt0+2+q,com.sec.android.app.shealth,0,e64e8c85-51ba-4482-963a-2c5291ea2c7d.achievement.json,e64e8c85-51ba-4482-963a-2c5291ea2c7d,1752624000000,
63020310,4208,0e9eb0db-3d18-4814-8365-0766357f5e0e.binning_data.json,2590751,6000,63020310,2,2025-07-17 15:27:43.472,com.sec.android.app.shealth,2025-07-17 05:16:09.215,0e9eb0db-3d18-4814-8365-0766357f5e0e.source_info.json,1.2058392,3124.03,138.90999,4206,VfS0qUERdZ,com.sec.android.app.shealth,0,0e9eb0db-3d18-4814-8365-0766357f5e0e.achievement.json,0e9eb0db-3d18-4814-8365-0766357f5e0e,1752710400000,
63020310,4208,ea5f74b7-79a3-4f16-8e1d-e3b53f8302d4.binning_data.json,2590751,6000,63020310,2,2025-07-17 18:30:03.735,com.sec.android.app.shealth,2025-07-17 18:30:03.735,,1.2058392,3124.03,138.90999,4206,US7nt0+2+q,com.sec.android.app.shealth,0,ea5f74b7-79a3-4f16-8e1d-e3b53f8302d4.achievement.json,ea5f74b7-79a3-4f16-8e1d-e3b53f8302d4,1752710400000,
63020310,4678,f82111a2-a137-4dc0-9c31-9e0bb767fdd6.binning_data.json,2874096,6000,63020310,0,2025-07-18 14:11:39.040,com.sec.android.app.shealth,2025-07-18 03:08:51.637,f82111a2-a137-4dc0-9c31-9e0bb767fdd6.source_info.json,1.2023361,3455.6301,151.21997,4678,VfS0qUERdZ,com.sec.android.app.shealth,0,f82111a2-a137-4dc0-9c31-9e0bb767fdd6.achievement.json,f82111a2-a137-4dc0-9c31-9e0bb767fdd6,1752796800000,
63020310,4678,ff4305b7-6dcc-4535-8a3d-93fa9e618a46.binning_data.json,2874096,6000,63020310,0,2025-07-18 18:30:15.918,com.sec.android.app.shealth,2025-07-18 18:30:15.918,,1.2023361,3455.6301,151.21997,4678,US7nt0+2+q,com.sec.android.app.shealth,0,ff4305b7-6dcc-4535-8a3d-93fa9e618a46.achievement.json,ff4305b7-6dcc-4535-8a3d-93fa9e618a46,1752796800000,
63030110,6038,b5d0c6c6-4ad6-45f3-af99-f8217f3cebfc.binning_data.json,3609232,6000,63030110,7,2025-07-19 16:00:27.846,com.sec.android.app.shealth,2025-07-19 03:43:03.299,b5d0c6c6-4ad6-45f3-af99-f8217f3cebfc.source_info.json,1.2443142,4491.02,189.33998,6031,VfS0qUERdZ,com.sec.android.app.shealth,0,b5d0c6c6-4ad6-45f3-af99-f8217f3cebfc.achievement.json,b5d0c6c6-4ad6-45f3-af99-f8217f3cebfc,1752883200000,
63030110,6038,a7af1c1d-38b6-466f-ae7e-8b2a80f3ee68.binning_data.json,3609232,6000,63030110,7,2025-07-19 18:30:04.795,com.sec.android.app.shealth,2025-07-19 18:30:04.795,,1.2443142,4491.02,189.33998,6031,US7nt0+2+q,com.sec.android.app.shealth,0,a7af1c1d-38b6-466f-ae7e-8b2a80f3ee68.achievement.json,a7af1c1d-38b6-466f-ae7e-8b2a80f3ee68,1752883200000,
63030110,553,7142c14d-a04f-4646-b68d-aa0ba3222d23.binning_data.json,327842,6000,63030110,0,2025-07-20 18:03:54.610,com.sec.android.app.shealth,2025-07-20 03:01:04.147,7142c14d-a04f-4646-b68d-aa0ba3222d23.source_info.json,1.2587736,412.68,18.199999,553,VfS0qUERdZ,com.sec.android.app.shealth,0,7142c14d-a04f-4646-b68d-aa0ba3222d23.achievement.json,7142c14d-a04f-4646-b68d-aa0ba3222d23,1752969600000,
63030110,553,3d940f64-ef38-4f66-97fc-fa09a2e088f3.binning_data.json,327842,6000,63030110,0,2025-07-20 18:30:04.355,com.sec.android.app.shealth,2025-07-20 18:30:04.355,,1.2587736,412.68,18.199999,553,US7nt0+2+q,com.sec.android.app.shealth,0,3d940f64-ef38-4f66-97fc-fa09a2e088f3.achievement.json,3d940f64-ef38-4f66-97fc-fa09a2e088f3,1752969600000,
63030110,5537,28852b8a-3cac-4386-91d6-b512e5d8be94.binning_data.json,3354034,6000,63030110,0,2025-07-21 15:36:03.638,com.sec.android.app.shealth,2025-07-20 18:31:52.687,28852b8a-3cac-4386-91d6-b512e5d8be94.source_info.json,1.2240722,4105.58,173.87999,5537,VfS0qUERdZ,com.sec.android.app.shealth,0,28852b8a-3cac-4386-91d6-b512e5d8be94.achievement.json,28852b8a-3cac-4386-91d6-b512e5d8be94,1753056000000,
63030110,5537,4e4c70fe-ab48-4e99-9135-ca34b53764a7.binning_data.json,3354034,6000,63030110,0,2025-07-21 18:30:03.910,com.sec.android.app.shealth,2025-07-21 18:30:03.910,,1.2240722,4105.58,173.87999,5537,US7nt0+2+q,com.sec.android.app.shealth,0,4e4c70fe-ab48-4e99-9135-ca34b53764a7.achievement.json,4e4c70fe-ab48-4e99-9135-ca34b53764a7,1753056000000,
63030110,5325,e0ae60fe-c3a9-4ce9-a034-9bbb56341e84.binning_data.json,3320027,6000,63030110,0,2025-07-22 10:58:19.934,com.sec.android.app.shealth,2025-07-22 01:54:42.604,e0ae60fe-c3a9-4ce9-a034-9bbb56341e84.source_info.json,1.1795775,3916.23,170.46999,5325,VfS0qUERdZ,com.sec.android.app.shealth,0,e0ae60fe-c3a9-4ce9-a034-9bbb56341e84.achievement.json,e0ae60fe-c3a9-4ce9-a034-9bbb56341e84,1753142400000,
63030110,5325,a5fd6772-8dfb-461f-a6aa-15ce1b158370.binning_data.json,3320027,6000,63030110,0,2025-07-22 18:30:04.124,com.sec.android.app.shealth,2025-07-22 18:30:04.124,,1.1795775,3916.23,170.46999,5325,US7nt0+2+q,com.sec.android.app.shealth,0,a5fd6772-8dfb-461f-a6aa-15ce1b158370.achievement.json,a5fd6772-8dfb-461f-a6aa-15ce1b158370,1753142400000,
63030110,7184,7299a6a6-df5a-4819-bee1-744cb9cca8fd.binning_data.json,4379206,6000,63030110,0,2025-07-23 17:23:05.240,com.sec.android.app.shealth,2025-07-22 18:36:11.591,7299a6a6-df5a-4819-bee1-744cb9cca8fd.source_info.json,1.2146882,5319.37,228.40999,7184,VfS0qUERdZ,com.sec.android.app.shealth,0,7299a6a6-df5a-4819-bee1-744cb9cca8fd.achievement.json,7299a6a6-df5a-4819-bee1-744cb9cca8fd,1753228800000,
63030110,7184,c6d8bb03-e677-42fb-9492-509613fbd7a9.binning_data.json,4379206,6000,63030110,0,2025-07-23 18:30:06.654,com.sec.android.app.shealth,2025-07-23 18:30:06.654,,1.2146882,5319.37,228.40999,7184,US7nt0+2+q,com.sec.android.app.shealth,0,c6d8bb03-e677-42fb-9492-509613fbd7a9.achievement.json,c6d8bb03-e677-42fb-9492-509613fbd7a9,1753228800000,
63030110,8647,70be0fb8-957e-495c-b1bf-4dffd502c58c.binning_data.json,5344974,6000,63030110,0,2025-07-24 17:50:53.764,com.sec.android.app.shealth,2025-07-24 02:13:11.447,70be0fb8-957e-495c-b1bf-4dffd502c58c.source_info.json,1.1949486,6386.97,275.12,8647,VfS0qUERdZ,com.sec.android.app.shealth,0,70be0fb8-957e-495c-b1bf-4dffd502c58c.achievement.json,70be0fb8-957e-495c-b1bf-4dffd502c58c,1753315200000,
63030110,8647,1b600e28-4feb-4c87-8b6e-1432137cf71e.binning_data.json,5344974,6000,63030110,0,2025-07-24 18:30:14.006,com.sec.android.app.shealth,2025-07-24 18:30:14.006,,1.1949486,6386.97,275.12,8647,US7nt0+2+q,com.sec.android.app.shealth,0,1b600e28-4feb-4c87-8b6e-1432137cf71e.achievement.json,1b600e28-4feb-4c87-8b6e-1432137cf71e,1753315200000,
63030110,6849,7978eb36-9205-4cab-9d14-563ba5af0aeb.binning_data.json,4128313,6000,63030110,0,2025-07-25 15:27:07.181,com.sec.android.app.shealth,2025-07-25 03:09:58.118,7978eb36-9205-4cab-9d14-563ba5af0aeb.source_info.json,1.2300229,5077.92,216.59,6849,VfS0qUERdZ,com.sec.android.app.shealth,0,7978eb36-9205-4cab-9d14-563ba5af0aeb.achievement.json,7978eb36-9205-4cab-9d14-563ba5af0aeb,1753401600000,
63030110,6849,5408828b-16a2-4350-8e63-64c0ab800356.binning_data.json,4128313,6000,63030110,0,2025-07-25 18:30:04.859,com.sec.android.app.shealth,2025-07-25 18:30:04.859,,1.2300229,5077.92,216.59,6849,US7nt0+2+q,com.sec.android.app.shealth,0,5408828b-16a2-4350-8e63-64c0ab800356.achievement.json,5408828b-16a2-4350-8e63-64c0ab800356,1753401600000,
63030110,3586,2266944b-97f0-4bd5-8cc1-7479febd0485.binning_data.json,2105187,6000,63030110,1,2025-07-26 17:16:11.503,com.sec.android.app.shealth,2025-07-26 03:44:55.482,2266944b-97f0-4bd5-8cc1-7479febd0485.source_info.json,1.2747412,2683.57,112.52998,3585,VfS0qUERdZ,com.sec.android.app.shealth,0,2266944b-97f0-4bd5-8cc1-7479febd0485.achievement.json,2266944b-97f0-4bd5-8cc1-7479febd0485,1753488000000,
63030110,3586,c4ad529c-5adf-43e6-bc66-dd00f8f96e69.binning_data.json,2105187,6000,63030110,1,2025-07-26 18:30:04.662,com.sec.android.app.shealth,2025-07-26 18:30:04.662,,1.2747412,2683.57,112.52998,3585,US7nt0+2+q,com.sec.android.app.shealth,0,c4ad529c-5adf-43e6-bc66-dd00f8f96e69.achievement.json,c4ad529c-5adf-43e6-bc66-dd00f8f96e69,1753488000000,
63030110,1492,8fdcde7f-b769-47a9-92d0-abe3474c3f37.binning_data.json,885238,6000,63030110,0,2025-07-27 17:22:28.329,com.sec.android.app.shealth,2025-07-26 19:46:21.875,8fdcde7f-b769-47a9-92d0-abe3474c3f37.source_info.json,1.2569262,1112.68,47.879997,1492,VfS0qUERdZ,com.sec.android.app.shealth,0,8fdcde7f-b769-47a9-92d0-abe3474c3f37.achievement.json,8fdcde7f-b769-47a9-92d0-abe3474c3f37,1753574400000,
63030110,1492,99aaac9b-0998-43b3-a40d-880a01e8e8e8.binning_data.json,885238,6000,63030110,0,2025-07-27 18:30:06.535,com.sec.android.app.shealth,2025-07-27 18:30:06.535,,1.2569262,1112.68,47.879997,1492,US7nt0+2+q,com.sec.android.app.shealth,0,99aaac9b-0998-43b3-a40d-880a01e8e8e8.achievement.json,99aaac9b-0998-43b3-a40d-880a01e8e8e8,1753574400000,
63030110,10113,b2062294-b42a-4bd8-9206-e12808098994.binning_data.json,6101436,6000,63030110,21,2025-07-28 15:47:57.943,com.sec.android.app.shealth,2025-07-28 00:54:44.639,b2062294-b42a-4bd8-9206-e12808098994.source_info.json,1.2303085,7506.65,318.58997,10092,VfS0qUERdZ,com.sec.android.app.shealth,0,b2062294-b42a-4bd8-9206-e12808098994.achievement.json,b2062294-b42a-4bd8-9206-e12808098994,1753660800000,
63030110,10113,54b0ad3f-c689-4bec-8438-088a03077b5e.binning_data.json,6101436,6000,63030110,21,2025-07-28 18:30:04.918,com.sec.android.app.shealth,2025-07-28 18:30:04.918,,1.2303085,7506.65,318.58997,10092,US7nt0+2+q,com.sec.android.app.shealth,0,54b0ad3f-c689-4bec-8438-088a03077b5e.achievement.json,54b0ad3f-c689-4bec-8438-088a03077b5e,1753660800000,
63030110,13756,02dc987b-dfc8-4e09-a154-184633853ffa.binning_data.json,8156924,6000,63030110,11,2025-07-29 14:27:10.671,com.sec.android.app.shealth,2025-07-29 01:06:41.596,02dc987b-dfc8-4e09-a154-184633853ffa.source_info.json,1.2580194,10261.57,431.11,13745,VfS0qUERdZ,com.sec.android.app.shealth,0,02dc987b-dfc8-4e09-a154-184633853ffa.achievement.json,02dc987b-dfc8-4e09-a154-184633853ffa,1753747200000,
63030110,13756,c1c42ebb-bff3-4111-85e6-0d903e3add54.binning_data.json,8156924,6000,63030110,11,2025-07-29 18:30:05.050,com.sec.android.app.shealth,2025-07-29 18:30:05.050,,1.2580194,10261.57,431.11,13745,US7nt0+2+q,com.sec.android.app.shealth,0,c1c42ebb-bff3-4111-85e6-0d903e3add54.achievement.json,c1c42ebb-bff3-4111-85e6-0d903e3add54,1753747200000,
63030110,8348,b400009c-0f0c-4fa6-bd18-f8b27867d4e0.binning_data.json,5031493,6000,63030110,0,2025-07-30 15:32:27.630,com.sec.android.app.shealth,2025-07-30 03:43:08.643,b400009c-0f0c-4fa6-bd18-f8b27867d4e0.source_info.json,1.2290426,6183.92,261.22998,8348,VfS0qUERdZ,com.sec.android.app.shealth,0,b400009c-0f0c-4fa6-bd18-f8b27867d4e0.achievement.json,b400009c-0f0c-4fa6-bd18-f8b27867d4e0,1753833600000,
63030110,8348,f7b46938-276b-4e22-8364-1f4ad8bc7fd1.binning_data.json,5031493,6000,63030110,0,2025-07-30 18:30:04.124,com.sec.android.app.shealth,2025-07-30 18:30:04.124,,1.2290426,6183.92,261.22998,8348,US7nt0+2+q,com.sec.android.app.shealth,0,f7b46938-276b-4e22-8364-1f4ad8bc7fd1.achievement.json,f7b46938-276b-4e22-8364-1f4ad8bc7fd1,1753833600000,
63030110,8430,d27f0a4c-de1e-40b0-ab75-28ea67cb0f5f.binning_data.json,5215393,6000,63030110,0,2025-07-31 18:13:55.075,com.sec.android.app.shealth,2025-07-31 02:06:11.487,d27f0a4c-de1e-40b0-ab75-28ea67cb0f5f.source_info.json,1.1920233,6216.87,269.22,8430,VfS0qUERdZ,com.sec.android.app.shealth,0,d27f0a4c-de1e-40b0-ab75-28ea67cb0f5f.achievement.json,d27f0a4c-de1e-40b0-ab75-28ea67cb0f5f,1753920000000,
63030110,8430,a0692286-edc8-4f70-8fb0-a75bc6c77388.binning_data.json,5215393,6000,63030110,0,2025-07-31 18:30:03.911,com.sec.android.app.shealth,2025-07-31 18:30:03.911,,1.1920233,6216.87,269.22,8430,US7nt0+2+q,com.sec.android.app.shealth,0,a0692286-edc8-4f70-8fb0-a75bc6c77388.achievement.json,a0692286-edc8-4f70-8fb0-a75bc6c77388,1753920000000,
63030110,7032,1c21639a-8c5d-410e-a4b3-e7c6ac9b5547.binning_data.json,4264417,6000,63030110,0,2025-08-01 15:40:11.234,com.sec.android.app.shealth,2025-08-01 03:10:30.077,1c21639a-8c5d-410e-a4b3-e7c6ac9b5547.source_info.json,1.2223568,5212.6396,222.93,7032,VfS0qUERdZ,com.sec.android.app.shealth,0,1c21639a-8c5d-410e-a4b3-e7c6ac9b5547.achievement.json,1c21639a-8c5d-410e-a4b3-e7c6ac9b5547,1754006400000,
63030110,7032,2acd8886-9a94-468c-a0a5-606b8cf8bc14.binning_data.json,4264417,6000,63030110,0,2025-08-01 18:30:03.560,com.sec.android.app.shealth,2025-08-01 18:30:03.560,,1.2223568,5212.6396,222.93,7032,US7nt0+2+q,com.sec.android.app.shealth,0,2acd8886-9a94-468c-a0a5-606b8cf8bc14.achievement.json,2acd8886-9a94-468c-a0a5-606b8cf8bc14,1754006400000,
63030110,9211,338d0f84-4baa-4e90-8456-3c226f7bacc9.binning_data.json,5283730,6000,63030110,0,2025-08-02 17:02:52.259,com.sec.android.app.shealth,2025-08-02 06:38:41.269,338d0f84-4baa-4e90-8456-3c226f7bacc9.source_info.json,1.3057574,6899.27,279.78995,9211,VfS0qUERdZ,com.sec.android.app.shealth,0,338d0f84-4baa-4e90-8456-3c226f7bacc9.achievement.json,338d0f84-4baa-4e90-8456-3c226f7bacc9,1754092800000,
63030110,9211,2e725247-af09-46f3-aed2-3e1167656d60.binning_data.json,5283730,6000,63030110,0,2025-08-02 18:30:06.819,com.sec.android.app.shealth,2025-08-02 18:30:06.819,,1.3057574,6899.27,279.78995,9211,US7nt0+2+q,com.sec.android.app.shealth,0,2e725247-af09-46f3-aed2-3e1167656d60.achievement.json,2e725247-af09-46f3-aed2-3e1167656d60,1754092800000,
63030110,6117,f5b17790-1d94-4909-bef4-15038230b5c2.binning_data.json,3499850,6000,63030110,0,2025-08-03 17:43:02.633,com.sec.android.app.shealth,2025-08-03 03:09:56.681,f5b17790-1d94-4909-bef4-15038230b5c2.source_info.json,1.3130959,4595.64,186.51997,6117,VfS0qUERdZ,com.sec.android.app.shealth,0,f5b17790-1d94-4909-bef4-15038230b5c2.achievement.json,f5b17790-1d94-4909-bef4-15038230b5c2,1754179200000,
63030110,6117,45497ea1-386d-44ce-946f-9c52f54e9887.binning_data.json,3499850,6000,63030110,0,2025-08-03 18:30:04.476,com.sec.android.app.shealth,2025-08-03 18:30:04.476,,1.3130959,4595.64,186.51997,6117,US7nt0+2+q,com.sec.android.app.shealth,0,45497ea1-386d-44ce-946f-9c52f54e9887.achievement.json,45497ea1-386d-44ce-946f-9c52f54e9887,1754179200000,
63030110,9134,7d2cf8e9-e6cf-49f2-a0db-8727a1329069.binning_data.json,5393105,6000,63030110,2,2025-08-04 16:31:50.936,com.sec.android.app.shealth,2025-08-04 02:29:00.803,7d2cf8e9-e6cf-49f2-a0db-8727a1329069.source_info.json,1.2630755,6811.9,284.21,9132,VfS0qUERdZ,com.sec.android.app.shealth,0,7d2cf8e9-e6cf-49f2-a0db-8727a1329069.achievement.json,7d2cf8e9-e6cf-49f2-a0db-8727a1329069,1754265600000,
63030110,9134,b11127f5-87e3-4b77-bc90-2d7544f6721f.binning_data.json,5393105,6000,63030110,2,2025-08-04 18:30:05.192,com.sec.android.app.shealth,2025-08-04 18:30:05.192,,1.2630755,6811.9,284.21,9132,US7nt0+2+q,com.sec.android.app.shealth,0,b11127f5-87e3-4b77-bc90-2d7544f6721f.achievement.json,b11127f5-87e3-4b77-bc90-2d7544f6721f,1754265600000,
63030110,6043,97d34341-5932-4b70-a7fc-b916830f9349.binning_data.json,3701117,6000,63030110,0,2025-08-05 17:28:45.193,com.sec.android.app.shealth,2025-08-05 02:06:27.501,97d34341-5932-4b70-a7fc-b916830f9349.source_info.json,1.2065195,4465.47,190.70999,6043,VfS0qUERdZ,com.sec.android.app.shealth,0,97d34341-5932-4b70-a7fc-b916830f9349.achievement.json,97d34341-5932-4b70-a7fc-b916830f9349,1754352000000,
63030110,6043,72014eea-57a9-44f8-8778-e7b3fce5f3cc.binning_data.json,3701117,6000,63030110,0,2025-08-05 18:30:06.556,com.sec.android.app.shealth,2025-08-05 18:30:06.556,,1.2065195,4465.47,190.70999,6043,US7nt0+2+q,com.sec.android.app.shealth,0,72014eea-57a9-44f8-8778-e7b3fce5f3cc.achievement.json,72014eea-57a9-44f8-8778-e7b3fce5f3cc,1754352000000,
63030110,16094,7a38f6a6-8d1f-4925-b504-cb9a2b973b5a.binning_data.json,9396764,6000,63030110,0,2025-08-06 18:26:07.533,com.sec.android.app.shealth,2025-08-06 02:47:19.665,7a38f6a6-8d1f-4925-b504-cb9a2b973b5a.source_info.json,1.2808834,12036.16,497.24994,16094,VfS0qUERdZ,com.sec.android.app.shealth,0,7a38f6a6-8d1f-4925-b504-cb9a2b973b5a.achievement.json,7a38f6a6-8d1f-4925-b504-cb9a2b973b5a,1754438400000,
63030110,16094,11b34eb4-f499-4c2d-b921-48ab90f2681a.binning_data.json,9396764,6000,63030110,0,2025-08-06 18:30:03.354,com.sec.android.app.shealth,2025-08-06 18:30:03.354,,1.2808834,12036.16,497.24994,16094,US7nt0+2+q,com.sec.android.app.shealth,0,11b34eb4-f499-4c2d-b921-48ab90f2681a.achievement.json,11b34eb4-f499-4c2d-b921-48ab90f2681a,1754438400000,
63030110,6578,cb8c2018-03c0-4496-ba95-a25e613478f2.binning_data.json,3939112,6000,63030110,0,2025-08-07 17:47:51.158,com.sec.android.app.shealth,2025-08-06 19:36:46.822,cb8c2018-03c0-4496-ba95-a25e613478f2.source_info.json,1.244161,4900.89,202.62997,6578,VfS0qUERdZ,com.sec.android.app.shealth,0,cb8c2018-03c0-4496-ba95-a25e613478f2.achievement.json,cb8c2018-03c0-4496-ba95-a25e613478f2,1754524800000,
63030110,6578,736f5665-6065-4134-8ac8-fa7143902b21.binning_data.json,3939112,6000,63030110,0,2025-08-07 18:30:03.693,com.sec.android.app.shealth,2025-08-07 18:30:03.693,,1.244161,4900.89,202.62997,6578,US7nt0+2+q,com.sec.android.app.shealth,0,736f5665-6065-4134-8ac8-fa7143902b21.achievement.json,736f5665-6065-4134-8ac8-fa7143902b21,1754524800000,
63030110,2160,e796184d-26e0-465c-8608-877e64e7b959.binning_data.json,1279519,6000,63030110,0,2025-08-08 18:14:20.313,com.sec.android.app.shealth,2025-08-08 00:23:54.851,e796184d-26e0-465c-8608-877e64e7b959.source_info.json,1.267374,1621.63,67.77999,2160,VfS0qUERdZ,com.sec.android.app.shealth,0,e796184d-26e0-465c-8608-877e64e7b959.achievement.json,e796184d-26e0-465c-8608-877e64e7b959,1754611200000,
63030110,2160,c13593e6-9c0b-436c-be63-76513c17cae7.binning_data.json,1279519,6000,63030110,0,2025-08-08 18:30:02.804,com.sec.android.app.shealth,2025-08-08 18:30:02.804,,1.267374,1621.63,67.77999,2160,US7nt0+2+q,com.sec.android.app.shealth,0,c13593e6-9c0b-436c-be63-76513c17cae7.achievement.json,c13593e6-9c0b-436c-be63-76513c17cae7,1754611200000,
63030110,5035,2cbf12f3-545f-4b83-adab-2583193db1b9.binning_data.json,3177882,6000,63030110,24,2025-08-09 18:16:08.654,com.sec.android.app.shealth,2025-08-09 04:40:22.236,2cbf12f3-545f-4b83-adab-2583193db1b9.source_info.json,1.1751535,3734.5,159.7,5011,VfS0qUERdZ,com.sec.android.app.shealth,0,2cbf12f3-545f-4b83-adab-2583193db1b9.achievement.json,2cbf12f3-545f-4b83-adab-2583193db1b9,1754697600000,
63030110,5035,920a15a2-3b1a-4373-879d-5cd034516826.binning_data.json,3177882,6000,63030110,24,2025-08-09 18:30:03.614,com.sec.android.app.shealth,2025-08-09 18:30:03.614,,1.1751535,3734.5,159.7,5011,US7nt0+2+q,com.sec.android.app.shealth,0,920a15a2-3b1a-4373-879d-5cd034516826.achievement.json,920a15a2-3b1a-4373-879d-5cd034516826,1754697600000,
63030110,5948,2e22efa4-e73e-4226-814e-f04b3d69663a.binning_data.json,3712324,6000,63030110,24,2025-08-10 18:30:05.223,com.sec.android.app.shealth,2025-08-10 04:40:06.844,2e22efa4-e73e-4226-814e-f04b3d69663a.source_info.json,1.193624,4431.12,188.97,5924,VfS0qUERdZ,com.sec.android.app.shealth,0,2e22efa4-e73e-4226-814e-f04b3d69663a.achievement.json,2e22efa4-e73e-4226-814e-f04b3d69663a,1754784000000,
63030110,5948,1fab2474-d608-472a-a955-a0c2af868bbf.binning_data.json,3712324,6000,63030110,24,2025-08-10 18:30:03.883,com.sec.android.app.shealth,2025-08-10 18:30:03.883,,1.193624,4431.12,188.97,5924,US7nt0+2+q,com.sec.android.app.shealth,0,1fab2474-d608-472a-a955-a0c2af868bbf.achievement.json,1fab2474-d608-472a-a955-a0c2af868bbf,1754784000000,
63030110,11042,eeab089a-365f-4057-a6b0-4ce0a2b89ad5.binning_data.json,6535687,6000,63030110,3,2025-08-11 17:52:55.608,com.sec.android.app.shealth,2025-08-10 18:32:06.495,eeab089a-365f-4057-a6b0-4ce0a2b89ad5.source_info.json,1.2652044,8268.98,337.77994,11039,VfS0qUERdZ,com.sec.android.app.shealth,0,eeab089a-365f-4057-a6b0-4ce0a2b89ad5.achievement.json,eeab089a-365f-4057-a6b0-4ce0a2b89ad5,1754870400000,
63030110,11042,7969c525-854b-4d58-a4a2-1f3e21543238.binning_data.json,6535687,6000,63030110,3,2025-08-11 18:30:03.086,com.sec.android.app.shealth,2025-08-11 18:30:03.086,,1.2652044,8268.98,337.77994,11039,US7nt0+2+q,com.sec.android.app.shealth,0,7969c525-854b-4d58-a4a2-1f3e21543238.achievement.json,7969c525-854b-4d58-a4a2-1f3e21543238,1754870400000,
63030110,9339,b87c6df1-52a2-41dd-b6aa-1e120a79be07.binning_data.json,5764894,6000,63030110,0,2025-08-12 17:39:30.505,com.sec.android.app.shealth,2025-08-12 03:24:43.015,b87c6df1-52a2-41dd-b6aa-1e120a79be07.source_info.json,1.1968995,6900.0,283.34998,9339,VfS0qUERdZ,com.sec.android.app.shealth,0,b87c6df1-52a2-41dd-b6aa-1e120a79be07.achievement.json,b87c6df1-52a2-41dd-b6aa-1e120a79be07,1754956800000,
63030110,9339,77762f7e-400f-42a2-b23f-278f004baf38.binning_data.json,5764894,6000,63030110,0,2025-08-12 18:30:03.890,com.sec.android.app.shealth,2025-08-12 18:30:03.890,,1.1968995,6900.0,283.34998,9339,US7nt0+2+q,com.sec.android.app.shealth,0,77762f7e-400f-42a2-b23f-278f004baf38.achievement.json,77762f7e-400f-42a2-b23f-278f004baf38,1754956800000,
63030110,6853,67d02053-2e03-4147-b9c5-fe5ea11a406e.binning_data.json,4159941,6000,63030110,0,2025-08-13 18:28:51.020,com.sec.android.app.shealth,2025-08-13 00:43:52.454,67d02053-2e03-4147-b9c5-fe5ea11a406e.source_info.json,1.2227502,5086.57,208.62,6853,VfS0qUERdZ,com.sec.android.app.shealth,0,67d02053-2e03-4147-b9c5-fe5ea11a406e.achievement.json,67d02053-2e03-4147-b9c5-fe5ea11a406e,1755043200000,
63030110,6853,1503cba8-e609-4c1a-acae-a61cbb62155b.binning_data.json,4159941,6000,63030110,0,2025-08-13 18:30:03.305,com.sec.android.app.shealth,2025-08-13 18:30:03.305,,1.2227502,5086.57,208.62,6853,US7nt0+2+q,com.sec.android.app.shealth,0,1503cba8-e609-4c1a-acae-a61cbb62155b.achievement.json,1503cba8-e609-4c1a-acae-a61cbb62155b,1755043200000,
63030110,402,e0406aa2-ca5d-4c35-b88c-79f195b43a5b.binning_data.json,229151,6000,63030110,0,2025-08-14 15:55:02.705,com.sec.android.app.shealth,2025-08-14 03:51:10.300,e0406aa2-ca5d-4c35-b88c-79f195b43a5b.source_info.json,1.325324,303.7,12.559999,402,VfS0qUERdZ,com.sec.android.app.shealth,0,e0406aa2-ca5d-4c35-b88c-79f195b43a5b.achievement.json,e0406aa2-ca5d-4c35-b88c-79f195b43a5b,1755129600000,
63030110,402,33202ee5-648f-41e8-85d9-53a91a5d26f5.binning_data.json,229151,6000,63030110,0,2025-08-14 18:30:04.698,com.sec.android.app.shealth,2025-08-14 18:30:04.698,,1.325324,303.7,12.559999,402,US7nt0+2+q,com.sec.android.app.shealth,0,33202ee5-648f-41e8-85d9-53a91a5d26f5.achievement.json,33202ee5-648f-41e8-85d9-53a91a5d26f5,1755129600000,
63030110,425,f4d92d06-5f4d-4a67-ab29-2d882d7c448d.binning_data.json,252044,6000,63030110,0,2025-08-15 16:33:33.714,com.sec.android.app.shealth,2025-08-15 05:09:33.292,f4d92d06-5f4d-4a67-ab29-2d882d7c448d.source_info.json,1.2547369,316.25,13.169998,425,VfS0qUERdZ,com.sec.android.app.shealth,0,f4d92d06-5f4d-4a67-ab29-2d882d7c448d.achievement.json,f4d92d06-5f4d-4a67-ab29-2d882d7c448d,1755216000000,
63030110,425,dc567972-37ac-4c28-9687-6e195f0429f7.binning_data.json,252044,6000,63030110,0,2025-08-15 18:30:07.317,com.sec.android.app.shealth,2025-08-15 18:30:07.317,,1.2547369,316.25,13.169998,425,US7nt0+2+q,com.sec.android.app.shealth,0,dc567972-37ac-4c28-9687-6e195f0429f7.achievement.json,dc567972-37ac-4c28-9687-6e195f0429f7,1755216000000,
63030110,746,72c5b75f-d93c-4f78-8157-896c6e7309f6.binning_data.json,434473,6000,63030110,0,2025-08-16 18:14:09.867,com.sec.android.app.shealth,2025-08-16 02:05:10.195,72c5b75f-d93c-4f78-8157-896c6e7309f6.source_info.json,1.2938882,562.16003,22.949999,746,VfS0qUERdZ,com.sec.android.app.shealth,0,72c5b75f-d93c-4f78-8157-896c6e7309f6.achievement.json,72c5b75f-d93c-4f78-8157-896c6e7309f6,1755302400000,
63030110,746,8d911b11-1935-4db9-b9dd-e96e811c58e5.binning_data.json,434473,6000,63030110,0,2025-08-16 18:30:03.459,com.sec.android.app.shealth,2025-08-16 18:30:03.459,,1.2938882,562.16003,22.949999,746,US7nt0+2+q,com.sec.android.app.shealth,0,8d911b11-1935-4db9-b9dd-e96e811c58e5.achievement.json,8d911b11-1935-4db9-b9dd-e96e811c58e5,1755302400000,
63030110,1055,bdcafc4e-5ad0-4e6d-9f9e-da5837bd630f.binning_data.json,642904,6000,63030110,0,2025-08-17 15:35:06.922,com.sec.android.app.shealth,2025-08-17 02:26:30.304,bdcafc4e-5ad0-4e6d-9f9e-da5837bd630f.source_info.json,1.2171949,782.54004,32.859997,1055,VfS0qUERdZ,com.sec.android.app.shealth,0,bdcafc4e-5ad0-4e6d-9f9e-da5837bd630f.achievement.json,bdcafc4e-5ad0-4e6d-9f9e-da5837bd630f,1755388800000,
63030110,1055,fdccba9e-1b7a-4244-9fa4-ab2c54f4f8d3.binning_data.json,642904,6000,63030110,0,2025-08-17 18:30:06.109,com.sec.android.app.shealth,2025-08-17 18:30:06.109,,1.2171949,782.54004,32.859997,1055,US7nt0+2+q,com.sec.android.app.shealth,0,fdccba9e-1b7a-4244-9fa4-ab2c54f4f8d3.achievement.json,fdccba9e-1b7a-4244-9fa4-ab2c54f4f8d3,1755388800000,
63030110,4399,b5407372-8811-4507-a2f3-15698aff9280.binning_data.json,2728345,6000,63030110,0,2025-08-18 17:26:53.815,com.sec.android.app.shealth,2025-08-18 02:29:52.964,b5407372-8811-4507-a2f3-15698aff9280.source_info.json,1.1922466,3252.86,134.18,4399,VfS0qUERdZ,com.sec.android.app.shealth,0,b5407372-8811-4507-a2f3-15698aff9280.achievement.json,b5407372-8811-4507-a2f3-15698aff9280,1755475200000,
63030110,4399,035d16e4-50fe-4a94-ae18-65505edacd20.binning_data.json,2728345,6000,63030110,0,2025-08-18 18:30:02.754,com.sec.android.app.shealth,2025-08-18 18:30:02.754,,1.1922466,3252.86,134.18,4399,US7nt0+2+q,com.sec.android.app.shealth,0,035d16e4-50fe-4a94-ae18-65505edacd20.achievement.json,035d16e4-50fe-4a94-ae18-65505edacd20,1755475200000,
63030110,6311,3aaec4eb-eae5-4db5-b518-81c4af7641e0.binning_data.json,3933076,6000,63030110,0,2025-08-19 15:57:57.393,com.sec.android.app.shealth,2025-08-19 01:54:27.275,3aaec4eb-eae5-4db5-b518-81c4af7641e0.source_info.json,1.1843857,4658.28,193.26,6311,VfS0qUERdZ,com.sec.android.app.shealth,0,3aaec4eb-eae5-4db5-b518-81c4af7641e0.achievement.json,3aaec4eb-eae5-4db5-b518-81c4af7641e0,1755561600000,
63030110,6311,9461afd4-c4eb-47bf-bc0c-ef78159326fe.binning_data.json,3933076,6000,63030110,0,2025-08-19 18:30:04.607,com.sec.android.app.shealth,2025-08-19 18:30:04.607,,1.1843857,4658.28,193.26,6311,US7nt0+2+q,com.sec.android.app.shealth,0,9461afd4-c4eb-47bf-bc0c-ef78159326fe.achievement.json,9461afd4-c4eb-47bf-bc0c-ef78159326fe,1755561600000,
63030110,6302,3b5dab2c-b943-4a64-84ad-1dbe0208a09a.binning_data.json,3842810,6000,63030110,0,2025-08-20 16:13:11.009,com.sec.android.app.shealth,2025-08-20 02:55:05.610,3b5dab2c-b943-4a64-84ad-1dbe0208a09a.source_info.json,1.2153502,4670.36,192.14,6302,VfS0qUERdZ,com.sec.android.app.shealth,0,3b5dab2c-b943-4a64-84ad-1dbe0208a09a.achievement.json,3b5dab2c-b943-4a64-84ad-1dbe0208a09a,1755648000000,
63030110,6302,e17bb086-9dd8-416a-a813-10051b9854cb.binning_data.json,3842810,6000,63030110,0,2025-08-20 18:30:03.939,com.sec.android.app.shealth,2025-08-20 18:30:03.939,,1.2153502,4670.36,192.14,6302,US7nt0+2+q,com.sec.android.app.shealth,0,e17bb086-9dd8-416a-a813-10051b9854cb.achievement.json,e17bb086-9dd8-416a-a813-10051b9854cb,1755648000000,
63030110,7092,22b78662-71e2-46f7-afae-af6c484b969a.binning_data.json,4423805,6000,63030110,0,2025-08-21 18:21:51.425,com.sec.android.app.shealth,2025-08-21 02:28:17.696,22b78662-71e2-46f7-afae-af6c484b969a.source_info.json,1.1825926,5231.56,216.33,7092,VfS0qUERdZ,com.sec.android.app.shealth,0,22b78662-71e2-46f7-afae-af6c484b969a.achievement.json,22b78662-71e2-46f7-afae-af6c484b969a,1755734400000,
63030110,7092,e9934b50-f2d5-41a3-b67c-1bd033fd1a34.binning_data.json,4423805,6000,63030110,0,2025-08-21 18:30:03.236,com.sec.android.app.shealth,2025-08-21 18:30:03.236,,1.1825926,5231.56,216.33,7092,US7nt0+2+q,com.sec.android.app.shealth,0,e9934b50-f2d5-41a3-b67c-1bd033fd1a34.achievement.json,e9934b50-f2d5-41a3-b67c-1bd033fd1a34,1755734400000,
63030110,12660,c2e43600-9303-454b-8841-8a6144c199ed.binning_data.json,6823343,6000,63030110,878,2025-08-22 17:27:13.517,com.sec.android.app.shealth,2025-08-22 03:25:44.419,c2e43600-9303-454b-8841-8a6144c199ed.source_info.json,1.4751242,10065.28,433.16998,11782,VfS0qUERdZ,com.sec.android.app.shealth,0,c2e43600-9303-454b-8841-8a6144c199ed.achievement.json,c2e43600-9303-454b-8841-8a6144c199ed,1755820800000,
63030110,12660,aa401c36-de9a-4e64-91c8-e3d02a597d21.binning_data.json,6823343,6000,63030110,878,2025-08-22 18:30:04.467,com.sec.android.app.shealth,2025-08-22 18:30:04.467,,1.4751242,10065.28,433.16998,11782,US7nt0+2+q,com.sec.android.app.shealth,0,aa401c36-de9a-4e64-91c8-e3d02a597d21.achievement.json,aa401c36-de9a-4e64-91c8-e3d02a597d21,1755820800000,
63030110,13934,65976ba7-5b4c-4bd0-9d98-8b8c9bcf305c.binning_data.json,8197157,6000,63030110,0,2025-08-23 18:10:23.637,com.sec.android.app.shealth,2025-08-22 19:16:22.982,65976ba7-5b4c-4bd0-9d98-8b8c9bcf305c.source_info.json,1.269112,10403.11,419.70996,13934,VfS0qUERdZ,com.sec.android.app.shealth,0,65976ba7-5b4c-4bd0-9d98-8b8c9bcf305c.achievement.json,65976ba7-5b4c-4bd0-9d98-8b8c9bcf305c,1755907200000,
63030110,13934,777eaf24-dd7b-4480-a3a7-c273d104d6cb.binning_data.json,8197157,6000,63030110,0,2025-08-23 18:30:10.302,com.sec.android.app.shealth,2025-08-23 18:30:10.302,,1.269112,10403.11,419.70996,13934,US7nt0+2+q,com.sec.android.app.shealth,0,777eaf24-dd7b-4480-a3a7-c273d104d6cb.achievement.json,777eaf24-dd7b-4480-a3a7-c273d104d6cb,1755907200000,
63030110,17571,051406e8-cefe-4250-9330-ebad43b46ac1.binning_data.json,10609709,6000,63030110,4,2025-08-24 16:23:29.310,com.sec.android.app.shealth,2025-08-23 18:35:05.509,051406e8-cefe-4250-9330-ebad43b46ac1.source_info.json,1.2351753,13104.851,543.72,17567,VfS0qUERdZ,com.sec.android.app.shealth,0,051406e8-cefe-4250-9330-ebad43b46ac1.achievement.json,051406e8-cefe-4250-9330-ebad43b46ac1,1755993600000,
63030110,17571,c137bafa-5fb9-49b9-b3a9-b56fce7ccd3a.binning_data.json,10609709,6000,63030110,4,2025-08-24 18:30:04.015,com.sec.android.app.shealth,2025-08-24 18:30:04.015,,1.2351753,13104.851,543.72,17567,US7nt0+2+q,com.sec.android.app.shealth,0,c137bafa-5fb9-49b9-b3a9-b56fce7ccd3a.achievement.json,c137bafa-5fb9-49b9-b3a9-b56fce7ccd3a,1755993600000,
63030110,3269,ef17a243-e234-45e3-b465-72aacec1651c.binning_data.json,2005728,6000,63030110,0,2025-08-25 16:00:22.511,com.sec.android.app.shealth,2025-08-25 01:57:21.754,ef17a243-e234-45e3-b465-72aacec1651c.source_info.json,1.2065989,2420.11,99.51,3269,VfS0qUERdZ,com.sec.android.app.shealth,0,ef17a243-e234-45e3-b465-72aacec1651c.achievement.json,ef17a243-e234-45e3-b465-72aacec1651c,1756080000000,
63030110,3269,199bf899-0e58-409d-ba0b-6b0aab95ab91.binning_data.json,2005728,6000,63030110,0,2025-08-25 18:30:04.133,com.sec.android.app.shealth,2025-08-25 18:30:04.133,,1.2065989,2420.11,99.51,3269,US7nt0+2+q,com.sec.android.app.shealth,0,199bf899-0e58-409d-ba0b-6b0aab95ab91.achievement.json,199bf899-0e58-409d-ba0b-6b0aab95ab91,1756080000000,
63030110,8726,14d6c4a5-b06c-4580-a98c-c15aff41ba2a.binning_data.json,5366911,6000,63030110,0,2025-08-26 18:00:12.990,com.sec.android.app.shealth,2025-08-26 02:15:02.921,14d6c4a5-b06c-4580-a98c-c15aff41ba2a.source_info.json,1.2004428,6442.67,264.31998,8726,VfS0qUERdZ,com.sec.android.app.shealth,0,14d6c4a5-b06c-4580-a98c-c15aff41ba2a.achievement.json,14d6c4a5-b06c-4580-a98c-c15aff41ba2a,1756166400000,
63030110,8726,1a516f9d-76b4-4026-bbd2-6b0534016e4f.binning_data.json,5366911,6000,63030110,0,2025-08-26 18:30:04.979,com.sec.android.app.shealth,2025-08-26 18:30:04.979,,1.2004428,6442.67,264.31998,8726,US7nt0+2+q,com.sec.android.app.shealth,0,1a516f9d-76b4-4026-bbd2-6b0534016e4f.achievement.json,1a516f9d-76b4-4026-bbd2-6b0534016e4f,1756166400000,
63030110,3520,159add24-62a5-4fee-a589-37381fa8829b.binning_data.json,2195548,6000,63030110,13,2025-08-27 18:10:18.399,com.sec.android.app.shealth,2025-08-27 00:44:41.351,159add24-62a5-4fee-a589-37381fa8829b.source_info.json,1.1902584,2613.27,112.18,3507,VfS0qUERdZ,com.sec.android.app.shealth,0,159add24-62a5-4fee-a589-37381fa8829b.achievement.json,159add24-62a5-4fee-a589-37381fa8829b,1756252800000,
63030110,3520,8f57d1b6-d94e-4be2-880f-b532e9e1e2e4.binning_data.json,2195548,6000,63030110,13,2025-08-27 18:30:17.476,com.sec.android.app.shealth,2025-08-27 18:30:17.476,,1.1902584,2613.27,112.18,3507,US7nt0+2+q,com.sec.android.app.shealth,0,8f57d1b6-d94e-4be2-880f-b532e9e1e2e4.achievement.json,8f57d1b6-d94e-4be2-880f-b532e9e1e2e4,1756252800000,
63030110,8183,79af05c7-7763-461b-932a-697c311e8654.binning_data.json,4923006,6000,63030110,9,2025-08-28 15:23:01.367,com.sec.android.app.shealth,2025-08-27 19:01:03.641,79af05c7-7763-461b-932a-697c311e8654.source_info.json,1.235491,6082.33,249.61996,8174,VfS0qUERdZ,com.sec.android.app.shealth,0,79af05c7-7763-461b-932a-697c311e8654.achievement.json,79af05c7-7763-461b-932a-697c311e8654,1756339200000,
63030110,8183,29fb1ec2-c658-4545-95fe-05cb4d9d5236.binning_data.json,4923006,6000,63030110,9,2025-08-28 18:30:06.932,com.sec.android.app.shealth,2025-08-28 18:30:06.932,,1.235491,6082.33,249.61996,8174,US7nt0+2+q,com.sec.android.app.shealth,0,29fb1ec2-c658-4545-95fe-05cb4d9d5236.achievement.json,29fb1ec2-c658-4545-95fe-05cb4d9d5236,1756339200000,
63030110,6179,db634974-85c6-4a09-adf4-10c16ba426cd.binning_data.json,3685209,6000,63030110,0,2025-08-29 17:55:02.190,com.sec.android.app.shealth,2025-08-29 03:08:40.029,db634974-85c6-4a09-adf4-10c16ba426cd.source_info.json,1.2512777,4611.2197,188.10999,6179,VfS0qUERdZ,com.sec.android.app.shealth,0,db634974-85c6-4a09-adf4-10c16ba426cd.achievement.json,db634974-85c6-4a09-adf4-10c16ba426cd,1756425600000,
63030110,6179,905ef15b-6ba4-419c-8c55-f377a27304d5.binning_data.json,3685209,6000,63030110,0,2025-08-29 18:30:04.184,com.sec.android.app.shealth,2025-08-29 18:30:04.184,,1.2512777,4611.2197,188.10999,6179,US7nt0+2+q,com.sec.android.app.shealth,0,905ef15b-6ba4-419c-8c55-f377a27304d5.achievement.json,905ef15b-6ba4-419c-8c55-f377a27304d5,1756425600000,
63030110,5211,074b7f41-6147-48fd-9cce-1d572537302c.binning_data.json,3016009,6000,63030110,2,2025-08-30 17:45:29.949,com.sec.android.app.shealth,2025-08-29 19:35:01.805,074b7f41-6147-48fd-9cce-1d572537302c.source_info.json,1.2979169,3914.53,158.82997,5209,VfS0qUERdZ,com.sec.android.app.shealth,0,074b7f41-6147-48fd-9cce-1d572537302c.achievement.json,074b7f41-6147-48fd-9cce-1d572537302c,1756512000000,
63030110,5211,6ec8a39f-01d6-47a3-b246-6f52da324ae3.binning_data.json,3016009,6000,63030110,2,2025-08-30 18:30:04.671,com.sec.android.app.shealth,2025-08-30 18:30:04.671,,1.2979169,3914.53,158.82997,5209,US7nt0+2+q,com.sec.android.app.shealth,0,6ec8a39f-01d6-47a3-b246-6f52da324ae3.achievement.json,6ec8a39f-01d6-47a3-b246-6f52da324ae3,1756512000000,
63030110,390,0550056c-1a4d-4df9-a8a4-bd3733922882.binning_data.json,225672,6000,63030110,0,2025-08-31 15:48:56.056,com.sec.android.app.shealth,2025-08-31 03:07:11.574,0550056c-1a4d-4df9-a8a4-bd3733922882.source_info.json,1.2911173,291.37,12.21,390,VfS0qUERdZ,com.sec.android.app.shealth,0,0550056c-1a4d-4df9-a8a4-bd3733922882.achievement.json,0550056c-1a4d-4df9-a8a4-bd3733922882,1756598400000,
63030110,390,4bcc57eb-f572-4ad9-b018-b9cef4ce5f74.binning_data.json,225672,6000,63030110,0,2025-08-31 18:30:05.510,com.sec.android.app.shealth,2025-08-31 18:30:05.510,,1.2911173,291.37,12.21,390,US7nt0+2+q,com.sec.android.app.shealth,0,4bcc57eb-f572-4ad9-b018-b9cef4ce5f74.achievement.json,4bcc57eb-f572-4ad9-b018-b9cef4ce5f74,1756598400000,
63030110,7749,217d34ea-1270-4b8e-9911-cb0ba788e079.binning_data.json,4775617,6000,63030110,40,2025-09-01 17:36:13.427,com.sec.android.app.shealth,2025-09-01 01:34:20.834,217d34ea-1270-4b8e-9911-cb0ba788e079.source_info.json,1.2046964,5753.17,238.15999,7709,VfS0qUERdZ,com.sec.android.app.shealth,0,217d34ea-1270-4b8e-9911-cb0ba788e079.achievement.json,217d34ea-1270-4b8e-9911-cb0ba788e079,1756684800000,
63030110,7749,664ea47f-7fa9-415f-b50a-0c25cabfb2cc.binning_data.json,4775617,6000,63030110,40,2025-09-01 18:30:03.085,com.sec.android.app.shealth,2025-09-01 18:30:03.085,,1.2046964,5753.17,238.15999,7709,US7nt0+2+q,com.sec.android.app.shealth,0,664ea47f-7fa9-415f-b50a-0c25cabfb2cc.achievement.json,664ea47f-7fa9-415f-b50a-0c25cabfb2cc,1756684800000,
63030110,5765,d3055cd1-9f86-420b-8dde-1673d00965c0.binning_data.json,3521085,6000,63030110,0,2025-09-02 12:26:01.357,com.sec.android.app.shealth,2025-09-02 03:09:32.480,d3055cd1-9f86-420b-8dde-1673d00965c0.source_info.json,1.2127736,4270.28,174.99998,5765,VfS0qUERdZ,com.sec.android.app.shealth,0,d3055cd1-9f86-420b-8dde-1673d00965c0.achievement.json,d3055cd1-9f86-420b-8dde-1673d00965c0,1756771200000,
63030110,5765,2c812de6-ac11-4134-b20b-f718a55041d5.binning_data.json,3521085,6000,63030110,0,2025-09-02 18:30:05.404,com.sec.android.app.shealth,2025-09-02 18:30:05.404,,1.2127736,4270.28,174.99998,5765,US7nt0+2+q,com.sec.android.app.shealth,0,2c812de6-ac11-4134-b20b-f718a55041d5.achievement.json,2c812de6-ac11-4134-b20b-f718a55041d5,1756771200000,
63030110,7344,64f9cf1e-2dbe-4195-a225-27550541f1d4.binning_data.json,4412166,6000,63030110,124,2025-09-03 18:00:21.288,com.sec.android.app.shealth,2025-09-02 18:44:13.356,64f9cf1e-2dbe-4195-a225-27550541f1d4.source_info.json,1.249377,5512.46,229.51999,7220,VfS0qUERdZ,com.sec.android.app.shealth,0,64f9cf1e-2dbe-4195-a225-27550541f1d4.achievement.json,64f9cf1e-2dbe-4195-a225-27550541f1d4,1756857600000,
63030110,7344,5a6a4b65-0411-4213-9ba0-d954901205af.binning_data.json,4412166,6000,63030110,124,2025-09-03 18:30:09.185,com.sec.android.app.shealth,2025-09-03 18:30:09.185,,1.249377,5512.46,229.51999,7220,US7nt0+2+q,com.sec.android.app.shealth,0,5a6a4b65-0411-4213-9ba0-d954901205af.achievement.json,5a6a4b65-0411-4213-9ba0-d954901205af,1756857600000,
63030110,16846,43496d65-2140-4281-8635-d0f2cb941445.binning_data.json,10266505,6000,63030110,81,2025-09-05 18:30:06.162,com.sec.android.app.shealth,2025-09-04 01:51:20.363,43496d65-2140-4281-8635-d0f2cb941445.source_info.json,1.2234426,12560.48,522.36993,16765,VfS0qUERdZ,com.sec.android.app.shealth,0,43496d65-2140-4281-8635-d0f2cb941445.achievement.json,43496d65-2140-4281-8635-d0f2cb941445,1756944000000,
63030110,16846,b02247cf-536e-4ac3-8308-4fcd94a04d2b.binning_data.json,10266505,6000,63030110,81,2025-09-04 18:33:57.793,com.sec.android.app.shealth,2025-09-04 18:30:14.732,,1.2234426,12560.48,522.36993,16765,US7nt0+2+q,com.sec.android.app.shealth,0,b02247cf-536e-4ac3-8308-4fcd94a04d2b.achievement.json,b02247cf-536e-4ac3-8308-4fcd94a04d2b,1756944000000,
63030110,6764,0d64fd51-2c6c-4703-bf65-dd59d7d4a0da.binning_data.json,4424749,6000,63030110,12,2025-09-05 18:12:29.436,com.sec.android.app.shealth,2025-09-04 18:55:02.821,0d64fd51-2c6c-4703-bf65-dd59d7d4a0da.source_info.json,1.1226602,4967.4897,214.97,6752,VfS0qUERdZ,com.sec.android.app.shealth,0,0d64fd51-2c6c-4703-bf65-dd59d7d4a0da.achievement.json,0d64fd51-2c6c-4703-bf65-dd59d7d4a0da,1757030400000,
63030110,6764,a5bb67a4-d3b9-4123-8ee3-88013f6c796f.binning_data.json,4424749,6000,63030110,12,2025-09-05 18:30:04.650,com.sec.android.app.shealth,2025-09-05 18:30:04.650,,1.1226602,4967.4897,214.97,6752,US7nt0+2+q,com.sec.android.app.shealth,0,a5bb67a4-d3b9-4123-8ee3-88013f6c796f.achievement.json,a5bb67a4-d3b9-4123-8ee3-88013f6c796f,1757030400000,
63030110,2433,beca7b35-9eb8-49ec-9439-ffcef6f6fa13.binning_data.json,1514001,6000,63030110,0,2025-09-06 17:33:29.526,com.sec.android.app.shealth,2025-09-06 03:28:39.883,beca7b35-9eb8-49ec-9439-ffcef6f6fa13.source_info.json,1.1882681,1799.04,76.299995,2433,VfS0qUERdZ,com.sec.android.app.shealth,0,beca7b35-9eb8-49ec-9439-ffcef6f6fa13.achievement.json,beca7b35-9eb8-49ec-9439-ffcef6f6fa13,1757116800000,
63030110,2433,c8d392ac-94f1-408c-b2f5-024c3d90b961.binning_data.json,1514001,6000,63030110,0,2025-09-06 18:30:06.624,com.sec.android.app.shealth,2025-09-06 18:30:06.624,,1.1882681,1799.04,76.299995,2433,US7nt0+2+q,com.sec.android.app.shealth,0,c8d392ac-94f1-408c-b2f5-024c3d90b961.achievement.json,c8d392ac-94f1-408c-b2f5-024c3d90b961,1757116800000,
63030110,782,dc29d360-ccdb-47e2-aa06-1b1fd8ba8248.binning_data.json,466232,6000,63030110,0,2025-09-07 16:30:36.735,com.sec.android.app.shealth,2025-09-06 18:50:27.430,dc29d360-ccdb-47e2-aa06-1b1fd8ba8248.source_info.json,1.2531955,584.27997,24.24,782,VfS0qUERdZ,com.sec.android.app.shealth,0,dc29d360-ccdb-47e2-aa06-1b1fd8ba8248.achievement.json,dc29d360-ccdb-47e2-aa06-1b1fd8ba8248,1757203200000,
63030110,782,6666e12f-ce64-43a2-ba99-0600f1cf5f4c.binning_data.json,466232,6000,63030110,0,2025-09-07 18:30:04.364,com.sec.android.app.shealth,2025-09-07 18:30:04.364,,1.2531955,584.27997,24.24,782,US7nt0+2+q,com.sec.android.app.shealth,0,6666e12f-ce64-43a2-ba99-0600f1cf5f4c.achievement.json,6666e12f-ce64-43a2-ba99-0600f1cf5f4c,1757203200000,
63030110,4545,a44f2814-6dfd-4278-8a16-ead1e9544d41.binning_data.json,2495564,6000,63030110,1,2025-09-09 18:30:06.692,com.sec.android.app.shealth,2025-09-08 04:05:12.625,a44f2814-6dfd-4278-8a16-ead1e9544d41.source_info.json,1.391529,3472.65,138.67996,4544,VfS0qUERdZ,com.sec.android.app.shealth,0,a44f2814-6dfd-4278-8a16-ead1e9544d41.achievement.json,a44f2814-6dfd-4278-8a16-ead1e9544d41,1757289600000,
63030110,4545,35016d71-7691-4440-8477-1697052e0484.binning_data.json,2495564,6000,63030110,1,2025-09-08 18:34:35.788,com.sec.android.app.shealth,2025-09-08 18:30:04.162,,1.391529,3472.65,138.67996,4544,US7nt0+2+q,com.sec.android.app.shealth,0,35016d71-7691-4440-8477-1697052e0484.achievement.json,35016d71-7691-4440-8477-1697052e0484,1757289600000,
63030110,12464,96a8667c-c1c9-45b8-894d-b57f44c448f9.binning_data.json,6916988,6000,63030110,0,2025-09-09 18:08:27.385,com.sec.android.app.shealth,2025-09-08 18:34:57.834,96a8667c-c1c9-45b8-894d-b57f44c448f9.source_info.json,1.3740331,9504.17,383.82,12464,VfS0qUERdZ,com.sec.android.app.shealth,0,96a8667c-c1c9-45b8-894d-b57f44c448f9.achievement.json,96a8667c-c1c9-45b8-894d-b57f44c448f9,1757376000000,
63030110,12464,b7929437-9219-4a21-9a7a-79db81e1f8da.binning_data.json,6916988,6000,63030110,0,2025-09-09 18:30:05.418,com.sec.android.app.shealth,2025-09-09 18:30:05.418,,1.3740331,9504.17,383.82,12464,US7nt0+2+q,com.sec.android.app.shealth,0,b7929437-9219-4a21-9a7a-79db81e1f8da.achievement.json,b7929437-9219-4a21-9a7a-79db81e1f8da,1757376000000,
63030110,6348,4bcbdea7-2064-4a2f-bd2f-7e3ef08ead6e.binning_data.json,3877149,6000,63030110,0,2025-09-10 15:17:54.129,com.sec.android.app.shealth,2025-09-09 18:30:27.650,4bcbdea7-2064-4a2f-bd2f-7e3ef08ead6e.source_info.json,1.2136158,4705.37,192.94998,6348,VfS0qUERdZ,com.sec.android.app.shealth,0,4bcbdea7-2064-4a2f-bd2f-7e3ef08ead6e.achievement.json,4bcbdea7-2064-4a2f-bd2f-7e3ef08ead6e,1757462400000,
63030110,6348,a4c32377-194a-4c9d-aa85-647369d4a6b0.binning_data.json,3877149,6000,63030110,0,2025-09-10 18:30:04.253,com.sec.android.app.shealth,2025-09-10 18:30:04.253,,1.2136158,4705.37,192.94998,6348,US7nt0+2+q,com.sec.android.app.shealth,0,a4c32377-194a-4c9d-aa85-647369d4a6b0.achievement.json,a4c32377-194a-4c9d-aa85-647369d4a6b0,1757462400000,
63030110,5415,bf4ad763-2656-4343-b96f-dbe62b347d79.binning_data.json,3287931,6000,63030110,0,2025-09-11 15:26:45.137,com.sec.android.app.shealth,2025-09-11 03:15:01.539,bf4ad763-2656-4343-b96f-dbe62b347d79.source_info.json,1.223669,4023.34,165.20999,5415,VfS0qUERdZ,com.sec.android.app.shealth,0,bf4ad763-2656-4343-b96f-dbe62b347d79.achievement.json,bf4ad763-2656-4343-b96f-dbe62b347d79,1757548800000,
63030110,5415,d0b4cd08-eb78-481e-8f17-4b15ad2daab7.binning_data.json,3287931,6000,63030110,0,2025-09-11 18:30:06.768,com.sec.android.app.shealth,2025-09-11 18:30:06.768,,1.223669,4023.34,165.20999,5415,US7nt0+2+q,com.sec.android.app.shealth,0,d0b4cd08-eb78-481e-8f17-4b15ad2daab7.achievement.json,d0b4cd08-eb78-481e-8f17-4b15ad2daab7,1757548800000,
63030110,14496,7922c3ae-bf4c-4b51-8120-a1815022e81d.binning_data.json,8404332,6000,63030110,561,2025-09-12 18:04:42.526,com.sec.android.app.shealth,2025-09-12 01:57:49.067,7922c3ae-bf4c-4b51-8120-a1815022e81d.source_info.json,1.3171468,11069.739,463.16992,13935,VfS0qUERdZ,com.sec.android.app.shealth,0,7922c3ae-bf4c-4b51-8120-a1815022e81d.achievement.json,7922c3ae-bf4c-4b51-8120-a1815022e81d,1757635200000,
63030110,14496,2b26f485-ce61-4e8b-a3e4-a13f5f6e7dcf.binning_data.json,8404332,6000,63030110,561,2025-09-12 18:30:14.437,com.sec.android.app.shealth,2025-09-12 18:30:14.437,,1.3171468,11069.739,463.16992,13935,US7nt0+2+q,com.sec.android.app.shealth,0,2b26f485-ce61-4e8b-a3e4-a13f5f6e7dcf.achievement.json,2b26f485-ce61-4e8b-a3e4-a13f5f6e7dcf,1757635200000,
63030110,3405,4f40679d-7f7d-4caf-be26-3303d3f38c49.binning_data.json,2021983,6000,63030110,2,2025-09-13 17:53:29.189,com.sec.android.app.shealth,2025-09-12 20:07:15.536,4f40679d-7f7d-4caf-be26-3303d3f38c49.source_info.json,1.2601736,2548.05,105.36999,3403,VfS0qUERdZ,com.sec.android.app.shealth,0,4f40679d-7f7d-4caf-be26-3303d3f38c49.achievement.json,4f40679d-7f7d-4caf-be26-3303d3f38c49,1757721600000,
63030110,3405,6d97f1e7-f034-4917-addd-c5d328d76b9e.binning_data.json,2021983,6000,63030110,2,2025-09-13 18:30:15.351,com.sec.android.app.shealth,2025-09-13 18:30:15.351,,1.2601736,2548.05,105.36999,3403,US7nt0+2+q,com.sec.android.app.shealth,0,6d97f1e7-f034-4917-addd-c5d328d76b9e.achievement.json,6d97f1e7-f034-4917-addd-c5d328d76b9e,1757721600000,
63030110,643,be3e003e-a7ec-4894-b9d9-668eb231f075.binning_data.json,362398,6000,63030110,0,2025-09-14 16:46:37.760,com.sec.android.app.shealth,2025-09-14 04:03:50.972,be3e003e-a7ec-4894-b9d9-668eb231f075.source_info.json,1.3445688,487.27,19.869997,643,VfS0qUERdZ,com.sec.android.app.shealth,0,be3e003e-a7ec-4894-b9d9-668eb231f075.achievement.json,be3e003e-a7ec-4894-b9d9-668eb231f075,1757808000000,
63030110,643,58043086-a129-4758-8538-2cae788904aa.binning_data.json,362398,6000,63030110,0,2025-09-14 18:30:04.381,com.sec.android.app.shealth,2025-09-14 18:30:04.381,,1.3445688,487.27,19.869997,643,US7nt0+2+q,com.sec.android.app.shealth,0,58043086-a129-4758-8538-2cae788904aa.achievement.json,58043086-a129-4758-8538-2cae788904aa,1757808000000,
63030110,6668,fa3b2248-aad2-4c14-ad84-9cc922f7627e.binning_data.json,3977062,6000,63030110,0,2025-09-15 17:18:23.599,com.sec.android.app.shealth,2025-09-14 19:33:47.811,fa3b2248-aad2-4c14-ad84-9cc922f7627e.source_info.json,1.2506189,4973.79,202.40997,6668,VfS0qUERdZ,com.sec.android.app.shealth,0,fa3b2248-aad2-4c14-ad84-9cc922f7627e.achievement.json,fa3b2248-aad2-4c14-ad84-9cc922f7627e,1757894400000,
63030110,6668,6385b3a0-9d80-411e-bdb8-59428db16e20.binning_data.json,3977062,6000,63030110,0,2025-09-15 18:30:03.612,com.sec.android.app.shealth,2025-09-15 18:30:03.612,,1.2506189,4973.79,202.40997,6668,US7nt0+2+q,com.sec.android.app.shealth,0,6385b3a0-9d80-411e-bdb8-59428db16e20.achievement.json,6385b3a0-9d80-411e-bdb8-59428db16e20,1757894400000,
63030110,4396,2f2406da-76b5-41a6-9ea3-e3b2ebf8acb8.binning_data.json,2738558,6000,63030110,0,2025-09-16 14:16:34.869,com.sec.android.app.shealth,2025-09-16 03:02:33.249,2f2406da-76b5-41a6-9ea3-e3b2ebf8acb8.source_info.json,1.1843346,3243.37,133.44,4396,VfS0qUERdZ,com.sec.android.app.shealth,0,2f2406da-76b5-41a6-9ea3-e3b2ebf8acb8.achievement.json,2f2406da-76b5-41a6-9ea3-e3b2ebf8acb8,1757980800000,
63030110,4396,31079c59-5ae7-490b-a56e-4b4cc57d18d5.binning_data.json,2738558,6000,63030110,0,2025-09-16 18:30:07.032,com.sec.android.app.shealth,2025-09-16 18:30:07.032,,1.1843346,3243.37,133.44,4396,US7nt0+2+q,com.sec.android.app.shealth,0,31079c59-5ae7-490b-a56e-4b4cc57d18d5.achievement.json,31079c59-5ae7-490b-a56e-4b4cc57d18d5,1757980800000,
63030110,10364,fc3daaa5-d0db-417c-b206-a26c7bd54e37.binning_data.json,6214973,6000,63030110,6,2025-09-17 18:29:00.872,com.sec.android.app.shealth,2025-09-17 02:07:02.494,fc3daaa5-d0db-417c-b206-a26c7bd54e37.source_info.json,1.2448856,7736.93,315.69995,10358,VfS0qUERdZ,com.sec.android.app.shealth,0,fc3daaa5-d0db-417c-b206-a26c7bd54e37.achievement.json,fc3daaa5-d0db-417c-b206-a26c7bd54e37,1758067200000,
63030110,10364,087f8859-bb96-49e2-990c-95993a267203.binning_data.json,6214973,6000,63030110,6,2025-09-17 18:30:06.003,com.sec.android.app.shealth,2025-09-17 18:30:06.003,,1.2448856,7736.93,315.69995,10358,US7nt0+2+q,com.sec.android.app.shealth,0,087f8859-bb96-49e2-990c-95993a267203.achievement.json,087f8859-bb96-49e2-990c-95993a267203,1758067200000,
63030110,8725,19847437-b172-449f-9641-2f8e5e5acbef.binning_data.json,5240170,6000,63030110,15,2025-09-18 18:24:28.474,com.sec.android.app.shealth,2025-09-17 19:02:37.694,19847437-b172-449f-9641-2f8e5e5acbef.source_info.json,1.24045,6500.17,266.63998,8710,VfS0qUERdZ,com.sec.android.app.shealth,0,19847437-b172-449f-9641-2f8e5e5acbef.achievement.json,19847437-b172-449f-9641-2f8e5e5acbef,1758153600000,
63030110,8725,33490cf4-3f26-429c-a70f-d99e7b4e464e.binning_data.json,5240170,6000,63030110,15,2025-09-18 18:30:03.514,com.sec.android.app.shealth,2025-09-18 18:30:03.514,,1.24045,6500.17,266.63998,8710,US7nt0+2+q,com.sec.android.app.shealth,0,33490cf4-3f26-429c-a70f-d99e7b4e464e.achievement.json,33490cf4-3f26-429c-a70f-d99e7b4e464e,1758153600000,
63030110,2265,89c7d40b-a075-44bb-b8d2-9d56e328b846.binning_data.json,1367003,6000,63030110,0,2025-09-19 18:21:47.368,com.sec.android.app.shealth,2025-09-19 01:10:39.632,89c7d40b-a075-44bb-b8d2-9d56e328b846.source_info.json,1.231321,1683.22,70.35,2265,VfS0qUERdZ,com.sec.android.app.shealth,0,89c7d40b-a075-44bb-b8d2-9d56e328b846.achievement.json,89c7d40b-a075-44bb-b8d2-9d56e328b846,1758240000000,
63030110,2265,4b003848-3341-40d5-82fb-0ff96d536893.binning_data.json,1367003,6000,63030110,0,2025-09-19 18:30:04.583,com.sec.android.app.shealth,2025-09-19 18:30:04.583,,1.231321,1683.22,70.35,2265,US7nt0+2+q,com.sec.android.app.shealth,0,4b003848-3341-40d5-82fb-0ff96d536893.achievement.json,4b003848-3341-40d5-82fb-0ff96d536893,1758240000000,
63030110,2996,292d57b7-e663-4aac-90cf-79f576426051.binning_data.json,1771558,6000,63030110,0,2025-09-20 17:36:26.992,com.sec.android.app.shealth,2025-09-20 01:45:26.040,292d57b7-e663-4aac-90cf-79f576426051.source_info.json,1.264068,2239.37,91.73999,2996,VfS0qUERdZ,com.sec.android.app.shealth,0,292d57b7-e663-4aac-90cf-79f576426051.achievement.json,292d57b7-e663-4aac-90cf-79f576426051,1758326400000,
63030110,2996,66506f16-c3a1-458e-b64a-2820d4d197a4.binning_data.json,1771558,6000,63030110,0,2025-09-20 18:30:05.076,com.sec.android.app.shealth,2025-09-20 18:30:05.076,,1.264068,2239.37,91.73999,2996,US7nt0+2+q,com.sec.android.app.shealth,0,66506f16-c3a1-458e-b64a-2820d4d197a4.achievement.json,66506f16-c3a1-458e-b64a-2820d4d197a4,1758326400000,
63030110,1972,323c8445-bf65-4aa8-9e58-0180f29283fe.binning_data.json,1160220,6000,63030110,6,2025-09-21 17:40:13.827,com.sec.android.app.shealth,2025-09-21 04:29:24.299,323c8445-bf65-4aa8-9e58-0180f29283fe.source_info.json,1.2780759,1482.85,62.14,1966,VfS0qUERdZ,com.sec.android.app.shealth,0,323c8445-bf65-4aa8-9e58-0180f29283fe.achievement.json,323c8445-bf65-4aa8-9e58-0180f29283fe,1758412800000,
63030110,1972,299d584c-e05e-485c-873b-7cc9e04900d3.binning_data.json,1160220,6000,63030110,6,2025-09-21 18:30:05.117,com.sec.android.app.shealth,2025-09-21 18:30:05.117,,1.2780759,1482.85,62.14,1966,US7nt0+2+q,com.sec.android.app.shealth,0,299d584c-e05e-485c-873b-7cc9e04900d3.achievement.json,299d584c-e05e-485c-873b-7cc9e04900d3,1758412800000,
63030110,10005,5e44b753-38f2-46fd-8280-5b35afbddc17.binning_data.json,6085135,6000,63030110,0,2025-09-22 15:19:20.799,com.sec.android.app.shealth,2025-09-21 19:47:10.832,5e44b753-38f2-46fd-8280-5b35afbddc17.source_info.json,1.219567,7421.23,304.47998,10005,VfS0qUERdZ,com.sec.android.app.shealth,0,5e44b753-38f2-46fd-8280-5b35afbddc17.achievement.json,5e44b753-38f2-46fd-8280-5b35afbddc17,1758499200000,
63030110,10005,06751f4f-8cae-4bb7-94f4-e011566665de.binning_data.json,6085135,6000,63030110,0,2025-09-22 18:30:04.497,com.sec.android.app.shealth,2025-09-22 18:30:04.497,,1.219567,7421.23,304.47998,10005,US7nt0+2+q,com.sec.android.app.shealth,0,06751f4f-8cae-4bb7-94f4-e011566665de.achievement.json,06751f4f-8cae-4bb7-94f4-e011566665de,1758499200000,
63030110,6348,3ab3f180-dac7-4ca9-b19a-2ff73a236e41.binning_data.json,3820859,6000,63030110,0,2025-09-23 15:33:26.015,com.sec.android.app.shealth,2025-09-23 02:37:47.744,3ab3f180-dac7-4ca9-b19a-2ff73a236e41.source_info.json,1.2359209,4722.28,193.42,6348,VfS0qUERdZ,com.sec.android.app.shealth,0,3ab3f180-dac7-4ca9-b19a-2ff73a236e41.achievement.json,3ab3f180-dac7-4ca9-b19a-2ff73a236e41,1758585600000,
63030110,6348,828708ff-e1cf-4f5e-9842-a5cdf13a664c.binning_data.json,3820859,6000,63030110,0,2025-09-23 18:30:04.683,com.sec.android.app.shealth,2025-09-23 18:30:04.683,,1.2359209,4722.28,193.42,6348,US7nt0+2+q,com.sec.android.app.shealth,0,828708ff-e1cf-4f5e-9842-a5cdf13a664c.achievement.json,828708ff-e1cf-4f5e-9842-a5cdf13a664c,1758585600000,
63030110,6676,e84ffa1a-732c-4f4a-a905-d94385a1149e.binning_data.json,4109858,6000,63030110,0,2025-09-24 14:00:06.738,com.sec.android.app.shealth,2025-09-24 00:30:30.570,e84ffa1a-732c-4f4a-a905-d94385a1149e.source_info.json,1.2028638,4943.6,203.77998,6676,VfS0qUERdZ,com.sec.android.app.shealth,0,e84ffa1a-732c-4f4a-a905-d94385a1149e.achievement.json,e84ffa1a-732c-4f4a-a905-d94385a1149e,1758672000000,
63030110,6676,ecdc4827-bb30-48fc-ac26-8bb690c87a9b.binning_data.json,4109858,6000,63030110,0,2025-09-24 18:30:04.301,com.sec.android.app.shealth,2025-09-24 18:30:04.301,,1.2028638,4943.6,203.77998,6676,US7nt0+2+q,com.sec.android.app.shealth,0,ecdc4827-bb30-48fc-ac26-8bb690c87a9b.achievement.json,ecdc4827-bb30-48fc-ac26-8bb690c87a9b,1758672000000,
63030110,7039,77417dab-93a9-43b5-b6fe-54b2d89899b8.binning_data.json,4066325,6000,63030110,60,2025-09-25 15:35:07.052,com.sec.android.app.shealth,2025-09-25 03:16:08.629,77417dab-93a9-43b5-b6fe-54b2d89899b8.source_info.json,1.3119437,5334.79,217.54999,6979,VfS0qUERdZ,com.sec.android.app.shealth,0,77417dab-93a9-43b5-b6fe-54b2d89899b8.achievement.json,77417dab-93a9-43b5-b6fe-54b2d89899b8,1758758400000,
63030110,7039,6deef47e-d205-4d98-8577-0e267978d2d2.binning_data.json,4066325,6000,63030110,60,2025-09-25 18:30:12.315,com.sec.android.app.shealth,2025-09-25 18:30:12.315,,1.3119437,5334.79,217.54999,6979,US7nt0+2+q,com.sec.android.app.shealth,0,6deef47e-d205-4d98-8577-0e267978d2d2.achievement.json,6deef47e-d205-4d98-8577-0e267978d2d2,1758758400000,
63030110,9826,5f1fa16e-aebb-48a2-996e-a3503e32aafa.binning_data.json,5728869,6000,63030110,0,2025-09-26 17:55:50.225,com.sec.android.app.shealth,2025-09-26 00:43:42.333,5f1fa16e-aebb-48a2-996e-a3503e32aafa.source_info.json,1.2875471,7376.19,297.71997,9826,VfS0qUERdZ,com.sec.android.app.shealth,0,5f1fa16e-aebb-48a2-996e-a3503e32aafa.achievement.json,5f1fa16e-aebb-48a2-996e-a3503e32aafa,1758844800000,
63030110,9826,00be8d94-c6f9-4888-af6b-9596779eca48.binning_data.json,5728869,6000,63030110,0,2025-09-26 18:30:03.670,com.sec.android.app.shealth,2025-09-26 18:30:03.670,,1.2875471,7376.19,297.71997,9826,US7nt0+2+q,com.sec.android.app.shealth,0,00be8d94-c6f9-4888-af6b-9596779eca48.achievement.json,00be8d94-c6f9-4888-af6b-9596779eca48,1758844800000,
63030110,12964,686704b1-7549-470d-ae8e-ee67e9791aab.binning_data.json,7658818,6000,63051050,0,2025-09-27 18:28:29.553,com.sec.android.app.shealth,2025-09-26 18:55:15.971,686704b1-7549-470d-ae8e-ee67e9791aab.source_info.json,1.2628541,9671.97,390.91995,12964,VfS0qUERdZ,com.sec.android.app.shealth,0,686704b1-7549-470d-ae8e-ee67e9791aab.achievement.json,686704b1-7549-470d-ae8e-ee67e9791aab,1758931200000,
63051050,12964,9d790654-76a8-4dd5-b440-58c3e29f22e9.binning_data.json,7658818,6000,63051050,0,2025-09-27 18:30:07.520,com.sec.android.app.shealth,2025-09-27 18:30:07.520,,1.2628541,9671.97,390.91995,12964,US7nt0+2+q,com.sec.android.app.shealth,0,9d790654-76a8-4dd5-b440-58c3e29f22e9.achievement.json,9d790654-76a8-4dd5-b440-58c3e29f22e9,1758931200000,
63051050,12472,6a0a419d-de68-418a-9a96-46b29b48b446.binning_data.json,7824366,6000,63051050,5,2025-09-28 17:40:09.373,com.sec.android.app.shealth,2025-09-28 00:30:24.381,6a0a419d-de68-418a-9a96-46b29b48b446.source_info.json,1.1736375,9182.97,379.75998,12467,VfS0qUERdZ,com.sec.android.app.shealth,0,6a0a419d-de68-418a-9a96-46b29b48b446.achievement.json,6a0a419d-de68-418a-9a96-46b29b48b446,1759017600000,
63051050,12472,34504164-7918-40de-9939-1a6c83d31d3e.binning_data.json,7824366,6000,63051050,5,2025-09-28 18:30:13.779,com.sec.android.app.shealth,2025-09-28 18:30:13.779,,1.1736375,9182.97,379.75998,12467,US7nt0+2+q,com.sec.android.app.shealth,0,34504164-7918-40de-9939-1a6c83d31d3e.achievement.json,34504164-7918-40de-9939-1a6c83d31d3e,1759017600000,
63051050,5877,fef3127e-0161-43e2-a9ad-987312b91952.binning_data.json,3573229,6000,63051050,0,2025-09-29 17:01:27.622,com.sec.android.app.shealth,2025-09-29 00:43:41.448,fef3127e-0161-43e2-a9ad-987312b91952.source_info.json,1.2210524,4363.1,178.18999,5877,VfS0qUERdZ,com.sec.android.app.shealth,0,fef3127e-0161-43e2-a9ad-987312b91952.achievement.json,fef3127e-0161-43e2-a9ad-987312b91952,1759104000000,
63051050,5877,d032da60-3a33-4311-b1e0-51c2a32eec8f.binning_data.json,3573229,6000,63051050,0,2025-09-29 18:30:03.745,com.sec.android.app.shealth,2025-09-29 18:30:03.745,,1.2210524,4363.1,178.18999,5877,US7nt0+2+q,com.sec.android.app.shealth,0,d032da60-3a33-4311-b1e0-51c2a32eec8f.achievement.json,d032da60-3a33-4311-b1e0-51c2a32eec8f,1759104000000,
63051050,7016,63809540-cca3-45b5-af88-82d25f74ab54.binning_data.json,3866132,6000,63051050,1,2025-10-01 18:30:05.578,com.sec.android.app.shealth,2025-09-30 03:03:51.569,63809540-cca3-45b5-af88-82d25f74ab54.source_info.json,1.3859459,5358.25,217.01999,7015,VfS0qUERdZ,com.sec.android.app.shealth,0,63809540-cca3-45b5-af88-82d25f74ab54.achievement.json,63809540-cca3-45b5-af88-82d25f74ab54,1759190400000,
63051050,7016,3cb63e41-9ea5-464d-b540-5cc880f2b2c7.binning_data.json,3866132,6000,63051050,1,2025-09-30 18:30:36.675,com.sec.android.app.shealth,2025-09-30 18:30:05.023,,1.3859459,5358.25,217.01999,7015,US7nt0+2+q,com.sec.android.app.shealth,0,3cb63e41-9ea5-464d-b540-5cc880f2b2c7.achievement.json,3cb63e41-9ea5-464d-b540-5cc880f2b2c7,1759190400000,
63051050,5535,7b2b2fcd-64a0-4647-b8b7-b98e450a0c28.binning_data.json,3333487,6000,63051050,8,2025-10-01 16:52:07.293,com.sec.android.app.shealth,2025-09-30 18:32:55.876,7b2b2fcd-64a0-4647-b8b7-b98e450a0c28.source_info.json,1.2413126,4137.9,174.87999,5527,VfS0qUERdZ,com.sec.android.app.shealth,0,7b2b2fcd-64a0-4647-b8b7-b98e450a0c28.achievement.json,7b2b2fcd-64a0-4647-b8b7-b98e450a0c28,1759276800000,
63051050,5535,e5adb96b-84da-4059-8ad2-554af4c1120d.binning_data.json,3333487,6000,63051050,8,2025-10-01 18:30:03.889,com.sec.android.app.shealth,2025-10-01 18:30:03.889,,1.2413126,4137.9,174.87999,5527,US7nt0+2+q,com.sec.android.app.shealth,0,e5adb96b-84da-4059-8ad2-554af4c1120d.achievement.json,e5adb96b-84da-4059-8ad2-554af4c1120d,1759276800000,
63051050,5771,dd7da0e1-43b2-4950-b8d9-8a866f855e48.binning_data.json,3330933,6000,63051050,14,2025-10-02 17:30:46.609,com.sec.android.app.shealth,2025-10-02 02:35:12.594,dd7da0e1-43b2-4950-b8d9-8a866f855e48.source_info.json,1.3124579,4371.71,183.23999,5757,VfS0qUERdZ,com.sec.android.app.shealth,0,dd7da0e1-43b2-4950-b8d9-8a866f855e48.achievement.json,dd7da0e1-43b2-4950-b8d9-8a866f855e48,1759363200000,
63051050,5771,56d257cc-4b3c-43a1-8924-3e0500080de9.binning_data.json,3330933,6000,63051050,14,2025-10-02 18:30:06.110,com.sec.android.app.shealth,2025-10-02 18:30:06.110,,1.3124579,4371.71,183.23999,5757,US7nt0+2+q,com.sec.android.app.shealth,0,56d257cc-4b3c-43a1-8924-3e0500080de9.achievement.json,56d257cc-4b3c-43a1-8924-3e0500080de9,1759363200000,
63051050,4881,68a7b962-b505-4a8f-8327-c3018d610c3f.binning_data.json,3060023,6000,63051050,0,2025-10-03 17:10:14.722,com.sec.android.app.shealth,2025-10-03 02:17:19.208,68a7b962-b505-4a8f-8327-c3018d610c3f.source_info.json,1.1809583,3613.76,151.57999,4881,VfS0qUERdZ,com.sec.android.app.shealth,0,68a7b962-b505-4a8f-8327-c3018d610c3f.achievement.json,68a7b962-b505-4a8f-8327-c3018d610c3f,1759449600000,
63051050,4881,20f90782-f34a-4afa-a787-0e4e627cde4d.binning_data.json,3060023,6000,63051050,0,2025-10-03 18:30:06.122,com.sec.android.app.shealth,2025-10-03 18:30:06.122,,1.1809583,3613.76,151.57999,4881,US7nt0+2+q,com.sec.android.app.shealth,0,20f90782-f34a-4afa-a787-0e4e627cde4d.achievement.json,20f90782-f34a-4afa-a787-0e4e627cde4d,1759449600000,
63051050,4662,a9574817-5af6-4827-9e02-f768cc08bf7b.binning_data.json,2806245,6000,63051050,9,2025-10-04 17:00:48.372,com.sec.android.app.shealth,2025-10-03 19:23:41.332,a9574817-5af6-4827-9e02-f768cc08bf7b.source_info.json,1.2456539,3495.6099,146.87999,4653,VfS0qUERdZ,com.sec.android.app.shealth,0,a9574817-5af6-4827-9e02-f768cc08bf7b.achievement.json,a9574817-5af6-4827-9e02-f768cc08bf7b,1759536000000,
63051050,4662,6f3a47f5-fe06-4a43-8a4c-2a68b771c636.binning_data.json,2806245,6000,63051050,9,2025-10-04 18:30:05.419,com.sec.android.app.shealth,2025-10-04 18:30:05.419,,1.2456539,3495.6099,146.87999,4653,US7nt0+2+q,com.sec.android.app.shealth,0,6f3a47f5-fe06-4a43-8a4c-2a68b771c636.achievement.json,6f3a47f5-fe06-4a43-8a4c-2a68b771c636,1759536000000,
63051050,3507,35b71b05-fd95-4145-9fce-3d683e024a7e.binning_data.json,2104354,6000,63051050,26,2025-10-05 17:35:03.576,com.sec.android.app.shealth,2025-10-05 02:11:26.863,35b71b05-fd95-4145-9fce-3d683e024a7e.source_info.json,1.2654141,2662.88,114.82,3481,VfS0qUERdZ,com.sec.android.app.shealth,0,35b71b05-fd95-4145-9fce-3d683e024a7e.achievement.json,35b71b05-fd95-4145-9fce-3d683e024a7e,1759622400000,
63051050,3507,27671bde-63f8-4457-bc82-5498dc4000cd.binning_data.json,2104354,6000,63051050,26,2025-10-05 18:30:04.552,com.sec.android.app.shealth,2025-10-05 18:30:04.552,,1.2654141,2662.88,114.82,3481,US7nt0+2+q,com.sec.android.app.shealth,0,27671bde-63f8-4457-bc82-5498dc4000cd.achievement.json,27671bde-63f8-4457-bc82-5498dc4000cd,1759622400000,
63051050,2191,40a6f2d2-395b-4954-9253-d488b6018212.binning_data.json,1354286,6000,63051050,0,2025-10-07 18:30:06.424,com.sec.android.app.shealth,2025-10-06 03:49:49.993,40a6f2d2-395b-4954-9253-d488b6018212.source_info.json,1.201659,1627.39,68.979996,2191,VfS0qUERdZ,com.sec.android.app.shealth,0,40a6f2d2-395b-4954-9253-d488b6018212.achievement.json,40a6f2d2-395b-4954-9253-d488b6018212,1759708800000,
63051050,2191,d6f526c4-e087-424d-8329-6b82b4aecd77.binning_data.json,1354286,6000,63051050,0,2025-10-06 18:30:26.568,com.sec.android.app.shealth,2025-10-06 18:30:06.488,,1.201659,1627.39,68.979996,2191,US7nt0+2+q,com.sec.android.app.shealth,0,d6f526c4-e087-424d-8329-6b82b4aecd77.achievement.json,d6f526c4-e087-424d-8329-6b82b4aecd77,1759708800000,
63051050,1589,dd73672a-1a71-4be3-baa1-c4ba9187d926.binning_data.json,963937,6000,63051050,6,2025-10-07 18:00:33.525,com.sec.android.app.shealth,2025-10-06 18:33:01.485,dd73672a-1a71-4be3-baa1-c4ba9187d926.source_info.json,1.2395308,1194.83,51.09,1583,VfS0qUERdZ,com.sec.android.app.shealth,0,dd73672a-1a71-4be3-baa1-c4ba9187d926.achievement.json,dd73672a-1a71-4be3-baa1-c4ba9187d926,1759795200000,
63051050,1589,7e42fef9-b0fd-4caa-9ad9-806fe8833458.binning_data.json,963937,6000,63051050,6,2025-10-07 18:30:05.086,com.sec.android.app.shealth,2025-10-07 18:30:05.086,,1.2395308,1194.83,51.09,1583,US7nt0+2+q,com.sec.android.app.shealth,0,7e42fef9-b0fd-4caa-9ad9-806fe8833458.achievement.json,7e42fef9-b0fd-4caa-9ad9-806fe8833458,1759795200000,
63051050,6208,7b034c21-943b-4c1e-9bc9-f95b42b07fa5.binning_data.json,3792825,6000,63051050,0,2025-10-08 15:40:16.843,com.sec.android.app.shealth,2025-10-07 18:45:09.996,7b034c21-943b-4c1e-9bc9-f95b42b07fa5.source_info.json,1.214886,4607.85,189.47998,6208,VfS0qUERdZ,com.sec.android.app.shealth,0,7b034c21-943b-4c1e-9bc9-f95b42b07fa5.achievement.json,7b034c21-943b-4c1e-9bc9-f95b42b07fa5,1759881600000,
63051050,6208,fb08897b-ecf2-40a4-ba4a-378d622c56c4.binning_data.json,3792825,6000,63051050,0,2025-10-08 18:30:07.365,com.sec.android.app.shealth,2025-10-08 18:30:07.365,,1.214886,4607.85,189.47998,6208,US7nt0+2+q,com.sec.android.app.shealth,0,fb08897b-ecf2-40a4-ba4a-378d622c56c4.achievement.json,fb08897b-ecf2-40a4-ba4a-378d622c56c4,1759881600000,
63051050,15358,7662c876-b5cd-47e3-ba4d-c3d686798df4.binning_data.json,9146623,6000,63051050,2,2025-10-09 18:10:05.726,com.sec.android.app.shealth,2025-10-09 00:41:28.914,7662c876-b5cd-47e3-ba4d-c3d686798df4.source_info.json,1.2536583,11466.74,464.95996,15356,VfS0qUERdZ,com.sec.android.app.shealth,0,7662c876-b5cd-47e3-ba4d-c3d686798df4.achievement.json,7662c876-b5cd-47e3-ba4d-c3d686798df4,1759968000000,
63051050,15358,d1846015-5c47-4c48-8754-f70aa540a21a.binning_data.json,9146623,6000,63051050,2,2025-10-09 18:30:05.213,com.sec.android.app.shealth,2025-10-09 18:30:05.213,,1.2536583,11466.74,464.95996,15356,US7nt0+2+q,com.sec.android.app.shealth,0,d1846015-5c47-4c48-8754-f70aa540a21a.achievement.json,d1846015-5c47-4c48-8754-f70aa540a21a,1759968000000,
63051050,7793,8e992a43-cc62-420b-aff4-184620d13767.binning_data.json,4752794,6000,63051050,7,2025-10-10 14:03:48.104,com.sec.android.app.shealth,2025-10-10 03:13:16.081,8e992a43-cc62-420b-aff4-184620d13767.source_info.json,1.217791,5787.91,237.13998,7786,VfS0qUERdZ,com.sec.android.app.shealth,0,8e992a43-cc62-420b-aff4-184620d13767.achievement.json,8e992a43-cc62-420b-aff4-184620d13767,1760054400000,
63051050,7793,4303fd2f-be1c-4c17-bbc8-4a570f3b309b.binning_data.json,4752794,6000,63051050,7,2025-10-10 18:30:06.737,com.sec.android.app.shealth,2025-10-10 18:30:06.737,,1.217791,5787.91,237.13998,7786,US7nt0+2+q,com.sec.android.app.shealth,0,4303fd2f-be1c-4c17-bbc8-4a570f3b309b.achievement.json,4303fd2f-be1c-4c17-bbc8-4a570f3b309b,1760054400000,
63051050,9942,e6be94d3-1834-4ee8-a8ab-3d09310a661f.binning_data.json,5614771,6000,63051050,0,2025-10-11 16:38:00.336,com.sec.android.app.shealth,2025-10-11 01:04:46.306,e6be94d3-1834-4ee8-a8ab-3d09310a661f.source_info.json,1.3377107,7510.94,299.40997,9942,VfS0qUERdZ,com.sec.android.app.shealth,0,e6be94d3-1834-4ee8-a8ab-3d09310a661f.achievement.json,e6be94d3-1834-4ee8-a8ab-3d09310a661f,1760140800000,
63051050,9942,d11b6487-673b-4f4b-87d6-7993af0eaef8.binning_data.json,5614771,6000,63051050,0,2025-10-11 18:30:15.305,com.sec.android.app.shealth,2025-10-11 18:30:15.305,,1.3377107,7510.94,299.40997,9942,US7nt0+2+q,com.sec.android.app.shealth,0,d11b6487-673b-4f4b-87d6-7993af0eaef8.achievement.json,d11b6487-673b-4f4b-87d6-7993af0eaef8,1760140800000,
63051050,24019,b273c458-ffa9-4521-9e6b-a59fd63a2661.binning_data.json,14167650,6000,63051050,0,2025-10-12 15:58:23.725,com.sec.android.app.shealth,2025-10-12 00:16:05.955,b273c458-ffa9-4521-9e6b-a59fd63a2661.source_info.json,1.2647982,17919.22,724.6499,24019,VfS0qUERdZ,com.sec.android.app.shealth,0,b273c458-ffa9-4521-9e6b-a59fd63a2661.achievement.json,b273c458-ffa9-4521-9e6b-a59fd63a2661,1760227200000,
63051050,24019,3ddbf031-7d67-4ca3-b32b-0d26d579a116.binning_data.json,14167650,6000,63051050,0,2025-10-12 18:30:06.714,com.sec.android.app.shealth,2025-10-12 18:30:06.714,,1.2647982,17919.22,724.6499,24019,US7nt0+2+q,com.sec.android.app.shealth,0,3ddbf031-7d67-4ca3-b32b-0d26d579a116.achievement.json,3ddbf031-7d67-4ca3-b32b-0d26d579a116,1760227200000,
63051050,6654,e6c79477-9013-4df0-b8a6-5ac5532de71c.binning_data.json,4077951,6000,63051050,15,2025-10-13 16:33:48.997,com.sec.android.app.shealth,2025-10-12 19:36:36.970,e6c79477-9013-4df0-b8a6-5ac5532de71c.source_info.json,1.2111031,4938.82,203.59999,6639,VfS0qUERdZ,com.sec.android.app.shealth,0,e6c79477-9013-4df0-b8a6-5ac5532de71c.achievement.json,e6c79477-9013-4df0-b8a6-5ac5532de71c,1760313600000,
63051050,6654,7ed82480-d8c5-47da-b18a-0734f58868ad.binning_data.json,4077951,6000,63051050,15,2025-10-13 18:30:04.708,com.sec.android.app.shealth,2025-10-13 18:30:04.708,,1.2111031,4938.82,203.59999,6639,US7nt0+2+q,com.sec.android.app.shealth,0,7ed82480-d8c5-47da-b18a-0734f58868ad.achievement.json,7ed82480-d8c5-47da-b18a-0734f58868ad,1760313600000,
63051050,5627,12345686-a9ab-4d56-833c-9da7b6ebfa7c.binning_data.json,3573444,6000,63051050,0,2025-10-14 15:55:02.052,com.sec.android.app.shealth,2025-10-14 01:57:21.597,12345686-a9ab-4d56-833c-9da7b6ebfa7c.source_info.json,1.1565562,4132.89,170.95999,5627,VfS0qUERdZ,com.sec.android.app.shealth,0,12345686-a9ab-4d56-833c-9da7b6ebfa7c.achievement.json,12345686-a9ab-4d56-833c-9da7b6ebfa7c,1760400000000,
63051050,5627,45412a42-c82a-40f8-a952-eaeac9a4fabb.binning_data.json,3573444,6000,63051050,0,2025-10-14 18:30:06.423,com.sec.android.app.shealth,2025-10-14 18:30:06.423,,1.1565562,4132.89,170.95999,5627,US7nt0+2+q,com.sec.android.app.shealth,0,45412a42-c82a-40f8-a952-eaeac9a4fabb.achievement.json,45412a42-c82a-40f8-a952-eaeac9a4fabb,1760400000000,
63051050,8431,308b0e8e-5bfc-41c9-9bbf-2590071eec7c.binning_data.json,5131891,6000,63051050,0,2025-10-15 16:58:59.690,com.sec.android.app.shealth,2025-10-15 01:31:52.338,308b0e8e-5bfc-41c9-9bbf-2590071eec7c.source_info.json,1.2200375,6261.1,256.22998,8431,VfS0qUERdZ,com.sec.android.app.shealth,0,308b0e8e-5bfc-41c9-9bbf-2590071eec7c.achievement.json,308b0e8e-5bfc-41c9-9bbf-2590071eec7c,1760486400000,
63051050,8431,df33666f-1889-4604-ac7b-b7ea7de15abb.binning_data.json,5131891,6000,63051050,0,2025-10-15 18:30:26.844,com.sec.android.app.shealth,2025-10-15 18:30:26.844,,1.2200375,6261.1,256.22998,8431,US7nt0+2+q,com.sec.android.app.shealth,0,df33666f-1889-4604-ac7b-b7ea7de15abb.achievement.json,df33666f-1889-4604-ac7b-b7ea7de15abb,1760486400000,
63051050,8943,55b82a1d-a165-4724-8ee6-438353c8f527.binning_data.json,5420531,6000,63051050,0,2025-10-16 18:09:34.883,com.sec.android.app.shealth,2025-10-16 01:44:25.067,55b82a1d-a165-4724-8ee6-438353c8f527.source_info.json,1.2255071,6642.9,271.66998,8943,VfS0qUERdZ,com.sec.android.app.shealth,0,55b82a1d-a165-4724-8ee6-438353c8f527.achievement.json,55b82a1d-a165-4724-8ee6-438353c8f527,1760572800000,
63051050,8943,62aad159-4c76-4ab5-a20a-a1689f7c817a.binning_data.json,5420531,6000,63051050,0,2025-10-16 18:30:06.930,com.sec.android.app.shealth,2025-10-16 18:30:06.930,,1.2255071,6642.9,271.66998,8943,US7nt0+2+q,com.sec.android.app.shealth,0,62aad159-4c76-4ab5-a20a-a1689f7c817a.achievement.json,62aad159-4c76-4ab5-a20a-a1689f7c817a,1760572800000,
63051050,3341,3e9ffa3b-babc-4e12-8aa7-918d826033f7.binning_data.json,1994613,6000,63051050,4,2025-10-17 18:10:43.069,com.sec.android.app.shealth,2025-10-16 21:15:04.546,3e9ffa3b-babc-4e12-8aa7-918d826033f7.source_info.json,1.2517661,2496.79,105.03,3337,VfS0qUERdZ,com.sec.android.app.shealth,0,3e9ffa3b-babc-4e12-8aa7-918d826033f7.achievement.json,3e9ffa3b-babc-4e12-8aa7-918d826033f7,1760659200000,
63051050,3341,9599f8f6-cae1-4efb-a61a-af5f84cf5e00.binning_data.json,1994613,6000,63051050,4,2025-10-17 18:30:10.058,com.sec.android.app.shealth,2025-10-17 18:30:10.058,,1.2517661,2496.79,105.03,3337,US7nt0+2+q,com.sec.android.app.shealth,0,9599f8f6-cae1-4efb-a61a-af5f84cf5e00.achievement.json,9599f8f6-cae1-4efb-a61a-af5f84cf5e00,1760659200000,
63051050,5002,318ac402-69ea-4b0e-8969-b3a9cf6377ed.binning_data.json,2930211,6000,63051050,20,2025-10-18 18:10:03.622,com.sec.android.app.shealth,2025-10-18 01:04:23.987,318ac402-69ea-4b0e-8969-b3a9cf6377ed.source_info.json,1.2836959,3761.5,158.4,4982,VfS0qUERdZ,com.sec.android.app.shealth,0,318ac402-69ea-4b0e-8969-b3a9cf6377ed.achievement.json,318ac402-69ea-4b0e-8969-b3a9cf6377ed,1760745600000,
63051050,5002,da600a29-78d4-43ac-a405-4f8fe63b0923.binning_data.json,2930211,6000,63051050,20,2025-10-18 18:30:06.147,com.sec.android.app.shealth,2025-10-18 18:30:06.147,,1.2836959,3761.5,158.4,4982,US7nt0+2+q,com.sec.android.app.shealth,0,da600a29-78d4-43ac-a405-4f8fe63b0923.achievement.json,da600a29-78d4-43ac-a405-4f8fe63b0923,1760745600000,
63051050,4124,4bea3b14-e56a-4824-b0dd-7b3740f36983.binning_data.json,2626992,6000,63051050,2,2025-10-19 17:00:26.019,com.sec.android.app.shealth,2025-10-18 18:43:16.956,4bea3b14-e56a-4824-b0dd-7b3740f36983.source_info.json,1.1591889,3045.18,129.78,4122,VfS0qUERdZ,com.sec.android.app.shealth,0,4bea3b14-e56a-4824-b0dd-7b3740f36983.achievement.json,4bea3b14-e56a-4824-b0dd-7b3740f36983,1760832000000,
63051050,4124,38ffe7e6-78ba-4f36-a817-95b69765c78c.binning_data.json,2626992,6000,63051050,2,2025-10-19 18:30:04.866,com.sec.android.app.shealth,2025-10-19 18:30:04.866,,1.1591889,3045.18,129.78,4122,US7nt0+2+q,com.sec.android.app.shealth,0,38ffe7e6-78ba-4f36-a817-95b69765c78c.achievement.json,38ffe7e6-78ba-4f36-a817-95b69765c78c,1760832000000,
63051050,5513,e1d8509e-bbc5-4a35-8c9f-44eab318e667.binning_data.json,3238478,6000,63051050,34,2025-10-20 17:52:18.046,com.sec.android.app.shealth,2025-10-20 00:22:47.533,e1d8509e-bbc5-4a35-8c9f-44eab318e667.source_info.json,1.2909335,4180.66,176.18,5479,VfS0qUERdZ,com.sec.android.app.shealth,0,e1d8509e-bbc5-4a35-8c9f-44eab318e667.achievement.json,e1d8509e-bbc5-4a35-8c9f-44eab318e667,1760918400000,
63051050,5513,55348e0c-af15-45f0-ae74-9c1bb3f31c50.binning_data.json,3238478,6000,63051050,34,2025-10-20 18:30:04.293,com.sec.android.app.shealth,2025-10-20 18:30:04.293,,1.2909335,4180.66,176.18,5479,US7nt0+2+q,com.sec.android.app.shealth,0,55348e0c-af15-45f0-ae74-9c1bb3f31c50.achievement.json,55348e0c-af15-45f0-ae74-9c1bb3f31c50,1760918400000,
63051050,5073,d11f8325-14a1-475d-80ae-5779388726ee.binning_data.json,3100290,6000,63051050,0,2025-10-21 17:25:36.425,com.sec.android.app.shealth,2025-10-20 18:37:01.639,d11f8325-14a1-475d-80ae-5779388726ee.source_info.json,1.2203469,3783.43,160.96999,5073,VfS0qUERdZ,com.sec.android.app.shealth,0,d11f8325-14a1-475d-80ae-5779388726ee.achievement.json,d11f8325-14a1-475d-80ae-5779388726ee,1761004800000,
63051050,5073,781e6a95-4710-413b-a393-4154493e429c.binning_data.json,3100290,6000,63051050,0,2025-10-21 18:30:03.736,com.sec.android.app.shealth,2025-10-21 18:30:03.736,,1.2203469,3783.43,160.96999,5073,US7nt0+2+q,com.sec.android.app.shealth,0,781e6a95-4710-413b-a393-4154493e429c.achievement.json,781e6a95-4710-413b-a393-4154493e429c,1761004800000,
63051050,9025,e8d70311-9052-4f18-925d-0f0467e31004.binning_data.json,5085621,6000,63051050,7,2025-10-22 16:43:39.731,com.sec.android.app.shealth,2025-10-21 19:05:40.292,e8d70311-9052-4f18-925d-0f0467e31004.source_info.json,1.3498901,6865.03,278.74,9018,VfS0qUERdZ,com.sec.android.app.shealth,0,e8d70311-9052-4f18-925d-0f0467e31004.achievement.json,e8d70311-9052-4f18-925d-0f0467e31004,1761091200000,
63051050,9025,65dce806-dcbf-4c75-a407-277d16dde98e.binning_data.json,5085621,6000,63051050,7,2025-10-22 18:30:04.155,com.sec.android.app.shealth,2025-10-22 18:30:04.155,,1.3498901,6865.03,278.74,9018,US7nt0+2+q,com.sec.android.app.shealth,0,65dce806-dcbf-4c75-a407-277d16dde98e.achievement.json,65dce806-dcbf-4c75-a407-277d16dde98e,1761091200000,
63051050,1117,d82d5a4f-bfc2-4aa3-b14e-e9639d524505.binning_data.json,693359,6000,63051050,3,2025-10-23 17:00:55.328,com.sec.android.app.shealth,2025-10-22 18:55:03.490,d82d5a4f-bfc2-4aa3-b14e-e9639d524505.source_info.json,1.2094312,838.57,36.32,1114,VfS0qUERdZ,com.sec.android.app.shealth,0,d82d5a4f-bfc2-4aa3-b14e-e9639d524505.achievement.json,d82d5a4f-bfc2-4aa3-b14e-e9639d524505,1761177600000,
63051050,1117,0d074d7a-77cc-486d-bbaa-4c2f2ae63578.binning_data.json,693359,6000,63051050,3,2025-10-23 18:30:15.848,com.sec.android.app.shealth,2025-10-23 18:30:15.848,,1.2094312,838.57,36.32,1114,US7nt0+2+q,com.sec.android.app.shealth,0,0d074d7a-77cc-486d-bbaa-4c2f2ae63578.achievement.json,0d074d7a-77cc-486d-bbaa-4c2f2ae63578,1761177600000,
63051050,3172,8f09e492-9c51-4a09-8e95-8bca014d2b62.binning_data.json,1967479,6000,63051050,0,2025-10-24 18:09:31.662,com.sec.android.app.shealth,2025-10-23 19:00:56.954,8f09e492-9c51-4a09-8e95-8bca014d2b62.source_info.json,1.1960633,2353.23,100.02,3172,VfS0qUERdZ,com.sec.android.app.shealth,0,8f09e492-9c51-4a09-8e95-8bca014d2b62.achievement.json,8f09e492-9c51-4a09-8e95-8bca014d2b62,1761264000000,
63051050,3172,d5b121c1-a7dc-4482-9549-f6157184674c.binning_data.json,1967479,6000,63051050,0,2025-10-24 18:30:04.066,com.sec.android.app.shealth,2025-10-24 18:30:04.066,,1.1960633,2353.23,100.02,3172,US7nt0+2+q,com.sec.android.app.shealth,0,d5b121c1-a7dc-4482-9549-f6157184674c.achievement.json,d5b121c1-a7dc-4482-9549-f6157184674c,1761264000000,
63051050,2790,e1166fce-54ac-47cf-9336-73892776b53b.binning_data.json,1568124,6000,63051050,14,2025-10-25 17:53:27.903,com.sec.android.app.shealth,2025-10-24 18:36:03.919,e1166fce-54ac-47cf-9336-73892776b53b.source_info.json,1.3572459,2128.33,89.27,2776,VfS0qUERdZ,com.sec.android.app.shealth,0,e1166fce-54ac-47cf-9336-73892776b53b.achievement.json,e1166fce-54ac-47cf-9336-73892776b53b,1761350400000,
63051050,2790,02b76b94-6df2-493b-873b-110a8deb8382.binning_data.json,1568124,6000,63051050,14,2025-10-25 18:30:05.656,com.sec.android.app.shealth,2025-10-25 18:30:05.656,,1.3572459,2128.33,89.27,2776,US7nt0+2+q,com.sec.android.app.shealth,0,02b76b94-6df2-493b-873b-110a8deb8382.achievement.json,02b76b94-6df2-493b-873b-110a8deb8382,1761350400000,
63051050,1675,e0787c9f-bb25-41f0-8d49-0aa061686fac.binning_data.json,1046984,6000,63051050,0,2025-10-26 16:02:28.790,com.sec.android.app.shealth,2025-10-25 18:39:13.126,e0787c9f-bb25-41f0-8d49-0aa061686fac.source_info.json,1.1842867,1239.9299,52.92,1675,VfS0qUERdZ,com.sec.android.app.shealth,0,e0787c9f-bb25-41f0-8d49-0aa061686fac.achievement.json,e0787c9f-bb25-41f0-8d49-0aa061686fac,1761436800000,
63051050,1675,0f4e518a-592d-4332-bb36-7ae41a17ac81.binning_data.json,1046984,6000,63051050,0,2025-10-26 18:30:03.658,com.sec.android.app.shealth,2025-10-26 18:30:03.658,,1.1842867,1239.9299,52.92,1675,US7nt0+2+q,com.sec.android.app.shealth,0,0f4e518a-592d-4332-bb36-7ae41a17ac81.achievement.json,0f4e518a-592d-4332-bb36-7ae41a17ac81,1761436800000,
63051050,7529,6e8cffd7-70d1-4158-9596-d20578c678cc.binning_data.json,4639050,6000,63051050,1,2025-10-27 14:24:05.917,com.sec.android.app.shealth,2025-10-26 23:55:07.410,6e8cffd7-70d1-4158-9596-d20578c678cc.source_info.json,1.2002089,5567.83,229.41998,7528,VfS0qUERdZ,com.sec.android.app.shealth,0,6e8cffd7-70d1-4158-9596-d20578c678cc.achievement.json,6e8cffd7-70d1-4158-9596-d20578c678cc,1761523200000,
63051050,7529,76d515ed-19b4-4455-8586-a83585ab4d23.binning_data.json,4639050,6000,63051050,1,2025-10-27 18:30:06.465,com.sec.android.app.shealth,2025-10-27 18:30:06.465,,1.2002089,5567.83,229.41998,7528,US7nt0+2+q,com.sec.android.app.shealth,0,76d515ed-19b4-4455-8586-a83585ab4d23.achievement.json,76d515ed-19b4-4455-8586-a83585ab4d23,1761523200000,
63051050,4803,84da955a-177c-4fc9-9e31-21a4f00f6779.binning_data.json,2877940,6000,63051050,0,2025-10-28 11:32:27.935,com.sec.android.app.shealth,2025-10-28 02:06:28.568,84da955a-177c-4fc9-9e31-21a4f00f6779.source_info.json,1.2431287,3577.65,145.98,4803,VfS0qUERdZ,com.sec.android.app.shealth,0,84da955a-177c-4fc9-9e31-21a4f00f6779.achievement.json,84da955a-177c-4fc9-9e31-21a4f00f6779,1761609600000,
63051050,4803,34592810-ea91-4d0f-89d1-01f77130c924.binning_data.json,2877940,6000,63051050,0,2025-10-28 18:30:05.466,com.sec.android.app.shealth,2025-10-28 18:30:05.466,,1.2431287,3577.65,145.98,4803,US7nt0+2+q,com.sec.android.app.shealth,0,34592810-ea91-4d0f-89d1-01f77130c924.achievement.json,34592810-ea91-4d0f-89d1-01f77130c924,1761609600000,
63051050,10276,1dcaba17-f635-4399-88b8-3c0be79331a4.binning_data.json,5924036,6000,63051050,0,2025-10-29 16:41:00.924,com.sec.android.app.shealth,2025-10-28 19:03:40.623,1dcaba17-f635-4399-88b8-3c0be79331a4.source_info.json,1.301486,7710.05,310.5,10276,VfS0qUERdZ,com.sec.android.app.shealth,0,1dcaba17-f635-4399-88b8-3c0be79331a4.achievement.json,1dcaba17-f635-4399-88b8-3c0be79331a4,1761696000000,
63051050,10276,82b87264-2fce-4f68-adbd-9f6b1d44db09.binning_data.json,5924036,6000,63051050,0,2025-10-29 18:30:04.936,com.sec.android.app.shealth,2025-10-29 18:30:04.936,,1.301486,7710.05,310.5,10276,US7nt0+2+q,com.sec.android.app.shealth,0,82b87264-2fce-4f68-adbd-9f6b1d44db09.achievement.json,82b87264-2fce-4f68-adbd-9f6b1d44db09,1761696000000,
63051050,6177,d1017b95-300c-4d69-a627-123147081ad3.binning_data.json,3678752,6000,63051050,0,2025-10-30 16:20:51.644,com.sec.android.app.shealth,2025-10-30 02:57:48.231,d1017b95-300c-4d69-a627-123147081ad3.source_info.json,1.2516308,4604.44,187.40997,6177,VfS0qUERdZ,com.sec.android.app.shealth,0,d1017b95-300c-4d69-a627-123147081ad3.achievement.json,d1017b95-300c-4d69-a627-123147081ad3,1761782400000,
63051050,6177,be9bcd4a-2eaa-4ce5-9929-eeec8cd260f0.binning_data.json,3678752,6000,63051050,0,2025-10-30 18:30:05.281,com.sec.android.app.shealth,2025-10-30 18:30:05.281,,1.2516308,4604.44,187.40997,6177,US7nt0+2+q,com.sec.android.app.shealth,0,be9bcd4a-2eaa-4ce5-9929-eeec8cd260f0.achievement.json,be9bcd4a-2eaa-4ce5-9929-eeec8cd260f0,1761782400000,
63051050,18821,8b9dc3b9-8951-41ca-887e-f8d5bb9b9832.binning_data.json,10695331,6000,63051050,12,2025-10-31 16:35:02.293,com.sec.android.app.shealth,2025-10-31 02:20:51.629,8b9dc3b9-8951-41ca-887e-f8d5bb9b9832.source_info.json,1.3288536,14212.53,569.1699,18809,VfS0qUERdZ,com.sec.android.app.shealth,0,8b9dc3b9-8951-41ca-887e-f8d5bb9b9832.achievement.json,8b9dc3b9-8951-41ca-887e-f8d5bb9b9832,1761868800000,
63051050,18821,2a76fdc3-2e5a-4bd6-8d01-5f56e3ee3701.binning_data.json,10695331,6000,63051050,12,2025-10-31 18:30:04.622,com.sec.android.app.shealth,2025-10-31 18:30:04.622,,1.3288536,14212.53,569.1699,18809,US7nt0+2+q,com.sec.android.app.shealth,0,2a76fdc3-2e5a-4bd6-8d01-5f56e3ee3701.achievement.json,2a76fdc3-2e5a-4bd6-8d01-5f56e3ee3701,1761868800000,
63051050,2578,0e4ef672-8c7f-4ed9-b43e-3ea33d51fcb0.binning_data.json,1584347,6000,63051050,5,2025-11-01 16:40:34.020,com.sec.android.app.shealth,2025-11-01 04:04:58.087,0e4ef672-8c7f-4ed9-b43e-3ea33d51fcb0.source_info.json,1.2084786,1914.65,79.72998,2573,VfS0qUERdZ,com.sec.android.app.shealth,0,0e4ef672-8c7f-4ed9-b43e-3ea33d51fcb0.achievement.json,0e4ef672-8c7f-4ed9-b43e-3ea33d51fcb0,1761955200000,
63051050,2578,7648d4df-07dd-4803-98e1-43710d3e6979.binning_data.json,1584347,6000,63051050,5,2025-11-01 18:30:44.320,com.sec.android.app.shealth,2025-11-01 18:30:44.320,,1.2084786,1914.65,79.72998,2573,US7nt0+2+q,com.sec.android.app.shealth,0,7648d4df-07dd-4803-98e1-43710d3e6979.achievement.json,7648d4df-07dd-4803-98e1-43710d3e6979,1761955200000,
63051050,11208,dcb7f52e-1172-405b-a6ae-4620df9e80b2.binning_data.json,6033922,6000,63051050,2058,2025-11-02 16:06:23.934,com.sec.android.app.shealth,2025-11-02 00:08:59.529,dcb7f52e-1172-405b-a6ae-4620df9e80b2.source_info.json,1.5327475,9248.48,431.00995,9150,VfS0qUERdZ,com.sec.android.app.shealth,0,dcb7f52e-1172-405b-a6ae-4620df9e80b2.achievement.json,dcb7f52e-1172-405b-a6ae-4620df9e80b2,1762041600000,
63051050,11208,0e854c1d-c782-4797-99b8-772198ca6d9f.binning_data.json,6033922,6000,63051050,2058,2025-11-02 18:30:05.375,com.sec.android.app.shealth,2025-11-02 18:30:05.375,,1.5327475,9248.48,431.00995,9150,US7nt0+2+q,com.sec.android.app.shealth,0,0e854c1d-c782-4797-99b8-772198ca6d9f.achievement.json,0e854c1d-c782-4797-99b8-772198ca6d9f,1762041600000,
63051050,8254,98eba190-4e1b-4fdd-9216-1dce2cb6cb03.binning_data.json,5136231,6000,63051050,0,2025-11-03 16:28:01.258,com.sec.android.app.shealth,2025-11-03 01:47:14.899,98eba190-4e1b-4fdd-9216-1dce2cb6cb03.source_info.json,1.1859142,6091.13,251.13998,8254,VfS0qUERdZ,com.sec.android.app.shealth,0,98eba190-4e1b-4fdd-9216-1dce2cb6cb03.achievement.json,98eba190-4e1b-4fdd-9216-1dce2cb6cb03,1762128000000,
63051050,8254,d2aeb43e-a62a-4eab-b4d7-fb23088ca19a.binning_data.json,5136231,6000,63051050,0,2025-11-03 18:30:11.496,com.sec.android.app.shealth,2025-11-03 18:30:11.496,,1.1859142,6091.13,251.13998,8254,US7nt0+2+q,com.sec.android.app.shealth,0,d2aeb43e-a62a-4eab-b4d7-fb23088ca19a.achievement.json,d2aeb43e-a62a-4eab-b4d7-fb23088ca19a,1762128000000,
63051050,6220,362d45f6-4441-454b-b54e-83ee1d58bfcf.binning_data.json,3748947,6000,63051050,0,2025-11-04 16:28:41.603,com.sec.android.app.shealth,2025-11-04 03:33:04.085,362d45f6-4441-454b-b54e-83ee1d58bfcf.source_info.json,1.2348744,4629.48,188.56,6220,VfS0qUERdZ,com.sec.android.app.shealth,0,362d45f6-4441-454b-b54e-83ee1d58bfcf.achievement.json,362d45f6-4441-454b-b54e-83ee1d58bfcf,1762214400000,
63051050,6220,1d216340-2683-4257-ad48-25c4ff73e4c3.binning_data.json,3748947,6000,63051050,0,2025-11-04 18:30:05.183,com.sec.android.app.shealth,2025-11-04 18:30:05.183,,1.2348744,4629.48,188.56,6220,US7nt0+2+q,com.sec.android.app.shealth,0,1d216340-2683-4257-ad48-25c4ff73e4c3.achievement.json,1d216340-2683-4257-ad48-25c4ff73e4c3,1762214400000,
63051050,11483,4100b20e-c06c-4692-b463-bb5a9d248ddb.binning_data.json,6851512,6000,63051050,0,2025-11-05 13:09:53.846,com.sec.android.app.shealth,2025-11-04 18:52:05.431,4100b20e-c06c-4692-b463-bb5a9d248ddb.source_info.json,1.2501868,8565.67,348.09995,11483,VfS0qUERdZ,com.sec.android.app.shealth,0,4100b20e-c06c-4692-b463-bb5a9d248ddb.achievement.json,4100b20e-c06c-4692-b463-bb5a9d248ddb,1762300800000,
63051050,11483,744eaa5a-1647-4abd-8a87-18931143baa9.binning_data.json,6851512,6000,63051050,0,2025-11-05 18:30:04.077,com.sec.android.app.shealth,2025-11-05 18:30:04.077,,1.2501868,8565.67,348.09995,11483,US7nt0+2+q,com.sec.android.app.shealth,0,744eaa5a-1647-4abd-8a87-18931143baa9.achievement.json,744eaa5a-1647-4abd-8a87-18931143baa9,1762300800000,
63051050,13970,939acee7-bbee-46d5-9c8e-edf482801ce2.binning_data.json,7838203,6000,63051050,1775,2025-11-06 16:24:39.616,com.sec.android.app.shealth,2025-11-06 00:41:12.228,939acee7-bbee-46d5-9c8e-edf482801ce2.source_info.json,1.4127485,11073.41,494.56998,12195,VfS0qUERdZ,com.sec.android.app.shealth,0,939acee7-bbee-46d5-9c8e-edf482801ce2.achievement.json,939acee7-bbee-46d5-9c8e-edf482801ce2,1762387200000,
63051050,13970,e26ed504-759f-4389-85e9-690301233b10.binning_data.json,7838203,6000,63051050,1775,2025-11-06 18:30:10.956,com.sec.android.app.shealth,2025-11-06 18:30:10.956,,1.4127485,11073.41,494.56998,12195,US7nt0+2+q,com.sec.android.app.shealth,0,e26ed504-759f-4389-85e9-690301233b10.achievement.json,e26ed504-759f-4389-85e9-690301233b10,1762387200000,
63051050,15641,e9e79c59-74ad-4dce-b08c-23c3606184ba.binning_data.json,8308291,6000,63051050,2973,2025-11-07 15:31:50.261,com.sec.android.app.shealth,2025-11-07 01:09:07.863,e9e79c59-74ad-4dce-b08c-23c3606184ba.source_info.json,1.553453,12906.54,598.08997,12668,VfS0qUERdZ,com.sec.android.app.shealth,0,e9e79c59-74ad-4dce-b08c-23c3606184ba.achievement.json,e9e79c59-74ad-4dce-b08c-23c3606184ba,1762473600000,
63051050,15641,7efd270c-f83e-44a3-802c-988f20f42f8a.binning_data.json,8308291,6000,63051050,2973,2025-11-07 18:30:04.183,com.sec.android.app.shealth,2025-11-07 18:30:04.183,,1.553453,12906.54,598.08997,12668,US7nt0+2+q,com.sec.android.app.shealth,0,7efd270c-f83e-44a3-802c-988f20f42f8a.achievement.json,7efd270c-f83e-44a3-802c-988f20f42f8a,1762473600000,
63051050,3217,36ff3155-7521-466a-8210-7203d92ae701.binning_data.json,1815920,6000,63051050,0,2025-11-08 16:38:28.009,com.sec.android.app.shealth,2025-11-08 03:33:18.580,36ff3155-7521-466a-8210-7203d92ae701.source_info.json,1.3395464,2432.51,97.52999,3217,VfS0qUERdZ,com.sec.android.app.shealth,0,36ff3155-7521-466a-8210-7203d92ae701.achievement.json,36ff3155-7521-466a-8210-7203d92ae701,1762560000000,
63051050,3217,27a10f6f-08a6-4558-be3d-c2bbe649f723.binning_data.json,1815920,6000,63051050,0,2025-11-08 18:30:12.217,com.sec.android.app.shealth,2025-11-08 18:30:12.217,,1.3395464,2432.51,97.52999,3217,US7nt0+2+q,com.sec.android.app.shealth,0,27a10f6f-08a6-4558-be3d-c2bbe649f723.achievement.json,27a10f6f-08a6-4558-be3d-c2bbe649f723,1762560000000,
63051050,11890,7cd32f9a-f209-4d2a-a0ef-d6611b1c385d.binning_data.json,6444395,6000,63051050,1099,2025-11-09 15:52:11.266,com.sec.android.app.shealth,2025-11-09 01:37:57.549,7cd32f9a-f209-4d2a-a0ef-d6611b1c385d.source_info.json,1.4577768,9394.49,402.73996,10791,VfS0qUERdZ,com.sec.android.app.shealth,0,7cd32f9a-f209-4d2a-a0ef-d6611b1c385d.achievement.json,7cd32f9a-f209-4d2a-a0ef-d6611b1c385d,1762646400000,
63051050,11890,0d0d015a-06c8-47db-8b23-f096c276a6a3.binning_data.json,6444395,6000,63051050,1099,2025-11-09 18:30:05.183,com.sec.android.app.shealth,2025-11-09 18:30:05.183,,1.4577768,9394.49,402.73996,10791,US7nt0+2+q,com.sec.android.app.shealth,0,0d0d015a-06c8-47db-8b23-f096c276a6a3.achievement.json,0d0d015a-06c8-47db-8b23-f096c276a6a3,1762646400000,
63051050,10080,d0f18cd6-6da5-4c7e-9297-b4ea13ce743e.binning_data.json,5701972,6000,63051050,1016,2025-11-10 15:03:07.942,com.sec.android.app.shealth,2025-11-10 01:27:54.005,d0f18cd6-6da5-4c7e-9297-b4ea13ce743e.source_info.json,1.4356506,8186.04,365.55,9064,VfS0qUERdZ,com.sec.android.app.shealth,0,d0f18cd6-6da5-4c7e-9297-b4ea13ce743e.achievement.json,d0f18cd6-6da5-4c7e-9297-b4ea13ce743e,1762732800000,
63051050,10080,ae352c47-0b29-45a7-a7fe-05067b9d5457.binning_data.json,5701972,6000,63051050,1016,2025-11-10 18:30:09.430,com.sec.android.app.shealth,2025-11-10 18:30:09.430,,1.4356506,8186.04,365.55,9064,US7nt0+2+q,com.sec.android.app.shealth,0,ae352c47-0b29-45a7-a7fe-05067b9d5457.achievement.json,ae352c47-0b29-45a7-a7fe-05067b9d5457,1762732800000,
63051050,5340,a1c2c0f8-5853-4c89-b7e3-6789fc415701.binning_data.json,3221285,6000,63051050,0,2025-11-11 18:19:33.168,com.sec.android.app.shealth,2025-11-11 03:29:23.055,a1c2c0f8-5853-4c89-b7e3-6789fc415701.source_info.json,1.2323433,3969.73,162.55998,5340,VfS0qUERdZ,com.sec.android.app.shealth,0,a1c2c0f8-5853-4c89-b7e3-6789fc415701.achievement.json,a1c2c0f8-5853-4c89-b7e3-6789fc415701,1762819200000,
63051050,5340,027891ed-af02-4f84-93d1-a54944608606.binning_data.json,3221285,6000,63051050,0,2025-11-11 18:30:04.357,com.sec.android.app.shealth,2025-11-11 18:30:04.357,,1.2323433,3969.73,162.55998,5340,US7nt0+2+q,com.sec.android.app.shealth,0,027891ed-af02-4f84-93d1-a54944608606.achievement.json,027891ed-af02-4f84-93d1-a54944608606,1762819200000,
63051050,8284,2c0a90c4-3d62-4a0e-9dc8-86052497d1c4.binning_data.json,4914411,6000,63051050,0,2025-11-12 13:07:29.762,com.sec.android.app.shealth,2025-11-12 02:47:37.472,2c0a90c4-3d62-4a0e-9dc8-86052497d1c4.source_info.json,1.258403,6184.31,251.53998,8284,VfS0qUERdZ,com.sec.android.app.shealth,0,2c0a90c4-3d62-4a0e-9dc8-86052497d1c4.achievement.json,2c0a90c4-3d62-4a0e-9dc8-86052497d1c4,1762905600000,
63051050,8284,e9bef892-6c01-4b67-85d8-34384f490f58.binning_data.json,4914411,6000,63051050,0,2025-11-12 18:30:09.817,com.sec.android.app.shealth,2025-11-12 18:30:09.817,,1.258403,6184.31,251.53998,8284,US7nt0+2+q,com.sec.android.app.shealth,0,e9bef892-6c01-4b67-85d8-34384f490f58.achievement.json,e9bef892-6c01-4b67-85d8-34384f490f58,1762905600000,
63051050,6405,e8a11077-7d40-4d88-b625-f9a517a0962e.binning_data.json,3858614,6000,63051050,1,2025-11-13 13:03:17.328,com.sec.android.app.shealth,2025-11-13 03:05:34.146,e8a11077-7d40-4d88-b625-f9a517a0962e.source_info.json,1.2347047,4764.25,195.12999,6404,VfS0qUERdZ,com.sec.android.app.shealth,0,e8a11077-7d40-4d88-b625-f9a517a0962e.achievement.json,e8a11077-7d40-4d88-b625-f9a517a0962e,1762992000000,
63051050,6405,de197932-b4a2-4e37-99a7-33e06c91cb38.binning_data.json,3858614,6000,63051050,1,2025-11-13 18:30:04.749,com.sec.android.app.shealth,2025-11-13 18:30:04.749,,1.2347047,4764.25,195.12999,6404,US7nt0+2+q,com.sec.android.app.shealth,0,de197932-b4a2-4e37-99a7-33e06c91cb38.achievement.json,de197932-b4a2-4e37-99a7-33e06c91cb38,1762992000000,
63060070,7469,49d1e8c9-a5a2-419a-b9c4-5f7f488d0f5e.binning_data.json,4511042,6000,63060070,0,2025-11-14 18:22:25.025,com.sec.android.app.shealth,2025-11-14 02:34:46.428,49d1e8c9-a5a2-419a-b9c4-5f7f488d0f5e.source_info.json,1.2314539,5555.1396,227.10999,7469,VfS0qUERdZ,com.sec.android.app.shealth,0,49d1e8c9-a5a2-419a-b9c4-5f7f488d0f5e.achievement.json,49d1e8c9-a5a2-419a-b9c4-5f7f488d0f5e,1763078400000,
63060070,7469,f6036281-4de9-4f5d-a04f-8796026ac2dc.binning_data.json,4511042,6000,63060070,0,2025-11-14 18:30:03.931,com.sec.android.app.shealth,2025-11-14 18:30:03.931,,1.2314539,5555.1396,227.10999,7469,US7nt0+2+q,com.sec.android.app.shealth,0,f6036281-4de9-4f5d-a04f-8796026ac2dc.achievement.json,f6036281-4de9-4f5d-a04f-8796026ac2dc,1763078400000,
63060070,6039,9f7c3bd4-cd70-4368-8480-4acba06f9294.binning_data.json,3545143,6000,63060070,30,2025-11-15 17:28:09.819,com.sec.android.app.shealth,2025-11-15 04:15:11.909,9f7c3bd4-cd70-4368-8480-4acba06f9294.source_info.json,1.2797056,4536.74,186.80998,6009,VfS0qUERdZ,com.sec.android.app.shealth,0,9f7c3bd4-cd70-4368-8480-4acba06f9294.achievement.json,9f7c3bd4-cd70-4368-8480-4acba06f9294,1763164800000,
63060070,6039,f54c2fb8-1796-40eb-9e41-65a386153c38.binning_data.json,3545143,6000,63060070,30,2025-11-15 18:30:04.933,com.sec.android.app.shealth,2025-11-15 18:30:04.933,,1.2797056,4536.74,186.80998,6009,US7nt0+2+q,com.sec.android.app.shealth,0,f54c2fb8-1796-40eb-9e41-65a386153c38.achievement.json,f54c2fb8-1796-40eb-9e41-65a386153c38,1763164800000,
63060070,6376,ab2d2946-3304-4acb-8497-04aa60b39dd0.binning_data.json,3716196,6000,63060070,20,2025-11-16 13:35:02.847,com.sec.android.app.shealth,2025-11-16 02:51:09.340,ab2d2946-3304-4acb-8497-04aa60b39dd0.source_info.json,1.2886373,4788.83,193.97997,6356,VfS0qUERdZ,com.sec.android.app.shealth,0,ab2d2946-3304-4acb-8497-04aa60b39dd0.achievement.json,ab2d2946-3304-4acb-8497-04aa60b39dd0,1763251200000,
63060070,6376,88ce870a-a133-4c36-b25d-6a56c02205a4.binning_data.json,3716196,6000,63060070,20,2025-11-16 18:30:03.293,com.sec.android.app.shealth,2025-11-16 18:30:03.293,,1.2886373,4788.83,193.97997,6356,US7nt0+2+q,com.sec.android.app.shealth,0,88ce870a-a133-4c36-b25d-6a56c02205a4.achievement.json,88ce870a-a133-4c36-b25d-6a56c02205a4,1763251200000,
63060070,6322,3ef7260e-ee03-4813-a21b-4bcabb907e5f.binning_data.json,3867493,6000,63060070,0,2025-11-17 14:28:49.772,com.sec.android.app.shealth,2025-11-17 03:03:28.994,3ef7260e-ee03-4813-a21b-4bcabb907e5f.source_info.json,1.2109782,4683.45,192.4,6322,VfS0qUERdZ,com.sec.android.app.shealth,0,3ef7260e-ee03-4813-a21b-4bcabb907e5f.achievement.json,3ef7260e-ee03-4813-a21b-4bcabb907e5f,1763337600000,
63060070,6322,73b24ece-45a8-4b4f-a1b6-17253b89a527.binning_data.json,3867493,6000,63060070,0,2025-11-17 18:30:08.962,com.sec.android.app.shealth,2025-11-17 18:30:08.962,,1.2109782,4683.45,192.4,6322,US7nt0+2+q,com.sec.android.app.shealth,0,73b24ece-45a8-4b4f-a1b6-17253b89a527.achievement.json,73b24ece-45a8-4b4f-a1b6-17253b89a527,1763337600000,
63060070,4587,b727f67e-9114-418b-9f7d-87204fdb3a95.binning_data.json,2722444,6000,63060070,0,2025-11-18 18:06:04.177,com.sec.android.app.shealth,2025-11-18 03:35:02.543,b727f67e-9114-418b-9f7d-87204fdb3a95.source_info.json,1.255868,3419.03,139.10999,4587,VfS0qUERdZ,com.sec.android.app.shealth,0,b727f67e-9114-418b-9f7d-87204fdb3a95.achievement.json,b727f67e-9114-418b-9f7d-87204fdb3a95,1763424000000,
63060070,4587,e2444016-a7ec-4092-b16b-32102626d701.binning_data.json,2722444,6000,63060070,0,2025-11-18 18:30:04.120,com.sec.android.app.shealth,2025-11-18 18:30:04.120,,1.255868,3419.03,139.10999,4587,US7nt0+2+q,com.sec.android.app.shealth,0,e2444016-a7ec-4092-b16b-32102626d701.achievement.json,e2444016-a7ec-4092-b16b-32102626d701,1763424000000,
63060070,12398,03f56fcd-957e-43df-92c7-3845951f8157.binning_data.json,7314602,6000,63060070,0,2025-11-19 18:15:01.692,com.sec.android.app.shealth,2025-11-19 02:33:01.680,03f56fcd-957e-43df-92c7-3845951f8157.source_info.json,1.2680662,9275.4,376.36996,12398,VfS0qUERdZ,com.sec.android.app.shealth,0,03f56fcd-957e-43df-92c7-3845951f8157.achievement.json,03f56fcd-957e-43df-92c7-3845951f8157,1763510400000,
63060070,12398,f94f08af-5115-4bc5-abd6-595f66f59f7e.binning_data.json,7314602,6000,63060070,0,2025-11-19 18:30:06.283,com.sec.android.app.shealth,2025-11-19 18:30:06.283,,1.2680662,9275.4,376.36996,12398,US7nt0+2+q,com.sec.android.app.shealth,0,f94f08af-5115-4bc5-abd6-595f66f59f7e.achievement.json,f94f08af-5115-4bc5-abd6-595f66f59f7e,1763510400000,
63060070,4159,145cc2ee-c7db-4e86-8b4a-53f03f1dfa85.binning_data.json,2585551,6000,63060070,3,2025-11-20 17:16:27.903,com.sec.android.app.shealth,2025-11-19 19:35:03.978,145cc2ee-c7db-4e86-8b4a-53f03f1dfa85.source_info.json,1.1912277,3079.98,130.87,4156,VfS0qUERdZ,com.sec.android.app.shealth,0,145cc2ee-c7db-4e86-8b4a-53f03f1dfa85.achievement.json,145cc2ee-c7db-4e86-8b4a-53f03f1dfa85,1763596800000,
63060070,4159,d2a7554b-0de1-4f7d-b9bf-0afd9ee0bf8e.binning_data.json,2585551,6000,63060070,3,2025-11-20 18:30:07.883,com.sec.android.app.shealth,2025-11-20 18:30:07.883,,1.1912277,3079.98,130.87,4156,US7nt0+2+q,com.sec.android.app.shealth,0,d2a7554b-0de1-4f7d-b9bf-0afd9ee0bf8e.achievement.json,d2a7554b-0de1-4f7d-b9bf-0afd9ee0bf8e,1763596800000,
63060070,832,166b9054-c4c3-43e1-89b9-7464492c5f45.binning_data.json,485294,6000,63060070,4,2025-11-21 17:19:06.314,com.sec.android.app.shealth,2025-11-21 01:57:05.302,166b9054-c4c3-43e1-89b9-7464492c5f45.source_info.json,1.295214,628.56,26.31,828,VfS0qUERdZ,com.sec.android.app.shealth,0,166b9054-c4c3-43e1-89b9-7464492c5f45.achievement.json,166b9054-c4c3-43e1-89b9-7464492c5f45,1763683200000,
63060070,832,fb4fad16-01d8-4171-b053-f375659dee2f.binning_data.json,485294,6000,63060070,4,2025-11-21 18:30:04.290,com.sec.android.app.shealth,2025-11-21 18:30:04.290,,1.295214,628.56,26.31,828,US7nt0+2+q,com.sec.android.app.shealth,0,fb4fad16-01d8-4171-b053-f375659dee2f.achievement.json,fb4fad16-01d8-4171-b053-f375659dee2f,1763683200000,
63060070,7664,b15a38fb-412e-436b-82fa-a2b7f04705e4.binning_data.json,4425294,6000,63060070,21,2025-11-22 17:13:29.014,com.sec.android.app.shealth,2025-11-21 19:43:17.801,b15a38fb-412e-436b-82fa-a2b7f04705e4.source_info.json,1.3070428,5784.05,237.36998,7643,VfS0qUERdZ,com.sec.android.app.shealth,0,b15a38fb-412e-436b-82fa-a2b7f04705e4.achievement.json,b15a38fb-412e-436b-82fa-a2b7f04705e4,1763769600000,
63060070,7664,0b565322-5ae6-4d08-a32f-9ad6a85c7465.binning_data.json,4425294,6000,63060070,21,2025-11-22 18:30:03.831,com.sec.android.app.shealth,2025-11-22 18:30:03.831,,1.3070428,5784.05,237.36998,7643,US7nt0+2+q,com.sec.android.app.shealth,0,0b565322-5ae6-4d08-a32f-9ad6a85c7465.achievement.json,0b565322-5ae6-4d08-a32f-9ad6a85c7465,1763769600000,
63060070,8865,933979f9-6ee7-4497-b234-ae95547a8671.binning_data.json,5077764,6000,63060070,2,2025-11-23 17:00:15.234,com.sec.android.app.shealth,2025-11-23 02:26:47.501,933979f9-6ee7-4497-b234-ae95547a8671.source_info.json,1.3183203,6694.1196,271.43997,8863,VfS0qUERdZ,com.sec.android.app.shealth,0,933979f9-6ee7-4497-b234-ae95547a8671.achievement.json,933979f9-6ee7-4497-b234-ae95547a8671,1763856000000,
63060070,8865,d0292845-a80e-4b12-9cf0-ed9477f2d753.binning_data.json,5077764,6000,63060070,2,2025-11-23 18:30:04.148,com.sec.android.app.shealth,2025-11-23 18:30:04.148,,1.3183203,6694.1196,271.43997,8863,US7nt0+2+q,com.sec.android.app.shealth,0,d0292845-a80e-4b12-9cf0-ed9477f2d753.achievement.json,d0292845-a80e-4b12-9cf0-ed9477f2d753,1763856000000,
63060070,6190,ca4de105-6611-4c30-8eb6-cfad7a12de1e.binning_data.json,3573167,6000,63060070,2,2025-11-24 16:27:15.143,com.sec.android.app.shealth,2025-11-24 02:10:13.249,ca4de105-6611-4c30-8eb6-cfad7a12de1e.source_info.json,1.3016994,4651.19,188.44998,6188,VfS0qUERdZ,com.sec.android.app.shealth,0,ca4de105-6611-4c30-8eb6-cfad7a12de1e.achievement.json,ca4de105-6611-4c30-8eb6-cfad7a12de1e,1763942400000,
63060070,6190,745db9a3-e53f-4a5c-baf2-f8a08f91d766.binning_data.json,3573167,6000,63060070,2,2025-11-24 18:30:04.044,com.sec.android.app.shealth,2025-11-24 18:30:04.044,,1.3016994,4651.19,188.44998,6188,US7nt0+2+q,com.sec.android.app.shealth,0,745db9a3-e53f-4a5c-baf2-f8a08f91d766.achievement.json,745db9a3-e53f-4a5c-baf2-f8a08f91d766,1763942400000,
63060070,7012,8251477d-107c-4337-8fd8-7c78fd356d58.binning_data.json,4141300,6000,63060070,1,2025-11-25 17:22:21.256,com.sec.android.app.shealth,2025-11-25 02:15:02.650,8251477d-107c-4337-8fd8-7c78fd356d58.source_info.json,1.2673361,5248.42,215.16995,7011,VfS0qUERdZ,com.sec.android.app.shealth,0,8251477d-107c-4337-8fd8-7c78fd356d58.achievement.json,8251477d-107c-4337-8fd8-7c78fd356d58,1764028800000,
63060070,7012,3bfd3432-54a7-4d67-b809-1f3fbcbeb226.binning_data.json,4141300,6000,63060070,1,2025-11-25 18:30:05.026,com.sec.android.app.shealth,2025-11-25 18:30:05.026,,1.2673361,5248.42,215.16995,7011,US7nt0+2+q,com.sec.android.app.shealth,0,3bfd3432-54a7-4d67-b809-1f3fbcbeb226.achievement.json,3bfd3432-54a7-4d67-b809-1f3fbcbeb226,1764028800000,
63060070,9672,36dd0930-195e-4d32-933d-d76598e258b7.binning_data.json,5764638,6000,63060070,0,2025-11-26 17:02:19.715,com.sec.android.app.shealth,2025-11-26 00:14:43.034,36dd0930-195e-4d32-933d-d76598e258b7.source_info.json,1.2505848,7209.17,294.93997,9672,VfS0qUERdZ,com.sec.android.app.shealth,0,36dd0930-195e-4d32-933d-d76598e258b7.achievement.json,36dd0930-195e-4d32-933d-d76598e258b7,1764115200000,
63060070,9672,58cc5669-3502-401d-9826-7507da106337.binning_data.json,5764638,6000,63060070,0,2025-11-26 18:30:04.806,com.sec.android.app.shealth,2025-11-26 18:30:04.806,,1.2505848,7209.17,294.93997,9672,US7nt0+2+q,com.sec.android.app.shealth,0,58cc5669-3502-401d-9826-7507da106337.achievement.json,58cc5669-3502-401d-9826-7507da106337,1764115200000,
63060070,3614,9e13a2e5-d244-4a4e-910a-4e7e06bed4b1.binning_data.json,2209891,6000,63060070,10,2025-11-27 17:36:44.934,com.sec.android.app.shealth,2025-11-27 02:23:07.582,9e13a2e5-d244-4a4e-910a-4e7e06bed4b1.source_info.json,1.2232453,2703.24,114.67999,3604,VfS0qUERdZ,com.sec.android.app.shealth,0,9e13a2e5-d244-4a4e-910a-4e7e06bed4b1.achievement.json,9e13a2e5-d244-4a4e-910a-4e7e06bed4b1,1764201600000,
63060070,3614,7d1c7ae6-cd9c-4979-aa3f-f15a417ed30e.binning_data.json,2209891,6000,63060070,10,2025-11-27 18:30:04.077,com.sec.android.app.shealth,2025-11-27 18:30:04.077,,1.2232453,2703.24,114.67999,3604,US7nt0+2+q,com.sec.android.app.shealth,0,7d1c7ae6-cd9c-4979-aa3f-f15a417ed30e.achievement.json,7d1c7ae6-cd9c-4979-aa3f-f15a417ed30e,1764201600000,
63060070,3749,2774ed26-6cf9-4c64-8d97-13951f921571.binning_data.json,2293495,6000,63060070,0,2025-11-28 17:24:06.631,com.sec.android.app.shealth,2025-11-28 02:20:14.746,2774ed26-6cf9-4c64-8d97-13951f921571.source_info.json,1.2146963,2785.9,118.049995,3749,VfS0qUERdZ,com.sec.android.app.shealth,0,2774ed26-6cf9-4c64-8d97-13951f921571.achievement.json,2774ed26-6cf9-4c64-8d97-13951f921571,1764288000000,
63060070,3749,034d9328-68c4-4008-98ed-81c8ec0f1ced.binning_data.json,2293495,6000,63060070,0,2025-11-28 18:30:06.584,com.sec.android.app.shealth,2025-11-28 18:30:06.584,,1.2146963,2785.9,118.049995,3749,US7nt0+2+q,com.sec.android.app.shealth,0,034d9328-68c4-4008-98ed-81c8ec0f1ced.achievement.json,034d9328-68c4-4008-98ed-81c8ec0f1ced,1764288000000,
63060070,3198,7838b57e-4fb5-4e4c-b13f-9f011f5e5f5e.binning_data.json,1995679,6000,63060070,0,2025-11-29 18:30:04.646,com.sec.android.app.shealth,2025-11-28 19:47:20.124,7838b57e-4fb5-4e4c-b13f-9f011f5e5f5e.source_info.json,1.1902816,2375.42,101.74999,3198,VfS0qUERdZ,com.sec.android.app.shealth,0,7838b57e-4fb5-4e4c-b13f-9f011f5e5f5e.achievement.json,7838b57e-4fb5-4e4c-b13f-9f011f5e5f5e,1764374400000,
63060070,3198,14b65101-169e-4799-9ad1-7229d57a79c6.binning_data.json,1995679,6000,63060070,0,2025-11-29 18:30:03.135,com.sec.android.app.shealth,2025-11-29 18:30:03.135,,1.1902816,2375.42,101.74999,3198,US7nt0+2+q,com.sec.android.app.shealth,0,14b65101-169e-4799-9ad1-7229d57a79c6.achievement.json,14b65101-169e-4799-9ad1-7229d57a79c6,1764374400000,
63060070,7549,44a4f2ec-8b56-430f-904a-c002fc2b7d2f.binning_data.json,4614482,6000,63060070,1,2025-11-30 18:00:19.128,com.sec.android.app.shealth,2025-11-29 18:30:07.710,44a4f2ec-8b56-430f-904a-c002fc2b7d2f.source_info.json,1.2182621,5621.65,234.49997,7548,VfS0qUERdZ,com.sec.android.app.shealth,0,44a4f2ec-8b56-430f-904a-c002fc2b7d2f.achievement.json,44a4f2ec-8b56-430f-904a-c002fc2b7d2f,1764460800000,
63060070,7549,8ef97e25-9043-4b99-b8b2-bcbed6cfefe4.binning_data.json,4614482,6000,63060070,1,2025-11-30 18:30:04.233,com.sec.android.app.shealth,2025-11-30 18:30:04.233,,1.2182621,5621.65,234.49997,7548,US7nt0+2+q,com.sec.android.app.shealth,0,8ef97e25-9043-4b99-b8b2-bcbed6cfefe4.achievement.json,8ef97e25-9043-4b99-b8b2-bcbed6cfefe4,1764460800000,
63060070,5211,d913d962-371a-4573-84e5-f7f0b2c8433f.binning_data.json,3022194,6000,63060070,0,2025-12-01 16:32:08.501,com.sec.android.app.shealth,2025-11-30 18:39:24.077,d913d962-371a-4573-84e5-f7f0b2c8433f.source_info.json,1.293739,3909.93,157.97997,5211,VfS0qUERdZ,com.sec.android.app.shealth,0,d913d962-371a-4573-84e5-f7f0b2c8433f.achievement.json,d913d962-371a-4573-84e5-f7f0b2c8433f,1764547200000,
63060070,5211,c109e55e-ee6f-4df3-93a2-affa2116c6c3.binning_data.json,3022194,6000,63060070,0,2025-12-01 18:30:03.687,com.sec.android.app.shealth,2025-12-01 18:30:03.687,,1.293739,3909.93,157.97997,5211,US7nt0+2+q,com.sec.android.app.shealth,0,c109e55e-ee6f-4df3-93a2-affa2116c6c3.achievement.json,c109e55e-ee6f-4df3-93a2-affa2116c6c3,1764547200000,
63060070,418,705c1a1e-31c1-4834-8adc-9c1ae63c2e22.binning_data.json,241051,6000,63060070,0,2025-12-02 18:16:56.430,com.sec.android.app.shealth,2025-12-01 18:57:25.725,705c1a1e-31c1-4834-8adc-9c1ae63c2e22.source_info.json,1.3024192,313.94998,12.99,418,VfS0qUERdZ,com.sec.android.app.shealth,0,705c1a1e-31c1-4834-8adc-9c1ae63c2e22.achievement.json,705c1a1e-31c1-4834-8adc-9c1ae63c2e22,1764633600000,
63060070,418,6b6fa810-ab0b-4153-87ea-f50523271b5c.binning_data.json,241051,6000,63060070,0,2025-12-02 18:30:03.639,com.sec.android.app.shealth,2025-12-02 18:30:03.639,,1.3024192,313.94998,12.99,418,US7nt0+2+q,com.sec.android.app.shealth,0,6b6fa810-ab0b-4153-87ea-f50523271b5c.achievement.json,6b6fa810-ab0b-4153-87ea-f50523271b5c,1764633600000,
63060070,5708,aaa999fb-74a5-4834-ac3c-e51a097f10f0.binning_data.json,3535569,6000,63060070,0,2025-12-03 14:40:21.863,com.sec.android.app.shealth,2025-12-02 18:36:54.983,aaa999fb-74a5-4834-ac3c-e51a097f10f0.source_info.json,1.1961299,4229.0,174.48,5708,VfS0qUERdZ,com.sec.android.app.shealth,0,aaa999fb-74a5-4834-ac3c-e51a097f10f0.achievement.json,aaa999fb-74a5-4834-ac3c-e51a097f10f0,1764720000000,
63060070,5708,52596156-3235-44bc-b712-806274b827a1.binning_data.json,3535569,6000,63060070,0,2025-12-03 18:30:04.766,com.sec.android.app.shealth,2025-12-03 18:30:04.766,,1.1961299,4229.0,174.48,5708,US7nt0+2+q,com.sec.android.app.shealth,0,52596156-3235-44bc-b712-806274b827a1.achievement.json,52596156-3235-44bc-b712-806274b827a1,1764720000000,
63060070,257,66bc8e1c-fa9b-41cd-bce5-6fc8dc56e948.binning_data.json,143659,6000,63060070,0,2025-12-04 13:54:18.276,com.sec.android.app.shealth,2025-12-04 07:47:57.336,66bc8e1c-fa9b-41cd-bce5-6fc8dc56e948.source_info.json,1.3541741,194.54001,7.8199997,257,VfS0qUERdZ,com.sec.android.app.shealth,0,66bc8e1c-fa9b-41cd-bce5-6fc8dc56e948.achievement.json,66bc8e1c-fa9b-41cd-bce5-6fc8dc56e948,1764806400000,
63060070,257,90eae54e-92d7-49c8-9ef1-931da9ffc631.binning_data.json,143659,6000,63060070,0,2025-12-04 18:30:03.790,com.sec.android.app.shealth,2025-12-04 18:30:03.790,,1.3541741,194.54001,7.8199997,257,US7nt0+2+q,com.sec.android.app.shealth,0,90eae54e-92d7-49c8-9ef1-931da9ffc631.achievement.json,90eae54e-92d7-49c8-9ef1-931da9ffc631,1764806400000,
63060070,16322,47bcd8ca-c7ef-4463-ae2a-b7affbbf72b9.binning_data.json,9317759,6000,63060070,340,2025-12-05 17:42:40.570,com.sec.android.app.shealth,2025-12-05 03:58:45.437,47bcd8ca-c7ef-4463-ae2a-b7affbbf72b9.source_info.json,1.3380953,12468.05,513.98,15982,VfS0qUERdZ,com.sec.android.app.shealth,0,47bcd8ca-c7ef-4463-ae2a-b7affbbf72b9.achievement.json,47bcd8ca-c7ef-4463-ae2a-b7affbbf72b9,1764892800000,
63060070,16322,4604357e-c034-409a-ab63-bb94fc2908c7.binning_data.json,9317759,6000,63060070,340,2025-12-05 18:30:03.789,com.sec.android.app.shealth,2025-12-05 18:30:03.789,,1.3380953,12468.05,513.98,15982,US7nt0+2+q,com.sec.android.app.shealth,0,4604357e-c034-409a-ab63-bb94fc2908c7.achievement.json,4604357e-c034-409a-ab63-bb94fc2908c7,1764892800000,
63060070,8123,61c40b5f-84c8-4c69-a966-0b0f98666e9b.binning_data.json,4650655,6000,63060070,67,2025-12-06 17:42:07.319,com.sec.android.app.shealth,2025-12-05 19:36:38.557,61c40b5f-84c8-4c69-a966-0b0f98666e9b.source_info.json,1.3276796,6174.58,253.43999,8056,VfS0qUERdZ,com.sec.android.app.shealth,0,61c40b5f-84c8-4c69-a966-0b0f98666e9b.achievement.json,61c40b5f-84c8-4c69-a966-0b0f98666e9b,1764979200000,
63060070,8123,95aa0242-be27-4e87-82e9-9f4634d342d9.binning_data.json,4650655,6000,63060070,67,2025-12-06 18:30:06.573,com.sec.android.app.shealth,2025-12-06 18:30:06.573,,1.3276796,6174.58,253.43999,8056,US7nt0+2+q,com.sec.android.app.shealth,0,95aa0242-be27-4e87-82e9-9f4634d342d9.achievement.json,95aa0242-be27-4e87-82e9-9f4634d342d9,1764979200000,
63060070,555,caa3c03a-ef02-41ec-979b-3aa064a6d599.binning_data.json,302802,6000,63060070,0,2025-12-07 15:55:14.896,com.sec.android.app.shealth,2025-12-07 01:22:51.984,caa3c03a-ef02-41ec-979b-3aa064a6d599.source_info.json,1.3962559,422.79,17.23,555,VfS0qUERdZ,com.sec.android.app.shealth,0,caa3c03a-ef02-41ec-979b-3aa064a6d599.achievement.json,caa3c03a-ef02-41ec-979b-3aa064a6d599,1765065600000,
63060070,555,b2b95c57-6c93-4f8c-9896-51191ecd987b.binning_data.json,302802,6000,63060070,0,2025-12-07 18:30:04.147,com.sec.android.app.shealth,2025-12-07 18:30:04.147,,1.3962559,422.79,17.23,555,US7nt0+2+q,com.sec.android.app.shealth,0,b2b95c57-6c93-4f8c-9896-51191ecd987b.achievement.json,b2b95c57-6c93-4f8c-9896-51191ecd987b,1765065600000,
63060070,637,289946e2-51a8-4b80-8fdb-820fdad43ca5.binning_data.json,370336,6000,63060070,0,2025-12-08 15:50:13.153,com.sec.android.app.shealth,2025-12-08 05:17:27.994,289946e2-51a8-4b80-8fdb-820fdad43ca5.source_info.json,1.2854513,476.05,19.82,637,VfS0qUERdZ,com.sec.android.app.shealth,0,289946e2-51a8-4b80-8fdb-820fdad43ca5.achievement.json,289946e2-51a8-4b80-8fdb-820fdad43ca5,1765152000000,
63060070,637,d11e2fab-49e7-46e4-86eb-20406ba1f90b.binning_data.json,370336,6000,63060070,0,2025-12-08 18:30:05.308,com.sec.android.app.shealth,2025-12-08 18:30:05.308,,1.2854513,476.05,19.82,637,US7nt0+2+q,com.sec.android.app.shealth,0,d11e2fab-49e7-46e4-86eb-20406ba1f90b.achievement.json,d11e2fab-49e7-46e4-86eb-20406ba1f90b,1765152000000,
63060070,5198,7ee90955-69a2-4f30-ae79-d3f474fc97f4.binning_data.json,3138202,6000,63060070,1,2025-12-09 16:28:08.917,com.sec.android.app.shealth,2025-12-09 04:37:23.520,7ee90955-69a2-4f30-ae79-d3f474fc97f4.source_info.json,1.2312751,3863.99,158.25998,5197,VfS0qUERdZ,com.sec.android.app.shealth,0,7ee90955-69a2-4f30-ae79-d3f474fc97f4.achievement.json,7ee90955-69a2-4f30-ae79-d3f474fc97f4,1765238400000,
63060070,5198,1b5a898d-3d94-462b-a726-2b1c11a839ba.binning_data.json,3138202,6000,63060070,1,2025-12-09 18:30:05.091,com.sec.android.app.shealth,2025-12-09 18:30:05.091,,1.2312751,3863.99,158.25998,5197,US7nt0+2+q,com.sec.android.app.shealth,0,1b5a898d-3d94-462b-a726-2b1c11a839ba.achievement.json,1b5a898d-3d94-462b-a726-2b1c11a839ba,1765238400000,
63060070,3948,912fd706-03e9-4227-8dc7-668286d0b21f.binning_data.json,2355950,6000,63060070,0,2025-12-10 13:53:37.914,com.sec.android.app.shealth,2025-12-10 01:03:39.226,912fd706-03e9-4227-8dc7-668286d0b21f.source_info.json,1.2492281,2943.12,120.17999,3948,VfS0qUERdZ,com.sec.android.app.shealth,0,912fd706-03e9-4227-8dc7-668286d0b21f.achievement.json,912fd706-03e9-4227-8dc7-668286d0b21f,1765324800000,
63060070,3948,8eb6b21c-f0db-4fa2-97fb-1eae818ef515.binning_data.json,2355950,6000,63060070,0,2025-12-10 18:30:04.794,com.sec.android.app.shealth,2025-12-10 18:30:04.794,,1.2492281,2943.12,120.17999,3948,US7nt0+2+q,com.sec.android.app.shealth,0,8eb6b21c-f0db-4fa2-97fb-1eae818ef515.achievement.json,8eb6b21c-f0db-4fa2-97fb-1eae818ef515,1765324800000,
63060070,6806,5142c092-ebee-4101-9a12-6ce2c9c0609d.binning_data.json,4030528,6000,63060070,0,2025-12-11 17:08:17.753,com.sec.android.app.shealth,2025-12-11 02:31:38.986,5142c092-ebee-4101-9a12-6ce2c9c0609d.source_info.json,1.262725,5089.4497,206.88997,6806,VfS0qUERdZ,com.sec.android.app.shealth,0,5142c092-ebee-4101-9a12-6ce2c9c0609d.achievement.json,5142c092-ebee-4101-9a12-6ce2c9c0609d,1765411200000,
63060070,6806,a416c620-593c-4775-b6b7-3d0c4373d778.binning_data.json,4030528,6000,63060070,0,2025-12-11 18:30:05.187,com.sec.android.app.shealth,2025-12-11 18:30:05.187,,1.262725,5089.4497,206.88997,6806,US7nt0+2+q,com.sec.android.app.shealth,0,a416c620-593c-4775-b6b7-3d0c4373d778.achievement.json,a416c620-593c-4775-b6b7-3d0c4373d778,1765411200000,
63060070,5837,ad3772ed-81ba-427e-96ca-eeef5526eb54.binning_data.json,3617436,6000,63070030,33,2025-12-12 16:57:32.842,com.sec.android.app.shealth,2025-12-11 19:35:36.123,ad3772ed-81ba-427e-96ca-eeef5526eb54.source_info.json,1.2046403,4357.71,184.77,5804,VfS0qUERdZ,com.sec.android.app.shealth,0,ad3772ed-81ba-427e-96ca-eeef5526eb54.achievement.json,ad3772ed-81ba-427e-96ca-eeef5526eb54,1765497600000,
63070030,5837,fd229848-0b42-44ab-b362-6cffe04c96a6.binning_data.json,3617436,6000,63070030,33,2025-12-12 18:30:15.653,com.sec.android.app.shealth,2025-12-12 18:30:15.653,,1.2046403,4357.71,184.77,5804,US7nt0+2+q,com.sec.android.app.shealth,0,fd229848-0b42-44ab-b362-6cffe04c96a6.achievement.json,fd229848-0b42-44ab-b362-6cffe04c96a6,1765497600000,
63070030,1499,a370b263-dccc-41ef-8622-c91b288cbe93.binning_data.json,868596,6000,63070030,0,2025-12-13 16:30:15.410,com.sec.android.app.shealth,2025-12-13 02:20:02.558,a370b263-dccc-41ef-8622-c91b288cbe93.source_info.json,1.3080529,1136.17,48.11,1499,VfS0qUERdZ,com.sec.android.app.shealth,0,a370b263-dccc-41ef-8622-c91b288cbe93.achievement.json,a370b263-dccc-41ef-8622-c91b288cbe93,1765584000000,
63070030,1499,3251bd31-92e4-4a09-b981-48391243ed2c.binning_data.json,868596,6000,63070030,0,2025-12-13 18:30:04.440,com.sec.android.app.shealth,2025-12-13 18:30:04.440,,1.3080529,1136.17,48.11,1499,US7nt0+2+q,com.sec.android.app.shealth,0,3251bd31-92e4-4a09-b981-48391243ed2c.achievement.json,3251bd31-92e4-4a09-b981-48391243ed2c,1765584000000,
63070030,1596,4e548167-b45d-4feb-8516-1566f5c9dd03.binning_data.json,941330,6000,63070030,11,2025-12-14 18:13:12.749,com.sec.android.app.shealth,2025-12-14 04:07:25.352,4e548167-b45d-4feb-8516-1566f5c9dd03.source_info.json,1.2802521,1205.14,51.01,1585,VfS0qUERdZ,com.sec.android.app.shealth,0,4e548167-b45d-4feb-8516-1566f5c9dd03.achievement.json,4e548167-b45d-4feb-8516-1566f5c9dd03,1765670400000,
63070030,1596,74f70764-a6fd-466d-bf6c-91e81a72d5e5.binning_data.json,941330,6000,63070030,11,2025-12-14 18:30:03.085,com.sec.android.app.shealth,2025-12-14 18:30:03.085,,1.2802521,1205.14,51.01,1585,US7nt0+2+q,com.sec.android.app.shealth,0,74f70764-a6fd-466d-bf6c-91e81a72d5e5.achievement.json,74f70764-a6fd-466d-bf6c-91e81a72d5e5,1765670400000,
63070030,10176,8ccb88bb-4405-477c-8736-29091ef81c24.binning_data.json,6286313,6000,63070030,10,2025-12-15 17:54:12.790,com.sec.android.app.shealth,2025-12-15 02:26:09.613,8ccb88bb-4405-477c-8736-29091ef81c24.source_info.json,1.202366,7558.45,314.99,10166,VfS0qUERdZ,com.sec.android.app.shealth,0,8ccb88bb-4405-477c-8736-29091ef81c24.achievement.json,8ccb88bb-4405-477c-8736-29091ef81c24,1765756800000,
63070030,10176,ae716c6b-b806-40a9-a731-628e084e0baa.binning_data.json,6286313,6000,63070030,10,2025-12-15 18:30:08.131,com.sec.android.app.shealth,2025-12-15 18:30:08.131,,1.202366,7558.45,314.99,10166,US7nt0+2+q,com.sec.android.app.shealth,0,ae716c6b-b806-40a9-a731-628e084e0baa.achievement.json,ae716c6b-b806-40a9-a731-628e084e0baa,1765756800000,
63070030,3584,9360d2d5-d039-490c-9a15-0601684598a4.binning_data.json,2142281,6000,63070030,4,2025-12-16 16:27:46.693,com.sec.android.app.shealth,2025-12-16 02:15:01.730,9360d2d5-d039-490c-9a15-0601684598a4.source_info.json,1.2613795,2702.23,114.149994,3580,VfS0qUERdZ,com.sec.android.app.shealth,0,9360d2d5-d039-490c-9a15-0601684598a4.achievement.json,9360d2d5-d039-490c-9a15-0601684598a4,1765843200000,
63070030,3584,9709376d-76ef-484a-ad30-1e0cec86eb77.binning_data.json,2142281,6000,63070030,4,2025-12-16 18:30:03.765,com.sec.android.app.shealth,2025-12-16 18:30:03.765,,1.2613795,2702.23,114.149994,3580,US7nt0+2+q,com.sec.android.app.shealth,0,9709376d-76ef-484a-ad30-1e0cec86eb77.achievement.json,9709376d-76ef-484a-ad30-1e0cec86eb77,1765843200000,
63070030,3589,cf90fa6d-6e39-454f-88d2-b046636ef827.binning_data.json,2124369,6000,63070030,0,2025-12-17 18:15:01.589,com.sec.android.app.shealth,2025-12-17 02:28:41.014,cf90fa6d-6e39-454f-88d2-b046636ef827.source_info.json,1.2713939,2700.91,113.71999,3589,VfS0qUERdZ,com.sec.android.app.shealth,0,cf90fa6d-6e39-454f-88d2-b046636ef827.achievement.json,cf90fa6d-6e39-454f-88d2-b046636ef827,1765929600000,
63070030,3589,b33ca2aa-4851-4525-aa8f-756c8366fd92.binning_data.json,2124369,6000,63070030,0,2025-12-17 18:30:03.178,com.sec.android.app.shealth,2025-12-17 18:30:03.178,,1.2713939,2700.91,113.71999,3589,US7nt0+2+q,com.sec.android.app.shealth,0,b33ca2aa-4851-4525-aa8f-756c8366fd92.achievement.json,b33ca2aa-4851-4525-aa8f-756c8366fd92,1765929600000,
63070030,9870,a52b4ca1-de82-4d59-bb97-3716bb8b6337.binning_data.json,5988928,6000,63070030,0,2025-12-18 14:08:59.616,com.sec.android.app.shealth,2025-12-17 22:17:03.669,a52b4ca1-de82-4d59-bb97-3716bb8b6337.source_info.json,1.2245797,7333.92,301.30997,9870,VfS0qUERdZ,com.sec.android.app.shealth,0,a52b4ca1-de82-4d59-bb97-3716bb8b6337.achievement.json,a52b4ca1-de82-4d59-bb97-3716bb8b6337,1766016000000,
63070030,9870,5d78b30a-fbd9-4493-99a7-aca7c10579f6.binning_data.json,5988928,6000,63070030,0,2025-12-18 18:30:04.207,com.sec.android.app.shealth,2025-12-18 18:30:04.207,,1.2245797,7333.92,301.30997,9870,US7nt0+2+q,com.sec.android.app.shealth,0,5d78b30a-fbd9-4493-99a7-aca7c10579f6.achievement.json,5d78b30a-fbd9-4493-99a7-aca7c10579f6,1766016000000,
63070030,356,9c67484a-25de-48ce-9a5a-627f0c77ba73.binning_data.json,201674,6000,63070030,0,2025-12-19 15:52:30.659,com.sec.android.app.shealth,2025-12-19 02:32:33.800,9c67484a-25de-48ce-9a5a-627f0c77ba73.source_info.json,1.33383,269.0,11.149999,356,VfS0qUERdZ,com.sec.android.app.shealth,0,9c67484a-25de-48ce-9a5a-627f0c77ba73.achievement.json,9c67484a-25de-48ce-9a5a-627f0c77ba73,1766102400000,
63070030,356,81d9d396-a4c1-4a09-88f9-d50ba616567d.binning_data.json,201674,6000,63070030,0,2025-12-19 18:30:03.459,com.sec.android.app.shealth,2025-12-19 18:30:03.459,,1.33383,269.0,11.149999,356,US7nt0+2+q,com.sec.android.app.shealth,0,81d9d396-a4c1-4a09-88f9-d50ba616567d.achievement.json,81d9d396-a4c1-4a09-88f9-d50ba616567d,1766102400000,
63070030,9241,7c8e585f-094b-4c1c-b416-172ef8c5022f.binning_data.json,5481099,6000,63070030,14,2025-12-20 15:32:33.749,com.sec.android.app.shealth,2025-12-20 02:16:42.290,7c8e585f-094b-4c1c-b416-172ef8c5022f.source_info.json,1.2598349,6905.2803,280.71,9227,VfS0qUERdZ,com.sec.android.app.shealth,0,7c8e585f-094b-4c1c-b416-172ef8c5022f.achievement.json,7c8e585f-094b-4c1c-b416-172ef8c5022f,1766188800000,
63070030,9241,618d5e58-0104-492a-9396-bfd41a17aa60.binning_data.json,5481099,6000,63070030,14,2025-12-20 18:30:04.417,com.sec.android.app.shealth,2025-12-20 18:30:04.417,,1.2598349,6905.2803,280.71,9227,US7nt0+2+q,com.sec.android.app.shealth,0,618d5e58-0104-492a-9396-bfd41a17aa60.achievement.json,618d5e58-0104-492a-9396-bfd41a17aa60,1766188800000,
63070030,557,de999187-19b5-4038-bbf5-96965744f773.binning_data.json,317900,6000,63070030,0,2025-12-21 15:08:19.720,com.sec.android.app.shealth,2025-12-21 07:28:14.073,de999187-19b5-4038-bbf5-96965744f773.source_info.json,1.3317066,423.35,17.779999,557,VfS0qUERdZ,com.sec.android.app.shealth,0,de999187-19b5-4038-bbf5-96965744f773.achievement.json,de999187-19b5-4038-bbf5-96965744f773,1766275200000,
63070030,557,36f8bb7c-f9e2-47ee-81f2-54a90dc8f595.binning_data.json,317900,6000,63070030,0,2025-12-21 18:30:04.186,com.sec.android.app.shealth,2025-12-21 18:30:04.186,,1.3317066,423.35,17.779999,557,US7nt0+2+q,com.sec.android.app.shealth,0,36f8bb7c-f9e2-47ee-81f2-54a90dc8f595.achievement.json,36f8bb7c-f9e2-47ee-81f2-54a90dc8f595,1766275200000,
63070030,8026,ce2628e7-815a-45fe-aae9-dfd5d6adb842.binning_data.json,4779644,6000,63070030,0,2025-12-22 18:15:02.646,com.sec.android.app.shealth,2025-12-22 04:04:08.928,ce2628e7-815a-45fe-aae9-dfd5d6adb842.source_info.json,1.2549448,5998.19,244.31996,8026,VfS0qUERdZ,com.sec.android.app.shealth,0,ce2628e7-815a-45fe-aae9-dfd5d6adb842.achievement.json,ce2628e7-815a-45fe-aae9-dfd5d6adb842,1766361600000,
63070030,8026,180eec13-244c-47b0-8575-de4341dac298.binning_data.json,4779644,6000,63070030,0,2025-12-22 18:30:03.597,com.sec.android.app.shealth,2025-12-22 18:30:03.597,,1.2549448,5998.19,244.31996,8026,US7nt0+2+q,com.sec.android.app.shealth,0,180eec13-244c-47b0-8575-de4341dac298.achievement.json,180eec13-244c-47b0-8575-de4341dac298,1766361600000,
63070030,3017,070fa357-b7cb-4bc2-9c5e-72f145796f23.binning_data.json,2068192,6000,63070030,0,2025-12-23 18:00:55.338,com.sec.android.app.shealth,2025-12-22 18:35:03.301,070fa357-b7cb-4bc2-9c5e-72f145796f23.source_info.json,1.0602638,2192.83,96.579994,3017,VfS0qUERdZ,com.sec.android.app.shealth,0,070fa357-b7cb-4bc2-9c5e-72f145796f23.achievement.json,070fa357-b7cb-4bc2-9c5e-72f145796f23,1766448000000,
63070030,3017,6d3a0b24-e9e9-46aa-ae04-a155aa45ca1f.binning_data.json,2068192,6000,63070030,0,2025-12-23 18:30:03.873,com.sec.android.app.shealth,2025-12-23 18:30:03.873,,1.0602638,2192.83,96.579994,3017,US7nt0+2+q,com.sec.android.app.shealth,0,6d3a0b24-e9e9-46aa-ae04-a155aa45ca1f.achievement.json,6d3a0b24-e9e9-46aa-ae04-a155aa45ca1f,1766448000000,
63070030,2360,b3bc3606-3dc2-4699-847e-c135206e8198.binning_data.json,1419412,6000,63070030,0,2025-12-24 15:42:28.947,com.sec.android.app.shealth,2025-12-24 02:26:51.182,b3bc3606-3dc2-4699-847e-c135206e8198.source_info.json,1.2423595,1763.42,74.549995,2360,VfS0qUERdZ,com.sec.android.app.shealth,0,b3bc3606-3dc2-4699-847e-c135206e8198.achievement.json,b3bc3606-3dc2-4699-847e-c135206e8198,1766534400000,
63070030,2360,1fb60803-c892-4d75-ba78-7003374b3e84.binning_data.json,1419412,6000,63070030,0,2025-12-24 18:30:04.373,com.sec.android.app.shealth,2025-12-24 18:30:04.373,,1.2423595,1763.42,74.549995,2360,US7nt0+2+q,com.sec.android.app.shealth,0,1fb60803-c892-4d75-ba78-7003374b3e84.achievement.json,1fb60803-c892-4d75-ba78-7003374b3e84,1766534400000,
63070030,2788,59fc6f17-3959-47f1-9ae1-e7014a2ae84e.binning_data.json,1713966,6000,63070030,17,2025-12-25 18:14:00.587,com.sec.android.app.shealth,2025-12-25 02:30:02.688,59fc6f17-3959-47f1-9ae1-e7014a2ae84e.source_info.json,1.2172878,2086.39,89.57,2771,VfS0qUERdZ,com.sec.android.app.shealth,0,59fc6f17-3959-47f1-9ae1-e7014a2ae84e.achievement.json,59fc6f17-3959-47f1-9ae1-e7014a2ae84e,1766620800000,
63070030,2788,d05e2097-2c9c-48f5-86f5-d9c7212bdc25.binning_data.json,1713966,6000,63070030,17,2025-12-25 18:30:03.492,com.sec.android.app.shealth,2025-12-25 18:30:03.492,,1.2172878,2086.39,89.57,2771,US7nt0+2+q,com.sec.android.app.shealth,0,d05e2097-2c9c-48f5-86f5-d9c7212bdc25.achievement.json,d05e2097-2c9c-48f5-86f5-d9c7212bdc25,1766620800000,
63070030,1817,f9e066de-2a4a-44de-bad7-fb4d3bca37de.binning_data.json,1123918,6000,63070030,20,2025-12-26 16:20:30.756,com.sec.android.app.shealth,2025-12-26 00:26:32.336,f9e066de-2a4a-44de-bad7-fb4d3bca37de.source_info.json,1.2152665,1365.86,59.19,1797,VfS0qUERdZ,com.sec.android.app.shealth,0,f9e066de-2a4a-44de-bad7-fb4d3bca37de.achievement.json,f9e066de-2a4a-44de-bad7-fb4d3bca37de,1766707200000,
63070030,1817,e6bd7c94-89d5-4ed5-b105-faacb92d9a82.binning_data.json,1123918,6000,63070030,20,2025-12-26 18:30:04.523,com.sec.android.app.shealth,2025-12-26 18:30:04.523,,1.2152665,1365.86,59.19,1797,US7nt0+2+q,com.sec.android.app.shealth,0,e6bd7c94-89d5-4ed5-b105-faacb92d9a82.achievement.json,e6bd7c94-89d5-4ed5-b105-faacb92d9a82,1766707200000,
63070030,4810,ed347cb3-7647-4adf-94d0-d7fb8c249de3.binning_data.json,3018594,6000,63070030,12,2025-12-27 17:42:07.569,com.sec.android.app.shealth,2025-12-27 02:30:03.155,ed347cb3-7647-4adf-94d0-d7fb8c249de3.source_info.json,1.179794,3561.32,151.40999,4798,VfS0qUERdZ,com.sec.android.app.shealth,0,ed347cb3-7647-4adf-94d0-d7fb8c249de3.achievement.json,ed347cb3-7647-4adf-94d0-d7fb8c249de3,1766793600000,
63070030,4810,b0518fc2-48ea-47fb-9ce3-054fc2d0644b.binning_data.json,3018594,6000,63070030,12,2025-12-27 18:30:03.656,com.sec.android.app.shealth,2025-12-27 18:30:03.656,,1.179794,3561.32,151.40999,4798,US7nt0+2+q,com.sec.android.app.shealth,0,b0518fc2-48ea-47fb-9ce3-054fc2d0644b.achievement.json,b0518fc2-48ea-47fb-9ce3-054fc2d0644b,1766793600000,
63070030,1277,f8875698-d608-4d62-89b8-024e18bd6151.binning_data.json,784455,6000,63070030,8,2025-12-28 17:00:04.081,com.sec.android.app.shealth,2025-12-28 03:18:37.024,f8875698-d608-4d62-89b8-024e18bd6151.source_info.json,1.2201462,957.14996,40.589996,1269,VfS0qUERdZ,com.sec.android.app.shealth,0,f8875698-d608-4d62-89b8-024e18bd6151.achievement.json,f8875698-d608-4d62-89b8-024e18bd6151,1766880000000,
63070030,1277,1d9bda5c-e6b8-4a91-8814-f748e0868654.binning_data.json,784455,6000,63070030,8,2025-12-28 18:30:03.305,com.sec.android.app.shealth,2025-12-28 18:30:03.305,,1.2201462,957.14996,40.589996,1269,US7nt0+2+q,com.sec.android.app.shealth,0,1d9bda5c-e6b8-4a91-8814-f748e0868654.achievement.json,1d9bda5c-e6b8-4a91-8814-f748e0868654,1766880000000,
63070030,2973,b261f341-e7b3-48fc-92e4-c0d0a15d9e53.binning_data.json,1822744,6000,63070030,0,2025-12-29 17:58:38.347,com.sec.android.app.shealth,2025-12-29 03:13:27.938,b261f341-e7b3-48fc-92e4-c0d0a15d9e53.source_info.json,1.2127923,2210.61,93.49999,2973,VfS0qUERdZ,com.sec.android.app.shealth,0,b261f341-e7b3-48fc-92e4-c0d0a15d9e53.achievement.json,b261f341-e7b3-48fc-92e4-c0d0a15d9e53,1766966400000,
63070030,2973,8754e730-4f7c-4adc-84f7-b5eaf20f9722.binning_data.json,1822744,6000,63070030,0,2025-12-29 18:30:04.028,com.sec.android.app.shealth,2025-12-29 18:30:04.028,,1.2127923,2210.61,93.49999,2973,US7nt0+2+q,com.sec.android.app.shealth,0,8754e730-4f7c-4adc-84f7-b5eaf20f9722.achievement.json,8754e730-4f7c-4adc-84f7-b5eaf20f9722,1766966400000,
63070030,6218,56960c22-9ebb-4d2e-a84e-2a51a8f79be3.binning_data.json,3824919,6000,63070030,23,2025-12-30 16:58:22.192,com.sec.android.app.shealth,2025-12-29 19:16:13.617,56960c22-9ebb-4d2e-a84e-2a51a8f79be3.source_info.json,1.2131994,4640.39,194.43999,6195,VfS0qUERdZ,com.sec.android.app.shealth,0,56960c22-9ebb-4d2e-a84e-2a51a8f79be3.achievement.json,56960c22-9ebb-4d2e-a84e-2a51a8f79be3,1767052800000,
63070030,6218,f608f276-4853-4146-a25f-c4b61021df7c.binning_data.json,3824919,6000,63070030,23,2025-12-30 18:30:04.345,com.sec.android.app.shealth,2025-12-30 18:30:04.345,,1.2131994,4640.39,194.43999,6195,US7nt0+2+q,com.sec.android.app.shealth,0,f608f276-4853-4146-a25f-c4b61021df7c.achievement.json,f608f276-4853-4146-a25f-c4b61021df7c,1767052800000,
63070030,3411,9e4f215e-8a3b-4786-b134-466ba0710339.binning_data.json,2019328,6000,63070030,11,2025-12-31 16:28:03.498,com.sec.android.app.shealth,2025-12-31 02:20:59.243,9e4f215e-8a3b-4786-b134-466ba0710339.source_info.json,1.2698332,2564.21,107.71,3400,VfS0qUERdZ,com.sec.android.app.shealth,0,9e4f215e-8a3b-4786-b134-466ba0710339.achievement.json,9e4f215e-8a3b-4786-b134-466ba0710339,1767139200000,
63070030,3411,7c2d15b9-8a30-46a5-b7ec-ed385f0eb419.binning_data.json,2019328,6000,63070030,11,2025-12-31 18:30:17.824,com.sec.android.app.shealth,2025-12-31 18:30:17.824,,1.2698332,2564.21,107.71,3400,US7nt0+2+q,com.sec.android.app.shealth,0,7c2d15b9-8a30-46a5-b7ec-ed385f0eb419.achievement.json,7c2d15b9-8a30-46a5-b7ec-ed385f0eb419,1767139200000,
63070030,4071,641afa5d-09a0-4e69-9728-12281de23d65.binning_data.json,2416733,6000,63070030,24,2026-01-01 17:17:11.330,com.sec.android.app.shealth,2026-01-01 01:25:53.752,641afa5d-09a0-4e69-9728-12281de23d65.source_info.json,1.269838,3068.86,128.18999,4047,VfS0qUERdZ,com.sec.android.app.shealth,0,641afa5d-09a0-4e69-9728-12281de23d65.achievement.json,641afa5d-09a0-4e69-9728-12281de23d65,1767225600000,
63070030,4071,73817c20-dd17-4302-a80e-8e4a92e10f88.binning_data.json,2416733,6000,63070030,24,2026-01-01 18:30:37.476,com.sec.android.app.shealth,2026-01-01 18:30:37.476,,1.269838,3068.86,128.18999,4047,US7nt0+2+q,com.sec.android.app.shealth,0,73817c20-dd17-4302-a80e-8e4a92e10f88.achievement.json,73817c20-dd17-4302-a80e-8e4a92e10f88,1767225600000,
63070030,9274,94f64e1f-f5df-4407-a0d2-6a4c444eb772.binning_data.json,5423852,6000,63070030,9,2026-01-02 17:16:29.004,com.sec.android.app.shealth,2026-01-02 02:02:48.580,94f64e1f-f5df-4407-a0d2-6a4c444eb772.source_info.json,1.29125,7003.55,290.06998,9265,VfS0qUERdZ,com.sec.android.app.shealth,0,94f64e1f-f5df-4407-a0d2-6a4c444eb772.achievement.json,94f64e1f-f5df-4407-a0d2-6a4c444eb772,1767312000000,
63070030,9274,68373b21-ba5f-435c-bc80-45166addd7a8.binning_data.json,5423852,6000,63070030,9,2026-01-02 18:30:03.500,com.sec.android.app.shealth,2026-01-02 18:30:03.500,,1.29125,7003.55,290.06998,9265,US7nt0+2+q,com.sec.android.app.shealth,0,68373b21-ba5f-435c-bc80-45166addd7a8.achievement.json,68373b21-ba5f-435c-bc80-45166addd7a8,1767312000000,
63070030,8378,8c2a359f-63fa-4e1c-9b72-8170545080ab.binning_data.json,5736828,6000,63070030,2,2026-01-03 17:31:31.426,com.sec.android.app.shealth,2026-01-03 02:17:42.860,8c2a359f-63fa-4e1c-9b72-8170545080ab.source_info.json,1.0588864,6074.65,263.32,8376,VfS0qUERdZ,com.sec.android.app.shealth,0,8c2a359f-63fa-4e1c-9b72-8170545080ab.achievement.json,8c2a359f-63fa-4e1c-9b72-8170545080ab,1767398400000,
63070030,8378,37d66ada-2378-40e1-aa8b-2c9217c5d3e1.binning_data.json,5736828,6000,63070030,2,2026-01-03 18:30:03.592,com.sec.android.app.shealth,2026-01-03 18:30:03.592,,1.0588864,6074.65,263.32,8376,US7nt0+2+q,com.sec.android.app.shealth,0,37d66ada-2378-40e1-aa8b-2c9217c5d3e1.achievement.json,37d66ada-2378-40e1-aa8b-2c9217c5d3e1,1767398400000,
63070030,3741,b46bc566-27f3-416b-aac6-2ea5665718e8.binning_data.json,2090124,6000,63070030,20,2026-01-04 16:35:04.490,com.sec.android.app.shealth,2026-01-04 01:33:01.289,b46bc566-27f3-416b-aac6-2ea5665718e8.source_info.json,1.3838266,2892.3699,122.579994,3721,VfS0qUERdZ,com.sec.android.app.shealth,0,b46bc566-27f3-416b-aac6-2ea5665718e8.achievement.json,b46bc566-27f3-416b-aac6-2ea5665718e8,1767484800000,
63070030,3741,89e64659-e695-4cf8-b071-d22bedc30da9.binning_data.json,2090124,6000,63070030,20,2026-01-04 18:30:04.048,com.sec.android.app.shealth,2026-01-04 18:30:04.048,,1.3838266,2892.3699,122.579994,3721,US7nt0+2+q,com.sec.android.app.shealth,0,89e64659-e695-4cf8-b071-d22bedc30da9.achievement.json,89e64659-e695-4cf8-b071-d22bedc30da9,1767484800000,
63070030,6157,3d41aa92-deb6-4047-9be2-e7da7b5b1fe5.binning_data.json,3561850,6000,63070030,91,2026-01-05 16:39:44.041,com.sec.android.app.shealth,2026-01-05 02:21:07.994,3d41aa92-deb6-4047-9be2-e7da7b5b1fe5.source_info.json,1.3215518,4707.17,198.59999,6066,VfS0qUERdZ,com.sec.android.app.shealth,0,3d41aa92-deb6-4047-9be2-e7da7b5b1fe5.achievement.json,3d41aa92-deb6-4047-9be2-e7da7b5b1fe5,1767571200000,
63070030,6157,811174ab-8aa1-4211-b1e5-cad110a29f4d.binning_data.json,3561850,6000,63070030,91,2026-01-05 18:30:03.042,com.sec.android.app.shealth,2026-01-05 18:30:03.042,,1.3215518,4707.17,198.59999,6066,US7nt0+2+q,com.sec.android.app.shealth,0,811174ab-8aa1-4211-b1e5-cad110a29f4d.achievement.json,811174ab-8aa1-4211-b1e5-cad110a29f4d,1767571200000,
63070030,2469,40f90270-40f3-4c2a-9e80-8f9ee9942af5.binning_data.json,1499029,6000,63070030,0,2026-01-06 16:26:30.059,com.sec.android.app.shealth,2026-01-06 01:32:15.705,40f90270-40f3-4c2a-9e80-8f9ee9942af5.source_info.json,1.2275072,1840.07,77.939995,2469,VfS0qUERdZ,com.sec.android.app.shealth,0,40f90270-40f3-4c2a-9e80-8f9ee9942af5.achievement.json,40f90270-40f3-4c2a-9e80-8f9ee9942af5,1767657600000,
63070030,2469,d516693b-b73d-4c06-ab1d-2e07ea61c286.binning_data.json,1499029,6000,63070030,0,2026-01-06 18:30:05.448,com.sec.android.app.shealth,2026-01-06 18:30:05.448,,1.2275072,1840.07,77.939995,2469,US7nt0+2+q,com.sec.android.app.shealth,0,d516693b-b73d-4c06-ab1d-2e07ea61c286.achievement.json,d516693b-b73d-4c06-ab1d-2e07ea61c286,1767657600000,
63070030,5212,f6a1dd53-6d89-4f89-802d-b25463f5091b.binning_data.json,2997501,6000,63070030,9,2026-01-07 16:34:34.313,com.sec.android.app.shealth,2026-01-07 02:30:03.162,f6a1dd53-6d89-4f89-802d-b25463f5091b.source_info.json,1.3149719,3941.63,164.58,5203,VfS0qUERdZ,com.sec.android.app.shealth,0,f6a1dd53-6d89-4f89-802d-b25463f5091b.achievement.json,f6a1dd53-6d89-4f89-802d-b25463f5091b,1767744000000,
63070030,5212,746332fd-b7b4-4790-9677-735ec91564b0.binning_data.json,2997501,6000,63070030,9,2026-01-07 18:30:05.859,com.sec.android.app.shealth,2026-01-07 18:30:05.859,,1.3149719,3941.63,164.58,5203,US7nt0+2+q,com.sec.android.app.shealth,0,746332fd-b7b4-4790-9677-735ec91564b0.achievement.json,746332fd-b7b4-4790-9677-735ec91564b0,1767744000000,
63070030,5409,a14fb17e-19be-4034-af33-c5d9c818d56a.binning_data.json,3132629,6000,63070030,24,2026-01-08 18:29:14.478,com.sec.android.app.shealth,2026-01-08 02:27:54.722,a14fb17e-19be-4034-af33-c5d9c818d56a.source_info.json,1.3064967,4092.77,170.59999,5385,VfS0qUERdZ,com.sec.android.app.shealth,0,a14fb17e-19be-4034-af33-c5d9c818d56a.achievement.json,a14fb17e-19be-4034-af33-c5d9c818d56a,1767830400000,
63070030,5409,121bffda-cea6-4541-97c0-cb1dff33dfd2.binning_data.json,3132629,6000,63070030,24,2026-01-08 18:30:03.818,com.sec.android.app.shealth,2026-01-08 18:30:03.818,,1.3064967,4092.77,170.59999,5385,US7nt0+2+q,com.sec.android.app.shealth,0,121bffda-cea6-4541-97c0-cb1dff33dfd2.achievement.json,121bffda-cea6-4541-97c0-cb1dff33dfd2,1767830400000,
63070030,2380,bd3df372-d676-4049-bc23-69041503a7d2.binning_data.json,1380100,6000,63070030,11,2026-01-10 18:30:10.673,com.sec.android.app.shealth,2026-01-09 03:11:10.100,bd3df372-d676-4049-bc23-69041503a7d2.source_info.json,1.3124048,1811.25,76.9,2369,VfS0qUERdZ,com.sec.android.app.shealth,0,bd3df372-d676-4049-bc23-69041503a7d2.achievement.json,bd3df372-d676-4049-bc23-69041503a7d2,1767916800000,
63070030,2380,72288f5d-622c-4699-9c4d-5e05de259446.binning_data.json,1380100,6000,63070030,11,2026-01-09 18:35:11.048,com.sec.android.app.shealth,2026-01-09 18:30:11.293,,1.3124048,1811.25,76.9,2369,US7nt0+2+q,com.sec.android.app.shealth,0,72288f5d-622c-4699-9c4d-5e05de259446.achievement.json,72288f5d-622c-4699-9c4d-5e05de259446,1767916800000,
63070030,15335,7ed00fb7-bcae-48b1-bc8c-37ea0fb7847d.binning_data.json,9931484,6000,63070030,0,2026-01-10 17:53:02.803,com.sec.android.app.shealth,2026-01-09 18:35:08.572,7ed00fb7-bcae-48b1-bc8c-37ea0fb7847d.source_info.json,1.1334177,11256.52,478.30997,15335,VfS0qUERdZ,com.sec.android.app.shealth,0,7ed00fb7-bcae-48b1-bc8c-37ea0fb7847d.achievement.json,7ed00fb7-bcae-48b1-bc8c-37ea0fb7847d,1768003200000,
63070030,15335,70306575-488f-48eb-a865-99bdc8a912f7.binning_data.json,9931484,6000,63070030,0,2026-01-10 18:30:08.787,com.sec.android.app.shealth,2026-01-09 18:35:11.018,,1.1334177,11256.52,478.30997,15335,US7nt0+2+q,com.sec.android.app.shealth,0,70306575-488f-48eb-a865-99bdc8a912f7.achievement.json,70306575-488f-48eb-a865-99bdc8a912f7,1768003200000,
63070030,5233,0278076d-fc1b-4e3c-8058-ed59935c5f82.binning_data.json,3011683,6000,63070030,0,2026-01-11 15:47:09.790,com.sec.android.app.shealth,2026-01-11 07:08:50.077,0278076d-fc1b-4e3c-8058-ed59935c5f82.source_info.json,1.3041309,3927.6301,157.51997,5233,VfS0qUERdZ,com.sec.android.app.shealth,0,0278076d-fc1b-4e3c-8058-ed59935c5f82.achievement.json,0278076d-fc1b-4e3c-8058-ed59935c5f82,1768089600000,
63070030,5233,8437432c-1e37-4b88-8654-205ba5f41482.binning_data.json,3011683,6000,63070030,0,2026-01-11 18:30:04.625,com.sec.android.app.shealth,2026-01-11 18:30:04.625,,1.3041309,3927.6301,157.51997,5233,US7nt0+2+q,com.sec.android.app.shealth,0,8437432c-1e37-4b88-8654-205ba5f41482.achievement.json,8437432c-1e37-4b88-8654-205ba5f41482,1768089600000,
63070030,6193,91fe66b1-7665-4353-a50a-cc41dd836130.binning_data.json,3730562,6000,63070030,0,2026-01-12 16:11:14.495,com.sec.android.app.shealth,2026-01-12 03:09:07.695,91fe66b1-7665-4353-a50a-cc41dd836130.source_info.json,1.2335861,4601.97,188.03,6193,VfS0qUERdZ,com.sec.android.app.shealth,0,91fe66b1-7665-4353-a50a-cc41dd836130.achievement.json,91fe66b1-7665-4353-a50a-cc41dd836130,1768176000000,
63070030,6193,e9ce1a52-bd20-49f9-96b2-bba991b365fb.binning_data.json,3730562,6000,63070030,0,2026-01-12 18:30:04.165,com.sec.android.app.shealth,2026-01-12 18:30:04.165,,1.2335861,4601.97,188.03,6193,US7nt0+2+q,com.sec.android.app.shealth,0,e9ce1a52-bd20-49f9-96b2-bba991b365fb.achievement.json,e9ce1a52-bd20-49f9-96b2-bba991b365fb,1768176000000,
63070030,13939,e4adfcad-2f2e-447d-afca-7dba83ae3972.binning_data.json,8201275,6000,63070030,212,2026-01-13 18:18:38.674,com.sec.android.app.shealth,2026-01-13 02:32:40.771,e4adfcad-2f2e-447d-afca-7dba83ae3972.source_info.json,1.280101,10498.46,431.93997,13727,VfS0qUERdZ,com.sec.android.app.shealth,0,e4adfcad-2f2e-447d-afca-7dba83ae3972.achievement.json,e4adfcad-2f2e-447d-afca-7dba83ae3972,1768262400000,
63070030,13939,3ffadb02-0c2e-423a-ae42-18a75fe83d0e.binning_data.json,8201275,6000,63070030,212,2026-01-13 18:30:04.042,com.sec.android.app.shealth,2026-01-13 18:30:04.042,,1.280101,10498.46,431.93997,13727,US7nt0+2+q,com.sec.android.app.shealth,0,3ffadb02-0c2e-423a-ae42-18a75fe83d0e.achievement.json,3ffadb02-0c2e-423a-ae42-18a75fe83d0e,1768262400000,
63070030,12508,7b0028df-f30a-441d-93b9-876eaf83c5b1.binning_data.json,7424878,6000,63070030,0,2026-01-14 16:18:08.347,com.sec.android.app.shealth,2026-01-14 00:42:31.891,7b0028df-f30a-441d-93b9-876eaf83c5b1.source_info.json,1.2569324,9332.57,378.54996,12508,VfS0qUERdZ,com.sec.android.app.shealth,0,7b0028df-f30a-441d-93b9-876eaf83c5b1.achievement.json,7b0028df-f30a-441d-93b9-876eaf83c5b1,1768348800000,
63070030,12508,da3c0230-38dd-4d49-a78e-2be3b7b9253f.binning_data.json,7424878,6000,63070030,0,2026-01-14 18:30:03.917,com.sec.android.app.shealth,2026-01-14 18:30:03.917,,1.2569324,9332.57,378.54996,12508,US7nt0+2+q,com.sec.android.app.shealth,0,da3c0230-38dd-4d49-a78e-2be3b7b9253f.achievement.json,da3c0230-38dd-4d49-a78e-2be3b7b9253f,1768348800000,
63070030,3351,a955600a-ebe6-476d-ba73-a290f310d2d8.binning_data.json,1945496,6000,63070030,0,2026-01-15 16:47:57.678,com.sec.android.app.shealth,2026-01-15 03:53:02.954,a955600a-ebe6-476d-ba73-a290f310d2d8.source_info.json,1.2951962,2519.8,101.81999,3351,VfS0qUERdZ,com.sec.android.app.shealth,0,a955600a-ebe6-476d-ba73-a290f310d2d8.achievement.json,a955600a-ebe6-476d-ba73-a290f310d2d8,1768435200000,
63070030,3351,6c68fc25-6124-4d41-9b72-6a7982ffd26c.binning_data.json,1945496,6000,63070030,0,2026-01-15 18:30:15.542,com.sec.android.app.shealth,2026-01-15 18:30:15.542,,1.2951962,2519.8,101.81999,3351,US7nt0+2+q,com.sec.android.app.shealth,0,6c68fc25-6124-4d41-9b72-6a7982ffd26c.achievement.json,6c68fc25-6124-4d41-9b72-6a7982ffd26c,1768435200000,
63070030,16210,95c5fce1-b04e-4494-8eef-9718df58a591.binning_data.json,9226227,6000,63070030,0,2026-01-16 16:33:57.315,com.sec.android.app.shealth,2026-01-16 02:41:35.400,95c5fce1-b04e-4494-8eef-9718df58a591.source_info.json,1.3255914,12230.21,488.47998,16210,VfS0qUERdZ,com.sec.android.app.shealth,0,95c5fce1-b04e-4494-8eef-9718df58a591.achievement.json,95c5fce1-b04e-4494-8eef-9718df58a591,1768521600000,
63070030,16210,10ccfb31-a849-4ff5-96eb-78be9026750c.binning_data.json,9226227,6000,63070030,0,2026-01-16 18:30:59.635,com.sec.android.app.shealth,2026-01-16 18:30:59.635,,1.3255914,12230.21,488.47998,16210,US7nt0+2+q,com.sec.android.app.shealth,0,10ccfb31-a849-4ff5-96eb-78be9026750c.achievement.json,10ccfb31-a849-4ff5-96eb-78be9026750c,1768521600000,
63070030,21151,5b31a609-723b-4653-ba1f-b2eb196779bb.binning_data.json,11681722,6000,63070030,0,2026-01-17 16:53:55.638,com.sec.android.app.shealth,2026-01-17 03:06:43.815,5b31a609-723b-4653-ba1f-b2eb196779bb.source_info.json,1.3751781,16064.45,635.55994,21151,VfS0qUERdZ,com.sec.android.app.shealth,0,5b31a609-723b-4653-ba1f-b2eb196779bb.achievement.json,5b31a609-723b-4653-ba1f-b2eb196779bb,1768608000000,
63070030,21151,771f3ce5-4c9a-46a7-bf97-3dc3ac2b6fee.binning_data.json,11681722,6000,63070030,0,2026-01-17 18:30:04.473,com.sec.android.app.shealth,2026-01-17 18:30:04.473,,1.3751781,16064.45,635.55994,21151,US7nt0+2+q,com.sec.android.app.shealth,0,771f3ce5-4c9a-46a7-bf97-3dc3ac2b6fee.achievement.json,771f3ce5-4c9a-46a7-bf97-3dc3ac2b6fee,1768608000000,
63070030,6502,a57a8ee4-b24a-4ae1-966a-ceeb35aa0429.binning_data.json,3688775,6000,63070030,20,2026-01-18 15:14:45.171,com.sec.android.app.shealth,2026-01-18 05:57:35.758,a57a8ee4-b24a-4ae1-966a-ceeb35aa0429.source_info.json,1.3320925,4913.79,197.03996,6482,VfS0qUERdZ,com.sec.android.app.shealth,0,a57a8ee4-b24a-4ae1-966a-ceeb35aa0429.achievement.json,a57a8ee4-b24a-4ae1-966a-ceeb35aa0429,1768694400000,
63070030,6502,4e0669db-9318-41b0-8a05-0f41e7e9c7d2.binning_data.json,3688775,6000,63070030,20,2026-01-18 18:30:03.860,com.sec.android.app.shealth,2026-01-18 18:30:03.860,,1.3320925,4913.79,197.03996,6482,US7nt0+2+q,com.sec.android.app.shealth,0,4e0669db-9318-41b0-8a05-0f41e7e9c7d2.achievement.json,4e0669db-9318-41b0-8a05-0f41e7e9c7d2,1768694400000,
63070030,10806,d7ef8e88-2c05-4096-98b4-8c751a5e1a1a.binning_data.json,6327760,6000,63070030,10,2026-01-19 16:00:47.554,com.sec.android.app.shealth,2026-01-19 03:04:21.987,d7ef8e88-2c05-4096-98b4-8c751a5e1a1a.source_info.json,1.2791002,8093.8403,327.55997,10796,VfS0qUERdZ,com.sec.android.app.shealth,0,d7ef8e88-2c05-4096-98b4-8c751a5e1a1a.achievement.json,d7ef8e88-2c05-4096-98b4-8c751a5e1a1a,1768780800000,
63070030,10806,988d2a1a-a3d4-4567-a19b-39f0801e8a86.binning_data.json,6327760,6000,63070030,10,2026-01-19 18:30:11.510,com.sec.android.app.shealth,2026-01-19 18:30:11.510,,1.2791002,8093.8403,327.55997,10796,US7nt0+2+q,com.sec.android.app.shealth,0,988d2a1a-a3d4-4567-a19b-39f0801e8a86.achievement.json,988d2a1a-a3d4-4567-a19b-39f0801e8a86,1768780800000,
63070030,7450,f63289a6-a9b8-470f-9bcf-43e272ac01fc.binning_data.json,4531897,6000,63070030,0,2026-01-20 18:14:40.455,com.sec.android.app.shealth,2026-01-20 02:33:45.525,f63289a6-a9b8-470f-9bcf-43e272ac01fc.source_info.json,1.2191361,5525.0,226.32999,7450,VfS0qUERdZ,com.sec.android.app.shealth,0,f63289a6-a9b8-470f-9bcf-43e272ac01fc.achievement.json,f63289a6-a9b8-470f-9bcf-43e272ac01fc,1768867200000,
63070030,7450,4feb0650-3f4e-43d6-89b6-48e50fd1b09e.binning_data.json,4531897,6000,63070030,0,2026-01-20 18:30:13.437,com.sec.android.app.shealth,2026-01-20 18:30:13.437,,1.2191361,5525.0,226.32999,7450,US7nt0+2+q,com.sec.android.app.shealth,0,4feb0650-3f4e-43d6-89b6-48e50fd1b09e.achievement.json,4feb0650-3f4e-43d6-89b6-48e50fd1b09e,1768867200000,
63070030,11013,126f210a-bf05-46b7-b223-10bd95946d1a.binning_data.json,6456102,6000,63070030,7,2026-01-21 15:32:29.342,com.sec.android.app.shealth,2026-01-21 03:42:42.289,126f210a-bf05-46b7-b223-10bd95946d1a.source_info.json,1.2789015,8256.72,333.46994,11006,VfS0qUERdZ,com.sec.android.app.shealth,0,126f210a-bf05-46b7-b223-10bd95946d1a.achievement.json,126f210a-bf05-46b7-b223-10bd95946d1a,1768953600000,
63070030,11013,b097e5d9-61df-4421-82da-e9209620d5dd.binning_data.json,6456102,6000,63070030,7,2026-01-21 18:30:08.158,com.sec.android.app.shealth,2026-01-21 18:30:08.158,,1.2789015,8256.72,333.46994,11006,US7nt0+2+q,com.sec.android.app.shealth,0,b097e5d9-61df-4421-82da-e9209620d5dd.achievement.json,b097e5d9-61df-4421-82da-e9209620d5dd,1768953600000,
63070030,10730,4b0547dd-a574-4395-ac2a-c48212433530.binning_data.json,6262375,6000,63070030,0,2026-01-23 18:30:05.967,com.sec.android.app.shealth,2026-01-21 23:51:00.719,4b0547dd-a574-4395-ac2a-c48212433530.source_info.json,1.2850955,8047.75,324.42996,10730,VfS0qUERdZ,com.sec.android.app.shealth,0,4b0547dd-a574-4395-ac2a-c48212433530.achievement.json,4b0547dd-a574-4395-ac2a-c48212433530,1769040000000,
63070030,10730,ed894a78-ffd6-46b2-b66b-68740d4c637a.binning_data.json,6262375,6000,63070030,0,2026-01-22 18:35:25.002,com.sec.android.app.shealth,2026-01-22 18:30:07.927,,1.2850955,8047.75,324.42996,10730,US7nt0+2+q,com.sec.android.app.shealth,0,ed894a78-ffd6-46b2-b66b-68740d4c637a.achievement.json,ed894a78-ffd6-46b2-b66b-68740d4c637a,1769040000000,
63070030,15136,9312aca4-02ac-424c-b70f-045641b1ccce.binning_data.json,9241575,6000,63070030,0,2026-01-23 17:41:31.988,com.sec.android.app.shealth,2026-01-22 18:35:16.693,9312aca4-02ac-424c-b70f-045641b1ccce.source_info.json,1.2164344,11241.77,465.46,15136,VfS0qUERdZ,com.sec.android.app.shealth,0,9312aca4-02ac-424c-b70f-045641b1ccce.achievement.json,9312aca4-02ac-424c-b70f-045641b1ccce,1769126400000,
63070030,15136,d7c2459e-5f0b-4f4b-ab3c-70c44643d08e.binning_data.json,9241575,6000,63070030,0,2026-01-23 18:30:04.296,com.sec.android.app.shealth,2026-01-22 18:35:25.042,,1.2164344,11241.77,465.46,15136,US7nt0+2+q,com.sec.android.app.shealth,0,d7c2459e-5f0b-4f4b-ab3c-70c44643d08e.achievement.json,d7c2459e-5f0b-4f4b-ab3c-70c44643d08e,1769126400000,
63070030,6002,fcf6d972-7b97-4fd5-b946-e016ea0eef40.binning_data.json,3548627,6000,63070030,7,2026-01-24 17:58:47.951,com.sec.android.app.shealth,2026-01-23 19:25:42.506,fcf6d972-7b97-4fd5-b946-e016ea0eef40.source_info.json,1.2701924,4507.44,185.81999,5995,VfS0qUERdZ,com.sec.android.app.shealth,0,fcf6d972-7b97-4fd5-b946-e016ea0eef40.achievement.json,fcf6d972-7b97-4fd5-b946-e016ea0eef40,1769212800000,
63070030,6002,de55c173-d1a1-434f-b0b2-5a0402915249.binning_data.json,3548627,6000,63070030,7,2026-01-24 18:30:12.302,com.sec.android.app.shealth,2026-01-24 18:30:12.302,,1.2701924,4507.44,185.81999,5995,US7nt0+2+q,com.sec.android.app.shealth,0,de55c173-d1a1-434f-b0b2-5a0402915249.achievement.json,de55c173-d1a1-434f-b0b2-5a0402915249,1769212800000,
63070030,6006,27433c3e-0bd2-43e1-9855-f83e0cc22d12.binning_data.json,3514492,6000,63070030,0,2026-01-25 17:02:57.131,com.sec.android.app.shealth,2026-01-25 03:30:56.629,27433c3e-0bd2-43e1-9855-f83e0cc22d12.source_info.json,1.2788391,4494.47,182.12999,6006,VfS0qUERdZ,com.sec.android.app.shealth,0,27433c3e-0bd2-43e1-9855-f83e0cc22d12.achievement.json,27433c3e-0bd2-43e1-9855-f83e0cc22d12,1769299200000,
63070030,6006,b872fe19-1e01-4ea5-b998-d1b31835fb39.binning_data.json,3514492,6000,63070030,0,2026-01-25 18:30:05.144,com.sec.android.app.shealth,2026-01-25 18:30:05.144,,1.2788391,4494.47,182.12999,6006,US7nt0+2+q,com.sec.android.app.shealth,0,b872fe19-1e01-4ea5-b998-d1b31835fb39.achievement.json,b872fe19-1e01-4ea5-b998-d1b31835fb39,1769299200000,
63070030,8416,2f001f0a-0a3c-48e0-bfc7-83f9a5c07ac0.binning_data.json,4692533,6000,63070030,9,2026-01-26 18:29:25.478,com.sec.android.app.shealth,2026-01-26 03:07:03.084,2f001f0a-0a3c-48e0-bfc7-83f9a5c07ac0.source_info.json,1.3582556,6373.66,255.45999,8407,VfS0qUERdZ,com.sec.android.app.shealth,0,2f001f0a-0a3c-48e0-bfc7-83f9a5c07ac0.achievement.json,2f001f0a-0a3c-48e0-bfc7-83f9a5c07ac0,1769385600000,
63070030,8416,b7c2e4f7-5500-4dea-a611-5aba0b6a183b.binning_data.json,4692533,6000,63070030,9,2026-01-26 18:30:05.914,com.sec.android.app.shealth,2026-01-26 18:30:05.914,,1.3582556,6373.66,255.45999,8407,US7nt0+2+q,com.sec.android.app.shealth,0,b7c2e4f7-5500-4dea-a611-5aba0b6a183b.achievement.json,b7c2e4f7-5500-4dea-a611-5aba0b6a183b,1769385600000,
63070030,8143,7bfb1429-3ab9-4611-a4fd-e7e4eeb4f539.binning_data.json,4933944,6000,63070030,1,2026-01-27 18:11:11.727,com.sec.android.app.shealth,2026-01-27 03:12:03.347,7bfb1429-3ab9-4611-a4fd-e7e4eeb4f539.source_info.json,1.2322494,6079.85,251.23997,8142,VfS0qUERdZ,com.sec.android.app.shealth,0,7bfb1429-3ab9-4611-a4fd-e7e4eeb4f539.achievement.json,7bfb1429-3ab9-4611-a4fd-e7e4eeb4f539,1769472000000,
63070030,8143,254a5484-18aa-40ca-bb63-c9a8ebccf916.binning_data.json,4933944,6000,63070030,1,2026-01-27 18:30:11.879,com.sec.android.app.shealth,2026-01-27 18:30:11.879,,1.2322494,6079.85,251.23997,8142,US7nt0+2+q,com.sec.android.app.shealth,0,254a5484-18aa-40ca-bb63-c9a8ebccf916.achievement.json,254a5484-18aa-40ca-bb63-c9a8ebccf916,1769472000000,
63070030,12135,ab447199-58cc-4b99-b6e7-4d952863aaea.binning_data.json,7621764,6000,63070030,19,2026-01-28 15:18:02.253,com.sec.android.app.shealth,2026-01-27 18:35:18.883,ab447199-58cc-4b99-b6e7-4d952863aaea.source_info.json,1.1798803,8992.77,375.47998,12116,VfS0qUERdZ,com.sec.android.app.shealth,0,ab447199-58cc-4b99-b6e7-4d952863aaea.achievement.json,ab447199-58cc-4b99-b6e7-4d952863aaea,1769558400000,
63070030,12135,a618af67-401b-4339-80ee-f00c0a3c612c.binning_data.json,7621764,6000,63070030,19,2026-01-28 18:30:05.573,com.sec.android.app.shealth,2026-01-28 18:30:05.573,,1.1798803,8992.77,375.47998,12116,US7nt0+2+q,com.sec.android.app.shealth,0,a618af67-401b-4339-80ee-f00c0a3c612c.achievement.json,a618af67-401b-4339-80ee-f00c0a3c612c,1769558400000,
63070030,10407,9be05183-0b16-49f6-bffa-f59cf0debac4.binning_data.json,5920091,6000,63070030,0,2026-01-29 16:57:30.519,com.sec.android.app.shealth,2026-01-29 03:40:51.930,9be05183-0b16-49f6-bffa-f59cf0debac4.source_info.json,1.3252025,7845.32,314.12997,10407,VfS0qUERdZ,com.sec.android.app.shealth,0,9be05183-0b16-49f6-bffa-f59cf0debac4.achievement.json,9be05183-0b16-49f6-bffa-f59cf0debac4,1769644800000,
63070030,10407,b747f022-1985-4160-983c-30bef0451549.binning_data.json,5920091,6000,63070030,0,2026-01-29 18:30:49.404,com.sec.android.app.shealth,2026-01-29 18:30:49.404,,1.3252025,7845.32,314.12997,10407,US7nt0+2+q,com.sec.android.app.shealth,0,b747f022-1985-4160-983c-30bef0451549.achievement.json,b747f022-1985-4160-983c-30bef0451549,1769644800000,
63070030,21008,3bd9f2d4-188c-49f6-83a4-b6aeb86a658b.binning_data.json,11539742,6000,63070030,2841,2026-01-30 17:28:16.656,com.sec.android.app.shealth,2026-01-30 01:39:46.717,3bd9f2d4-188c-49f6-83a4-b6aeb86a658b.source_info.json,1.4538417,16776.959,747.64,18167,VfS0qUERdZ,com.sec.android.app.shealth,0,3bd9f2d4-188c-49f6-83a4-b6aeb86a658b.achievement.json,3bd9f2d4-188c-49f6-83a4-b6aeb86a658b,1769731200000,
63070030,21008,adf38560-f068-43fe-9488-530e7cc565a0.binning_data.json,11539742,6000,63070030,2841,2026-01-30 18:30:18.197,com.sec.android.app.shealth,2026-01-30 18:30:18.197,,1.4538417,16776.959,747.64,18167,US7nt0+2+q,com.sec.android.app.shealth,0,adf38560-f068-43fe-9488-530e7cc565a0.achievement.json,adf38560-f068-43fe-9488-530e7cc565a0,1769731200000,
63070030,6195,2d6cc3a2-ec8a-46fc-bc5d-58e984027965.binning_data.json,3506234,6000,63070030,0,2026-01-31 16:38:43.661,com.sec.android.app.shealth,2026-01-31 01:19:37.177,2d6cc3a2-ec8a-46fc-bc5d-58e984027965.source_info.json,1.3331025,4674.17,186.95996,6195,VfS0qUERdZ,com.sec.android.app.shealth,0,2d6cc3a2-ec8a-46fc-bc5d-58e984027965.achievement.json,2d6cc3a2-ec8a-46fc-bc5d-58e984027965,1769817600000,
63070030,6195,8fe42030-7093-4352-b3ca-96dee063abf5.binning_data.json,3506234,6000,63070030,0,2026-01-31 18:30:03.756,com.sec.android.app.shealth,2026-01-31 18:30:03.756,,1.3331025,4674.17,186.95996,6195,US7nt0+2+q,com.sec.android.app.shealth,0,8fe42030-7093-4352-b3ca-96dee063abf5.achievement.json,8fe42030-7093-4352-b3ca-96dee063abf5,1769817600000,
63070030,7913,1de31991-ab25-443f-9b96-103f4398da6f.binning_data.json,4418496,6000,63070030,1,2026-02-01 15:48:25.044,com.sec.android.app.shealth,2026-02-01 08:04:46.243,1de31991-ab25-443f-9b96-103f4398da6f.source_info.json,1.3554158,5988.9,238.36998,7912,VfS0qUERdZ,com.sec.android.app.shealth,0,1de31991-ab25-443f-9b96-103f4398da6f.achievement.json,1de31991-ab25-443f-9b96-103f4398da6f,1769904000000,
63070030,7913,64a2731f-358d-452b-af7a-c3f0632db600.binning_data.json,4418496,6000,63070030,1,2026-02-01 18:30:09.181,com.sec.android.app.shealth,2026-02-01 18:30:09.181,,1.3554158,5988.9,238.36998,7912,US7nt0+2+q,com.sec.android.app.shealth,0,64a2731f-358d-452b-af7a-c3f0632db600.achievement.json,64a2731f-358d-452b-af7a-c3f0632db600,1769904000000,
63070030,6649,a5c337cc-db76-4d01-a0d3-700de388b0ec.binning_data.json,4005173,6000,63070030,0,2026-02-02 16:13:05.597,com.sec.android.app.shealth,2026-02-02 01:17:17.321,a5c337cc-db76-4d01-a0d3-700de388b0ec.source_info.json,1.2379937,4958.38,202.81999,6649,VfS0qUERdZ,com.sec.android.app.shealth,0,a5c337cc-db76-4d01-a0d3-700de388b0ec.achievement.json,a5c337cc-db76-4d01-a0d3-700de388b0ec,1769990400000,
63070030,6649,20d10681-bca7-4747-9fc5-9ff52c172264.binning_data.json,4005173,6000,63070030,0,2026-02-02 18:30:04.180,com.sec.android.app.shealth,2026-02-02 18:30:04.180,,1.2379937,4958.38,202.81999,6649,US7nt0+2+q,com.sec.android.app.shealth,0,20d10681-bca7-4747-9fc5-9ff52c172264.achievement.json,20d10681-bca7-4747-9fc5-9ff52c172264,1769990400000,
63070030,6032,bf958527-e337-42b0-8fc4-5fc58cbd113a.binning_data.json,3699197,6000,63070030,2,2026-02-03 15:33:38.095,com.sec.android.app.shealth,2026-02-03 03:06:08.585,bf958527-e337-42b0-8fc4-5fc58cbd113a.source_info.json,1.2097083,4474.95,183.95999,6030,VfS0qUERdZ,com.sec.android.app.shealth,0,bf958527-e337-42b0-8fc4-5fc58cbd113a.achievement.json,bf958527-e337-42b0-8fc4-5fc58cbd113a,1770076800000,
63070030,6032,8ba554ed-b8aa-4fc1-9662-0e0bf1650436.binning_data.json,3699197,6000,63070030,2,2026-02-03 18:30:12.420,com.sec.android.app.shealth,2026-02-03 18:30:12.420,,1.2097083,4474.95,183.95999,6030,US7nt0+2+q,com.sec.android.app.shealth,0,8ba554ed-b8aa-4fc1-9662-0e0bf1650436.achievement.json,8ba554ed-b8aa-4fc1-9662-0e0bf1650436,1770076800000,
63070030,10286,e1ba4d90-a225-4df5-8edc-eacb0c3c2f82.binning_data.json,5954771,6000,63070030,14,2026-02-04 16:57:05.299,com.sec.android.app.shealth,2026-02-04 02:47:46.648,e1ba4d90-a225-4df5-8edc-eacb0c3c2f82.source_info.json,1.298085,7729.8,311.69995,10272,VfS0qUERdZ,com.sec.android.app.shealth,0,e1ba4d90-a225-4df5-8edc-eacb0c3c2f82.achievement.json,e1ba4d90-a225-4df5-8edc-eacb0c3c2f82,1770163200000,
63070030,10286,bac97e07-82e4-4b6c-86d3-4d9194441433.binning_data.json,5954771,6000,63070030,14,2026-02-04 18:30:05.773,com.sec.android.app.shealth,2026-02-04 18:30:05.773,,1.298085,7729.8,311.69995,10272,US7nt0+2+q,com.sec.android.app.shealth,0,bac97e07-82e4-4b6c-86d3-4d9194441433.achievement.json,bac97e07-82e4-4b6c-86d3-4d9194441433,1770163200000,
63070030,6103,d19e6863-1b45-4621-9968-6d4376b9dad2.binning_data.json,3737546,6000,63070030,0,2026-02-05 17:07:17.836,com.sec.android.app.shealth,2026-02-05 02:42:36.901,d19e6863-1b45-4621-9968-6d4376b9dad2.source_info.json,1.2121856,4530.6,185.99998,6103,VfS0qUERdZ,com.sec.android.app.shealth,0,d19e6863-1b45-4621-9968-6d4376b9dad2.achievement.json,d19e6863-1b45-4621-9968-6d4376b9dad2,1770249600000,
63070030,6103,d85a3a29-ae8f-4b30-9746-50a6c5db155e.binning_data.json,3737546,6000,63070030,0,2026-02-05 18:30:11.032,com.sec.android.app.shealth,2026-02-05 18:30:11.032,,1.2121856,4530.6,185.99998,6103,US7nt0+2+q,com.sec.android.app.shealth,0,d85a3a29-ae8f-4b30-9746-50a6c5db155e.achievement.json,d85a3a29-ae8f-4b30-9746-50a6c5db155e,1770249600000,
63070030,7975,7626e902-7ba0-4e52-953b-0833284ffdbb.binning_data.json,4598986,6000,63070030,0,2026-02-07 18:30:09.409,com.sec.android.app.shealth,2026-02-06 01:02:44.528,7626e902-7ba0-4e52-953b-0833284ffdbb.source_info.json,1.3023847,5989.65,241.59998,7975,VfS0qUERdZ,com.sec.android.app.shealth,0,7626e902-7ba0-4e52-953b-0833284ffdbb.achievement.json,7626e902-7ba0-4e52-953b-0833284ffdbb,1770336000000,
63070030,7975,7969e186-06f9-4676-89cd-4963bc149d77.binning_data.json,4598986,6000,63070030,0,2026-02-06 18:34:42.095,com.sec.android.app.shealth,2026-02-06 18:30:04.829,,1.3023847,5989.65,241.59998,7975,US7nt0+2+q,com.sec.android.app.shealth,0,7969e186-06f9-4676-89cd-4963bc149d77.achievement.json,7969e186-06f9-4676-89cd-4963bc149d77,1770336000000,
63070030,22221,4a3aadec-8b7d-4c8a-9571-b2c04d7b8ff6.binning_data.json,13508281,6000,63070030,1,2026-02-07 17:15:11.351,com.sec.android.app.shealth,2026-02-06 18:43:28.650,4a3aadec-8b7d-4c8a-9571-b2c04d7b8ff6.source_info.json,1.2198969,16478.709,675.12994,22220,VfS0qUERdZ,com.sec.android.app.shealth,0,4a3aadec-8b7d-4c8a-9571-b2c04d7b8ff6.achievement.json,4a3aadec-8b7d-4c8a-9571-b2c04d7b8ff6,1770422400000,
63070030,22221,ed957669-0de9-4633-85f0-cb0d717ecd5d.binning_data.json,13508281,6000,63070030,1,2026-02-07 18:30:06.903,com.sec.android.app.shealth,2026-02-07 18:30:06.903,,1.2198969,16478.709,675.12994,22220,US7nt0+2+q,com.sec.android.app.shealth,0,ed957669-0de9-4633-85f0-cb0d717ecd5d.achievement.json,ed957669-0de9-4633-85f0-cb0d717ecd5d,1770422400000,
63070030,20933,b4f6841e-f77b-4661-8a25-b30473a89f22.binning_data.json,12279835,6000,63070030,42,2026-02-08 18:07:54.028,com.sec.android.app.shealth,2026-02-07 22:39:26.355,b4f6841e-f77b-4661-8a25-b30473a89f22.source_info.json,1.2813543,15734.82,642.01996,20891,VfS0qUERdZ,com.sec.android.app.shealth,0,b4f6841e-f77b-4661-8a25-b30473a89f22.achievement.json,b4f6841e-f77b-4661-8a25-b30473a89f22,1770508800000,
63070030,20933,3ede7dca-f9b2-4936-9893-5a6d344ac941.binning_data.json,12279835,6000,63070030,42,2026-02-08 18:30:04.674,com.sec.android.app.shealth,2026-02-08 18:30:04.674,,1.2813543,15734.82,642.01996,20891,US7nt0+2+q,com.sec.android.app.shealth,0,3ede7dca-f9b2-4936-9893-5a6d344ac941.achievement.json,3ede7dca-f9b2-4936-9893-5a6d344ac941,1770508800000,
63070030,6321,a6dcd6bd-d925-4f91-9eef-d1093a955e9b.binning_data.json,3766493,6000,63070030,6,2026-02-10 18:30:09.553,com.sec.android.app.shealth,2026-02-08 19:15:03.007,a6dcd6bd-d925-4f91-9eef-d1093a955e9b.source_info.json,1.2526718,4718.18,194.23999,6315,VfS0qUERdZ,com.sec.android.app.shealth,0,a6dcd6bd-d925-4f91-9eef-d1093a955e9b.achievement.json,a6dcd6bd-d925-4f91-9eef-d1093a955e9b,1770595200000,
63070030,6321,a940d1e7-53c8-4b7e-9bcf-ee34e89f192a.binning_data.json,3766493,6000,63070030,6,2026-02-09 18:32:35.248,com.sec.android.app.shealth,2026-02-09 18:30:12.323,,1.2526718,4718.18,194.23999,6315,US7nt0+2+q,com.sec.android.app.shealth,0,a940d1e7-53c8-4b7e-9bcf-ee34e89f192a.achievement.json,a940d1e7-53c8-4b7e-9bcf-ee34e89f192a,1770595200000,
63070030,6085,182c879b-2e8c-4d69-9e84-65ae946f1d53.binning_data.json,3707231,6000,63070030,0,2026-02-10 16:39:05.685,com.sec.android.app.shealth,2026-02-09 18:32:32.805,182c879b-2e8c-4d69-9e84-65ae946f1d53.source_info.json,1.2201046,4523.21,185.81999,6085,VfS0qUERdZ,com.sec.android.app.shealth,0,182c879b-2e8c-4d69-9e84-65ae946f1d53.achievement.json,182c879b-2e8c-4d69-9e84-65ae946f1d53,1770681600000,
63070030,6085,b7ad6fa5-1c5e-4d6e-ae7b-f2f8af0250cc.binning_data.json,3707231,6000,63070030,0,2026-02-10 18:30:07.262,com.sec.android.app.shealth,2026-02-09 18:32:35.238,,1.2201046,4523.21,185.81999,6085,US7nt0+2+q,com.sec.android.app.shealth,0,b7ad6fa5-1c5e-4d6e-ae7b-f2f8af0250cc.achievement.json,b7ad6fa5-1c5e-4d6e-ae7b-f2f8af0250cc,1770681600000,
63070030,8856,7904d343-63f1-4f6d-a602-1beaa45f2c33.binning_data.json,5335726,6000,63070030,4,2026-02-11 16:42:27.419,com.sec.android.app.shealth,2026-02-11 04:40:33.292,7904d343-63f1-4f6d-a602-1beaa45f2c33.source_info.json,1.2367518,6598.9697,269.16998,8852,VfS0qUERdZ,com.sec.android.app.shealth,0,7904d343-63f1-4f6d-a602-1beaa45f2c33.achievement.json,7904d343-63f1-4f6d-a602-1beaa45f2c33,1770768000000,
63070030,8856,adbf9867-9285-4187-a2c3-7baa8e64ebf5.binning_data.json,5335726,6000,63070030,4,2026-02-11 18:30:04.223,com.sec.android.app.shealth,2026-02-11 18:30:04.223,,1.2367518,6598.9697,269.16998,8852,US7nt0+2+q,com.sec.android.app.shealth,0,adbf9867-9285-4187-a2c3-7baa8e64ebf5.achievement.json,adbf9867-9285-4187-a2c3-7baa8e64ebf5,1770768000000,
63070030,10488,8aca5720-bf19-405c-97b5-121a57612d6d.binning_data.json,6433338,6000,63070030,0,2026-02-13 18:30:06.643,com.sec.android.app.shealth,2026-02-12 03:07:14.040,8aca5720-bf19-405c-97b5-121a57612d6d.source_info.json,1.2077353,7769.77,318.78,10488,VfS0qUERdZ,com.sec.android.app.shealth,0,8aca5720-bf19-405c-97b5-121a57612d6d.achievement.json,8aca5720-bf19-405c-97b5-121a57612d6d,1770854400000,
63070030,10488,82f4f368-bb26-4077-aeda-14a3dc8b9bfc.binning_data.json,6433338,6000,63070030,0,2026-02-12 18:35:02.039,com.sec.android.app.shealth,2026-02-12 18:30:04.258,,1.2077353,7769.77,318.78,10488,US7nt0+2+q,com.sec.android.app.shealth,0,82f4f368-bb26-4077-aeda-14a3dc8b9bfc.achievement.json,82f4f368-bb26-4077-aeda-14a3dc8b9bfc,1770854400000,
63070030,6084,0070d0db-3744-4535-acd9-4b40ed81c26e.binning_data.json,4010175,6000,63070030,10,2026-02-13 14:03:28.325,com.sec.android.app.shealth,2026-02-12 18:35:01.402,0070d0db-3744-4535-acd9-4b40ed81c26e.source_info.json,1.1150385,4471.5,194.28,6074,VfS0qUERdZ,com.sec.android.app.shealth,0,0070d0db-3744-4535-acd9-4b40ed81c26e.achievement.json,0070d0db-3744-4535-acd9-4b40ed81c26e,1770940800000,
63070030,6084,5b199c7c-84a4-443c-a17d-ce2fe7de987f.binning_data.json,4010175,6000,63070030,10,2026-02-13 18:30:04.853,com.sec.android.app.shealth,2026-02-12 18:35:02.027,,1.1150385,4471.5,194.28,6074,US7nt0+2+q,com.sec.android.app.shealth,0,5b199c7c-84a4-443c-a17d-ce2fe7de987f.achievement.json,5b199c7c-84a4-443c-a17d-ce2fe7de987f,1770940800000,
63070030,6088,59861deb-fe72-422f-86de-21d729881eee.binning_data.json,3387830,6000,63070030,26,2026-02-14 18:18:27.744,com.sec.android.app.shealth,2026-02-13 19:33:27.930,59861deb-fe72-422f-86de-21d729881eee.source_info.json,1.3511065,4577.32,187.12,6062,VfS0qUERdZ,com.sec.android.app.shealth,0,59861deb-fe72-422f-86de-21d729881eee.achievement.json,59861deb-fe72-422f-86de-21d729881eee,1771027200000,
63070030,6088,4941cf60-5743-4cde-9ada-7ea12dc65730.binning_data.json,3387830,6000,63070030,26,2026-02-14 18:30:05.286,com.sec.android.app.shealth,2026-02-14 18:30:05.286,,1.3511065,4577.32,187.12,6062,US7nt0+2+q,com.sec.android.app.shealth,0,4941cf60-5743-4cde-9ada-7ea12dc65730.achievement.json,4941cf60-5743-4cde-9ada-7ea12dc65730,1771027200000,
63070030,6040,6396687f-84fe-4f97-9b86-653fdd44d21c.binning_data.json,3545822,6000,63070030,3,2026-02-15 16:26:32.838,com.sec.android.app.shealth,2026-02-15 04:08:54.823,6396687f-84fe-4f97-9b86-653fdd44d21c.source_info.json,1.2717303,4509.33,183.91998,6037,VfS0qUERdZ,com.sec.android.app.shealth,0,6396687f-84fe-4f97-9b86-653fdd44d21c.achievement.json,6396687f-84fe-4f97-9b86-653fdd44d21c,1771113600000,
63070030,6040,fc51a151-ccd1-4e79-ac4a-28e8d60c508e.binning_data.json,3545822,6000,63070030,3,2026-02-15 18:30:07.614,com.sec.android.app.shealth,2026-02-15 18:30:07.614,,1.2717303,4509.33,183.91998,6037,US7nt0+2+q,com.sec.android.app.shealth,0,fc51a151-ccd1-4e79-ac4a-28e8d60c508e.achievement.json,fc51a151-ccd1-4e79-ac4a-28e8d60c508e,1771113600000,
63070030,6435,a499b6fa-68d2-44c4-9f40-388bc7880faf.binning_data.json,3628984,6000,63070030,19,2026-02-16 18:16:45.900,com.sec.android.app.shealth,2026-02-15 23:44:23.220,a499b6fa-68d2-44c4-9f40-388bc7880faf.source_info.json,1.3449465,4880.79,199.18,6416,VfS0qUERdZ,com.sec.android.app.shealth,0,a499b6fa-68d2-44c4-9f40-388bc7880faf.achievement.json,a499b6fa-68d2-44c4-9f40-388bc7880faf,1771200000000,
63070030,6435,8c1b73b6-b9a8-4cbb-863a-7c8336102a29.binning_data.json,3628984,6000,63070030,19,2026-02-16 18:30:03.910,com.sec.android.app.shealth,2026-02-16 18:30:03.910,,1.3449465,4880.79,199.18,6416,US7nt0+2+q,com.sec.android.app.shealth,0,8c1b73b6-b9a8-4cbb-863a-7c8336102a29.achievement.json,8c1b73b6-b9a8-4cbb-863a-7c8336102a29,1771200000000,
63070030,6012,4d6e5a6f-0938-4a6a-be6b-30df62be1fe0.binning_data.json,3621444,6000,63070030,1,2026-02-17 18:23:08.326,com.sec.android.app.shealth,2026-02-16 18:35:03.000,4d6e5a6f-0938-4a6a-be6b-30df62be1fe0.source_info.json,1.2361559,4476.67,183.37,6011,VfS0qUERdZ,com.sec.android.app.shealth,0,4d6e5a6f-0938-4a6a-be6b-30df62be1fe0.achievement.json,4d6e5a6f-0938-4a6a-be6b-30df62be1fe0,1771286400000,
63070030,6012,be5e34c8-456d-4474-8828-fbe8bbba26dd.binning_data.json,3621444,6000,63070030,1,2026-02-17 18:30:03.874,com.sec.android.app.shealth,2026-02-17 18:30:03.874,,1.2361559,4476.67,183.37,6011,US7nt0+2+q,com.sec.android.app.shealth,0,be5e34c8-456d-4474-8828-fbe8bbba26dd.achievement.json,be5e34c8-456d-4474-8828-fbe8bbba26dd,1771286400000,
63070030,9531,3614caab-2980-4867-b9ac-4347620308fe.binning_data.json,5417606,6000,63070030,0,2026-02-18 13:07:15.779,com.sec.android.app.shealth,2026-02-18 05:21:24.166,3614caab-2980-4867-b9ac-4347620308fe.source_info.json,1.3282083,7195.71,288.38998,9531,VfS0qUERdZ,com.sec.android.app.shealth,0,3614caab-2980-4867-b9ac-4347620308fe.achievement.json,3614caab-2980-4867-b9ac-4347620308fe,1771372800000,
63070030,9531,60cbb469-09d2-4ad0-9036-86bf1f0c2ab0.binning_data.json,5417606,6000,63070030,0,2026-02-18 18:30:03.503,com.sec.android.app.shealth,2026-02-18 18:30:03.503,,1.3282083,7195.71,288.38998,9531,US7nt0+2+q,com.sec.android.app.shealth,0,60cbb469-09d2-4ad0-9036-86bf1f0c2ab0.achievement.json,60cbb469-09d2-4ad0-9036-86bf1f0c2ab0,1771372800000,
63070030,17931,53acdc75-f89e-4a15-bd59-6980d1cb6a52.binning_data.json,10466157,6000,63070030,0,2026-02-19 17:23:39.143,com.sec.android.app.shealth,2026-02-19 02:24:57.887,53acdc75-f89e-4a15-bd59-6980d1cb6a52.source_info.json,1.2826332,13424.24,541.12994,17931,VfS0qUERdZ,com.sec.android.app.shealth,0,53acdc75-f89e-4a15-bd59-6980d1cb6a52.achievement.json,53acdc75-f89e-4a15-bd59-6980d1cb6a52,1771459200000,
63070030,17931,76503191-58a8-4722-a155-34e5b91792ed.binning_data.json,10466157,6000,63070030,0,2026-02-19 18:30:05.774,com.sec.android.app.shealth,2026-02-19 18:30:05.774,,1.2826332,13424.24,541.12994,17931,US7nt0+2+q,com.sec.android.app.shealth,0,76503191-58a8-4722-a155-34e5b91792ed.achievement.json,76503191-58a8-4722-a155-34e5b91792ed,1771459200000,
63070030,6146,94b48aa6-6048-447f-b688-45351abb899d.binning_data.json,3880256,6000,63070030,0,2026-02-20 16:26:52.989,com.sec.android.app.shealth,2026-02-20 03:40:39.062,94b48aa6-6048-447f-b688-45351abb899d.source_info.json,1.166397,4525.92,187.93,6146,VfS0qUERdZ,com.sec.android.app.shealth,0,94b48aa6-6048-447f-b688-45351abb899d.achievement.json,94b48aa6-6048-447f-b688-45351abb899d,1771545600000,
63070030,6146,249f91bf-7127-4f4b-b6cc-3a109479c37f.binning_data.json,3880256,6000,63070030,0,2026-02-20 18:30:05.066,com.sec.android.app.shealth,2026-02-20 18:30:05.066,,1.166397,4525.92,187.93,6146,US7nt0+2+q,com.sec.android.app.shealth,0,249f91bf-7127-4f4b-b6cc-3a109479c37f.achievement.json,249f91bf-7127-4f4b-b6cc-3a109479c37f,1771545600000,
63070030,6155,eacee1ca-e26e-4c6e-a8ca-b83abfbb0a76.binning_data.json,3553583,6000,63070030,1,2026-02-21 15:56:58.458,com.sec.android.app.shealth,2026-02-21 06:27:10.083,eacee1ca-e26e-4c6e-a8ca-b83abfbb0a76.source_info.json,1.3000762,4619.93,186.88998,6154,VfS0qUERdZ,com.sec.android.app.shealth,0,eacee1ca-e26e-4c6e-a8ca-b83abfbb0a76.achievement.json,eacee1ca-e26e-4c6e-a8ca-b83abfbb0a76,1771632000000,
63070030,6155,3457b251-e41e-4396-86e3-7b44047519a7.binning_data.json,3553583,6000,63070030,1,2026-02-21 18:30:05.715,com.sec.android.app.shealth,2026-02-21 18:30:05.715,,1.3000762,4619.93,186.88998,6154,US7nt0+2+q,com.sec.android.app.shealth,0,3457b251-e41e-4396-86e3-7b44047519a7.achievement.json,3457b251-e41e-4396-86e3-7b44047519a7,1771632000000,
63070030,8312,57878eef-c6ba-4c1a-b894-43223494269f.binning_data.json,4808652,6000,63070030,0,2026-02-22 14:49:39.921,com.sec.android.app.shealth,2026-02-22 04:01:29.808,57878eef-c6ba-4c1a-b894-43223494269f.source_info.json,1.2964007,6233.94,250.24998,8312,VfS0qUERdZ,com.sec.android.app.shealth,0,57878eef-c6ba-4c1a-b894-43223494269f.achievement.json,57878eef-c6ba-4c1a-b894-43223494269f,1771718400000,
63070030,8312,6bad4810-a95d-4f04-9a00-513ce1d3e188.binning_data.json,4808652,6000,63070030,0,2026-02-22 18:30:06.184,com.sec.android.app.shealth,2026-02-22 18:30:06.184,,1.2964007,6233.94,250.24998,8312,US7nt0+2+q,com.sec.android.app.shealth,0,6bad4810-a95d-4f04-9a00-513ce1d3e188.achievement.json,6bad4810-a95d-4f04-9a00-513ce1d3e188,1771718400000,
63070030,6751,3e938b05-26fa-4189-8f06-864c4016cd49.binning_data.json,4030910,6000,63070030,0,2026-02-23 15:46:45.662,com.sec.android.app.shealth,2026-02-23 01:16:17.905,3e938b05-26fa-4189-8f06-864c4016cd49.source_info.json,1.2497746,5037.73,204.46997,6751,VfS0qUERdZ,com.sec.android.app.shealth,0,3e938b05-26fa-4189-8f06-864c4016cd49.achievement.json,3e938b05-26fa-4189-8f06-864c4016cd49,1771804800000,
63070030,6751,c04fdb7b-b0dc-4dad-8e65-d6022e4fae15.binning_data.json,4030910,6000,63070030,0,2026-02-23 18:30:04.092,com.sec.android.app.shealth,2026-02-23 18:30:04.092,,1.2497746,5037.73,204.46997,6751,US7nt0+2+q,com.sec.android.app.shealth,0,c04fdb7b-b0dc-4dad-8e65-d6022e4fae15.achievement.json,c04fdb7b-b0dc-4dad-8e65-d6022e4fae15,1771804800000,
63070030,4383,6a81acaa-0b44-495f-813f-76a679305830.binning_data.json,2739366,6000,63070030,0,2026-02-24 13:42:30.180,com.sec.android.app.shealth,2026-02-24 03:35:03.314,6a81acaa-0b44-495f-813f-76a679305830.source_info.json,1.181127,3235.54,133.09999,4383,VfS0qUERdZ,com.sec.android.app.shealth,0,6a81acaa-0b44-495f-813f-76a679305830.achievement.json,6a81acaa-0b44-495f-813f-76a679305830,1771891200000,
63070030,4383,360e9d47-b1c2-4d02-bc9c-12b2bfe23f26.binning_data.json,2739366,6000,63070030,0,2026-02-24 18:30:04.711,com.sec.android.app.shealth,2026-02-24 18:30:04.711,,1.181127,3235.54,133.09999,4383,US7nt0+2+q,com.sec.android.app.shealth,0,360e9d47-b1c2-4d02-bc9c-12b2bfe23f26.achievement.json,360e9d47-b1c2-4d02-bc9c-12b2bfe23f26,1771891200000,
63070030,8575,caaf7ae8-b9d3-4f3c-bdec-f3a43f4bba5f.binning_data.json,5077686,6000,63070030,0,2026-02-25 12:59:59.665,com.sec.android.app.shealth,2026-02-25 03:26:42.288,caaf7ae8-b9d3-4f3c-bdec-f3a43f4bba5f.source_info.json,1.2638354,6417.36,259.47998,8575,VfS0qUERdZ,com.sec.android.app.shealth,0,caaf7ae8-b9d3-4f3c-bdec-f3a43f4bba5f.achievement.json,caaf7ae8-b9d3-4f3c-bdec-f3a43f4bba5f,1771977600000,
63070030,8575,48c692d0-8058-4140-8a87-91284b5c0ab3.binning_data.json,5077686,6000,63070030,0,2026-02-25 18:30:03.746,com.sec.android.app.shealth,2026-02-25 18:30:03.746,,1.2638354,6417.36,259.47998,8575,US7nt0+2+q,com.sec.android.app.shealth,0,48c692d0-8058-4140-8a87-91284b5c0ab3.achievement.json,48c692d0-8058-4140-8a87-91284b5c0ab3,1771977600000,
63070030,6449,76ce7818-15bd-4901-85cc-3760b2393c66.binning_data.json,3962695,6000,63070030,0,2026-02-26 14:54:55.250,com.sec.android.app.shealth,2026-02-26 01:29:57.200,76ce7818-15bd-4901-85cc-3760b2393c66.source_info.json,1.2037235,4769.9897,195.7,6449,VfS0qUERdZ,com.sec.android.app.shealth,0,76ce7818-15bd-4901-85cc-3760b2393c66.achievement.json,76ce7818-15bd-4901-85cc-3760b2393c66,1772064000000,
63070030,6449,1b20f147-174f-4e91-aec8-7b66a47adb2c.binning_data.json,3962695,6000,63070030,0,2026-02-26 18:30:05.487,com.sec.android.app.shealth,2026-02-26 18:30:05.487,,1.2037235,4769.9897,195.7,6449,US7nt0+2+q,com.sec.android.app.shealth,0,1b20f147-174f-4e91-aec8-7b66a47adb2c.achievement.json,1b20f147-174f-4e91-aec8-7b66a47adb2c,1772064000000,
63070030,8549,c806098f-0730-4563-8b83-bd864077941f.binning_data.json,5324839,6000,63070030,0,2026-02-27 13:17:32.110,com.sec.android.app.shealth,2026-02-27 01:00:21.723,c806098f-0730-4563-8b83-bd864077941f.source_info.json,1.1852809,6311.43,259.41998,8549,VfS0qUERdZ,com.sec.android.app.shealth,0,c806098f-0730-4563-8b83-bd864077941f.achievement.json,c806098f-0730-4563-8b83-bd864077941f,1772150400000,
63070030,8549,afd49e2a-ed14-4829-88ed-3b961d59ce97.binning_data.json,5324839,6000,63070030,0,2026-02-27 18:30:05.677,com.sec.android.app.shealth,2026-02-27 18:30:05.677,,1.1852809,6311.43,259.41998,8549,US7nt0+2+q,com.sec.android.app.shealth,0,afd49e2a-ed14-4829-88ed-3b961d59ce97.achievement.json,afd49e2a-ed14-4829-88ed-3b961d59ce97,1772150400000,
63070030,3600,0391707c-71f6-457c-a9c2-05fb218d734e.binning_data.json,2112525,6000,63070030,3,2026-02-28 16:23:22.745,com.sec.android.app.shealth,2026-02-28 02:45:39.155,0391707c-71f6-457c-a9c2-05fb218d734e.source_info.json,1.279601,2703.19,110.43999,3597,VfS0qUERdZ,com.sec.android.app.shealth,0,0391707c-71f6-457c-a9c2-05fb218d734e.achievement.json,0391707c-71f6-457c-a9c2-05fb218d734e,1772236800000,
63070030,3600,85812eca-7361-4a3f-b922-f0871626694c.binning_data.json,2112525,6000,63070030,3,2026-02-28 18:30:15.283,com.sec.android.app.shealth,2026-02-28 18:30:15.283,,1.279601,2703.19,110.43999,3597,US7nt0+2+q,com.sec.android.app.shealth,0,85812eca-7361-4a3f-b922-f0871626694c.achievement.json,85812eca-7361-4a3f-b922-f0871626694c,1772236800000,
63070030,12180,5dc3886a-e255-40a2-981d-2f0c9757460a.binning_data.json,6997673,6000,63070030,0,2026-03-01 16:43:45.387,com.sec.android.app.shealth,2026-03-01 03:00:19.327,5dc3886a-e255-40a2-981d-2f0c9757460a.source_info.json,1.3122503,9182.7,368.93997,12180,VfS0qUERdZ,com.sec.android.app.shealth,0,5dc3886a-e255-40a2-981d-2f0c9757460a.achievement.json,5dc3886a-e255-40a2-981d-2f0c9757460a,1772323200000,
63070030,12180,2c8170e3-a930-44ba-9b38-60ae2e991421.binning_data.json,6997673,6000,63070030,0,2026-03-01 18:30:11.248,com.sec.android.app.shealth,2026-03-01 18:30:11.248,,1.3122503,9182.7,368.93997,12180,US7nt0+2+q,com.sec.android.app.shealth,0,2c8170e3-a930-44ba-9b38-60ae2e991421.achievement.json,2c8170e3-a930-44ba-9b38-60ae2e991421,1772323200000,
63070030,6867,84a48f9f-4618-48d0-9a8b-10cdaaf47c84.binning_data.json,4143573,6000,63070030,0,2026-03-02 15:07:56.211,com.sec.android.app.shealth,2026-03-02 02:01:22.255,84a48f9f-4618-48d0-9a8b-10cdaaf47c84.source_info.json,1.233211,5109.9,209.51,6867,VfS0qUERdZ,com.sec.android.app.shealth,0,84a48f9f-4618-48d0-9a8b-10cdaaf47c84.achievement.json,84a48f9f-4618-48d0-9a8b-10cdaaf47c84,1772409600000,
63070030,6867,da8cf50b-1d72-4b1c-b353-529af5769285.binning_data.json,4143573,6000,63070030,0,2026-03-02 18:30:04.187,com.sec.android.app.shealth,2026-03-02 18:30:04.187,,1.233211,5109.9,209.51,6867,US7nt0+2+q,com.sec.android.app.shealth,0,da8cf50b-1d72-4b1c-b353-529af5769285.achievement.json,da8cf50b-1d72-4b1c-b353-529af5769285,1772409600000,
63070030,3409,a62dedae-4f33-4d74-aa89-ceb1ffe97d04.binning_data.json,2011396,6000,63110130,0,2026-03-03 17:56:44.832,com.sec.android.app.shealth,2026-03-03 03:45:31.027,a62dedae-4f33-4d74-aa89-ceb1ffe97d04.source_info.json,1.2668557,2548.15,103.32,3409,VfS0qUERdZ,com.sec.android.app.shealth,0,a62dedae-4f33-4d74-aa89-ceb1ffe97d04.achievement.json,a62dedae-4f33-4d74-aa89-ceb1ffe97d04,1772496000000,
63110130,3409,55121f4a-3754-4fa4-8fc0-8ee77fd54450.binning_data.json,2011396,6000,63110130,0,2026-03-03 18:30:09.497,com.sec.android.app.shealth,2026-03-03 18:30:09.497,,1.2668557,2548.15,103.32,3409,US7nt0+2+q,com.sec.android.app.shealth,0,55121f4a-3754-4fa4-8fc0-8ee77fd54450.achievement.json,55121f4a-3754-4fa4-8fc0-8ee77fd54450,1772496000000,
63110130,11002,a3cb559d-6fa8-48d5-9627-3dcd38c585a6.binning_data.json,6244296,6000,63110130,0,2026-03-04 15:22:25.784,com.sec.android.app.shealth,2026-03-04 02:06:54.111,a3cb559d-6fa8-48d5-9627-3dcd38c585a6.source_info.json,1.3302461,8306.45,330.98996,11002,VfS0qUERdZ,com.sec.android.app.shealth,0,a3cb559d-6fa8-48d5-9627-3dcd38c585a6.achievement.json,a3cb559d-6fa8-48d5-9627-3dcd38c585a6,1772582400000,
63110130,11002,8c78ff5f-7de2-40a9-af6a-ce2752aedba2.binning_data.json,6244296,6000,63110130,0,2026-03-04 18:30:09.607,com.sec.android.app.shealth,2026-03-04 18:30:09.607,,1.3302461,8306.45,330.98996,11002,US7nt0+2+q,com.sec.android.app.shealth,0,8c78ff5f-7de2-40a9-af6a-ce2752aedba2.achievement.json,8c78ff5f-7de2-40a9-af6a-ce2752aedba2,1772582400000,
63110130,10260,6cd131bc-1108-4ae2-b109-b91cfe295c92.binning_data.json,5278133,6000,63110130,3582,2026-03-05 14:55:19.485,com.sec.android.app.shealth,2026-03-04 23:39:38.145,6cd131bc-1108-4ae2-b109-b91cfe295c92.source_info.json,1.6909705,8925.168,452.80997,6678,VfS0qUERdZ,com.sec.android.app.shealth,0,6cd131bc-1108-4ae2-b109-b91cfe295c92.achievement.json,6cd131bc-1108-4ae2-b109-b91cfe295c92,1772668800000,
63110130,10260,3c4edee8-bef2-4781-800b-167cbf456d65.binning_data.json,5278133,6000,63110130,3582,2026-03-05 18:30:16.344,com.sec.android.app.shealth,2026-03-05 18:30:16.344,,1.6909705,8925.168,452.80997,6678,US7nt0+2+q,com.sec.android.app.shealth,0,3c4edee8-bef2-4781-800b-167cbf456d65.achievement.json,3c4edee8-bef2-4781-800b-167cbf456d65,1772668800000,
63110130,5738,2f84d1f9-5153-4ceb-a6aa-04c3b5006cbd.binning_data.json,3492849,6000,63110130,0,2026-03-06 17:07:52.660,com.sec.android.app.shealth,2026-03-06 03:29:45.975,2f84d1f9-5153-4ceb-a6aa-04c3b5006cbd.source_info.json,1.2191736,4258.39,174.12999,5738,VfS0qUERdZ,com.sec.android.app.shealth,0,2f84d1f9-5153-4ceb-a6aa-04c3b5006cbd.achievement.json,2f84d1f9-5153-4ceb-a6aa-04c3b5006cbd,1772755200000,
63110130,5738,c961bd48-053b-4131-86f2-cb4936e22d07.binning_data.json,3492849,6000,63110130,0,2026-03-06 18:30:07.628,com.sec.android.app.shealth,2026-03-06 18:30:07.628,,1.2191736,4258.39,174.12999,5738,US7nt0+2+q,com.sec.android.app.shealth,0,c961bd48-053b-4131-86f2-cb4936e22d07.achievement.json,c961bd48-053b-4131-86f2-cb4936e22d07,1772755200000,
63110130,11150,296c3f06-4f19-4f68-8ce7-188f12ddfabd.binning_data.json,6468541,6000,63110130,75,2026-03-07 14:14:52.028,com.sec.android.app.shealth,2026-03-06 23:52:46.784,296c3f06-4f19-4f68-8ce7-188f12ddfabd.source_info.json,1.298809,8401.399,341.49994,11075,VfS0qUERdZ,com.sec.android.app.shealth,0,296c3f06-4f19-4f68-8ce7-188f12ddfabd.achievement.json,296c3f06-4f19-4f68-8ce7-188f12ddfabd,1772841600000,
