com.samsung.shealth.calories_burned.details,6311013,4
active_calories_goal,version,extra_data,exercise_calories,total_exercise_calories,com.samsung.shealth.calories_burned.create_sh_ver,com.samsung.shealth.calories_burned.tef_calorie,com.samsung.shealth.calories_burned.active_time,com.samsung.shealth.calories_burned.rest_calorie,com.samsung.shealth.calories_burned.modify_sh_ver,com.samsung.shealth.calories_burned.update_time,com.samsung.shealth.calories_burned.create_time,com.samsung.shealth.calories_burned.active_calorie,com.samsung.shealth.calories_burned.deviceuuid,com.samsung.shealth.calories_burned.pkg_name,com.samsung.shealth.calories_burned.datauuid,com.samsung.shealth.calories_burned.day_time
,,498f739e-bdc3-4fbc-bf50-c662ea79a2c4.extra_data.json,,0.0,62670070,0.0,3046324,1549.2072,62701610,2024-07-13 09:14:42.460,2024-06-21 08:13:11.369,148.71004,US7nt0+2+q,com.sec.android.app.shealth,498f739e-bdc3-4fbc-bf50-c662ea79a2c4,1718928000000,
,,a45c88a0-b028-496c-a135-37f79b4ab4a2.extra_data.json,,0.0,62670070,0.0,0,1605.8259,62701610,2024-07-13 09:14:42.419,2024-06-21 08:13:13.384,0.0,US7nt0+2+q,com.sec.android.app.shealth,a45c88a0-b028-496c-a135-37f79b4ab4a2,1718841600000,
,,ba944222-14d6-47b3-9c68-5c36999d8e48.extra_data.json,,0.0,62670070,0.0,0,1605.8259,62701610,2024-07-13 09:14:41.880,2024-06-21 08:13:13.619,0.0,US7nt0+2+q,com.sec.android.app.shealth,ba944222-14d6-47b3-9c68-5c36999d8e48,1718755200000,
,,7d277d7e-9ae4-4d5e-987d-3572a36e2989.extra_data.json,,0.0,62670070,0.0,0,1605.8259,62701610,2024-07-13 09:14:41.610,2024-06-21 08:13:13.715,0.0,US7nt0+2+q,com.sec.android.app.shealth,7d277d7e-9ae4-4d5e-987d-3572a36e2989,1718668800000,
,,59cff8fc-61b9-4286-891d-95df904df9b9.extra_data.json,,0.0,62670070,0.0,0,1605.8259,62701610,2024-07-13 09:14:41.483,2024-06-21 08:13:13.860,0.0,US7nt0+2+q,com.sec.android.app.shealth,59cff8fc-61b9-4286-891d-95df904df9b9,1718582400000,
,,5044acb8-ca9d-4f3c-8b81-59911ec32f8b.extra_data.json,,0.0,62670070,0.0,0,1605.8259,62701610,2024-07-13 09:14:41.337,2024-06-21 08:13:13.961,0.0,US7nt0+2+q,com.sec.android.app.shealth,5044acb8-ca9d-4f3c-8b81-59911ec32f8b,1718496000000,
,,36203a74-83c0-4da8-8f24-401e941c35a2.extra_data.json,,0.0,62670070,0.0,0,1605.8259,62701610,2024-07-12 15:09:46.482,2024-06-21 08:13:14.062,0.0,US7nt0+2+q,com.sec.android.app.shealth,36203a74-83c0-4da8-8f24-401e941c35a2,1718409600000,
,,fb2f417a-8004-48c0-918b-f3479eb3d565.extra_data.json,,0.0,62670070,0.0,0,1605.8259,62701610,2024-07-09 01:24:44.377,2024-06-21 08:13:14.183,0.0,US7nt0+2+q,com.sec.android.app.shealth,fb2f417a-8004-48c0-918b-f3479eb3d565,1718323200000,
,,11e523b3-e9fe-45e0-abfa-b33f2246ffc5.extra_data.json,,0.0,62670070,0.0,0,1605.8259,62701610,2024-07-09 01:24:44.359,2024-06-21 08:13:14.282,0.0,US7nt0+2+q,com.sec.android.app.shealth,11e523b3-e9fe-45e0-abfa-b33f2246ffc5,1718236800000,
,,eef1c4a7-2bda-42fc-8b24-7ee5c2beb00b.extra_data.json,,0.0,62670070,0.0,0,1605.8259,62701610,2024-07-09 01:24:44.341,2024-06-21 08:13:14.392,0.0,US7nt0+2+q,com.sec.android.app.shealth,eef1c4a7-2bda-42fc-8b24-7ee5c2beb00b,1718150400000,
,,347858b0-3c8a-4de8-8227-d443d5fffaac.extra_data.json,,0.0,62670070,0.0,0,1605.8259,62670070,2024-06-28 14:39:39.745,2024-06-21 08:13:14.489,0.0,US7nt0+2+q,com.sec.android.app.shealth,347858b0-3c8a-4de8-8227-d443d5fffaac,1718064000000,
,,8c5a0a1e-bc45-4dee-9bf7-6840f6310e36.extra_data.json,,0.0,62670070,0.0,0,1605.8259,62670070,2024-06-28 14:39:39.415,2024-06-21 08:13:14.582,0.0,US7nt0+2+q,com.sec.android.app.shealth,8c5a0a1e-bc45-4dee-9bf7-6840f6310e36,1717977600000,
,,78a1e7f4-1c36-4489-aec6-b0aa664dd9ad.extra_data.json,,0.0,62670070,0.0,0,1605.8259,62670070,2024-06-28 14:39:39.361,2024-06-21 08:13:14.688,0.0,US7nt0+2+q,com.sec.android.app.shealth,78a1e7f4-1c36-4489-aec6-b0aa664dd9ad,1717891200000,
,,fdb716a5-42e8-46e3-b1c3-e5e7a06a2b7c.extra_data.json,,0.0,62670070,0.0,0,1605.8259,62670070,2024-06-28 14:39:38.608,2024-06-21 08:13:14.781,0.0,US7nt0+2+q,com.sec.android.app.shealth,fdb716a5-42e8-46e3-b1c3-e5e7a06a2b7c,1717804800000,
,,5af0b841-81b3-4d0a-929c-b16508fd6b1e.extra_data.json,,0.0,62670070,0.0,0,1605.8259,62670070,2024-06-28 14:39:37.381,2024-06-21 08:13:14.833,0.0,US7nt0+2+q,com.sec.android.app.shealth,5af0b841-81b3-4d0a-929c-b16508fd6b1e,1717718400000,
,,7e2cf3bf-ff3a-4c9d-86a6-690e57e3504f.extra_data.json,,0.0,62670070,0.0,0,1605.8259,62670070,2024-06-28 14:39:35.875,2024-06-21 08:13:14.899,0.0,US7nt0+2+q,com.sec.android.app.shealth,7e2cf3bf-ff3a-4c9d-86a6-690e57e3504f,1717632000000,
,,fba8d02a-050a-4117-8d2e-1c90cd293f89.extra_data.json,,0.0,62670070,0.0,0,1605.8259,62670070,2024-06-28 14:39:35.424,2024-06-21 08:13:14.984,0.0,US7nt0+2+q,com.sec.android.app.shealth,fba8d02a-050a-4117-8d2e-1c90cd293f89,1717545600000,
,,e4a4e25d-72d6-48c2-b247-6be8bbe89d94.extra_data.json,,0.0,62670070,0.0,0,1605.8259,62670070,2024-06-28 14:39:34.483,2024-06-21 08:13:15.082,0.0,US7nt0+2+q,com.sec.android.app.shealth,e4a4e25d-72d6-48c2-b247-6be8bbe89d94,1717459200000,
,,ec6bf6e7-459d-47bf-8936-7a005472d7d2.extra_data.json,,0.0,62670070,0.0,0,1605.8259,62670070,2024-06-28 14:39:34.304,2024-06-21 08:13:15.144,0.0,US7nt0+2+q,com.sec.android.app.shealth,ec6bf6e7-459d-47bf-8936-7a005472d7d2,1717372800000,
,,75482934-4835-4a2b-b0b2-78c7238a8e8a.extra_data.json,,0.0,62670070,0.0,0,1605.8259,62670070,2024-06-28 14:39:34.248,2024-06-21 08:13:15.195,0.0,US7nt0+2+q,com.sec.android.app.shealth,75482934-4835-4a2b-b0b2-78c7238a8e8a,1717286400000,
,,8da7f4c8-8bfe-4774-88cf-132c94976ce6.extra_data.json,,0.0,62670070,0.0,0,1605.8259,62670070,2024-06-28 14:39:34.172,2024-06-21 08:13:15.258,0.0,US7nt0+2+q,com.sec.android.app.shealth,8da7f4c8-8bfe-4774-88cf-132c94976ce6,1717200000000,
,,e6e9b5e4-93cd-4be5-afd3-68b83e87e25c.extra_data.json,,0.0,62670070,0.0,0,1672.8109,62670070,2024-06-21 08:13:15.707,2024-06-21 08:13:15.308,0.0,US7nt0+2+q,com.sec.android.app.shealth,e6e9b5e4-93cd-4be5-afd3-68b83e87e25c,1717113600000,
,,f6721fbb-91dc-4d99-af37-2fac6a21c014.extra_data.json,,0.0,62670070,0.0,0,1672.8109,62670070,2024-06-21 08:13:15.694,2024-06-21 08:13:15.384,0.0,US7nt0+2+q,com.sec.android.app.shealth,f6721fbb-91dc-4d99-af37-2fac6a21c014,1717027200000,
,,157b1705-222b-44ff-858a-1850a3d0e9fc.extra_data.json,,0.0,62670070,0.0,0,1672.8109,62670070,2024-06-21 08:13:15.686,2024-06-21 08:13:15.455,0.0,US7nt0+2+q,com.sec.android.app.shealth,157b1705-222b-44ff-858a-1850a3d0e9fc,1716940800000,
,,118e2811-08a1-4d4a-bb8d-0bc35499c8b8.extra_data.json,,0.0,62670070,0.0,0,1672.8109,62670070,2024-06-21 08:13:15.681,2024-06-21 08:13:15.499,0.0,US7nt0+2+q,com.sec.android.app.shealth,118e2811-08a1-4d4a-bb8d-0bc35499c8b8,1716854400000,
,,942ca20c-b0ed-4bed-9157-6ac7d6d035cf.extra_data.json,,0.0,62670070,0.0,0,1672.8109,62670070,2024-06-21 08:13:15.671,2024-06-21 08:13:15.540,0.0,US7nt0+2+q,com.sec.android.app.shealth,942ca20c-b0ed-4bed-9157-6ac7d6d035cf,1716768000000,
,,aff0836a-bf5e-4a21-872c-d7db4cad1939.extra_data.json,,0.0,62670070,0.0,0,1672.8109,62670070,2024-06-21 08:13:15.658,2024-06-21 08:13:15.587,0.0,US7nt0+2+q,com.sec.android.app.shealth,aff0836a-bf5e-4a21-872c-d7db4cad1939,1716681600000,
,,afa0489b-75ba-4e79-b04e-96598ea6f033.extra_data.json,,0.0,62670070,0.0,0,1672.8109,62670070,2024-06-21 08:13:15.644,2024-06-21 08:13:15.628,0.0,US7nt0+2+q,com.sec.android.app.shealth,afa0489b-75ba-4e79-b04e-96598ea6f033,1716595200000,
,,83dd9204-5f0e-41db-898d-2acaa31d1404.extra_data.json,,0.0,62670070,0.0,2020948,1568.2648,62701610,2024-07-13 09:14:42.727,2024-06-21 18:30:00.921,95.15,US7nt0+2+q,com.sec.android.app.shealth,83dd9204-5f0e-41db-898d-2acaa31d1404,1719014400000,
,,c6fb0b77-71ec-4080-835e-e697f96d4d2b.extra_data.json,,143.8,62670070,0.0,6186429,1490.8452,62701610,2024-07-13 09:14:42.848,2024-06-22 18:30:01.393,313.01587,US7nt0+2+q,com.sec.android.app.shealth,c6fb0b77-71ec-4080-835e-e697f96d4d2b,1719100800000,
,,258cdc4a-1e91-4e08-9283-63b6e1a68a15.extra_data.json,,184.14,62670070,0.0,7972306,1457.6531,62701610,2024-07-13 09:14:42.915,2024-06-23 18:30:00.923,414.7614,US7nt0+2+q,com.sec.android.app.shealth,258cdc4a-1e91-4e08-9283-63b6e1a68a15,1719187200000,
,,e5bd5cbc-2a08-49b9-a8ca-524c8415b284.extra_data.json,,199.95,62670070,0.0,7347570,1469.2644,62701610,2024-07-13 09:14:43.011,2024-06-24 18:30:00.659,420.28372,US7nt0+2+q,com.sec.android.app.shealth,e5bd5cbc-2a08-49b9-a8ca-524c8415b284,1719273600000,
,,1194d908-0a03-4653-9344-a65b02525162.extra_data.json,,268.47,62670070,0.0,6723223,1480.8684,62701610,2024-07-13 09:14:43.085,2024-06-25 18:30:01.378,454.71698,US7nt0+2+q,com.sec.android.app.shealth,1194d908-0a03-4653-9344-a65b02525162,1719360000000,
,,b3ee1320-e169-428c-8a23-645a5f819991.extra_data.json,,253.37,62670070,0.0,7264392,1470.8103,62701610,2024-07-13 09:14:43.146,2024-06-26 18:30:01.113,474.92413,US7nt0+2+q,com.sec.android.app.shealth,b3ee1320-e169-428c-8a23-645a5f819991,1719446400000,
,,d1acb428-20e2-4d8b-bb0b-761250e49122.extra_data.json,,191.85,62670070,0.0,7519796,1466.0635,62701610,2024-07-13 09:14:43.294,2024-06-27 18:30:01.132,376.35992,US7nt0+2+q,com.sec.android.app.shealth,d1acb428-20e2-4d8b-bb0b-761250e49122,1719532800000,
,,faa4379d-50f0-427e-ac6a-726324fcf6fe.extra_data.json,,241.65,62670070,0.0,7599313,1464.5854,62701610,2024-07-13 09:14:43.321,2024-06-28 18:30:03.444,471.89996,US7nt0+2+q,com.sec.android.app.shealth,faa4379d-50f0-427e-ac6a-726324fcf6fe,1719619200000,
,,db53988d-2752-4a9f-80b1-e1e395d7a5e2.extra_data.json,,0.0,62670070,0.0,4960461,1513.631,62701610,2024-07-13 09:14:43.447,2024-06-29 18:30:01.785,234.72993,US7nt0+2+q,com.sec.android.app.shealth,db53988d-2752-4a9f-80b1-e1e395d7a5e2,1719705600000,
,,abfb10b0-d97e-441a-ab8d-b7abd4a23ced.extra_data.json,,0.0,62670070,0.0,8271490,1452.0924,62701610,2024-07-13 09:14:43.488,2024-06-30 18:30:00.930,398.71982,US7nt0+2+q,com.sec.android.app.shealth,abfb10b0-d97e-441a-ab8d-b7abd4a23ced,1719792000000,
,,b3954b6e-1fc6-4984-958c-11e0f9e991c5.extra_data.json,,0.0,62670070,0.0,1986993,1568.8958,62701610,2024-07-13 09:14:43.534,2024-07-01 18:30:00.964,93.35,US7nt0+2+q,com.sec.android.app.shealth,b3954b6e-1fc6-4984-958c-11e0f9e991c5,1719878400000,
,,a7f01a5d-d25c-49c2-8bff-4ef45de992ca.extra_data.json,,0.0,62670070,0.0,6413831,1486.6188,62701610,2024-07-13 09:14:43.567,2024-07-02 18:30:01.179,307.48984,US7nt0+2+q,com.sec.android.app.shealth,a7f01a5d-d25c-49c2-8bff-4ef45de992ca,1719964800000,
,,7cd2826f-6a52-4be2-a616-11ca347b62d6.extra_data.json,,197.70001,62670070,0.0,4055501,1530.4506,62701610,2024-07-13 09:14:43.583,2024-07-03 18:30:01.083,309.54767,US7nt0+2+q,com.sec.android.app.shealth,7cd2826f-6a52-4be2-a616-11ca347b62d6,1720051200000,
,,1a776c1a-bd45-457a-b0be-baaa83c664b1.extra_data.json,,92.12,62670070,0.0,2441081,1560.4562,62701610,2024-07-13 09:14:43.613,2024-07-04 18:30:00.750,238.42065,US7nt0+2+q,com.sec.android.app.shealth,1a776c1a-bd45-457a-b0be-baaa83c664b1,1720137600000,
,,9d15d7b6-2f83-4c90-bb01-57f4df90d372.extra_data.json,,0.0,62670070,0.0,3676919,1537.4868,62701610,2024-07-13 09:14:43.683,2024-07-05 18:30:01.543,180.91995,US7nt0+2+q,com.sec.android.app.shealth,9d15d7b6-2f83-4c90-bb01-57f4df90d372,1720224000000,
,,344864ae-1bc2-4dc6-b5ea-a65c1d26baeb.extra_data.json,,0.0,62670070,0.0,710325,1592.6238,62701610,2024-07-13 09:14:43.710,2024-07-06 18:30:01.413,33.100002,US7nt0+2+q,com.sec.android.app.shealth,344864ae-1bc2-4dc6-b5ea-a65c1d26baeb,1720310400000,
,,5ca034fc-2061-4a29-9186-e563e3bbcbff.extra_data.json,,68.32,62670070,0.0,3548905,1539.8662,62701610,2024-07-13 09:14:43.733,2024-07-07 18:30:01.164,249.33005,US7nt0+2+q,com.sec.android.app.shealth,5ca034fc-2061-4a29-9186-e563e3bbcbff,1720396800000,
,,979547a9-c691-4382-abbb-871b1c2db8a5.extra_data.json,,271.84,62670070,0.0,4508473,1522.0317,62701610,2024-07-13 09:14:43.762,2024-07-08 18:30:01.752,364.09,US7nt0+2+q,com.sec.android.app.shealth,979547a9-c691-4382-abbb-871b1c2db8a5,1720483200000,
,,a130ed45-7a14-46f4-9cee-258d75ece370.extra_data.json,,226.64,62701610,0.0,3941819,1532.5635,62701610,2024-07-13 09:14:43.798,2024-07-09 18:30:01.851,262.61,US7nt0+2+q,com.sec.android.app.shealth,a130ed45-7a14-46f4-9cee-258d75ece370,1720569600000,
,,12e7c688-cdca-4fab-a8af-010031d467b2.extra_data.json,,0.0,62701610,0.0,760380,1591.6935,62710150,2024-08-07 12:35:28.925,2024-07-10 18:30:01.441,36.159996,US7nt0+2+q,com.sec.android.app.shealth,12e7c688-cdca-4fab-a8af-010031d467b2,1720656000000,
,,769b930c-dec3-4d98-bcbf-43ab5d62fc63.extra_data.json,,0.0,62701610,0.0,1615834,1575.7942,62710150,2024-08-07 12:35:28.945,2024-07-11 18:30:01.361,79.82,US7nt0+2+q,com.sec.android.app.shealth,769b930c-dec3-4d98-bcbf-43ab5d62fc63,1720742400000,
,,bbd5b71c-dc40-4762-8daf-ed88b099437f.extra_data.json,,220.09,62701610,0.0,6280791,1489.0914,62710150,2024-08-07 12:35:28.956,2024-07-12 18:30:02.494,370.568,US7nt0+2+q,com.sec.android.app.shealth,bbd5b71c-dc40-4762-8daf-ed88b099437f,1720828800000,
,,a0590b99-b90b-4fe3-876d-ffd66173d2a9.extra_data.json,,33.64,62701610,0.0,7468166,1467.023,62710150,2024-08-07 12:35:28.962,2024-07-13 18:30:01.432,354.11993,US7nt0+2+q,com.sec.android.app.shealth,a0590b99-b90b-4fe3-876d-ffd66173d2a9,1720915200000,
,,33706a12-7f56-4b5c-b6e7-f4bdcbd96e3d.extra_data.json,,0.0,62701610,0.0,1184989,1583.8018,62710150,2024-08-07 12:35:28.974,2024-07-14 18:30:03.101,59.719997,US7nt0+2+q,com.sec.android.app.shealth,33706a12-7f56-4b5c-b6e7-f4bdcbd96e3d,1721001600000,
,,02457260-66ce-45b3-8a0e-f39c015ac371.extra_data.json,,0.0,62701610,0.0,3544962,1539.9395,62710150,2024-08-11 21:45:08.577,2024-07-15 18:30:01.492,173.17995,US7nt0+2+q,com.sec.android.app.shealth,02457260-66ce-45b3-8a0e-f39c015ac371,1721088000000,
,,4d2f6caf-0ac6-4708-801d-5155b17e61b5.extra_data.json,,0.0,62701610,0.0,1789321,1572.5697,62710150,2024-08-11 21:45:10.734,2024-07-16 18:30:00.711,88.58003,US7nt0+2+q,com.sec.android.app.shealth,4d2f6caf-0ac6-4708-801d-5155b17e61b5,1721174400000,
,,034dce73-db07-4f0b-9c55-37c784b8be44.extra_data.json,,0.0,62701610,0.0,2088213,1567.0144,62710150,2024-08-11 21:45:12.653,2024-07-17 18:30:01.979,98.879974,US7nt0+2+q,com.sec.android.app.shealth,034dce73-db07-4f0b-9c55-37c784b8be44,1721260800000,
,,688baf8b-c7d0-4248-a202-ee2eb06c0341.extra_data.json,,0.0,62701610,0.0,2925626,1551.4504,62710150,2024-08-15 07:17:30.822,2024-07-18 18:30:00.764,143.96004,US7nt0+2+q,com.sec.android.app.shealth,688baf8b-c7d0-4248-a202-ee2eb06c0341,1721347200000,
,,0ec8c0dd-1fdb-4a1b-af06-2a31b14aa40a.extra_data.json,,0.0,62701610,0.0,535601,1595.8713,62710150,2024-08-16 11:37:26.907,2024-07-19 18:30:02.997,25.23,US7nt0+2+q,com.sec.android.app.shealth,0ec8c0dd-1fdb-4a1b-af06-2a31b14aa40a,1721433600000,
,,d5b6a005-11ad-4f55-9ba9-0d8d43a61dde.extra_data.json,,0.0,62701610,0.0,2590628,1557.6768,62710150,2024-08-16 11:37:27.137,2024-07-20 18:30:01.582,122.69002,US7nt0+2+q,com.sec.android.app.shealth,d5b6a005-11ad-4f55-9ba9-0d8d43a61dde,1721520000000,
,,960f1370-6958-41b6-bf74-b083e9c1e6d6.extra_data.json,,0.0,62701610,0.0,4838118,1515.9049,62710150,2024-08-16 11:37:27.485,2024-07-21 18:30:01.975,225.40001,US7nt0+2+q,com.sec.android.app.shealth,960f1370-6958-41b6-bf74-b083e9c1e6d6,1721606400000,
,,9e0ac58f-09a1-4e91-b274-b7e957bcc431.extra_data.json,,0.0,62701610,0.0,1995928,1568.7297,62710150,2024-08-16 11:37:27.528,2024-07-22 18:30:01.900,96.82998,US7nt0+2+q,com.sec.android.app.shealth,9e0ac58f-09a1-4e91-b274-b7e957bcc431,1721692800000,
,,ec80f61c-7d42-4136-8815-e9806682fa6e.extra_data.json,,0.0,62701610,0.0,3119765,1547.842,62710150,2024-08-16 11:37:27.642,2024-07-23 18:30:02.861,147.65996,US7nt0+2+q,com.sec.android.app.shealth,ec80f61c-7d42-4136-8815-e9806682fa6e,1721779200000,
,,da2a223b-9e41-4cc1-93b0-d846a2f9b208.extra_data.json,,0.0,62701610,0.0,1730745,1573.6584,62710150,2024-08-16 11:37:28.132,2024-07-24 18:30:02.314,81.22999,US7nt0+2+q,com.sec.android.app.shealth,da2a223b-9e41-4cc1-93b0-d846a2f9b208,1721865600000,
,,3954c3d6-a1ab-4b61-ad69-2f574bd6706c.extra_data.json,,0.0,62701610,0.0,1569450,1576.6562,62710150,2024-08-22 07:40:43.468,2024-07-25 18:30:02.139,74.810005,US7nt0+2+q,com.sec.android.app.shealth,3954c3d6-a1ab-4b61-ad69-2f574bd6706c,1721952000000,
,,ffea92a2-db6e-4197-886b-29d56b5c868b.extra_data.json,,0.0,62701610,0.0,1815375,1572.0854,62710150,2024-08-22 07:40:45.534,2024-07-26 18:30:01.261,88.38,US7nt0+2+q,com.sec.android.app.shealth,ffea92a2-db6e-4197-886b-29d56b5c868b,1722038400000,
,,c3be9fc0-a32e-467f-9051-b7da7f7d62d2.extra_data.json,,0.0,62701610,0.0,2612250,1557.2748,62710150,2024-08-22 07:40:46.202,2024-07-27 18:30:03.353,127.69999,US7nt0+2+q,com.sec.android.app.shealth,c3be9fc0-a32e-467f-9051-b7da7f7d62d2,1722124800000,
,,af674083-ea83-4a63-b835-77ffdd318548.extra_data.json,,0.0,62701610,0.0,2077571,1567.2123,62710150,2024-08-22 07:40:46.524,2024-07-28 18:30:01.283,98.07001,US7nt0+2+q,com.sec.android.app.shealth,af674083-ea83-4a63-b835-77ffdd318548,1722211200000,
,,9c57da85-29b5-495f-bce3-b244a161f0e6.extra_data.json,,0.0,62701610,0.0,2244968,1564.1011,62710150,2024-08-22 07:40:46.872,2024-07-29 18:30:01.967,111.599976,US7nt0+2+q,com.sec.android.app.shealth,9c57da85-29b5-495f-bce3-b244a161f0e6,1722297600000,
,,06439b72-bb2b-4943-87fb-ddc55fcd80dc.extra_data.json,,0.0,62701610,0.0,2657043,1556.4423,62710150,2024-08-22 07:40:47.103,2024-07-30 18:30:04.811,126.38997,US7nt0+2+q,com.sec.android.app.shealth,06439b72-bb2b-4943-87fb-ddc55fcd80dc,1722384000000,
,,d2b0ea2a-e035-4e76-952e-6f7fdb47c79c.extra_data.json,,0.0,62701610,0.0,2043519,1567.8452,62710150,2024-08-22 07:40:47.304,2024-07-31 18:30:03.911,97.75,US7nt0+2+q,com.sec.android.app.shealth,d2b0ea2a-e035-4e76-952e-6f7fdb47c79c,1722470400000,
,,bf4b0ea3-7fb4-4fd4-a77e-90cda7e71bf1.extra_data.json,,0.0,62701610,0.0,1018107,1586.9034,62710150,2024-08-22 07:40:48.724,2024-08-01 18:30:02.277,48.559998,US7nt0+2+q,com.sec.android.app.shealth,bf4b0ea3-7fb4-4fd4-a77e-90cda7e71bf1,1722556800000,
,,8249a6d3-ef1f-4b14-b4b0-a9e643242641.extra_data.json,,0.0,62701610,0.0,2831397,1553.2017,62720090,2024-08-30 07:31:18.208,2024-08-02 18:30:01.843,132.71,US7nt0+2+q,com.sec.android.app.shealth,8249a6d3-ef1f-4b14-b4b0-a9e643242641,1722643200000,
,,b1d46f87-b2dc-429a-913c-c82e7ebd503e.extra_data.json,,82.17,62701610,0.0,4954400,1513.7437,62720090,2024-08-30 07:31:18.228,2024-08-03 18:30:01.385,243.51215,US7nt0+2+q,com.sec.android.app.shealth,b1d46f87-b2dc-429a-913c-c82e7ebd503e,1722729600000,
,,c03225cb-106e-49e9-8c2d-d516b41feedc.extra_data.json,,97.45999,62701610,0.0,3806699,1535.0748,62720090,2024-08-30 07:31:18.246,2024-08-04 18:30:01.429,185.57147,US7nt0+2+q,com.sec.android.app.shealth,c03225cb-106e-49e9-8c2d-d516b41feedc,1722816000000,
,,2fd96c99-c498-4661-8df2-15606e4db36b.extra_data.json,,33.03,62701610,0.0,2126553,1566.3019,62720090,2024-08-30 07:31:18.253,2024-08-05 18:30:04.042,102.371,US7nt0+2+q,com.sec.android.app.shealth,2fd96c99-c498-4661-8df2-15606e4db36b,1722902400000,
,,d49ca7ef-b0ef-4970-b5f3-43f9ac1dd0cd.extra_data.json,,37.74,62701610,0.0,2351176,1562.1271,62720090,2024-08-30 07:31:18.265,2024-08-06 18:30:02.611,115.28148,US7nt0+2+q,com.sec.android.app.shealth,d49ca7ef-b0ef-4970-b5f3-43f9ac1dd0cd,1722988800000,
,,adc0f0b1-8df9-487d-b52f-822478107383.extra_data.json,,31.88,62710150,0.0,3517196,1535.0095,62720090,2024-09-04 18:17:10.511,2024-08-07 18:30:03.992,170.00998,US7nt0+2+q,com.sec.android.app.shealth,adc0f0b1-8df9-487d-b52f-822478107383,1723075200000,
,,88c477a7-21ac-4d11-8a3d-44f52b3156e0.extra_data.json,,60.9,62710150,0.0,6084239,1487.4674,62720090,2024-09-05 08:33:50.171,2024-08-08 18:30:01.971,310.1195,US7nt0+2+q,com.sec.android.app.shealth,88c477a7-21ac-4d11-8a3d-44f52b3156e0,1723161600000,
,,4e178c67-fdc2-48e7-a2ee-4c6357408ed3.extra_data.json,,0.0,62710150,0.0,2358272,1556.4731,62720090,2024-09-05 08:33:50.599,2024-08-09 18:30:02.580,123.08997,US7nt0+2+q,com.sec.android.app.shealth,4e178c67-fdc2-48e7-a2ee-4c6357408ed3,1723248000000,
,,68f5efcd-bd96-4385-9373-3d0614fa6ba2.extra_data.json,,0.0,62710150,0.0,6010564,1488.8319,62720090,2024-09-05 08:33:51.282,2024-08-10 18:30:03.369,295.44992,US7nt0+2+q,com.sec.android.app.shealth,68f5efcd-bd96-4385-9373-3d0614fa6ba2,1723334400000,
,,ef096831-f6ad-411e-bbba-2251d7f4d3a0.extra_data.json,,82.399994,62710150,0.0,6224229,1484.8746,62720090,2024-09-05 08:33:54.746,2024-08-11 18:30:01.600,309.20294,US7nt0+2+q,com.sec.android.app.shealth,ef096831-f6ad-411e-bbba-2251d7f4d3a0,1723420800000,
,,5c748061-de5b-4d0e-bfe7-88099018b007.extra_data.json,,342.16998,62710150,0.0,10594977,1474.4524,62720090,2024-09-05 08:33:56.609,2024-08-12 18:30:01.354,514.85,US7nt0+2+q,com.sec.android.app.shealth,5c748061-de5b-4d0e-bfe7-88099018b007,1723507200000,
,,3a184672-8ec7-46d8-a47c-d432bf986fbb.extra_data.json,,538.21,62710150,0.0,12029510,1446.5499,62720090,2024-09-05 08:33:57.110,2024-08-13 18:30:03.608,790.02997,US7nt0+2+q,com.sec.android.app.shealth,3a184672-8ec7-46d8-a47c-d432bf986fbb,1723593600000,
,,e0b5ed52-7f14-4525-b6e9-d2ca877831aa.extra_data.json,,0.0,62710150,0.0,3486679,1612.713,62720090,2024-09-05 08:33:57.458,2024-08-14 18:30:01.874,225.89998,US7nt0+2+q,com.sec.android.app.shealth,e0b5ed52-7f14-4525-b6e9-d2ca877831aa,1723680000000,
,,dfa7fb40-6c10-4f51-93af-59dec256b586.extra_data.json,,105.12,62710150,0.0,5730488,1569.0696,62720090,2024-09-05 08:34:01.049,2024-08-15 18:30:08.809,353.9005,US7nt0+2+q,com.sec.android.app.shealth,dfa7fb40-6c10-4f51-93af-59dec256b586,1723766400000,
,,3e8ef6f6-e70c-4792-92c7-5149c7f68b25.extra_data.json,,0.0,62710150,0.0,3001833,1622.1436,62720090,2024-09-05 08:34:02.642,2024-08-16 18:30:03.292,186.18996,US7nt0+2+q,com.sec.android.app.shealth,3e8ef6f6-e70c-4792-92c7-5149c7f68b25,1723852800000,
,,9fc4b93a-14ed-4ed8-9c1e-62196cd2fe28.extra_data.json,,53.91,62710150,0.0,6512380,1553.8613,62720090,2024-09-05 08:34:02.975,2024-08-17 18:30:02.087,426.8389,US7nt0+2+q,com.sec.android.app.shealth,9fc4b93a-14ed-4ed8-9c1e-62196cd2fe28,1723939200000,
,,29275d39-1f45-4c38-ae4f-63a76b74daf1.extra_data.json,,0.0,62710150,0.0,4605930,1590.943,62720090,2024-09-15 12:52:35.135,2024-08-18 18:30:01.250,287.8801,US7nt0+2+q,com.sec.android.app.shealth,29275d39-1f45-4c38-ae4f-63a76b74daf1,1724025600000,
,,28d7dd64-ea18-4ee1-bedf-fef5e6f24ef8.extra_data.json,,0.0,62710150,0.0,3835487,1605.9285,62720090,2024-09-16 17:11:13.695,2024-08-19 18:30:02.769,251.10994,US7nt0+2+q,com.sec.android.app.shealth,28d7dd64-ea18-4ee1-bedf-fef5e6f24ef8,1724112000000,
,,07c4cc45-7c7b-46d2-bc8f-28ecd331d005.extra_data.json,,171.06,62710150,0.0,7601647,1532.6744,62720090,2024-09-16 17:11:13.818,2024-08-20 18:30:01.934,511.99982,US7nt0+2+q,com.sec.android.app.shealth,07c4cc45-7c7b-46d2-bc8f-28ecd331d005,1724198400000,
,,c92fa1d6-dc70-43cc-b9a0-56bdd56f4509.extra_data.json,,60.6,62710150,0.0,3244871,1617.4163,62720090,2024-09-18 17:15:45.506,2024-08-21 18:30:01.209,213.77747,US7nt0+2+q,com.sec.android.app.shealth,c92fa1d6-dc70-43cc-b9a0-56bdd56f4509,1724284800000,
,,94093157-2d50-42db-b237-886201c0850b.extra_data.json,,0.0,62710150,0.0,4931427,1584.6119,62720090,2024-09-18 17:15:45.999,2024-08-22 18:30:01.697,308.62012,US7nt0+2+q,com.sec.android.app.shealth,94093157-2d50-42db-b237-886201c0850b,1724371200000,
,,5f7024eb-1ad1-4875-9ca9-f3f0e5376675.extra_data.json,,0.0,62710150,0.0,2438995,1633.0912,62720090,2024-09-18 17:15:46.702,2024-08-23 18:30:02.629,142.51,US7nt0+2+q,com.sec.android.app.shealth,5f7024eb-1ad1-4875-9ca9-f3f0e5376675,1724457600000,
,,cbf48b26-6c0a-4b9d-9684-924ba3636529.extra_data.json,,0.0,62710150,0.0,4862162,1585.9591,62720090,2024-09-21 17:15:52.486,2024-08-24 18:30:01.749,279.07993,US7nt0+2+q,com.sec.android.app.shealth,cbf48b26-6c0a-4b9d-9684-924ba3636529,1724544000000,
,,d14c9731-8372-4261-a678-6912cba3cd0c.extra_data.json,,0.0,62710150,0.0,8992328,1505.6249,62720090,2024-09-21 17:15:52.532,2024-08-25 18:30:00.912,550.02014,US7nt0+2+q,com.sec.android.app.shealth,d14c9731-8372-4261-a678-6912cba3cd0c,1724630400000,
,,d9ec70dc-6b76-4cf3-ba6a-f421d87be263.extra_data.json,,51.46,62710150,0.0,3718508,1608.2037,62720090,2024-09-21 17:15:52.567,2024-08-26 18:30:02.017,235.67996,US7nt0+2+q,com.sec.android.app.shealth,d9ec70dc-6b76-4cf3-ba6a-f421d87be263,1724716800000,
,,c6e8cc1a-6b5b-4ed2-b6b6-7e699522c415.extra_data.json,,0.0,62710150,0.0,1843494,1644.674,62720090,2024-09-21 17:15:53.294,2024-08-27 18:30:01.730,113.919975,US7nt0+2+q,com.sec.android.app.shealth,c6e8cc1a-6b5b-4ed2-b6b6-7e699522c415,1724803200000,
,,b24ebe83-4979-4f41-8684-38c4fdd10017.extra_data.json,,0.0,62710150,0.0,3737088,1607.8424,62720090,2024-09-21 17:15:55.227,2024-08-28 18:30:03.445,227.96002,US7nt0+2+q,com.sec.android.app.shealth,b24ebe83-4979-4f41-8684-38c4fdd10017,1724889600000,
,,1567d766-6f8a-4357-a4be-4119c9efc326.extra_data.json,,0.0,62710150,0.0,3089461,1620.4391,62720090,2024-09-21 17:15:56.300,2024-08-29 18:30:01.456,192.77997,US7nt0+2+q,com.sec.android.app.shealth,1567d766-6f8a-4357-a4be-4119c9efc326,1724976000000,
,,a5382414-65e4-472a-8f51-b63564b8ad1f.extra_data.json,,0.0,62720090,0.0,332166,1674.0701,62720090,2024-09-27 15:02:05.130,2024-08-30 18:30:05.086,19.15,US7nt0+2+q,com.sec.android.app.shealth,a5382414-65e4-472a-8f51-b63564b8ad1f,1725062400000,
,,59035e49-9f45-495c-b892-245d187a5e83.extra_data.json,,0.0,62720090,0.0,603605,1668.7904,62720090,2024-09-27 15:02:06.588,2024-08-31 18:30:03.154,34.819992,US7nt0+2+q,com.sec.android.app.shealth,59035e49-9f45-495c-b892-245d187a5e83,1725148800000,
,,c7b8993f-2fc5-48f4-b19c-0b9209364d93.extra_data.json,,0.0,62720090,0.0,2555906,1630.8171,62720090,2024-09-27 15:02:07.116,2024-09-01 18:30:03.303,156.51997,US7nt0+2+q,com.sec.android.app.shealth,c7b8993f-2fc5-48f4-b19c-0b9209364d93,1725235200000,
,,517a6506-e05e-4505-9926-2882f9a3053e.extra_data.json,,40.309998,62720090,0.0,2806833,1625.9364,62720090,2024-09-27 15:02:07.599,2024-09-02 18:30:02.255,181.05997,US7nt0+2+q,com.sec.android.app.shealth,517a6506-e05e-4505-9926-2882f9a3053e,1725321600000,
,,eeeaa624-92ec-42f7-bde2-ff237d374243.extra_data.json,,109.96,62720090,0.0,10158788,1482.9366,62720090,2024-09-27 15:02:08.204,2024-09-03 18:30:06.228,638.4799,US7nt0+2+q,com.sec.android.app.shealth,eeeaa624-92ec-42f7-bde2-ff237d374243,1725408000000,
,,c60ca7a5-3f93-4a16-b044-f2ed85ca5b35.extra_data.json,,0.0,62720090,0.0,996318,1661.152,62720090,2024-09-27 15:02:08.420,2024-09-04 18:30:01.295,62.269993,US7nt0+2+q,com.sec.android.app.shealth,c60ca7a5-3f93-4a16-b044-f2ed85ca5b35,1725494400000,
,,b53d4287-10ec-48ca-9b6a-c321d05d6d2f.extra_data.json,,46.06,62720090,0.0,3664205,1609.26,62720090,2024-09-27 15:02:08.517,2024-09-05 18:30:02.431,229.57997,US7nt0+2+q,com.sec.android.app.shealth,b53d4287-10ec-48ca-9b6a-c321d05d6d2f,1725580800000,
,,f6832367-064d-4a6d-b856-99529f887271.extra_data.json,,0.0,62720090,0.0,2683281,1628.3396,62720090,2024-09-27 15:02:08.707,2024-09-06 18:30:01.094,154.32004,US7nt0+2+q,com.sec.android.app.shealth,f6832367-064d-4a6d-b856-99529f887271,1725667200000,
,,106b234d-106b-468d-9751-5bf417e2d23e.extra_data.json,,0.0,62720090,0.0,1706585,1647.3369,62720090,2024-09-27 15:02:08.765,2024-09-07 18:30:01.684,97.89,US7nt0+2+q,com.sec.android.app.shealth,106b234d-106b-468d-9751-5bf417e2d23e,1725753600000,
,,7286fa29-567c-42ca-af2f-fc9c51c9735f.extra_data.json,,43.04,62720090,0.0,2888942,1624.3394,62720090,2024-09-27 15:02:08.819,2024-09-08 18:30:01.466,173.0885,US7nt0+2+q,com.sec.android.app.shealth,7286fa29-567c-42ca-af2f-fc9c51c9735f,1725840000000,
,,ce6fb7b0-6624-4dc4-81cb-73535cebe662.extra_data.json,,0.0,62720090,0.0,3166151,1618.9475,62720090,2024-09-27 15:02:08.924,2024-09-09 18:30:04.370,195.32997,US7nt0+2+q,com.sec.android.app.shealth,ce6fb7b0-6624-4dc4-81cb-73535cebe662,1725926400000,
,,9e6b4bf4-2418-4e08-aaf8-f3dc8f8d6792.extra_data.json,,0.0,62720090,0.0,3007817,1622.0272,62720090,2024-09-27 15:02:08.976,2024-09-10 18:30:01.042,200.92996,US7nt0+2+q,com.sec.android.app.shealth,9e6b4bf4-2418-4e08-aaf8-f3dc8f8d6792,1726012800000,
,,d8f2a9f8-cd50-42ea-9266-eacf4ead42fd.extra_data.json,,0.0,62720090,0.0,3057445,1621.0618,62720090,2024-09-27 15:02:09.014,2024-09-11 18:30:02.738,196.33,US7nt0+2+q,com.sec.android.app.shealth,d8f2a9f8-cd50-42ea-9266-eacf4ead42fd,1726099200000,
,,9769009e-cbe1-4d85-9297-e524b1eb020c.extra_data.json,,0.0,62720090,0.0,7706167,1530.6415,62720090,2024-10-10 15:57:31.410,2024-09-12 18:30:02.771,483.10995,US7nt0+2+q,com.sec.android.app.shealth,9769009e-cbe1-4d85-9297-e524b1eb020c,1726185600000,
,,0a80f964-dbd2-4e1c-b9d7-5cf507d55b24.extra_data.json,,0.0,62720090,0.0,8198688,1521.0616,62720090,2024-10-11 17:26:36.213,2024-09-13 18:30:01.639,483.13977,US7nt0+2+q,com.sec.android.app.shealth,0a80f964-dbd2-4e1c-b9d7-5cf507d55b24,1726272000000,
,,efa3a681-aad5-4946-a3f8-b5bcf7d11463.extra_data.json,,0.0,62720090,0.0,310155,1674.4983,62720090,2024-10-11 17:26:36.245,2024-09-14 18:30:04.730,17.49,US7nt0+2+q,com.sec.android.app.shealth,efa3a681-aad5-4946-a3f8-b5bcf7d11463,1726358400000,
,,733c2636-aa43-4785-a3ed-e6d65515a3fd.extra_data.json,,0.0,62720090,0.0,278806,1675.108,62720090,2024-10-11 17:26:36.276,2024-09-15 18:30:03.505,16.09,US7nt0+2+q,com.sec.android.app.shealth,733c2636-aa43-4785-a3ed-e6d65515a3fd,1726444800000,
,,f8fc2ffb-a358-41cf-a7e1-1c2a3c7b8624.extra_data.json,,93.72,62720090,0.0,3786106,1606.889,62720090,2024-10-11 17:26:36.308,2024-09-16 18:30:03.645,246.77365,US7nt0+2+q,com.sec.android.app.shealth,f8fc2ffb-a358-41cf-a7e1-1c2a3c7b8624,1726531200000,
,,642dcf08-c495-43e1-9e34-3031fca06874.extra_data.json,,0.0,62720090,0.0,3501944,1612.4161,62720090,2024-10-11 17:26:36.339,2024-09-17 18:30:01.819,239.35995,US7nt0+2+q,com.sec.android.app.shealth,642dcf08-c495-43e1-9e34-3031fca06874,1726617600000,
,,2a745261-cd47-4f5b-afcf-215ef0c0df7f.extra_data.json,,53.19,62720090,0.0,5661210,1570.4171,62720090,2024-10-11 17:26:36.371,2024-09-18 18:30:11.882,363.96344,US7nt0+2+q,com.sec.android.app.shealth,2a745261-cd47-4f5b-afcf-215ef0c0df7f,1726704000000,
,,88592525-3d57-4936-aafc-4ea1abfa2a62.extra_data.json,,42.59,62720090,0.0,6790099,1548.4596,62720090,2024-10-11 17:26:36.407,2024-09-19 18:30:02.374,428.11526,US7nt0+2+q,com.sec.android.app.shealth,88592525-3d57-4936-aafc-4ea1abfa2a62,1726790400000,
,,feb97cb6-5df0-49cd-9131-8bc766eb9c85.extra_data.json,,0.0,62720090,0.0,488881,1671.022,62720090,2024-10-11 17:26:36.440,2024-09-20 18:30:02.898,27.829998,US7nt0+2+q,com.sec.android.app.shealth,feb97cb6-5df0-49cd-9131-8bc766eb9c85,1726876800000,
,,968dcd55-56d6-438e-bc21-38bd41e90143.extra_data.json,,200.88,62720090,0.0,3827127,1606.0911,62720090,2024-10-11 17:26:36.471,2024-09-21 18:30:03.468,256.17416,US7nt0+2+q,com.sec.android.app.shealth,968dcd55-56d6-438e-bc21-38bd41e90143,1726963200000,
,,84985230-1503-451f-b5ba-79bb0d10f9ae.extra_data.json,,0.0,62720090,0.0,3644252,1609.6481,62720090,2024-10-11 17:26:36.505,2024-09-22 18:30:04.265,238.74005,US7nt0+2+q,com.sec.android.app.shealth,84985230-1503-451f-b5ba-79bb0d10f9ae,1727049600000,
,,e2d921c8-c7d7-43e0-a755-88ee898f33f7.extra_data.json,,0.0,62720090,0.0,4012599,1602.4835,62720090,2024-10-11 17:26:36.539,2024-09-23 18:30:03.204,256.95,US7nt0+2+q,com.sec.android.app.shealth,e2d921c8-c7d7-43e0-a755-88ee898f33f7,1727136000000,
,,2cd784c2-e8ad-4ddd-b201-967782b991de.extra_data.json,,455.18,62720090,0.0,11133256,1463.9825,62720090,2024-10-22 12:04:18.999,2024-09-24 18:30:03.515,756.17957,US7nt0+2+q,com.sec.android.app.shealth,2cd784c2-e8ad-4ddd-b201-967782b991de,1727222400000,
,,abb8e822-6589-4a71-aacd-1059dc6a6b89.extra_data.json,,154.85,62720090,0.0,4386535,1595.2103,62720090,2024-10-22 12:04:19.601,2024-09-25 18:30:02.283,282.25665,US7nt0+2+q,com.sec.android.app.shealth,abb8e822-6589-4a71-aacd-1059dc6a6b89,1727308800000,
,,6ea4c61e-0c81-4577-81bf-d298db2905c9.extra_data.json,,44.0,62720090,0.0,4295703,1596.977,62810050,2024-10-24 10:32:41.921,2024-09-26 18:30:01.064,274.70392,US7nt0+2+q,com.sec.android.app.shealth,6ea4c61e-0c81-4577-81bf-d298db2905c9,1727395200000,
,,7adf6433-ac33-4046-9a82-8e2f633744c3.extra_data.json,,0.0,62720090,0.0,4167393,1599.4728,62810050,2024-10-24 10:32:41.942,2024-09-27 18:30:01.428,248.26997,US7nt0+2+q,com.sec.android.app.shealth,7adf6433-ac33-4046-9a82-8e2f633744c3,1727481600000,
,,3fa06ff5-7564-4c57-9518-fef2c971a9d7.extra_data.json,,0.0,62720090,0.0,3890738,1604.8539,62810050,2024-10-24 10:32:41.954,2024-09-28 18:30:02.526,234.76001,US7nt0+2+q,com.sec.android.app.shealth,3fa06ff5-7564-4c57-9518-fef2c971a9d7,1727568000000,
,,53d368f1-edbd-41d3-ad97-9ec16f06f82c.extra_data.json,,42.0,62720090,0.0,2667053,1628.6552,62810050,2024-10-24 10:32:41.959,2024-09-29 18:30:05.715,161.75917,US7nt0+2+q,com.sec.android.app.shealth,53d368f1-edbd-41d3-ad97-9ec16f06f82c,1727654400000,
,,7d0e68d7-9d6b-4fd4-902b-2ca768bdd7ae.extra_data.json,,0.0,62720090,0.0,3703588,1608.4941,62810050,2024-10-24 10:32:41.969,2024-09-30 18:30:02.668,233.32996,US7nt0+2+q,com.sec.android.app.shealth,7d0e68d7-9d6b-4fd4-902b-2ca768bdd7ae,1727740800000,
,,0ec401fd-64e9-4e3f-a132-7486039d6f19.extra_data.json,,0.0,62720090,0.0,481544,1671.1647,62810050,2024-10-24 10:32:41.975,2024-10-01 18:30:04.010,28.229998,US7nt0+2+q,com.sec.android.app.shealth,0ec401fd-64e9-4e3f-a132-7486039d6f19,1727827200000,
,,309db6fe-7060-483b-ad5f-7a4d5c11618d.extra_data.json,,44.0,62720090,0.0,2380186,1634.235,62810050,2024-10-30 16:22:46.764,2024-10-02 18:30:02.880,150.32932,US7nt0+2+q,com.sec.android.app.shealth,309db6fe-7060-483b-ad5f-7a4d5c11618d,1727913600000,
,,9203e623-fa02-402b-a336-c7bf7a4e95ed.extra_data.json,,0.0,62720090,0.0,2979646,1622.5751,62810050,2024-10-30 16:22:46.905,2024-10-03 18:30:02.291,183.48997,US7nt0+2+q,com.sec.android.app.shealth,9203e623-fa02-402b-a336-c7bf7a4e95ed,1728000000000,
,,1492d086-1e91-4ab2-ac41-6e14aa094af3.extra_data.json,,0.0,62720090,0.0,735034,1666.2341,62810050,2024-10-30 16:22:46.959,2024-10-04 18:30:02.468,41.670006,US7nt0+2+q,com.sec.android.app.shealth,1492d086-1e91-4ab2-ac41-6e14aa094af3,1728086400000,
,,5c9c69f8-c15f-457b-8cad-997a7d8f00e0.extra_data.json,,0.0,62720090,0.0,577622,1669.2959,62810050,2024-10-30 16:22:47.032,2024-10-05 18:30:02.393,33.079994,US7nt0+2+q,com.sec.android.app.shealth,5c9c69f8-c15f-457b-8cad-997a7d8f00e0,1728172800000,
,,6e463ae7-7dc0-4155-ab8d-aa80db470144.extra_data.json,,0.0,62720090,0.0,2698926,1628.0353,62810050,2024-10-30 16:22:47.416,2024-10-06 18:30:03.613,166.59999,US7nt0+2+q,com.sec.android.app.shealth,6e463ae7-7dc0-4155-ab8d-aa80db470144,1728259200000,
,,de4f6ecd-4b30-4a19-a709-b3e3d28e8818.extra_data.json,,49.0,62720090,0.0,4960846,1584.0396,62810050,2024-10-30 16:22:47.471,2024-10-07 18:30:03.768,307.4,US7nt0+2+q,com.sec.android.app.shealth,de4f6ecd-4b30-4a19-a709-b3e3d28e8818,1728345600000,
,,ac7b2460-40c1-4ffb-8a76-156a1faebe2e.extra_data.json,,160.0,62720090,0.0,6162070,1560.675,62810050,2024-10-30 16:22:47.586,2024-10-08 18:30:02.845,399.2425,US7nt0+2+q,com.sec.android.app.shealth,ac7b2460-40c1-4ffb-8a76-156a1faebe2e,1728432000000,
,,f3ac0825-db02-42d1-9b42-ecb8b520b486.extra_data.json,,0.0,62720090,0.0,4113302,1600.5248,62810050,2024-10-30 16:22:47.629,2024-10-09 18:30:02.325,275.69003,US7nt0+2+q,com.sec.android.app.shealth,f3ac0825-db02-42d1-9b42-ecb8b520b486,1728518400000,
,,3672a354-9baf-408d-8332-29e59857c432.extra_data.json,,0.0,62720090,0.0,4550997,1592.0114,62810050,2024-10-30 16:22:47.649,2024-10-10 18:30:02.088,265.49,US7nt0+2+q,com.sec.android.app.shealth,3672a354-9baf-408d-8332-29e59857c432,1728604800000,
,,f5e7dfd2-2c4a-4b0b-9cc9-a17bd1918aa8.extra_data.json,,0.0,62720090,0.0,1651195,1648.4143,62810050,2024-10-30 16:22:47.655,2024-10-11 18:30:02.343,94.579994,US7nt0+2+q,com.sec.android.app.shealth,f5e7dfd2-2c4a-4b0b-9cc9-a17bd1918aa8,1728691200000,
,,5b4eded9-0600-4827-874d-80f1c5eef4c5.extra_data.json,,0.0,62720090,0.0,1278105,1655.6711,62820030,2024-11-09 11:58:46.700,2024-10-12 18:30:01.559,71.98002,US7nt0+2+q,com.sec.android.app.shealth,5b4eded9-0600-4827-874d-80f1c5eef4c5,1728777600000,
,,41f1955e-43f4-4cba-b91a-161ec6119956.extra_data.json,,50.0,62720090,0.0,4148141,1599.8472,62820030,2024-11-09 11:58:46.794,2024-10-13 18:30:01.362,264.79266,US7nt0+2+q,com.sec.android.app.shealth,41f1955e-43f4-4cba-b91a-161ec6119956,1728864000000,
,,82b7ebfb-3bec-47fa-92d9-31c3b65072a8.extra_data.json,,50.0,62720090,0.0,5487408,1573.7976,62820030,2024-11-09 11:58:47.081,2024-10-14 18:30:01.965,347.52994,US7nt0+2+q,com.sec.android.app.shealth,82b7ebfb-3bec-47fa-92d9-31c3b65072a8,1728950400000,
,,a1c8605e-ecbf-497b-b29c-bfee6d55cf3b.extra_data.json,,0.0,62720090,0.0,3266202,1617.0015,62820030,2024-11-12 09:33:16.556,2024-10-15 18:30:01.398,195.56999,US7nt0+2+q,com.sec.android.app.shealth,a1c8605e-ecbf-497b-b29c-bfee6d55cf3b,1729036800000,
,,cdd7384e-c6ed-4c49-8f1f-154305dae770.extra_data.json,,0.0,62720090,0.0,3392313,1614.5485,62820030,2024-11-13 07:02:12.896,2024-10-16 18:30:02.130,201.04002,US7nt0+2+q,com.sec.android.app.shealth,cdd7384e-c6ed-4c49-8f1f-154305dae770,1729123200000,
,,f44a17a1-df52-4595-a5c4-b8b3fee03534.extra_data.json,,0.0,62720090,0.0,2104385,1639.5995,62820030,2024-11-13 07:02:12.914,2024-10-17 18:30:01.097,121.66,US7nt0+2+q,com.sec.android.app.shealth,f44a17a1-df52-4595-a5c4-b8b3fee03534,1729209600000,
,,1c83ce8c-4316-4d85-b32f-5f9068fce872.extra_data.json,,73.0,62720090,0.0,3527222,1611.9244,62820030,2024-11-13 07:02:12.928,2024-10-18 18:30:02.335,225.19002,US7nt0+2+q,com.sec.android.app.shealth,1c83ce8c-4316-4d85-b32f-5f9068fce872,1729296000000,
,,92eb97aa-f8bc-4525-8db9-91a9c29cbc86.extra_data.json,,0.0,62720090,0.0,4036868,1602.0116,62820030,2024-11-13 07:02:12.943,2024-10-19 18:30:02.446,236.79993,US7nt0+2+q,com.sec.android.app.shealth,92eb97aa-f8bc-4525-8db9-91a9c29cbc86,1729382400000,
,,14d03c46-cb3e-4152-ad95-c081bc3d7b6c.extra_data.json,,104.0,62720090,0.0,5491204,1573.7239,62820030,2024-11-13 07:02:12.963,2024-10-20 18:30:02.994,338.1723,US7nt0+2+q,com.sec.android.app.shealth,14d03c46-cb3e-4152-ad95-c081bc3d7b6c,1729468800000,
,,833ac320-1496-469a-9229-42d9880dee2a.extra_data.json,,53.0,62720090,0.0,3790118,1606.8109,62820030,2024-11-17 23:11:07.454,2024-10-21 18:30:02.413,243.96002,US7nt0+2+q,com.sec.android.app.shealth,833ac320-1496-469a-9229-42d9880dee2a,1729555200000,
,,d63f4bb1-ed8c-420c-ab38-dcd8a4d34b03.extra_data.json,,46.0,62720090,0.0,2571899,1630.5061,62820030,2024-11-17 23:11:07.480,2024-10-22 18:30:02.862,155.72998,US7nt0+2+q,com.sec.android.app.shealth,d63f4bb1-ed8c-420c-ab38-dcd8a4d34b03,1729641600000,
,,441d9ad3-91b0-405a-ae08-cf4b3ae26e24.extra_data.json,,145.0,62720090,0.0,3919798,1604.2886,62820030,2024-11-17 23:11:07.486,2024-10-23 18:30:02.195,253.406,US7nt0+2+q,com.sec.android.app.shealth,441d9ad3-91b0-405a-ae08-cf4b3ae26e24,1729728000000,
,,0486228e-0d1a-4851-89e3-68d20aeb0578.extra_data.json,,95.0,62810050,0.0,4915304,1584.9254,62820030,2024-11-17 23:11:07.503,2024-10-24 18:30:02.129,321.83,US7nt0+2+q,com.sec.android.app.shealth,0486228e-0d1a-4851-89e3-68d20aeb0578,1729814400000,
,,87d0916c-8679-4a79-aa22-bd7228df355f.extra_data.json,,0.0,62810050,0.0,1334944,1654.5656,62820030,2024-11-17 23:11:07.585,2024-10-25 18:30:01.479,90.819984,US7nt0+2+q,com.sec.android.app.shealth,87d0916c-8679-4a79-aa22-bd7228df355f,1729900800000,
,,33f7eb8e-4ef5-4c83-b094-bf10c2405f8a.extra_data.json,,0.0,62810050,0.0,473540,1671.3204,62820030,2024-11-17 23:11:07.643,2024-10-26 18:30:02.290,28.05,US7nt0+2+q,com.sec.android.app.shealth,33f7eb8e-4ef5-4c83-b094-bf10c2405f8a,1729987200000,
,,7314dbc2-7187-403d-aebd-0b410c2b6fdd.extra_data.json,,0.0,62810050,0.0,3003478,1622.1116,62820030,2024-11-17 23:11:07.676,2024-10-27 18:30:01.810,190.97002,US7nt0+2+q,com.sec.android.app.shealth,7314dbc2-7187-403d-aebd-0b410c2b6fdd,1730073600000,
,,8f6aab91-bbba-4de7-9100-20a8d445d4bb.extra_data.json,,0.0,62810050,0.0,3637391,1609.7816,62820030,2024-11-17 23:11:08.057,2024-10-28 18:30:04.011,232.15991,US7nt0+2+q,com.sec.android.app.shealth,8f6aab91-bbba-4de7-9100-20a8d445d4bb,1730160000000,
,,f740e122-cdba-4930-832b-ebed6b0b4e27.extra_data.json,,93.0,62810050,0.0,3547252,1611.5349,62820030,2024-11-17 23:11:08.215,2024-10-29 18:30:02.182,232.32263,US7nt0+2+q,com.sec.android.app.shealth,f740e122-cdba-4930-832b-ebed6b0b4e27,1730246400000,
,,d9104824-f88c-4b51-b56c-88af221dad27.extra_data.json,,0.0,62810050,0.0,5441693,1574.6868,62820030,2024-11-17 23:11:08.284,2024-10-30 18:30:01.943,317.57,US7nt0+2+q,com.sec.android.app.shealth,d9104824-f88c-4b51-b56c-88af221dad27,1730332800000,
,,81d222ad-06b9-418c-b961-59bc4fd77488.extra_data.json,,0.0,62810050,0.0,4894754,1585.3252,62820030,2024-11-17 23:11:08.342,2024-10-31 18:30:00.608,282.13992,US7nt0+2+q,com.sec.android.app.shealth,81d222ad-06b9-418c-b961-59bc4fd77488,1730419200000,
,,4c89a19b-80d0-45cc-b21e-05da1b05cec4.extra_data.json,,0.0,62810050,0.0,3084306,1620.5394,62820030,2024-11-17 23:11:08.381,2024-11-01 18:30:03.275,181.34999,US7nt0+2+q,com.sec.android.app.shealth,4c89a19b-80d0-45cc-b21e-05da1b05cec4,1730505600000,
,,87776742-ae8e-4c2a-b080-3f5695792b73.extra_data.json,,0.0,62810050,0.0,2303147,1635.7335,62820030,2024-11-17 23:11:08.492,2024-11-02 18:30:01.096,132.93,US7nt0+2+q,com.sec.android.app.shealth,87776742-ae8e-4c2a-b080-3f5695792b73,1730592000000,
,,4237c7f8-6dd7-430a-a987-bf3e76b96f11.extra_data.json,,0.0,62810050,0.0,3360743,1615.1625,62820030,2024-11-17 23:11:08.549,2024-11-03 18:30:01.680,198.73,US7nt0+2+q,com.sec.android.app.shealth,4237c7f8-6dd7-430a-a987-bf3e76b96f11,1730678400000,
,,8de0215c-0b41-400e-87cf-0ca51d816612.extra_data.json,,47.0,62810050,0.0,2520714,1631.5017,62820030,2024-12-02 17:28:32.572,2024-11-04 18:30:01.771,157.805,US7nt0+2+q,com.sec.android.app.shealth,8de0215c-0b41-400e-87cf-0ca51d816612,1730764800000,
,,891ff522-74cd-478d-b8a4-e960afb158f6.extra_data.json,,0.0,62810050,0.0,232381,1676.011,62820030,2024-12-02 17:28:32.611,2024-11-05 18:30:02.093,13.659998,US7nt0+2+q,com.sec.android.app.shealth,891ff522-74cd-478d-b8a4-e960afb158f6,1730851200000,
,,8cdfbb49-0b3f-4ccd-aa66-867d06809115.extra_data.json,,46.0,62810050,0.0,4452442,1593.9283,62820030,2024-12-02 17:28:32.632,2024-11-06 18:30:01.195,273.0,US7nt0+2+q,com.sec.android.app.shealth,8cdfbb49-0b3f-4ccd-aa66-867d06809115,1730937600000,
,,313f1553-da6c-4f53-9fe9-e0ebf92e799f.extra_data.json,,48.0,62810050,0.0,3223121,1617.8394,62820030,2024-12-02 17:28:32.701,2024-11-07 18:30:03.241,212.62648,US7nt0+2+q,com.sec.android.app.shealth,313f1553-da6c-4f53-9fe9-e0ebf92e799f,1731024000000,
,,4031da51-1c67-4b4f-ab75-268731f7f8ac.extra_data.json,,0.0,62810050,0.0,402732,1672.6975,62850050,2024-12-06 08:03:01.840,2024-11-08 18:30:01.724,24.029999,US7nt0+2+q,com.sec.android.app.shealth,4031da51-1c67-4b4f-ab75-268731f7f8ac,1731110400000,
,,bf8da876-b89d-4b82-8c87-03656774ffe0.extra_data.json,,0.0,62820030,0.0,539603,1670.0354,62850050,2024-12-06 08:03:01.862,2024-11-09 18:30:02.699,31.01,US7nt0+2+q,com.sec.android.app.shealth,bf8da876-b89d-4b82-8c87-03656774ffe0,1731196800000,
,,a8ef8449-431c-4060-a181-719631344103.extra_data.json,,0.0,62820030,0.0,5553246,1572.5171,62850050,2024-12-06 08:03:01.886,2024-11-10 18:30:00.619,357.17993,US7nt0+2+q,com.sec.android.app.shealth,a8ef8449-431c-4060-a181-719631344103,1731283200000,
,,bdc36008-a90b-4202-b909-190aebe11727.extra_data.json,,49.0,62820030,0.0,1542231,1650.5337,62850050,2024-12-06 08:03:01.905,2024-11-11 18:30:02.197,116.785,US7nt0+2+q,com.sec.android.app.shealth,bdc36008-a90b-4202-b909-190aebe11727,1731369600000,
,,b85e4b64-e4ed-47f1-972b-10d29d5f86fd.extra_data.json,,0.0,62820030,0.0,3350955,1615.353,62850050,2024-12-06 08:03:01.922,2024-11-12 18:30:02.661,208.95,US7nt0+2+q,com.sec.android.app.shealth,b85e4b64-e4ed-47f1-972b-10d29d5f86fd,1731456000000,
,,6324e018-aadc-45be-95ba-76929ca349d8.extra_data.json,,322.0,62820030,0.0,9816382,1489.5966,62850050,2024-12-06 08:03:01.940,2024-11-13 18:30:01.901,645.4253,US7nt0+2+q,com.sec.android.app.shealth,6324e018-aadc-45be-95ba-76929ca349d8,1731542400000,
,,4b8f457d-697e-49eb-a64b-327fedbba63c.extra_data.json,,0.0,62820030,0.0,332166,1674.0701,62850050,2024-12-06 08:03:01.955,2024-11-14 18:30:01.311,19.119999,US7nt0+2+q,com.sec.android.app.shealth,4b8f457d-697e-49eb-a64b-327fedbba63c,1731628800000,
,,572e3561-ef14-4a4c-a77e-e8cfb5e59cb7.extra_data.json,,0.0,62820030,0.0,4064446,1601.4751,62850050,2024-12-06 08:03:01.974,2024-11-15 18:30:02.484,252.7099,US7nt0+2+q,com.sec.android.app.shealth,572e3561-ef14-4a4c-a77e-e8cfb5e59cb7,1731715200000,
,,6a46d163-f965-45e5-a5e1-f3230093252f.extra_data.json,,220.0,62820030,0.0,11850018,1450.0411,62850050,2024-12-06 08:03:01.998,2024-11-16 18:30:01.831,735.4567,US7nt0+2+q,com.sec.android.app.shealth,6a46d163-f965-45e5-a5e1-f3230093252f,1731801600000,
,,2299419f-2fb3-4d9d-a297-8f5ba4b1445a.extra_data.json,,49.0,62820030,0.0,1666626,1648.1141,62850050,2024-12-06 08:03:02.014,2024-11-17 18:30:02.141,111.125,US7nt0+2+q,com.sec.android.app.shealth,2299419f-2fb3-4d9d-a297-8f5ba4b1445a,1731888000000,
,,85a398fa-d2d5-40f8-82c9-303a4f327c57.extra_data.json,,0.0,62820030,0.0,2247220,1636.8213,62850050,2024-12-06 08:03:02.026,2024-11-18 18:30:02.931,141.11995,US7nt0+2+q,com.sec.android.app.shealth,85a398fa-d2d5-40f8-82c9-303a4f327c57,1731974400000,
,,7d5055e2-492a-41de-9aa0-af8db04bd07a.extra_data.json,,47.0,62820030,0.0,8929933,1506.8385,62850050,2024-12-17 04:57:21.803,2024-11-19 18:30:02.019,564.96326,US7nt0+2+q,com.sec.android.app.shealth,7d5055e2-492a-41de-9aa0-af8db04bd07a,1732060800000,
,,0d26fa7f-9435-4b28-b3fd-78b941a6ab5f.extra_data.json,,0.0,62820030,0.0,5986556,1564.0889,62850050,2024-12-17 04:57:21.827,2024-11-20 18:30:01.748,381.96994,US7nt0+2+q,com.sec.android.app.shealth,0d26fa7f-9435-4b28-b3fd-78b941a6ab5f,1732147200000,
,,8f6ad015-7a1c-4ed7-a6a0-8889731855c2.extra_data.json,,207.0,62820030,0.0,8220254,1520.6422,62850050,2024-12-17 04:57:21.842,2024-11-21 18:30:02.350,533.9696,US7nt0+2+q,com.sec.android.app.shealth,8f6ad015-7a1c-4ed7-a6a0-8889731855c2,1732233600000,
,,a4814617-e3a6-4e41-87d8-6e2f2bb3c0bf.extra_data.json,,0.0,62820030,0.0,2429981,1633.2664,62850050,2024-12-17 04:57:21.856,2024-11-22 18:30:01.729,141.91,US7nt0+2+q,com.sec.android.app.shealth,a4814617-e3a6-4e41-87d8-6e2f2bb3c0bf,1732320000000,
,,a93daf75-cfb2-490e-bf7e-738090ae9e75.extra_data.json,,0.0,62820030,0.0,1823349,1645.0657,62850050,2024-12-17 04:57:21.877,2024-11-23 18:30:01.554,107.66998,US7nt0+2+q,com.sec.android.app.shealth,a93daf75-cfb2-490e-bf7e-738090ae9e75,1732406400000,
,,65d92614-e76a-46c9-87c3-e75404aff026.extra_data.json,,0.0,62820030,0.0,1567316,1650.0459,62850050,2024-12-17 04:57:21.902,2024-11-24 18:30:01.866,90.63003,US7nt0+2+q,com.sec.android.app.shealth,65d92614-e76a-46c9-87c3-e75404aff026,1732492800000,
,,ad496af0-0fc8-43ac-ad6f-b24bb36d35ab.extra_data.json,,0.0,62820030,0.0,1065332,1659.8097,62850050,2024-12-17 04:57:21.981,2024-11-25 18:30:01.950,61.11,US7nt0+2+q,com.sec.android.app.shealth,ad496af0-0fc8-43ac-ad6f-b24bb36d35ab,1732579200000,
,,0e4f56b5-7f2b-42ed-9dfe-7e08d673f1e3.extra_data.json,,0.0,62820030,0.0,886575,1663.2865,62850050,2024-12-17 04:57:22.080,2024-11-26 18:30:00.708,51.829994,US7nt0+2+q,com.sec.android.app.shealth,0e4f56b5-7f2b-42ed-9dfe-7e08d673f1e3,1732665600000,
,,9426bab4-600c-483b-8a4b-d6d3f5cd006d.extra_data.json,,0.0,62820030,0.0,2018240,1641.275,62850050,2024-12-17 04:57:22.190,2024-11-27 18:30:01.806,124.219986,US7nt0+2+q,com.sec.android.app.shealth,9426bab4-600c-483b-8a4b-d6d3f5cd006d,1732752000000,
,,e9cc39d5-7fc4-4a22-99cf-388c10bb9563.extra_data.json,,0.0,62820030,0.0,1690541,1647.6489,62850050,2024-12-17 04:57:22.249,2024-11-28 18:30:01.955,100.750015,US7nt0+2+q,com.sec.android.app.shealth,e9cc39d5-7fc4-4a22-99cf-388c10bb9563,1732838400000,
,,812cffce-f3e9-46b7-9cc9-ed3823e76c78.extra_data.json,,0.0,62820030,0.0,781958,1665.3214,62850050,2024-12-17 04:57:22.279,2024-11-29 18:30:01.217,47.449993,US7nt0+2+q,com.sec.android.app.shealth,812cffce-f3e9-46b7-9cc9-ed3823e76c78,1732924800000,
,,af1fa629-55c7-4156-8483-3ec016ef62f4.extra_data.json,,0.0,62820030,0.0,2086873,1639.9401,62850050,2024-12-17 04:57:22.309,2024-11-30 18:30:02.602,121.82004,US7nt0+2+q,com.sec.android.app.shealth,af1fa629-55c7-4156-8483-3ec016ef62f4,1733011200000,
,,210db2fd-c373-44b9-9604-d5f4635cf63c.extra_data.json,,0.0,62820030,0.0,2840700,1625.2776,62850050,2024-12-17 04:57:22.327,2024-12-01 18:30:01.937,179.71994,US7nt0+2+q,com.sec.android.app.shealth,210db2fd-c373-44b9-9604-d5f4635cf63c,1733097600000,
,,18bfef25-6b3b-4f92-82a0-6be90dd50358.extra_data.json,,0.0,62820030,0.0,2171332,1638.2974,62850050,2024-12-17 04:57:22.362,2024-12-02 18:30:03.012,136.07,US7nt0+2+q,com.sec.android.app.shealth,18bfef25-6b3b-4f92-82a0-6be90dd50358,1733184000000,
,,ea6f7f70-8d8c-4c3e-8429-4a4cae2c4f08.extra_data.json,,49.0,62820030,0.0,2887632,1624.3649,62850050,2024-12-17 04:57:22.408,2024-12-03 18:30:01.307,184.33716,US7nt0+2+q,com.sec.android.app.shealth,ea6f7f70-8d8c-4c3e-8429-4a4cae2c4f08,1733270400000,
,,f000a374-de31-4947-a0ea-611baa6cc1d8.extra_data.json,,0.0,62820030,0.0,3522254,1612.021,62850050,2024-12-17 04:57:22.453,2024-12-04 18:30:01.623,221.60995,US7nt0+2+q,com.sec.android.app.shealth,f000a374-de31-4947-a0ea-611baa6cc1d8,1733356800000,
,,013a2458-8a24-4d78-a4ec-e770a80756e8.extra_data.json,,0.0,62820030,0.0,508654,1617.3646,62850050,2024-12-17 04:57:22.498,2024-12-05 18:30:01.367,27.019999,US7nt0+2+q,com.sec.android.app.shealth,013a2458-8a24-4d78-a4ec-e770a80756e8,1733443200000,
,,c2bd56f8-b3c6-446b-bb4a-0aec0e492fe4.extra_data.json,,0.0,62850050,0.0,542878,1616.7202,62850050,2024-12-17 04:57:22.538,2024-12-06 18:30:03.084,26.249996,US7nt0+2+q,com.sec.android.app.shealth,c2bd56f8-b3c6-446b-bb4a-0aec0e492fe4,1733529600000,
,,8f606bf8-5828-4f31-b840-424c04a0e906.extra_data.json,,0.0,62850050,0.0,350842,1620.3364,62850050,2024-12-17 04:57:22.577,2024-12-07 18:30:01.215,16.829998,US7nt0+2+q,com.sec.android.app.shealth,8f606bf8-5828-4f31-b840-424c04a0e906,1733616000000,
,,fa4ee612-2272-4ef3-85f8-7eced9782cca.extra_data.json,,39.0,62850050,0.0,6233136,1509.5707,62850050,2025-01-04 22:48:40.768,2024-12-08 18:30:01.721,306.08,US7nt0+2+q,com.sec.android.app.shealth,fa4ee612-2272-4ef3-85f8-7eced9782cca,1733702400000,
,,d304d6b1-1164-4c4e-a862-a4021533ef97.extra_data.json,,35.0,62850050,0.0,5201585,1528.9951,62850050,2025-01-04 22:48:40.785,2024-12-09 18:30:01.992,257.58994,US7nt0+2+q,com.sec.android.app.shealth,d304d6b1-1164-4c4e-a862-a4021533ef97,1733788800000,
,,105ba48b-143a-47f5-a0e6-e4951d310937.extra_data.json,,0.0,62850050,0.0,292411,1621.4366,62850050,2025-01-04 22:48:40.793,2024-12-10 18:30:02.932,14.839997,US7nt0+2+q,com.sec.android.app.shealth,105ba48b-143a-47f5-a0e6-e4951d310937,1733875200000,
,,b80c5665-c851-4554-a9db-48cc203de2cf.extra_data.json,,0.0,62850050,0.0,304152,1621.2156,62850050,2025-01-04 22:48:40.807,2024-12-11 18:30:01.717,14.389998,US7nt0+2+q,com.sec.android.app.shealth,b80c5665-c851-4554-a9db-48cc203de2cf,1733961600000,
,,184957cc-03f4-46e7-babd-8def9c030b04.extra_data.json,,0.0,62850050,0.0,4145869,1548.8745,62850050,2025-01-04 22:48:40.818,2024-12-12 18:30:02.726,204.9,US7nt0+2+q,com.sec.android.app.shealth,184957cc-03f4-46e7-babd-8def9c030b04,1734048000000,
,,9bbc05f0-cfd9-4615-a6bb-869af2649f2a.extra_data.json,,0.0,62850050,0.0,348841,1620.374,62850050,2025-01-04 22:48:40.838,2024-12-13 18:30:01.846,16.849998,US7nt0+2+q,com.sec.android.app.shealth,9bbc05f0-cfd9-4615-a6bb-869af2649f2a,1734134400000,
,,c6b70cf0-9517-4e9d-8d00-a18f79b56630.extra_data.json,,0.0,62850050,0.0,1744065,1594.1014,62850050,2025-01-04 22:48:40.852,2024-12-14 18:30:04.563,86.38999,US7nt0+2+q,com.sec.android.app.shealth,c6b70cf0-9517-4e9d-8d00-a18f79b56630,1734220800000,
,,8f1061b6-cfe5-4d7e-a903-99988fa1f24b.extra_data.json,,0.0,62850050,0.0,3246326,1565.8134,62850050,2025-01-04 22:48:40.870,2024-12-15 18:30:01.288,159.09996,US7nt0+2+q,com.sec.android.app.shealth,8f1061b6-cfe5-4d7e-a903-99988fa1f24b,1734307200000,
,,4516512e-50f3-4dd7-8019-b95b91221c46.extra_data.json,,0.0,62850050,0.0,2041193,1588.5065,62850050,2025-01-04 22:48:40.893,2024-12-16 18:30:01.549,100.49997,US7nt0+2+q,com.sec.android.app.shealth,4516512e-50f3-4dd7-8019-b95b91221c46,1734393600000,
,,1cd8dabf-4368-487a-8e48-b08e35b2a138.extra_data.json,,37.0,62850050,0.0,4590723,1540.4979,62850050,2025-01-04 22:48:40.915,2024-12-17 18:30:02.179,229.47003,US7nt0+2+q,com.sec.android.app.shealth,1cd8dabf-4368-487a-8e48-b08e35b2a138,1734480000000,
,,a1fdb358-3ed8-4a91-8694-525bff76dab2.extra_data.json,,90.0,62850050,0.0,6524511,1504.0839,62850050,2025-01-04 22:48:40.929,2024-12-18 18:30:01.472,325.83997,US7nt0+2+q,com.sec.android.app.shealth,a1fdb358-3ed8-4a91-8694-525bff76dab2,1734566400000,
,,f7a76c34-e4d7-4298-b1ee-9f871973f834.extra_data.json,,71.0,62850050,0.0,5566978,1522.1146,62850050,2025-01-16 13:59:18.909,2024-12-19 18:30:01.892,280.63794,US7nt0+2+q,com.sec.android.app.shealth,f7a76c34-e4d7-4298-b1ee-9f871973f834,1734652800000,
,,1700972a-f1c4-4d7d-88f6-af59b35eb593.extra_data.json,,53.0,62850050,0.0,4192588,1547.9948,62900750,2025-01-17 15:44:35.313,2024-12-20 18:30:02.073,209.465,US7nt0+2+q,com.sec.android.app.shealth,1700972a-f1c4-4d7d-88f6-af59b35eb593,1734739200000,
,,e997f5af-e98e-44d3-9a05-0c5275d7adf8.extra_data.json,,0.0,62850050,0.0,3987559,1551.8556,62900750,2025-01-17 15:44:35.325,2024-12-21 18:30:01.311,195.46991,US7nt0+2+q,com.sec.android.app.shealth,e997f5af-e98e-44d3-9a05-0c5275d7adf8,1734825600000,
,,bc7c6d46-dc2f-4afd-ac91-31486386c92a.extra_data.json,,0.0,62850050,0.0,5646223,1520.6224,62900750,2025-01-17 15:44:35.331,2024-12-22 18:30:01.940,283.19992,US7nt0+2+q,com.sec.android.app.shealth,bc7c6d46-dc2f-4afd-ac91-31486386c92a,1734912000000,
,,6a05a5b1-d1c6-41b0-ba56-05aae21f10f1.extra_data.json,,0.0,62850050,0.0,5729660,1519.0511,62900750,2025-01-17 15:44:35.335,2024-12-23 18:30:02.234,281.62997,US7nt0+2+q,com.sec.android.app.shealth,6a05a5b1-d1c6-41b0-ba56-05aae21f10f1,1734998400000,
,,e4099fbb-425c-4a8f-9fbd-7856a189a020.extra_data.json,,0.0,62850050,0.0,5836346,1517.0424,62900750,2025-01-17 15:44:35.344,2024-12-24 18:30:00.972,287.01993,US7nt0+2+q,com.sec.android.app.shealth,e4099fbb-425c-4a8f-9fbd-7856a189a020,1735084800000,
,,52bbf54b-6174-4301-bfdd-859cd376c928.extra_data.json,,0.0,62850050,0.0,1555976,1597.6432,62900750,2025-01-17 15:44:35.360,2024-12-25 18:30:02.860,76.94,US7nt0+2+q,com.sec.android.app.shealth,52bbf54b-6174-4301-bfdd-859cd376c928,1735171200000,
,,c5cb9f41-fa74-49aa-88f5-8f83189b8df5.extra_data.json,,0.0,62850050,0.0,2507368,1579.7281,62900750,2025-01-17 15:44:35.378,2024-12-26 18:30:02.139,123.09003,US7nt0+2+q,com.sec.android.app.shealth,c5cb9f41-fa74-49aa-88f5-8f83189b8df5,1735257600000,
,,44be9174-d942-48f1-9cb6-362d7a542f95.extra_data.json,,0.0,62850050,0.0,2989536,1570.6488,62900750,2025-01-24 05:40:45.597,2024-12-27 18:30:04.287,145.91,US7nt0+2+q,com.sec.android.app.shealth,44be9174-d942-48f1-9cb6-362d7a542f95,1735344000000,
,,5488578a-ddad-4e31-a5e5-d7857793cbbf.extra_data.json,,0.0,62850050,0.0,1241420,1603.5664,62900750,2025-01-25 08:00:13.486,2024-12-28 18:30:01.943,60.64,US7nt0+2+q,com.sec.android.app.shealth,5488578a-ddad-4e31-a5e5-d7857793cbbf,1735430400000,
,,0765d8fc-398c-47cd-b38f-a3d2b0953ac6.extra_data.json,,0.0,62850050,0.0,815739,1611.5822,62900750,2025-01-25 08:00:13.510,2024-12-29 18:30:02.246,40.54999,US7nt0+2+q,com.sec.android.app.shealth,0765d8fc-398c-47cd-b38f-a3d2b0953ac6,1735516800000,
,,caf9f083-8d73-4a16-b10a-19ebd61c817c.extra_data.json,,0.0,62850050,0.0,1403308,1600.518,62900750,2025-01-25 08:00:13.538,2024-12-30 18:30:01.455,68.27,US7nt0+2+q,com.sec.android.app.shealth,caf9f083-8d73-4a16-b10a-19ebd61c817c,1735603200000,
,,485b1bc1-d9b9-457c-b2c8-881ec5ba0512.extra_data.json,,0.0,62850050,0.0,2543906,1579.0402,62900750,2025-01-25 08:00:13.554,2024-12-31 18:30:01.979,124.619995,US7nt0+2+q,com.sec.android.app.shealth,485b1bc1-d9b9-457c-b2c8-881ec5ba0512,1735689600000,
,,0775d7d9-60e1-4da6-a6ce-bbe1c5f80048.extra_data.json,,0.0,62850050,0.0,1654930,1595.7799,62900750,2025-01-25 08:00:13.606,2025-01-01 18:30:01.759,80.259995,US7nt0+2+q,com.sec.android.app.shealth,0775d7d9-60e1-4da6-a6ce-bbe1c5f80048,1735776000000,
,,59cb60fa-57bc-4f85-a23c-7e37c1899f0a.extra_data.json,,0.0,62850050,0.0,2357978,1582.5413,62900750,2025-01-25 08:00:13.657,2025-01-02 18:30:02.995,115.35998,US7nt0+2+q,com.sec.android.app.shealth,59cb60fa-57bc-4f85-a23c-7e37c1899f0a,1735862400000,
,,e4785731-28ba-4bbf-9a52-9b42307b31b6.extra_data.json,,0.0,62850050,0.0,3881758,1553.8479,62900750,2025-01-25 08:00:13.688,2025-01-03 18:30:01.757,187.43996,US7nt0+2+q,com.sec.android.app.shealth,e4785731-28ba-4bbf-9a52-9b42307b31b6,1735948800000,
,,0a15c6e5-e44c-40a5-ac39-92588734d3e2.extra_data.json,,0.0,62850050,0.0,2713488,1575.8468,62900750,2025-01-25 08:00:13.699,2025-01-04 18:30:01.076,138.14,US7nt0+2+q,com.sec.android.app.shealth,0a15c6e5-e44c-40a5-ac39-92588734d3e2,1736035200000,
,,0ea98d03-b98c-4cf3-ad94-8377135c448a.extra_data.json,,0.0,62850050,0.0,1395062,1600.6732,62900750,2025-01-25 08:00:13.712,2025-01-05 18:30:01.489,69.15,US7nt0+2+q,com.sec.android.app.shealth,0ea98d03-b98c-4cf3-ad94-8377135c448a,1736121600000,
,,09bb80a8-5e9c-455c-8751-22fa918ae164.extra_data.json,,0.0,62850050,0.0,1901253,1591.1415,62900750,2025-02-03 17:37:55.805,2025-01-06 18:30:01.900,95.799995,US7nt0+2+q,com.sec.android.app.shealth,09bb80a8-5e9c-455c-8751-22fa918ae164,1736208000000,
,,9ea1a2f6-de2d-4e7a-92fd-d98237d6973f.extra_data.json,,0.0,62850050,0.0,1694847,1595.0282,62900750,2025-02-03 17:37:55.855,2025-01-07 18:30:01.669,82.08998,US7nt0+2+q,com.sec.android.app.shealth,9ea1a2f6-de2d-4e7a-92fd-d98237d6973f,1736294400000,
,,3b388d74-94b6-4680-b3c4-df11a2c882cb.extra_data.json,,0.0,62850050,0.0,3208270,1566.5299,62900750,2025-02-03 17:37:56.053,2025-01-08 18:30:01.224,171.74998,US7nt0+2+q,com.sec.android.app.shealth,3b388d74-94b6-4680-b3c4-df11a2c882cb,1736380800000,
,,7ae20195-265d-4d21-a20f-7cb631b2f692.extra_data.json,,0.0,62850050,0.0,3095153,1568.66,62900750,2025-02-03 17:37:56.163,2025-01-09 18:30:01.634,153.08998,US7nt0+2+q,com.sec.android.app.shealth,7ae20195-265d-4d21-a20f-7cb631b2f692,1736467200000,
,,89ca79f1-9a6c-4d3a-bb58-05ac75398774.extra_data.json,,0.0,62850050,0.0,3047289,1569.5613,62910110,2025-02-07 03:18:28.869,2025-01-10 18:30:01.282,151.86002,US7nt0+2+q,com.sec.android.app.shealth,89ca79f1-9a6c-4d3a-bb58-05ac75398774,1736553600000,
,,830c5a76-e737-4cfd-b0a9-0a3cd2132333.extra_data.json,,0.0,62850050,0.0,2418654,1581.3987,62910110,2025-02-07 03:18:28.888,2025-01-11 18:30:05.448,119.19998,US7nt0+2+q,com.sec.android.app.shealth,830c5a76-e737-4cfd-b0a9-0a3cd2132333,1736640000000,
,,01282b53-98bc-45de-9891-350fea970a6a.extra_data.json,,0.0,62850050,0.0,1230051,1603.7805,62910110,2025-02-07 03:18:28.933,2025-01-12 18:30:01.702,60.960003,US7nt0+2+q,com.sec.android.app.shealth,01282b53-98bc-45de-9891-350fea970a6a,1736726400000,
,,69765c44-6635-42c2-9557-58384db86f0c.extra_data.json,,0.0,62850050,0.0,744372,1612.9261,62910110,2025-02-07 03:18:28.954,2025-01-13 18:30:00.839,37.19,US7nt0+2+q,com.sec.android.app.shealth,69765c44-6635-42c2-9557-58384db86f0c,1736812800000,
,,4d8a195e-e28a-4291-86cc-c3906db1465b.extra_data.json,,0.0,62850050,0.0,4593038,1540.4542,62910110,2025-02-07 03:18:28.970,2025-01-14 18:30:02.182,229.06996,US7nt0+2+q,com.sec.android.app.shealth,4d8a195e-e28a-4291-86cc-c3906db1465b,1736899200000,
,,16cf9e5b-c5ed-4476-a2fd-be81327720bf.extra_data.json,,74.0,62850050,0.0,3762819,1556.0876,62910110,2025-02-07 03:18:28.989,2025-01-15 18:30:01.712,194.04597,US7nt0+2+q,com.sec.android.app.shealth,16cf9e5b-c5ed-4476-a2fd-be81327720bf,1736985600000,
,,85c558d2-e9af-48d5-ba5f-4a78b21f58d2.extra_data.json,,0.0,62850050,24.0,7181980,1491.7035,62910110,2025-02-07 03:18:29.011,2025-01-16 18:30:03.912,359.0399,US7nt0+2+q,com.sec.android.app.shealth,85c558d2-e9af-48d5-ba5f-4a78b21f58d2,1737072000000,
,,f6a66443-8c0b-4351-921b-e3af431b9a02.extra_data.json,,0.0,62900750,0.0,11496364,1410.4622,62910110,2025-02-07 03:18:29.023,2025-01-17 18:30:01.391,577.3699,US7nt0+2+q,com.sec.android.app.shealth,f6a66443-8c0b-4351-921b-e3af431b9a02,1737158400000,
,,86da9484-628b-4e05-a96f-e3277a266ab0.extra_data.json,,0.0,62900750,0.0,6716925,1500.4607,62910110,2025-02-07 03:18:29.033,2025-01-18 18:30:01.836,329.24017,US7nt0+2+q,com.sec.android.app.shealth,86da9484-628b-4e05-a96f-e3277a266ab0,1737244800000,
,,879aefa8-2481-45e6-9dcb-c8e8857d5a13.extra_data.json,,36.0,62900750,0.0,5113506,1530.6537,62910110,2025-02-07 03:18:29.049,2025-01-19 18:30:01.428,250.03998,US7nt0+2+q,com.sec.android.app.shealth,879aefa8-2481-45e6-9dcb-c8e8857d5a13,1737331200000,
,,34017a1f-b6ed-4593-93a2-b727ac01e4a6.extra_data.json,,38.0,62900750,0.0,2584025,1604.2776,62910110,2025-02-07 03:18:29.064,2025-01-20 18:30:01.384,124.20999,US7nt0+2+q,com.sec.android.app.shealth,34017a1f-b6ed-4593-93a2-b727ac01e4a6,1737417600000,
,,34ed4dca-ace8-4ad7-b3a7-45934d18852d.extra_data.json,,37.0,62900750,0.0,3014827,1596.0319,62910110,2025-02-07 03:18:29.077,2025-01-21 18:30:01.048,162.76949,US7nt0+2+q,com.sec.android.app.shealth,34ed4dca-ace8-4ad7-b3a7-45934d18852d,1737504000000,
,,63d2acb5-7dfd-43f3-8e22-0fe8ed10954a.extra_data.json,,33.0,62900750,0.0,4477877,1568.0282,62910110,2025-02-07 03:18:29.086,2025-01-22 18:30:01.510,245.85,US7nt0+2+q,com.sec.android.app.shealth,63d2acb5-7dfd-43f3-8e22-0fe8ed10954a,1737590400000,
,,6ed65f65-4b84-497e-a7f0-bfca2f860b23.extra_data.json,,0.0,62900750,0.0,5468779,1549.062,62910110,2025-02-07 03:18:29.096,2025-01-23 18:30:01.647,281.51993,US7nt0+2+q,com.sec.android.app.shealth,6ed65f65-4b84-497e-a7f0-bfca2f860b23,1737676800000,
,,97d6bf5f-2750-4a5a-9bf5-e6e89106881e.extra_data.json,,102.0,62900750,0.0,8939034,1482.6396,62910110,2025-02-07 03:18:29.117,2025-01-24 18:30:01.273,502.214,US7nt0+2+q,com.sec.android.app.shealth,97d6bf5f-2750-4a5a-9bf5-e6e89106881e,1737763200000,
,,f7261ae4-c990-4abb-9622-c02801450eea.extra_data.json,,0.0,62900750,0.0,274268,1648.4873,62910110,2025-02-07 03:18:29.135,2025-01-25 18:30:01.788,14.139999,US7nt0+2+q,com.sec.android.app.shealth,f7261ae4-c990-4abb-9622-c02801450eea,1737849600000,
,,cf869c36-3a14-41bd-9a00-551dd82346bc.extra_data.json,,0.0,62900750,0.0,1965657,1616.1134,62910110,2025-02-07 03:18:29.148,2025-01-26 18:30:01.272,104.7,US7nt0+2+q,com.sec.android.app.shealth,cf869c36-3a14-41bd-9a00-551dd82346bc,1737936000000,
,,c9940d22-d83f-4e16-be14-e1301af6e46f.extra_data.json,,38.0,62900750,0.0,2147632,1612.6302,62930070,2025-02-24 12:47:34.656,2025-01-27 18:30:01.170,116.480484,US7nt0+2+q,com.sec.android.app.shealth,c9940d22-d83f-4e16-be14-e1301af6e46f,1738022400000,
,,7e11ceae-3455-4c66-b72b-25dc7a9c544a.extra_data.json,,57.0,62900750,0.0,3163923,1593.1781,62930070,2025-02-25 08:22:00.814,2025-01-28 18:30:01.687,170.54,US7nt0+2+q,com.sec.android.app.shealth,7e11ceae-3455-4c66-b72b-25dc7a9c544a,1738108800000,
,,c85288e5-e60c-455c-931a-40c885ff967f.extra_data.json,,0.0,62900750,0.0,3007570,1596.1707,62930070,2025-02-25 08:22:00.909,2025-01-29 18:30:45.040,155.89996,US7nt0+2+q,com.sec.android.app.shealth,c85288e5-e60c-455c-931a-40c885ff967f,1738195200000,
,,0dfec37c-fd65-4ac1-8d62-a62b2d86c06f.extra_data.json,,0.0,62900750,0.0,3958225,1577.9747,62930070,2025-02-25 08:22:01.108,2025-01-30 18:30:02.205,211.60994,US7nt0+2+q,com.sec.android.app.shealth,0dfec37c-fd65-4ac1-8d62-a62b2d86c06f,1738281600000,
,,9b3f5264-5a90-4e25-a3e1-2e64e4e6ab57.extra_data.json,,0.0,62900750,0.0,378856,1646.4855,62930070,2025-02-25 08:22:01.204,2025-01-31 18:30:01.003,19.309998,US7nt0+2+q,com.sec.android.app.shealth,9b3f5264-5a90-4e25-a3e1-2e64e4e6ab57,1738368000000,
,,e9e4782a-21a5-4213-968d-20f8fa691a8c.extra_data.json,,414.0,62900750,0.0,9945343,1463.3784,62930070,2025-02-25 08:22:01.346,2025-02-01 18:30:01.505,518.73,US7nt0+2+q,com.sec.android.app.shealth,e9e4782a-21a5-4213-968d-20f8fa691a8c,1738454400000,
,,dc18c265-184f-4e12-bd82-ccddd5c8f810.extra_data.json,,0.0,62900750,0.0,3882200,1579.4298,62930070,2025-02-25 08:22:01.590,2025-02-02 18:30:01.726,207.95,US7nt0+2+q,com.sec.android.app.shealth,dc18c265-184f-4e12-bd82-ccddd5c8f810,1738540800000,
,,bcae7e4f-6b14-4b91-a5ca-d91cb3725259.extra_data.json,,33.0,62900750,0.0,2431702,1607.193,62930070,2025-02-25 08:22:01.656,2025-02-03 18:30:01.267,126.01866,US7nt0+2+q,com.sec.android.app.shealth,bcae7e4f-6b14-4b91-a5ca-d91cb3725259,1738627200000,
,,fb339d7a-fe41-4aa7-88bc-929b1ea89eca.extra_data.json,,37.0,62900750,0.0,2283178,1610.0359,62930070,2025-02-25 08:22:01.703,2025-02-04 18:30:00.842,114.380005,US7nt0+2+q,com.sec.android.app.shealth,fb339d7a-fe41-4aa7-88bc-929b1ea89eca,1738713600000,
,,c840343c-cf7c-4390-9d1d-e0e14f1ec04b.extra_data.json,,0.0,62900750,0.0,3093733,1594.5214,62930070,2025-03-05 15:50:26.849,2025-02-05 18:30:01.292,166.72,US7nt0+2+q,com.sec.android.app.shealth,c840343c-cf7c-4390-9d1d-e0e14f1ec04b,1738800000000,
,,69abf1ec-6321-4dc5-9b4b-a5aa771810d2.extra_data.json,,43.0,62900750,0.0,6297401,1533.2018,62930070,2025-03-05 15:50:26.883,2025-02-06 18:30:01.498,364.83942,US7nt0+2+q,com.sec.android.app.shealth,69abf1ec-6321-4dc5-9b4b-a5aa771810d2,1738886400000,
,,3412405c-da42-438c-a54c-189ae3c9e07e.extra_data.json,,0.0,62910110,0.0,6885168,1534.281,62930070,2025-03-05 15:50:26.941,2025-02-07 18:30:02.495,394.8599,US7nt0+2+q,com.sec.android.app.shealth,3412405c-da42-438c-a54c-189ae3c9e07e,1738972800000,
,,fd29a97e-c611-403c-b4f0-5d3864237f17.extra_data.json,,0.0,62920010,0.0,5630611,1558.4884,62930070,2025-03-05 15:50:26.986,2025-02-08 18:30:01.639,329.61,US7nt0+2+q,com.sec.android.app.shealth,fd29a97e-c611-403c-b4f0-5d3864237f17,1739059200000,
,,39128f61-b30c-4a32-84d7-1a7f83df53af.extra_data.json,,0.0,62920010,0.0,3215302,1605.093,62930070,2025-03-05 15:50:27.012,2025-02-09 18:30:01.207,192.81,US7nt0+2+q,com.sec.android.app.shealth,39128f61-b30c-4a32-84d7-1a7f83df53af,1739145600000,
,,f3928072-ad72-48c8-ad37-b12cc3234afc.extra_data.json,,0.0,62920010,0.0,1940003,1629.7007,62930070,2025-03-05 15:50:27.063,2025-02-10 18:30:02.554,117.32998,US7nt0+2+q,com.sec.android.app.shealth,f3928072-ad72-48c8-ad37-b12cc3234afc,1739232000000,
,,dae79446-3bac-4b9f-8ff8-4981d4ab49d9.extra_data.json,,0.0,62920010,0.0,2943628,1610.3351,62930070,2025-03-05 15:50:27.092,2025-02-11 18:30:00.973,173.02994,US7nt0+2+q,com.sec.android.app.shealth,dae79446-3bac-4b9f-8ff8-4981d4ab49d9,1739318400000,
,,5581a836-9e15-4af3-8ddd-4dba44e1092a.extra_data.json,,97.0,62920010,0.0,6044008,1550.5116,62930070,2025-03-05 15:50:27.122,2025-02-12 18:30:03.048,375.19998,US7nt0+2+q,com.sec.android.app.shealth,5581a836-9e15-4af3-8ddd-4dba44e1092a,1739404800000,
,,545e9b0f-f119-45bc-8e75-e1d9284cd8c9.extra_data.json,,0.0,62920010,0.0,4084228,1588.3267,62930070,2025-03-05 15:50:27.168,2025-02-13 18:30:01.494,244.46999,US7nt0+2+q,com.sec.android.app.shealth,545e9b0f-f119-45bc-8e75-e1d9284cd8c9,1739491200000,
,,5f8fe453-88d6-432c-8062-c7d27fd5e16d.extra_data.json,,120.0,62920010,0.0,8500108,1503.1198,62930070,2025-03-05 15:50:27.309,2025-02-14 18:30:01.435,538.7775,US7nt0+2+q,com.sec.android.app.shealth,5f8fe453-88d6-432c-8062-c7d27fd5e16d,1739577600000,
,,7e6270c0-0f82-46d3-a0b1-540a40e9ebdf.extra_data.json,,0.0,62920010,0.0,5232689,1566.1665,62930070,2025-03-05 15:50:27.332,2025-02-15 18:30:01.258,318.99,US7nt0+2+q,com.sec.android.app.shealth,7e6270c0-0f82-46d3-a0b1-540a40e9ebdf,1739664000000,
,,e8bd78f6-a806-4358-8da0-dc2cdf0f8dd7.extra_data.json,,0.0,62920010,0.0,359513,1660.197,62930070,2025-03-05 15:50:27.356,2025-02-16 18:30:01.375,19.9,US7nt0+2+q,com.sec.android.app.shealth,e8bd78f6-a806-4358-8da0-dc2cdf0f8dd7,1739750400000,
,,350a28d0-290e-4fdb-8bff-94afbc147058.extra_data.json,,0.0,62920010,0.0,4184814,1586.3857,62930070,2025-03-05 15:50:27.499,2025-02-17 18:30:01.834,242.73,US7nt0+2+q,com.sec.android.app.shealth,350a28d0-290e-4fdb-8bff-94afbc147058,1739836800000,
,,31a5d54c-b943-4100-9188-cab0066ec501.extra_data.json,,0.0,62920010,0.0,8567128,1501.8267,62930070,2025-03-05 15:50:27.624,2025-02-18 18:30:02.086,494.21008,US7nt0+2+q,com.sec.android.app.shealth,31a5d54c-b943-4100-9188-cab0066ec501,1739923200000,
,,95c38007-2497-462a-b80d-589ecf66711c.extra_data.json,,40.0,62920010,0.0,5418157,1562.5876,62930070,2025-03-05 15:50:27.688,2025-02-19 18:30:02.324,300.30258,US7nt0+2+q,com.sec.android.app.shealth,95c38007-2497-462a-b80d-589ecf66711c,1740009600000,
,,385881a7-ca2f-4255-8598-5a422c6c9343.extra_data.json,,0.0,62920010,0.0,11049446,1453.929,62930070,2025-03-20 15:41:24.656,2025-02-20 18:30:00.705,653.76984,US7nt0+2+q,com.sec.android.app.shealth,385881a7-ca2f-4255-8598-5a422c6c9343,1740096000000,
,,ec7f11e4-5b7e-4771-8bb0-e40a2f94e853.extra_data.json,,192.0,62920010,0.0,7907938,1514.5461,62930070,2025-03-20 15:41:25.274,2025-02-21 18:30:01.334,431.80002,US7nt0+2+q,com.sec.android.app.shealth,ec7f11e4-5b7e-4771-8bb0-e40a2f94e853,1740182400000,
,,1b81932e-c074-426b-8a99-0b5588d80c9a.extra_data.json,,0.0,62920010,0.0,6728485,1537.3042,62930070,2025-03-20 15:41:25.566,2025-02-22 18:30:01.213,390.52985,US7nt0+2+q,com.sec.android.app.shealth,1b81932e-c074-426b-8a99-0b5588d80c9a,1740268800000,
,,c0d5de1c-96a5-464a-b7b6-b84482a4a3f8.extra_data.json,,0.0,62920010,0.0,12508234,1425.781,62930070,2025-03-20 15:41:25.727,2025-02-23 18:30:01.124,777.21967,US7nt0+2+q,com.sec.android.app.shealth,c0d5de1c-96a5-464a-b7b6-b84482a4a3f8,1740355200000,
,,5b66bc7b-a6ae-445b-8f28-63219aabd923.extra_data.json,,0.0,62930070,0.0,802371,1651.6519,62930070,2025-03-20 15:41:26.394,2025-02-24 18:30:01.350,45.03,US7nt0+2+q,com.sec.android.app.shealth,5b66bc7b-a6ae-445b-8f28-63219aabd923,1740441600000,
,,1ab50f33-c49e-4af2-b9e2-8e138754c43b.extra_data.json,,0.0,62930070,0.0,802371,1651.6519,62930070,2025-03-20 15:41:26.394,2025-02-25 08:21:32.845,45.03,US7nt0+2+q,com.sec.android.app.shealth,1ab50f33-c49e-4af2-b9e2-8e138754c43b,1740441600000,
,,0e15854c-67b4-4afc-9c6a-f65f2c09c177.extra_data.json,,49.0,62930070,0.0,2396305,1620.896,62930070,2025-03-20 15:41:26.649,2025-02-25 18:30:02.162,147.14201,US7nt0+2+q,com.sec.android.app.shealth,0e15854c-67b4-4afc-9c6a-f65f2c09c177,1740528000000,
,,c2b63b45-65a5-4b3b-ab6e-6a6cb5487531.extra_data.json,,0.0,62930070,0.0,2427310,1620.2977,62930070,2025-03-26 13:43:57.090,2025-02-26 18:30:01.446,150.48999,US7nt0+2+q,com.sec.android.app.shealth,c2b63b45-65a5-4b3b-ab6e-6a6cb5487531,1740614400000,
,,c7588a85-5e70-4915-891a-5bb80749bd10.extra_data.json,,50.0,62930070,0.0,5099809,1568.7305,62930070,2025-03-26 13:43:57.101,2025-02-27 18:30:02.131,309.30698,US7nt0+2+q,com.sec.android.app.shealth,c7588a85-5e70-4915-891a-5bb80749bd10,1740700800000,
,,00a7291c-f4a1-4113-acae-5361baa7f6ff.extra_data.json,,0.0,62930070,0.0,502251,1657.4429,62930070,2025-03-26 13:43:57.112,2025-02-28 18:30:01.282,27.979994,US7nt0+2+q,com.sec.android.app.shealth,00a7291c-f4a1-4113-acae-5361baa7f6ff,1740787200000,
,,48853664-5845-407f-bdbc-41ccc7353a98.extra_data.json,,0.0,62930070,0.0,645566,1654.6774,62930070,2025-03-26 13:43:57.122,2025-03-01 18:30:01.517,37.489994,US7nt0+2+q,com.sec.android.app.shealth,48853664-5845-407f-bdbc-41ccc7353a98,1740873600000,
,,e8fef78e-7fb6-4778-8b35-8604e47af6f9.extra_data.json,,52.0,62930070,0.0,3840840,1593.023,62930070,2025-03-26 13:43:57.127,2025-03-02 18:30:01.883,242.03264,US7nt0+2+q,com.sec.android.app.shealth,e8fef78e-7fb6-4778-8b35-8604e47af6f9,1740960000000,
,,837d4d6c-2781-484b-b59c-53c9b115d20b.extra_data.json,,43.0,62930070,0.0,2866834,1611.8169,62930070,2025-03-26 13:43:57.140,2025-03-03 18:30:01.885,178.59999,US7nt0+2+q,com.sec.android.app.shealth,837d4d6c-2781-484b-b59c-53c9b115d20b,1741046400000,
,,9b231b80-f2ce-4918-85ae-37c0496acb19.extra_data.json,,49.0,62930070,0.0,3756611,1594.6482,62930070,2025-03-26 13:43:57.155,2025-03-04 18:30:01.178,227.49,US7nt0+2+q,com.sec.android.app.shealth,9b231b80-f2ce-4918-85ae-37c0496acb19,1741132800000,
,,4cd6ba18-7ac0-40e5-84cb-d424f7827cda.extra_data.json,,0.0,62930070,0.0,3499889,1599.6018,62930070,2025-03-26 13:43:57.169,2025-03-05 18:30:02.497,210.38002,US7nt0+2+q,com.sec.android.app.shealth,4cd6ba18-7ac0-40e5-84cb-d424f7827cda,1741219200000,
,,5bdbab90-afe7-4113-90f9-0968be335a98.extra_data.json,,0.0,62930070,0.0,3561640,1598.4103,62930070,2025-03-26 13:43:57.183,2025-03-06 18:30:01.247,211.19003,US7nt0+2+q,com.sec.android.app.shealth,5bdbab90-afe7-4113-90f9-0968be335a98,1741305600000,
,,e21430a4-d722-4253-b16e-e1241125c6cc.extra_data.json,,0.0,62930070,0.0,468841,1658.0874,62950170,2025-04-04 12:08:30.214,2025-03-07 18:30:01.437,27.36,US7nt0+2+q,com.sec.android.app.shealth,e21430a4-d722-4253-b16e-e1241125c6cc,1741392000000,
,,81ad647c-7111-46c8-a650-8634d367865b.extra_data.json,,0.0,62930070,0.0,358816,1660.2104,62950170,2025-04-04 12:08:30.502,2025-03-08 18:30:02.083,20.699999,US7nt0+2+q,com.sec.android.app.shealth,81ad647c-7111-46c8-a650-8634d367865b,1741478400000,
,,adb050b3-49b4-479a-bf67-a6a7784772d9.extra_data.json,,43.0,62930070,0.0,3845539,1592.9324,62950170,2025-04-04 12:08:30.757,2025-03-09 18:30:01.638,237.71332,US7nt0+2+q,com.sec.android.app.shealth,adb050b3-49b4-479a-bf67-a6a7784772d9,1741564800000,
,,68ea0295-9f9a-44e4-8493-06ee3a579f52.extra_data.json,,0.0,62930070,0.0,1946493,1629.5753,62950170,2025-04-04 12:08:30.837,2025-03-10 18:30:01.686,121.36,US7nt0+2+q,com.sec.android.app.shealth,68ea0295-9f9a-44e4-8493-06ee3a579f52,1741651200000,
,,3565a198-7da2-4dc9-b9d5-79c73b0bc7fe.extra_data.json,,0.0,62930070,0.0,1994547,1628.6482,62950170,2025-04-04 12:08:31.073,2025-03-11 18:30:01.765,121.42,US7nt0+2+q,com.sec.android.app.shealth,3565a198-7da2-4dc9-b9d5-79c73b0bc7fe,1741737600000,
,,48f7dd7f-8c9e-42a1-83fb-bcafb69eeb04.extra_data.json,,0.0,62930070,0.0,3398342,1601.5612,62950170,2025-04-04 12:08:31.225,2025-03-12 18:30:01.422,206.17996,US7nt0+2+q,com.sec.android.app.shealth,48f7dd7f-8c9e-42a1-83fb-bcafb69eeb04,1741824000000,
,,965ad8d9-130d-421f-8dc0-f98d7eca6f84.extra_data.json,,0.0,62930070,0.0,429518,1658.8462,62950170,2025-04-04 12:08:31.255,2025-03-13 18:30:01.519,25.42,US7nt0+2+q,com.sec.android.app.shealth,965ad8d9-130d-421f-8dc0-f98d7eca6f84,1741910400000,
,,0751aea8-718a-4bd0-8e05-bb9cca2c3c03.extra_data.json,,0.0,62930070,0.0,311489,1661.1237,62950170,2025-04-04 12:08:31.289,2025-03-14 18:30:01.792,16.83,US7nt0+2+q,com.sec.android.app.shealth,0751aea8-718a-4bd0-8e05-bb9cca2c3c03,1741996800000,
,,af38218e-b640-48b9-bcfd-deb12d2926c1.extra_data.json,,0.0,62930070,0.0,645656,1654.6757,62950170,2025-04-04 12:08:31.572,2025-03-15 18:30:01.235,35.27,US7nt0+2+q,com.sec.android.app.shealth,af38218e-b640-48b9-bcfd-deb12d2926c1,1742083200000,
,,01ef59b7-c113-4e0b-86c5-194b5dbaed47.extra_data.json,,39.0,62930070,0.0,3410801,1601.3208,62950170,2025-04-13 17:32:15.640,2025-03-16 18:30:01.676,203.77698,US7nt0+2+q,com.sec.android.app.shealth,01ef59b7-c113-4e0b-86c5-194b5dbaed47,1742169600000,
,,d1b6dba5-e32d-471e-b1ab-27d70371b188.extra_data.json,,89.0,62930070,0.0,2022956,1628.0999,62950170,2025-04-14 06:58:58.608,2025-03-17 18:30:01.516,127.464676,US7nt0+2+q,com.sec.android.app.shealth,d1b6dba5-e32d-471e-b1ab-27d70371b188,1742256000000,
,,eec74300-4dc9-4b73-af24-a858d3d8e969.extra_data.json,,47.0,62930070,0.0,4913929,1572.3171,62950170,2025-04-14 06:58:58.716,2025-03-18 18:30:01.796,311.27795,US7nt0+2+q,com.sec.android.app.shealth,eec74300-4dc9-4b73-af24-a858d3d8e969,1742342400000,
,,1fb40c5d-840c-445e-b088-1e24fa734680.extra_data.json,,0.0,62930070,0.0,2836728,1612.3978,62950170,2025-04-14 06:58:58.785,2025-03-19 18:30:01.444,173.83998,US7nt0+2+q,com.sec.android.app.shealth,1fb40c5d-840c-445e-b088-1e24fa734680,1742428800000,
,,446dead2-d4d6-4e86-acdc-e5e0c18d4c8c.extra_data.json,,0.0,62930070,0.0,2554100,1617.8513,62950170,2025-04-14 06:58:58.901,2025-03-20 18:30:02.282,154.42,US7nt0+2+q,com.sec.android.app.shealth,446dead2-d4d6-4e86-acdc-e5e0c18d4c8c,1742515200000,
,,cbfa5a3b-2487-4166-a5a5-4975fdb52561.extra_data.json,,0.0,62930070,0.0,485546,1657.7651,62950170,2025-04-14 06:58:58.954,2025-03-21 18:30:02.273,26.619999,US7nt0+2+q,com.sec.android.app.shealth,cbfa5a3b-2487-4166-a5a5-4975fdb52561,1742601600000,
,,b28bbb45-1b01-4208-af35-f10d244b50b8.extra_data.json,,196.0,62930070,0.0,3669560,1557.8436,62950170,2025-04-14 06:58:59.038,2025-03-22 18:30:01.541,249.21701,US7nt0+2+q,com.sec.android.app.shealth,b28bbb45-1b01-4208-af35-f10d244b50b8,1742688000000,
,,4fe57ebd-02ec-4133-85c3-f6ef26fe378f.extra_data.json,,0.0,62930070,0.0,2504415,1579.7838,62950170,2025-04-14 06:58:59.137,2025-03-23 18:30:01.506,121.51997,US7nt0+2+q,com.sec.android.app.shealth,4fe57ebd-02ec-4133-85c3-f6ef26fe378f,1742774400000,
,,6e64643b-8e17-42e0-8685-7cb6bd1aa5ab.extra_data.json,,0.0,62930070,0.0,3651688,1558.1802,62950170,2025-04-14 06:58:59.168,2025-03-24 18:30:02.165,180.49002,US7nt0+2+q,com.sec.android.app.shealth,6e64643b-8e17-42e0-8685-7cb6bd1aa5ab,1742860800000,
,,25e72430-3742-4428-b63e-c8c74c88f08e.extra_data.json,,286.0,62930070,0.0,7957899,1477.0928,62950170,2025-04-14 06:58:59.218,2025-03-25 18:30:02.459,400.60434,US7nt0+2+q,com.sec.android.app.shealth,25e72430-3742-4428-b63e-c8c74c88f08e,1742947200000,
,,80ba92d9-54bc-4583-8191-34f563663ac9.extra_data.json,,140.0,62930070,0.0,7327145,1488.9701,62950170,2025-04-14 06:58:59.284,2025-03-26 18:30:01.827,371.82565,US7nt0+2+q,com.sec.android.app.shealth,80ba92d9-54bc-4583-8191-34f563663ac9,1743033600000,
,,0e0c7b24-fedf-4675-9461-7b39c8ee49a6.extra_data.json,,0.0,62930070,0.0,4946816,1533.7925,62950170,2025-04-14 06:58:59.341,2025-03-27 18:30:02.555,240.60997,US7nt0+2+q,com.sec.android.app.shealth,0e0c7b24-fedf-4675-9461-7b39c8ee49a6,1743120000000,
,,f8d2b6b0-348d-42a8-b68c-57098e2ac0ad.extra_data.json,,62.0,62930070,0.0,5040917,1532.0205,62950170,2025-04-25 11:20:17.415,2025-03-28 18:30:01.359,252.59546,US7nt0+2+q,com.sec.android.app.shealth,f8d2b6b0-348d-42a8-b68c-57098e2ac0ad,1743206400000,
,,3935bba2-e954-429b-a7cb-9da0b6f60c42.extra_data.json,,0.0,62930070,0.0,4919536,1534.3062,62950170,2025-04-25 11:20:17.435,2025-03-29 18:30:01.812,239.44002,US7nt0+2+q,com.sec.android.app.shealth,3935bba2-e954-429b-a7cb-9da0b6f60c42,1743292800000,
,,621dc2cf-3a80-4a4d-a3ad-9c7c521c8ab4.extra_data.json,,0.0,62930070,0.0,3417073,1562.5981,62950170,2025-04-25 11:20:17.467,2025-03-30 18:30:00.825,170.11998,US7nt0+2+q,com.sec.android.app.shealth,621dc2cf-3a80-4a4d-a3ad-9c7c521c8ab4,1743379200000,
,,97672c2a-d6c1-48e4-a6d8-a0b8bdd5ba7c.extra_data.json,,34.0,62930070,0.0,2991638,1570.6091,62950170,2025-04-25 11:20:17.507,2025-03-31 18:30:01.818,147.82997,US7nt0+2+q,com.sec.android.app.shealth,97672c2a-d6c1-48e4-a6d8-a0b8bdd5ba7c,1743465600000,
,,9e1f4002-d217-42dc-83a7-9e683268b8e4.extra_data.json,,0.0,62930070,0.0,3142791,1567.763,62950170,2025-04-25 11:20:17.524,2025-04-01 18:30:01.322,151.55003,US7nt0+2+q,com.sec.android.app.shealth,9e1f4002-d217-42dc-83a7-9e683268b8e4,1743552000000,
,,060a9507-7b84-4f56-9676-36a970b1f215.extra_data.json,,35.0,62930070,0.0,4272389,1546.4922,62950170,2025-04-25 11:20:17.554,2025-04-02 18:30:02.027,207.17535,US7nt0+2+q,com.sec.android.app.shealth,060a9507-7b84-4f56-9676-36a970b1f215,1743638400000,
,,35c2dfbd-0aa1-4c9d-b71c-da9d25240d33.extra_data.json,,41.0,62930070,0.0,7101047,1493.2275,62950170,2025-04-25 11:20:17.577,2025-04-03 18:30:01.209,350.32507,US7nt0+2+q,com.sec.android.app.shealth,35c2dfbd-0aa1-4c9d-b71c-da9d25240d33,1743724800000,
,,eb015e9f-452e-4ce8-afdf-a6068ec46f29.extra_data.json,,0.0,62950170,0.0,2281747,1583.9768,62950170,2025-04-25 11:20:17.585,2025-04-04 18:30:01.568,108.99996,US7nt0+2+q,com.sec.android.app.shealth,eb015e9f-452e-4ce8-afdf-a6068ec46f29,1743811200000,
,,6c566c51-9427-4c2d-b53e-37089f52af5f.extra_data.json,,168.0,62950170,0.0,3566682,1559.781,62950170,2025-04-25 11:20:17.606,2025-04-05 18:30:01.672,222.31485,US7nt0+2+q,com.sec.android.app.shealth,6c566c51-9427-4c2d-b53e-37089f52af5f,1743897600000,
,,43467eb5-c012-416a-acb6-a77176b8f9e0.extra_data.json,,0.0,62950170,0.0,4083658,1550.0461,62950170,2025-04-25 11:20:17.641,2025-04-06 18:30:01.406,196.55,US7nt0+2+q,com.sec.android.app.shealth,43467eb5-c012-416a-acb6-a77176b8f9e0,1743984000000,
,,a966c659-c23a-43f6-81a1-91e03e1e9843.extra_data.json,,32.0,62950170,0.0,2121097,1587.0018,62950170,2025-04-25 11:20:17.671,2025-04-07 18:30:02.485,101.06999,US7nt0+2+q,com.sec.android.app.shealth,a966c659-c23a-43f6-81a1-91e03e1e9843,1744070400000,
,,1a3123f3-3669-4da8-afbe-1aa9c23b814e.extra_data.json,,328.0,62950170,0.0,8288513,1470.8672,62950170,2025-05-06 16:33:36.071,2025-04-08 18:30:01.193,487.67633,US7nt0+2+q,com.sec.android.app.shealth,1a3123f3-3669-4da8-afbe-1aa9c23b814e,1744156800000,
,,b62257c4-6412-4b53-90f4-bbd2e119fba9.extra_data.json,,0.0,62950170,0.0,614914,1615.3638,62950170,2025-05-07 04:24:44.627,2025-04-09 18:30:01.235,29.029995,US7nt0+2+q,com.sec.android.app.shealth,b62257c4-6412-4b53-90f4-bbd2e119fba9,1744243200000,
,,7bd46e6d-33b5-4500-8e6d-8d591ceeae3a.extra_data.json,,66.0,62950170,0.0,6635098,1502.0016,62950170,2025-05-07 04:24:44.707,2025-04-10 18:30:01.340,325.26996,US7nt0+2+q,com.sec.android.app.shealth,7bd46e6d-33b5-4500-8e6d-8d591ceeae3a,1744329600000,
,,8a63983b-c79c-4e2d-923f-2d831c82f7a1.extra_data.json,,0.0,62950170,0.0,375521,1619.8716,62950170,2025-05-07 04:24:44.938,2025-04-11 19:17:41.583,17.55,US7nt0+2+q,com.sec.android.app.shealth,8a63983b-c79c-4e2d-923f-2d831c82f7a1,1744416000000,
,,dd23e76f-d756-4ad4-8400-5408a664282d.extra_data.json,,13.0,62950170,0.0,1181517,1604.6943,62950170,2025-05-07 04:24:45.172,2025-04-12 18:30:01.267,59.65247,US7nt0+2+q,com.sec.android.app.shealth,dd23e76f-d756-4ad4-8400-5408a664282d,1744502400000,
,,6ce485fa-3c45-4062-8d89-08106e57f3c0.extra_data.json,,0.0,62950170,0.0,376188,1619.859,62950170,2025-05-07 04:24:45.231,2025-04-13 18:30:01.834,18.029997,US7nt0+2+q,com.sec.android.app.shealth,6ce485fa-3c45-4062-8d89-08106e57f3c0,1744588800000,
,,a7866d46-21f3-4cb7-9b1e-c77adfd184c0.extra_data.json,,0.0,62950170,0.0,3889457,1553.703,62950170,2025-05-07 04:24:45.268,2025-04-14 18:30:01.783,193.23994,US7nt0+2+q,com.sec.android.app.shealth,a7866d46-21f3-4cb7-9b1e-c77adfd184c0,1744675200000,
,,6c2ad86d-1301-42a5-9846-c654e2180357.extra_data.json,,241.0,62950170,0.0,8772164,1477.6593,62950170,2025-05-07 04:24:45.321,2025-04-15 18:44:50.562,494.0973,US7nt0+2+q,com.sec.android.app.shealth,6c2ad86d-1301-42a5-9846-c654e2180357,1744761600000,
,,09ec1e46-854f-4586-82e9-0bde5738698d.extra_data.json,,214.0,62950170,0.0,6821890,1514.7831,62950170,2025-05-07 04:24:45.367,2025-04-16 18:30:01.239,389.70618,US7nt0+2+q,com.sec.android.app.shealth,09ec1e46-854f-4586-82e9-0bde5738698d,1744848000000,
,,1eb27384-65fc-4c1c-8612-dc671a8957ab.extra_data.json,,581.0,62950170,0.0,10152214,1451.3898,62950170,2025-05-07 04:24:45.444,2025-04-17 18:35:32.787,651.5756,US7nt0+2+q,com.sec.android.app.shealth,1eb27384-65fc-4c1c-8612-dc671a8957ab,1744934400000,
,,e84a634d-bc74-4e17-9305-e212f12e1896.extra_data.json,,0.0,62950170,0.0,6505699,1520.8019,62950170,2025-05-07 04:24:45.482,2025-04-18 18:30:03.391,324.18002,US7nt0+2+q,com.sec.android.app.shealth,e84a634d-bc74-4e17-9305-e212f12e1896,1745020800000,
,,bdcea316-52b8-4114-bac0-9ffa22ac677d.extra_data.json,,185.0,62950170,0.0,3678508,1574.6178,62950170,2025-05-07 04:24:45.509,2025-04-19 18:30:01.772,228.42723,US7nt0+2+q,com.sec.android.app.shealth,bdcea316-52b8-4114-bac0-9ffa22ac677d,1745107200000,
,,4cf91194-eec7-404b-843f-f1a8ded866a4.extra_data.json,,0.0,62950170,0.0,4366496,1561.522,62950170,2025-05-07 04:24:45.544,2025-04-20 18:30:02.096,216.14001,US7nt0+2+q,com.sec.android.app.shealth,4cf91194-eec7-404b-843f-f1a8ded866a4,1745193600000,
,,8173d69b-dfa6-4f22-bacd-fe37530bc2e5.extra_data.json,,0.0,62950170,0.0,2686683,1593.4976,62950170,2025-05-19 10:29:26.638,2025-04-21 18:36:53.493,135.73999,US7nt0+2+q,com.sec.android.app.shealth,8173d69b-dfa6-4f22-bacd-fe37530bc2e5,1745280000000,
,,c60182fb-584a-479e-b5c9-48a6b3ee99f8.extra_data.json,,38.0,62950170,0.0,4146993,1565.7002,62950170,2025-05-19 10:29:26.727,2025-04-22 18:30:02.398,210.44365,US7nt0+2+q,com.sec.android.app.shealth,c60182fb-584a-479e-b5c9-48a6b3ee99f8,1745366400000,
,,9d1f7135-a682-482e-8ed4-8e5bd87c5ff5.extra_data.json,,187.0,62950170,0.0,5598496,1538.0706,62950170,2025-05-19 10:29:26.799,2025-04-23 19:26:49.811,286.48367,US7nt0+2+q,com.sec.android.app.shealth,9d1f7135-a682-482e-8ed4-8e5bd87c5ff5,1745452800000,
,,b564d240-b1d8-493e-b4a5-1c1c692c03a4.extra_data.json,,0.0,62950170,0.0,1577822,1614.6047,62950170,2025-05-19 10:29:26.862,2025-04-24 18:30:01.473,78.35999,US7nt0+2+q,com.sec.android.app.shealth,b564d240-b1d8-493e-b4a5-1c1c692c03a4,1745539200000,
,,4c7b1c8a-32ef-4578-b272-4e136246b4aa.extra_data.json,,128.0,62950170,0.0,8540471,1482.0696,62950170,2025-05-19 10:29:26.914,2025-04-25 18:30:02.004,443.17004,US7nt0+2+q,com.sec.android.app.shealth,4c7b1c8a-32ef-4578-b272-4e136246b4aa,1745625600000,
,,72626902-828b-4864-a391-f7b30090fd9d.extra_data.json,,35.0,62950170,0.0,2993154,1587.6638,62950170,2025-05-19 10:29:26.933,2025-04-26 18:36:06.719,150.59134,US7nt0+2+q,com.sec.android.app.shealth,72626902-828b-4864-a391-f7b30090fd9d,1745712000000,
,,c3d7be1f-38a8-49de-bc1b-5fd326636cff.extra_data.json,,0.0,62950170,0.0,6445722,1521.9436,62950170,2025-05-25 11:35:37.714,2025-04-27 18:30:20.550,323.2299,US7nt0+2+q,com.sec.android.app.shealth,c3d7be1f-38a8-49de-bc1b-5fd326636cff,1745798400000,
,,cea0b1f3-ed2c-48c0-beef-04e1fa4eab2d.extra_data.json,,0.0,62950170,0.0,2361118,1599.6946,62950170,2025-05-25 11:35:37.725,2025-04-28 18:30:01.591,118.060005,US7nt0+2+q,com.sec.android.app.shealth,cea0b1f3-ed2c-48c0-beef-04e1fa4eab2d,1745884800000,
,,f31b3969-11e5-4a2c-b86d-23911679f151.extra_data.json,,298.0,62950170,0.0,4509407,1558.8016,62950170,2025-05-25 11:35:37.737,2025-04-29 18:30:03.230,395.50998,US7nt0+2+q,com.sec.android.app.shealth,f31b3969-11e5-4a2c-b86d-23911679f151,1745971200000,
,,a97754e4-5efa-401a-b6bc-2ba841302745.extra_data.json,,0.0,62950170,0.0,2162713,1603.4713,62950170,2025-05-25 11:35:37.747,2025-04-30 18:30:01.386,110.42002,US7nt0+2+q,com.sec.android.app.shealth,a97754e4-5efa-401a-b6bc-2ba841302745,1746057600000,
,,ce066034-b9dc-4e69-b6e3-dd76af2ca511.extra_data.json,,93.0,62950170,0.0,4566974,1557.7058,62950170,2025-05-29 03:14:30.277,2025-05-01 20:16:26.155,279.59003,US7nt0+2+q,com.sec.android.app.shealth,ce066034-b9dc-4e69-b6e3-dd76af2ca511,1746144000000,
,,0c3c31ed-ac69-4f60-9ac7-a84d9d77b504.extra_data.json,,0.0,62950170,0.0,4078495,1567.004,62950170,2025-05-29 03:14:30.292,2025-05-02 18:31:25.920,213.81995,US7nt0+2+q,com.sec.android.app.shealth,0c3c31ed-ac69-4f60-9ac7-a84d9d77b504,1746230400000,
,,6ad952de-6122-4b53-a221-04401afd637a.extra_data.json,,0.0,62950170,0.0,1757545,1611.1838,62950170,2025-05-30 18:56:49.693,2025-05-03 18:30:02.224,86.51001,US7nt0+2+q,com.sec.android.app.shealth,6ad952de-6122-4b53-a221-04401afd637a,1746316800000,
,,69c23733-c838-4935-95a3-f48977606d4c.extra_data.json,,0.0,62950170,0.0,2014576,1606.2911,62950170,2025-05-30 18:56:49.804,2025-05-04 18:30:01.479,101.17,US7nt0+2+q,com.sec.android.app.shealth,69c23733-c838-4935-95a3-f48977606d4c,1746403200000,
,,aa37c0a7-e735-494c-bd5c-cbacbac5ac7b.extra_data.json,,0.0,62950170,0.0,2868580,1590.0352,62950170,2025-05-30 18:56:49.948,2025-05-05 18:31:01.269,147.56,US7nt0+2+q,com.sec.android.app.shealth,aa37c0a7-e735-494c-bd5c-cbacbac5ac7b,1746489600000,
,,715bb346-8e71-4c01-ae71-0cffa83cc543.extra_data.json,,0.0,62950170,0.0,1837585,1609.6602,63010030,2025-06-03 18:08:50.233,2025-05-06 18:30:02.112,91.32001,US7nt0+2+q,com.sec.android.app.shealth,715bb346-8e71-4c01-ae71-0cffa83cc543,1746576000000,
,,22a8bf73-0429-42ba-9cfe-2b54dbae8d08.extra_data.json,,0.0,62950170,0.0,2821051,1590.9398,63010030,2025-06-03 18:08:50.280,2025-05-07 19:03:21.619,140.16002,US7nt0+2+q,com.sec.android.app.shealth,22a8bf73-0429-42ba-9cfe-2b54dbae8d08,1746662400000,
,,f83c3dd5-e060-4d52-9f0e-a5a59d67c3db.extra_data.json,,0.0,62950170,0.0,1682943,1612.6038,63010030,2025-06-03 18:08:50.349,2025-05-08 18:30:01.239,84.409996,US7nt0+2+q,com.sec.android.app.shealth,f83c3dd5-e060-4d52-9f0e-a5a59d67c3db,1746748800000,
,,5a3be75a-e0bd-4d86-9e10-3d1f97f350eb.extra_data.json,,0.0,62950170,0.0,812248,1629.1776,63010030,2025-06-03 18:08:50.456,2025-05-09 18:30:01.617,37.43,US7nt0+2+q,com.sec.android.app.shealth,5a3be75a-e0bd-4d86-9e10-3d1f97f350eb,1746835200000,
,,ca8008db-5dc1-44d0-a9ed-342a7c0b2aac.extra_data.json,,0.0,62950170,0.0,1904948,1608.378,63010030,2025-06-03 18:08:50.507,2025-05-10 18:30:01.161,92.60002,US7nt0+2+q,com.sec.android.app.shealth,ca8008db-5dc1-44d0-a9ed-342a7c0b2aac,1746921600000,
,,9bc51c60-21ee-4198-b674-220dd426aa5e.extra_data.json,,0.0,62950170,0.0,1383622,1618.3014,63010030,2025-06-03 18:08:50.649,2025-05-11 18:30:01.028,67.520004,US7nt0+2+q,com.sec.android.app.shealth,9bc51c60-21ee-4198-b674-220dd426aa5e,1747008000000,
,,16c895e5-1c49-44d9-81a9-1abcc9bbc0bf.extra_data.json,,86.0,62950170,0.0,2493500,1597.1747,63010030,2025-06-03 18:08:50.734,2025-05-12 19:03:35.878,125.50334,US7nt0+2+q,com.sec.android.app.shealth,16c895e5-1c49-44d9-81a9-1abcc9bbc0bf,1747094400000,
,,95d702cd-9331-4035-8b01-6846e120cf56.extra_data.json,,0.0,62950170,0.0,2979863,1587.9167,63010030,2025-06-03 18:08:50.956,2025-05-13 18:30:01.173,148.9,US7nt0+2+q,com.sec.android.app.shealth,95d702cd-9331-4035-8b01-6846e120cf56,1747180800000,
,,2a29f16a-5e25-4c13-847d-1ca9983304b4.extra_data.json,,0.0,62950170,0.0,3769681,1572.8824,63010030,2025-06-11 09:42:44.223,2025-05-14 18:30:27.869,186.26997,US7nt0+2+q,com.sec.android.app.shealth,2a29f16a-5e25-4c13-847d-1ca9983304b4,1747267200000,
,,4e206972-2a19-4c51-8226-c3d7ff2b4a51.extra_data.json,,0.0,62950170,0.0,2740530,1592.4725,63010030,2025-06-12 12:28:53.753,2025-05-15 18:35:34.246,138.94997,US7nt0+2+q,com.sec.android.app.shealth,4e206972-2a19-4c51-8226-c3d7ff2b4a51,1747353600000,
,,5feb5931-2ed6-47a5-9ba6-2c809057cd38.extra_data.json,,47.0,62950170,0.0,2449411,1598.014,63010030,2025-06-13 05:49:08.830,2025-05-16 18:30:01.065,125.505325,US7nt0+2+q,com.sec.android.app.shealth,5feb5931-2ed6-47a5-9ba6-2c809057cd38,1747440000000,
,,a330cd01-562b-421c-bec3-799513abc356.extra_data.json,,0.0,62950170,0.0,644322,1632.3741,63010030,2025-06-13 05:49:08.867,2025-05-17 18:52:22.738,31.800001,US7nt0+2+q,com.sec.android.app.shealth,a330cd01-562b-421c-bec3-799513abc356,1747526400000,
,,415ee138-c8bf-44f8-af58-23f9ee92b093.extra_data.json,,0.0,62950170,0.0,560220,1633.975,63010030,2025-06-13 05:49:08.900,2025-05-18 18:30:02.131,26.509995,US7nt0+2+q,com.sec.android.app.shealth,415ee138-c8bf-44f8-af58-23f9ee92b093,1747612800000,
,,a8611689-9a04-452a-a6a2-e8a24b4ad02f.extra_data.json,,42.0,62950170,0.0,3212496,1583.4885,63010030,2025-06-13 05:49:08.955,2025-05-19 18:46:46.664,162.08998,US7nt0+2+q,com.sec.android.app.shealth,a8611689-9a04-452a-a6a2-e8a24b4ad02f,1747699200000,
,,e44f6d44-ac76-47af-a804-2a5a5db414f8.extra_data.json,,37.0,62950170,0.0,2928564,1588.8933,63010030,2025-06-13 05:49:08.975,2025-05-20 18:30:00.998,146.80199,US7nt0+2+q,com.sec.android.app.shealth,e44f6d44-ac76-47af-a804-2a5a5db414f8,1747785600000,
,,bfae040d-2db4-4484-94aa-266c25959a63.extra_data.json,,0.0,62950170,0.0,2974870,1588.0117,63010030,2025-06-13 05:49:09.001,2025-05-21 19:16:50.741,148.89,US7nt0+2+q,com.sec.android.app.shealth,bfae040d-2db4-4484-94aa-266c25959a63,1747872000000,
,,471efb46-c3e2-4a34-9e49-8679a0b2ba96.extra_data.json,,0.0,62950170,0.0,5996831,1530.4882,63010030,2025-06-13 05:49:09.035,2025-05-22 18:30:01.185,296.23996,US7nt0+2+q,com.sec.android.app.shealth,471efb46-c3e2-4a34-9e49-8679a0b2ba96,1747958400000,
,,f781d070-8ef0-47e8-8ddd-604cda126db1.extra_data.json,,82.0,62950170,0.0,8121112,1490.0521,63010030,2025-06-20 17:44:25.760,2025-05-23 18:30:01.627,407.48993,US7nt0+2+q,com.sec.android.app.shealth,f781d070-8ef0-47e8-8ddd-604cda126db1,1748044800000,
,,0fefae68-4933-49b9-b70c-c8e0951044f1.extra_data.json,,0.0,62950170,0.0,4341910,1561.9899,63010030,2025-06-20 17:44:25.985,2025-05-24 18:30:01.148,214.97995,US7nt0+2+q,com.sec.android.app.shealth,0fefae68-4933-49b9-b70c-c8e0951044f1,1748131200000,
,,ebedd6aa-6415-4486-bc0d-57985e3cd768.extra_data.json,,397.0,62950170,0.0,8879205,1475.6217,63010030,2025-06-20 17:44:26.042,2025-05-25 18:30:01.708,453.00098,US7nt0+2+q,com.sec.android.app.shealth,ebedd6aa-6415-4486-bc0d-57985e3cd768,1748217600000,
,,bce8ce71-b384-4e07-850e-d98986d4cc73.extra_data.json,,0.0,62950170,0.0,3160950,1584.4697,63010030,2025-06-22 19:42:10.291,2025-05-26 19:29:34.202,157.68997,US7nt0+2+q,com.sec.android.app.shealth,bce8ce71-b384-4e07-850e-d98986d4cc73,1748304000000,
,,0bf7e578-088c-4d1a-b6f5-42776ef60876.extra_data.json,,0.0,62950170,0.0,2721577,1592.8333,63010030,2025-06-22 19:42:10.343,2025-05-27 20:12:26.740,136.59999,US7nt0+2+q,com.sec.android.app.shealth,0bf7e578-088c-4d1a-b6f5-42776ef60876,1748390400000,
,,0a6517ca-12a7-4228-9eaf-4b2ec2f80251.extra_data.json,,145.0,62950170,0.0,6493254,1521.0387,63010030,2025-06-22 19:42:10.389,2025-05-28 18:30:02.255,333.15298,US7nt0+2+q,com.sec.android.app.shealth,0a6517ca-12a7-4228-9eaf-4b2ec2f80251,1748476800000,
,,7846a207-d6f7-4ec5-a842-b9371f71e7df.extra_data.json,,37.0,62950170,0.0,2293170,1600.988,63010030,2025-06-22 19:42:10.470,2025-05-29 18:30:11.228,116.31198,US7nt0+2+q,com.sec.android.app.shealth,7846a207-d6f7-4ec5-a842-b9371f71e7df,1748563200000,
,,3e63ce54-c7fb-43e5-b92d-f45aa34a8345.extra_data.json,,0.0,62950170,0.0,6565334,1519.6666,63020270,2025-06-27 01:35:02.384,2025-05-30 18:30:03.124,331.25992,US7nt0+2+q,com.sec.android.app.shealth,3e63ce54-c7fb-43e5-b92d-f45aa34a8345,1748649600000,
,,951acaa8-8d14-4a03-9b97-e09bca265c1d.extra_data.json,,61.0,62950170,0.0,3479776,1578.4008,63020270,2025-06-28 11:52:34.530,2025-05-31 19:15:12.437,183.88004,US7nt0+2+q,com.sec.android.app.shealth,951acaa8-8d14-4a03-9b97-e09bca265c1d,1748736000000,
,,750142ff-c9ff-4648-9452-92afbeb0386a.extra_data.json,,0.0,62950170,0.0,3114502,1585.3539,63020270,2025-06-28 11:52:34.546,2025-06-01 19:07:12.075,159.06999,US7nt0+2+q,com.sec.android.app.shealth,750142ff-c9ff-4648-9452-92afbeb0386a,1748822400000,
,,3de71cd3-8e84-4a70-80e7-246e53f2cda5.extra_data.json,,0.0,62950170,0.0,1658293,1613.073,63020270,2025-06-30 05:19:59.762,2025-06-02 18:30:00.834,84.75999,US7nt0+2+q,com.sec.android.app.shealth,3de71cd3-8e84-4a70-80e7-246e53f2cda5,1748908800000,
,,e926d820-a278-406e-9639-64a77055bf29.extra_data.json,,0.0,63010030,0.0,2037770,1605.8497,63020270,2025-06-30 05:19:59.814,2025-06-03 18:30:01.367,102.679985,US7nt0+2+q,com.sec.android.app.shealth,e926d820-a278-406e-9639-64a77055bf29,1748995200000,
,,2ceb4dcd-e7bd-4da9-be02-e0efa8e0fa8d.extra_data.json,,0.0,63010030,0.0,2458420,1597.8425,63020270,2025-06-30 05:19:59.849,2025-06-04 19:07:30.204,133.34001,US7nt0+2+q,com.sec.android.app.shealth,2ceb4dcd-e7bd-4da9-be02-e0efa8e0fa8d,1749081600000,
,,5cf4132b-8554-446b-a8dd-a2856e46bd6a.extra_data.json,,0.0,63010030,0.0,701015,1631.2949,63020270,2025-07-03 10:55:15.767,2025-06-05 18:30:00.913,35.8,US7nt0+2+q,com.sec.android.app.shealth,5cf4132b-8554-446b-a8dd-a2856e46bd6a,1749168000000,
,,788ec178-23a5-4987-8644-bec6d9058f1e.extra_data.json,,0.0,63010030,0.0,2493413,1597.1764,63020270,2025-07-03 10:55:15.833,2025-06-06 18:30:01.084,129.48001,US7nt0+2+q,com.sec.android.app.shealth,788ec178-23a5-4987-8644-bec6d9058f1e,1749254400000,
,,5c3792ea-3aea-491f-9e28-367df0770d30.extra_data.json,,0.0,63010030,0.0,1633688,1613.5414,63020270,2025-07-03 10:55:15.877,2025-06-07 18:30:01.271,81.869995,US7nt0+2+q,com.sec.android.app.shealth,5c3792ea-3aea-491f-9e28-367df0770d30,1749340800000,
,,6ff84d6c-2edc-4f04-b107-347f99321458.extra_data.json,,0.0,63010030,0.0,4011181,1568.2854,63020310,2025-07-06 02:52:12.359,2025-06-08 18:30:01.078,200.47002,US7nt0+2+q,com.sec.android.app.shealth,6ff84d6c-2edc-4f04-b107-347f99321458,1749427200000,
,,c69c991d-d204-4a36-ab02-f24f16deccf2.extra_data.json,,132.0,63010030,0.0,14109400,1376.0641,63020310,2025-07-06 02:52:12.465,2025-06-09 18:30:01.735,706.32776,US7nt0+2+q,com.sec.android.app.shealth,c69c991d-d204-4a36-ab02-f24f16deccf2,1749513600000,
,,9bb19a46-723e-4908-ab76-ac6b99e0d0c6.extra_data.json,,38.0,63010030,0.0,17240424,1316.4645,63020310,2025-07-06 02:52:12.551,2025-06-10 18:30:00.736,846.52,US7nt0+2+q,com.sec.android.app.shealth,9bb19a46-723e-4908-ab76-ac6b99e0d0c6,1749600000000,
,,dcca4656-9890-4852-850a-ac571b360ff0.extra_data.json,,0.0,63010030,0.0,11372235,1428.1665,63020310,2025-07-06 02:52:12.596,2025-06-11 18:30:02.125,559.8003,US7nt0+2+q,com.sec.android.app.shealth,dcca4656-9890-4852-850a-ac571b360ff0,1749686400000,
,,e4a310af-6b8d-4a58-ab3e-44be9d97bd1c.extra_data.json,,0.0,63010030,0.0,6126192,1528.0259,63020310,2025-07-06 02:52:12.611,2025-06-12 18:30:11.308,305.40997,US7nt0+2+q,com.sec.android.app.shealth,e4a310af-6b8d-4a58-ab3e-44be9d97bd1c,1749772800000,
,,97dfd779-910f-44fc-a2a5-ea7f87ab74db.extra_data.json,,0.0,63010030,0.0,5243130,1544.8351,63020310,2025-07-06 02:52:12.640,2025-06-13 18:30:07.573,269.66998,US7nt0+2+q,com.sec.android.app.shealth,97dfd779-910f-44fc-a2a5-ea7f87ab74db,1749859200000,
,,d15965d1-c6a2-4a33-8a8e-d67cdf66d7fa.extra_data.json,,0.0,63010030,0.0,5735157,1535.4692,63020310,2025-07-12 16:05:36.360,2025-06-14 18:30:01.580,292.52994,US7nt0+2+q,com.sec.android.app.shealth,d15965d1-c6a2-4a33-8a8e-d67cdf66d7fa,1749945600000,
,,d88d0384-e445-462f-a7e3-b8098810e9e3.extra_data.json,,37.0,63010030,0.0,7649151,1499.036,63020310,2025-07-12 16:05:36.397,2025-06-15 18:30:01.068,396.34985,US7nt0+2+q,com.sec.android.app.shealth,d88d0384-e445-462f-a7e3-b8098810e9e3,1750032000000,
,,3110dbd8-2196-412b-a0c2-8b7e69783a8b.extra_data.json,,0.0,63010030,0.0,2846089,1590.4631,63020310,2025-07-12 16:05:36.434,2025-06-16 18:30:01.100,140.47006,US7nt0+2+q,com.sec.android.app.shealth,3110dbd8-2196-412b-a0c2-8b7e69783a8b,1750118400000,
,,a1c681bf-30c6-4348-82ca-8b13b2b8376f.extra_data.json,,54.0,63010030,0.0,9483134,1464.1259,63020310,2025-07-12 16:05:36.458,2025-06-17 18:30:01.110,486.2699,US7nt0+2+q,com.sec.android.app.shealth,a1c681bf-30c6-4348-82ca-8b13b2b8376f,1750204800000,
,,ab661f8e-fa97-449e-8447-361e2627522c.extra_data.json,,0.0,63010030,0.0,4333278,1562.1542,63020310,2025-07-12 16:05:36.475,2025-06-18 18:30:01.623,218.81007,US7nt0+2+q,com.sec.android.app.shealth,ab661f8e-fa97-449e-8447-361e2627522c,1750291200000,
,,b715b83a-b7d6-4433-b30b-6fede3d64e52.extra_data.json,,0.0,63010030,0.0,4528202,1558.4438,63020310,2025-07-12 16:05:36.500,2025-06-19 18:30:01.228,228.19005,US7nt0+2+q,com.sec.android.app.shealth,b715b83a-b7d6-4433-b30b-6fede3d64e52,1750377600000,
,,1cc58a4a-2fcc-4533-939b-51da03808187.extra_data.json,,0.0,63010030,0.0,6565097,1519.6713,63020310,2025-07-12 16:05:36.521,2025-06-20 18:30:01.077,332.3501,US7nt0+2+q,com.sec.android.app.shealth,1cc58a4a-2fcc-4533-939b-51da03808187,1750464000000,
,,87393359-d572-4c22-a3af-22149a227d2d.extra_data.json,,0.0,63010030,0.0,4216071,1564.3853,63020310,2025-07-12 16:05:36.560,2025-06-21 18:30:01.027,216.57011,US7nt0+2+q,com.sec.android.app.shealth,87393359-d572-4c22-a3af-22149a227d2d,1750550400000,
,,dcf5b053-01a1-4b6c-97a8-65a459496d63.extra_data.json,,0.0,63010030,0.0,1966316,1607.2097,63020310,2025-07-12 16:05:36.585,2025-06-22 18:30:00.987,98.23999,US7nt0+2+q,com.sec.android.app.shealth,dcf5b053-01a1-4b6c-97a8-65a459496d63,1750636800000,
,,d6ac7121-30c1-495e-a359-645916273bec.extra_data.json,,0.0,63010030,0.0,1845455,1609.5104,63020310,2025-07-12 16:05:36.591,2025-06-23 18:30:01.117,91.54999,US7nt0+2+q,com.sec.android.app.shealth,d6ac7121-30c1-495e-a359-645916273bec,1750723200000,
,,384fadb1-f192-418a-be2a-10aade7b843c.extra_data.json,,0.0,63010030,0.0,1991572,1606.7291,63020310,2025-07-12 16:05:36.599,2025-06-24 18:30:01.373,98.09,US7nt0+2+q,com.sec.android.app.shealth,384fadb1-f192-418a-be2a-10aade7b843c,1750809600000,
,,9c5e22f4-77b5-41ea-952d-71b26368ffdc.extra_data.json,,0.0,63010030,0.0,2462237,1597.7698,63030110,2025-07-23 15:57:24.648,2025-06-25 18:30:01.580,122.60994,US7nt0+2+q,com.sec.android.app.shealth,9c5e22f4-77b5-41ea-952d-71b26368ffdc,1750896000000,
,,71cf61fb-733d-4224-9c16-68923d66ff2b.extra_data.json,,0.0,63010030,0.0,3412200,1579.6871,63030110,2025-07-23 15:57:24.792,2025-06-26 18:30:01.144,171.75006,US7nt0+2+q,com.sec.android.app.shealth,71cf61fb-733d-4224-9c16-68923d66ff2b,1750982400000,
,,d01df903-9e00-4620-b740-b8f2efba39f4.extra_data.json,,0.0,63020270,0.0,5714954,1535.8539,63030110,2025-07-25 11:28:26.079,2025-06-27 18:30:00.976,283.53998,US7nt0+2+q,com.sec.android.app.shealth,d01df903-9e00-4620-b740-b8f2efba39f4,1751068800000,
,,4968fc8a-c429-4835-9494-d736b83a9595.extra_data.json,,0.0,63020270,0.0,2786028,1591.6063,63030110,2025-07-25 11:28:26.102,2025-06-28 18:30:01.188,139.65,US7nt0+2+q,com.sec.android.app.shealth,4968fc8a-c429-4835-9494-d736b83a9595,1751155200000,
,,1d8e689d-5fda-4d98-b8ae-c69f5531164c.extra_data.json,,0.0,63020270,0.0,1911992,1608.2439,63030110,2025-07-25 11:28:26.123,2025-06-29 18:30:01.389,96.360016,US7nt0+2+q,com.sec.android.app.shealth,1d8e689d-5fda-4d98-b8ae-c69f5531164c,1751241600000,
,,b9792fc1-6eb2-4578-b9b3-63382fec8b33.extra_data.json,,0.0,63020270,0.0,1774160,1610.8676,63030110,2025-07-25 11:28:26.125,2025-06-30 18:30:01.023,88.759995,US7nt0+2+q,com.sec.android.app.shealth,b9792fc1-6eb2-4578-b9b3-63382fec8b33,1751328000000,
,,1079f6aa-ec19-4b47-b32b-a8ea8eb693ec.extra_data.json,,0.0,63020270,0.0,1029311,1625.0458,63030110,2025-07-25 11:28:26.138,2025-07-01 18:30:00.832,53.370007,US7nt0+2+q,com.sec.android.app.shealth,1079f6aa-ec19-4b47-b32b-a8ea8eb693ec,1751414400000,
,,f70668e7-3041-4bf8-8140-cb5477694afc.extra_data.json,,0.0,63020270,0.0,2299027,1600.8766,63030110,2025-07-25 11:28:26.158,2025-07-02 18:30:01.368,115.65999,US7nt0+2+q,com.sec.android.app.shealth,f70668e7-3041-4bf8-8140-cb5477694afc,1751500800000,
,,78a7b31e-33b4-4cf1-b0fb-c5de97f99106.extra_data.json,,0.0,63020270,0.0,2237126,1602.0548,63030110,2025-07-31 16:36:04.027,2025-07-03 18:30:01.064,112.48998,US7nt0+2+q,com.sec.android.app.shealth,78a7b31e-33b4-4cf1-b0fb-c5de97f99106,1751587200000,
,,e91498a8-9fd6-4f9e-b595-11d3cf929ea4.extra_data.json,,0.0,63020270,0.0,1278579,1620.301,63030110,2025-07-31 16:36:04.086,2025-07-04 18:30:01.373,63.240005,US7nt0+2+q,com.sec.android.app.shealth,e91498a8-9fd6-4f9e-b595-11d3cf929ea4,1751673600000,
,,74c5a9ad-578d-41ba-83ee-8c8314c66bb6.extra_data.json,,0.0,63020310,0.0,2830118,1590.7671,63030110,2025-07-31 16:36:04.104,2025-07-05 18:30:01.235,139.31998,US7nt0+2+q,com.sec.android.app.shealth,74c5a9ad-578d-41ba-83ee-8c8314c66bb6,1751760000000,
,,992184ad-7718-4a3f-ab5a-a6c5ab24934d.extra_data.json,,0.0,63020310,0.0,4123948,1566.1388,63030110,2025-07-31 16:36:04.183,2025-07-06 18:30:01.185,202.79,US7nt0+2+q,com.sec.android.app.shealth,992184ad-7718-4a3f-ab5a-a6c5ab24934d,1751846400000,
,,373a2cd0-240e-4719-8f27-87cf2d9dcd04.extra_data.json,,33.0,63020310,0.0,4378501,1561.2933,63030110,2025-08-04 16:16:25.563,2025-07-07 18:30:01.277,217.9519,US7nt0+2+q,com.sec.android.app.shealth,373a2cd0-240e-4719-8f27-87cf2d9dcd04,1751932800000,
,,2594b35e-ae63-4a0f-979c-b7a6f98d67fd.extra_data.json,,65.0,63020310,0.0,4236224,1564.0017,63030110,2025-08-04 16:16:25.621,2025-07-08 18:30:01.845,207.84,US7nt0+2+q,com.sec.android.app.shealth,2594b35e-ae63-4a0f-979c-b7a6f98d67fd,1752019200000,
,,a577dec9-eb5e-4672-94a5-aa5178b62aa0.extra_data.json,,70.0,63020310,0.0,4160554,1565.4421,63030110,2025-08-04 16:16:25.648,2025-07-09 18:30:02.467,214.78998,US7nt0+2+q,com.sec.android.app.shealth,a577dec9-eb5e-4672-94a5-aa5178b62aa0,1752105600000,
,,76f503fb-c3c8-4602-8192-76c6d9bf1b2e.extra_data.json,,0.0,63020310,0.0,3074937,1586.107,63030110,2025-08-04 16:16:25.660,2025-07-10 18:30:02.223,150.17998,US7nt0+2+q,com.sec.android.app.shealth,76f503fb-c3c8-4602-8192-76c6d9bf1b2e,1752192000000,
,,44500efb-0eca-4513-92d9-f098bf165872.extra_data.json,,0.0,63020310,0.0,1178956,1622.1973,63030110,2025-08-04 16:16:25.681,2025-07-11 18:30:02.181,58.539997,US7nt0+2+q,com.sec.android.app.shealth,44500efb-0eca-4513-92d9-f098bf165872,1752278400000,
,,0698d4f2-fea3-4a1b-b59d-3a9b316f2bb1.extra_data.json,,159.0,63020310,0.0,8760339,1477.8844,63030110,2025-08-09 06:42:04.205,2025-07-12 18:30:01.664,481.7699,US7nt0+2+q,com.sec.android.app.shealth,0698d4f2-fea3-4a1b-b59d-3a9b316f2bb1,1752364800000,
,,640f233b-52af-4b51-aa2c-14720f5bc356.extra_data.json,,0.0,63020310,0.0,5051355,1548.4856,63030110,2025-08-09 06:42:04.340,2025-07-13 18:30:01.019,249.94998,US7nt0+2+q,com.sec.android.app.shealth,640f233b-52af-4b51-aa2c-14720f5bc356,1752451200000,
,,250c1467-fccb-4016-ba1b-bda8db9165aa.extra_data.json,,0.0,63020310,0.0,5068360,1548.1619,63030110,2025-08-09 06:42:04.618,2025-07-14 18:30:01.111,247.89996,US7nt0+2+q,com.sec.android.app.shealth,250c1467-fccb-4016-ba1b-bda8db9165aa,1752537600000,
,,85676317-41ce-4662-b78b-5fc330f79e5a.extra_data.json,,0.0,63020310,0.0,4859896,1552.13,63030110,2025-08-09 06:42:04.645,2025-07-15 18:30:02.568,240.99994,US7nt0+2+q,com.sec.android.app.shealth,85676317-41ce-4662-b78b-5fc330f79e5a,1752624000000,
,,c0ec7eae-f082-49db-b97b-d54857310686.extra_data.json,,0.0,63020310,0.0,2704428,1593.1597,63030110,2025-08-09 06:42:04.664,2025-07-16 18:30:01.065,138.91002,US7nt0+2+q,com.sec.android.app.shealth,c0ec7eae-f082-49db-b97b-d54857310686,1752710400000,
,,dc89d03c-0b9c-4e97-830b-b9ac8e751429.extra_data.json,,31.0,63020310,0.0,2996441,1587.6012,63030110,2025-08-09 06:42:04.700,2025-07-17 18:30:01.236,151.21999,US7nt0+2+q,com.sec.android.app.shealth,dc89d03c-0b9c-4e97-830b-b9ac8e751429,1752796800000,
,,42d08078-2460-4305-b03e-6bc2bab222e6.extra_data.json,,0.0,63020310,0.0,3783213,1572.6248,63030110,2025-08-09 06:42:04.730,2025-07-18 18:30:11.427,189.34001,US7nt0+2+q,com.sec.android.app.shealth,42d08078-2460-4305-b03e-6bc2bab222e6,1752883200000,
,,1028397e-fa86-4f90-9368-8615976f6e08.extra_data.json,,0.0,63030110,0.0,368851,1637.6178,63030110,2025-08-16 11:38:49.225,2025-07-19 18:30:01.615,18.2,US7nt0+2+q,com.sec.android.app.shealth,1028397e-fa86-4f90-9368-8615976f6e08,1752969600000,
,,783f8424-687d-4588-b681-ee24be3766e9.extra_data.json,,0.0,63030110,0.0,3499576,1578.0239,63030110,2025-08-16 11:38:49.251,2025-07-20 18:30:01.449,173.87996,US7nt0+2+q,com.sec.android.app.shealth,783f8424-687d-4588-b681-ee24be3766e9,1753056000000,
,,6056a018-2831-43a2-8ed5-bf06e8f1792c.extra_data.json,,0.0,63030110,0.0,3380820,1580.2845,63030110,2025-08-16 11:38:49.290,2025-07-21 18:30:01.170,170.46999,US7nt0+2+q,com.sec.android.app.shealth,6056a018-2831-43a2-8ed5-bf06e8f1792c,1753142400000,
,,8dc46f50-10a2-414b-9a24-e1a9d9c575c6.extra_data.json,,0.0,63030110,0.0,4585422,1557.3546,63030110,2025-08-16 11:38:49.329,2025-07-22 18:30:01.256,228.41,US7nt0+2+q,com.sec.android.app.shealth,8dc46f50-10a2-414b-9a24-e1a9d9c575c6,1753228800000,
,,7d3de731-32d1-4bcb-9a64-9f6045bf7cd6.extra_data.json,,0.0,63030110,0.0,5569674,1538.6193,63030110,2025-08-16 11:38:49.387,2025-07-23 18:30:02.044,275.11996,US7nt0+2+q,com.sec.android.app.shealth,7d3de731-32d1-4bcb-9a64-9f6045bf7cd6,1753315200000,
,,0e351647-a449-4fa0-a64f-99bc085e8aad.extra_data.json,,32.0,63030110,0.0,4346873,1561.8955,63030110,2025-08-16 11:38:49.443,2025-07-24 18:30:01.526,216.73999,US7nt0+2+q,com.sec.android.app.shealth,0e351647-a449-4fa0-a64f-99bc085e8aad,1753401600000,
,,aa773d5b-9d69-45ec-ad15-75683776749b.extra_data.json,,0.0,63030110,0.0,2234430,1602.1062,63030110,2025-08-16 11:38:49.452,2025-07-25 18:30:01.783,112.52998,US7nt0+2+q,com.sec.android.app.shealth,aa773d5b-9d69-45ec-ad15-75683776749b,1753488000000,
,,f0f1e01f-8924-4f74-8c11-440a9072b11d.extra_data.json,,0.0,63030110,0.0,980370,1625.9774,63030110,2025-08-23 17:50:34.885,2025-07-26 18:30:02.089,47.88,US7nt0+2+q,com.sec.android.app.shealth,f0f1e01f-8924-4f74-8c11-440a9072b11d,1753574400000,
,,42eba7f5-72d3-47fd-a431-a3595b1efae9.extra_data.json,,0.0,63030110,0.0,6326575,1524.2114,63030110,2025-08-23 17:50:34.980,2025-07-27 18:30:01.555,318.59003,US7nt0+2+q,com.sec.android.app.shealth,42eba7f5-72d3-47fd-a431-a3595b1efae9,1753660800000,
,,682c81e3-d8b7-4ce6-a2f7-28c119708d3d.extra_data.json,,127.0,63030110,0.0,8419072,1484.3805,63030110,2025-08-23 17:50:35.112,2025-07-28 18:30:01.697,434.62997,US7nt0+2+q,com.sec.android.app.shealth,682c81e3-d8b7-4ce6-a2f7-28c119708d3d,1753747200000,
,,c3ac63cb-cd41-46f5-a54c-1103dd111a1c.extra_data.json,,41.0,63030110,0.0,5264585,1544.4266,63030110,2025-08-23 17:50:35.151,2025-07-29 18:30:01.113,262.25006,US7nt0+2+q,com.sec.android.app.shealth,c3ac63cb-cd41-46f5-a54c-1103dd111a1c,1753833600000,
,,12844942-e902-451b-b96f-055d89ca54ab.extra_data.json,,0.0,63030110,0.0,5381490,1542.2014,63030110,2025-08-27 06:03:37.998,2025-07-30 18:30:01.497,269.21994,US7nt0+2+q,com.sec.android.app.shealth,12844942-e902-451b-b96f-055d89ca54ab,1753920000000,
,,1f010527-b73b-4628-8724-5220ddb6052b.extra_data.json,,0.0,63030110,0.0,4441050,1560.1028,63030110,2025-08-28 08:20:02.346,2025-07-31 18:30:01.314,222.93007,US7nt0+2+q,com.sec.android.app.shealth,1f010527-b73b-4628-8724-5220ddb6052b,1754006400000,
,,7b24365f-81a5-413f-afba-71c85991abe6.extra_data.json,,159.0,63030110,0.0,5473213,1540.4553,63030110,2025-08-28 08:20:02.371,2025-08-01 18:30:01.104,283.47296,US7nt0+2+q,com.sec.android.app.shealth,7b24365f-81a5-413f-afba-71c85991abe6,1754092800000,
,,24bd3a0f-5714-486a-8b09-23185a19cc1a.extra_data.json,,79.0,63030110,0.0,3764603,1572.9791,63030110,2025-08-28 08:20:02.391,2025-08-02 18:30:01.830,186.59,US7nt0+2+q,com.sec.android.app.shealth,24bd3a0f-5714-486a-8b09-23185a19cc1a,1754179200000,
,,72c229e3-daa9-4357-aff8-bc4651c18138.extra_data.json,,0.0,63030110,0.0,5684261,1536.438,63030110,2025-08-31 05:58:00.764,2025-08-03 18:30:01.907,284.20996,US7nt0+2+q,com.sec.android.app.shealth,72c229e3-daa9-4357-aff8-bc4651c18138,1754265600000,
,,3973e77f-8b00-4308-bb7b-368af3c78bac.extra_data.json,,0.0,63030110,0.0,3834380,1571.6508,63030110,2025-09-01 01:54:43.077,2025-08-04 18:30:00.797,190.70996,US7nt0+2+q,com.sec.android.app.shealth,3973e77f-8b00-4308-bb7b-368af3c78bac,1754352000000,
,,d858cc8f-11e4-4b25-933b-d59e6c48866e.extra_data.json,,288.0,63030110,0.0,9933975,1455.544,63030110,2025-09-01 01:54:43.189,2025-08-05 18:30:02.393,502.06332,US7nt0+2+q,com.sec.android.app.shealth,d858cc8f-11e4-4b25-933b-d59e6c48866e,1754438400000,
,,f96bc87b-4bc0-4e33-8deb-b1b965d47d34.extra_data.json,,0.0,63030110,0.0,4167880,1581.289,63030110,2025-09-01 01:54:43.275,2025-08-06 18:30:00.588,202.62996,US7nt0+2+q,com.sec.android.app.shealth,f96bc87b-4bc0-4e33-8deb-b1b965d47d34,1754524800000,
,,8ba606d3-2d82-44e0-823e-45b0f7866220.extra_data.json,,0.0,63030110,0.0,1440720,1633.7311,63030110,2025-09-04 13:07:05.661,2025-08-07 18:30:01.112,67.77998,US7nt0+2+q,com.sec.android.app.shealth,8ba606d3-2d82-44e0-823e-45b0f7866220,1754611200000,
,,4134d476-ca33-423f-9e17-14652f48d3ed.extra_data.json,,0.0,63030110,0.0,3350543,1597.006,63030110,2025-09-04 13:07:05.699,2025-08-08 18:30:01.093,159.69994,US7nt0+2+q,com.sec.android.app.shealth,4134d476-ca33-423f-9e17-14652f48d3ed,1754697600000,
,,a8f16633-e676-44d4-9198-9bcfaab6c153.extra_data.json,,0.0,63030110,0.0,3938747,1585.6951,63030110,2025-09-04 13:07:05.741,2025-08-09 18:30:01.032,188.96991,US7nt0+2+q,com.sec.android.app.shealth,a8f16633-e676-44d4-9198-9bcfaab6c153,1754784000000,
,,cf04950f-c6fb-49d7-a9d7-0c42cd25fac0.extra_data.json,,84.0,63030110,0.0,6956242,1527.6699,63030110,2025-09-04 13:07:05.767,2025-08-10 18:30:00.856,338.67026,US7nt0+2+q,com.sec.android.app.shealth,cf04950f-c6fb-49d7-a9d7-0c42cd25fac0,1754870400000,
,,836295ad-b115-48e5-a095-34488571be40.extra_data.json,,50.0,63030110,0.0,5960356,1546.8204,63030110,2025-09-04 13:07:05.796,2025-08-11 18:30:00.819,283.70993,US7nt0+2+q,com.sec.android.app.shealth,836295ad-b115-48e5-a095-34488571be40,1754956800000,
,,064c1a39-412a-40c4-89f3-b66421b53687.extra_data.json,,48.0,63030110,0.0,4407387,1608.4674,63030110,2025-09-04 13:07:05.829,2025-08-12 18:30:01.089,210.09698,US7nt0+2+q,com.sec.android.app.shealth,064c1a39-412a-40c4-89f3-b66421b53687,1755043200000,
,,38f55221-bf0e-4d19-b67a-d538c5762adf.extra_data.json,,0.0,63030110,0.0,268134,1689.668,63030110,2025-09-04 13:07:05.847,2025-08-13 18:30:00.774,12.56,US7nt0+2+q,com.sec.android.app.shealth,38f55221-bf0e-4d19-b67a-d538c5762adf,1755129600000,
,,f91fad2d-b4f4-4aa8-8252-8fe002958f2f.extra_data.json,,0.0,63030110,0.0,283475,1689.3671,63030110,2025-09-04 13:07:05.866,2025-08-14 18:30:01.259,13.169998,US7nt0+2+q,com.sec.android.app.shealth,f91fad2d-b4f4-4aa8-8252-8fe002958f2f,1755216000000,
,,ef6f0b09-8f09-46b2-a3e7-0b1db0beec24.extra_data.json,,0.0,63030110,0.0,488214,1685.3506,63030110,2025-09-04 13:07:05.956,2025-08-15 18:30:02.322,22.95,US7nt0+2+q,com.sec.android.app.shealth,ef6f0b09-8f09-46b2-a3e7-0b1db0beec24,1755302400000,
,,0523753a-3185-4256-a068-729bf0177d7e.extra_data.json,,0.0,63030110,0.0,700320,1675.5587,63030110,2025-09-13 05:41:55.828,2025-08-16 18:30:01.525,32.86,US7nt0+2+q,com.sec.android.app.shealth,0523753a-3185-4256-a068-729bf0177d7e,1755388800000,
,,897fefd4-912d-4f1a-8933-ac0f058c9f99.extra_data.json,,0.0,63030110,0.0,2808107,1634.3484,63030110,2025-09-13 05:41:55.897,2025-08-17 18:30:01.094,134.18001,US7nt0+2+q,com.sec.android.app.shealth,897fefd4-912d-4f1a-8933-ac0f058c9f99,1755475200000,
,,1f15dfff-b874-41fe-a21b-cf2da95702b0.extra_data.json,,0.0,63030110,0.0,4055944,1609.9512,63030110,2025-09-13 05:41:56.071,2025-08-18 18:30:00.860,193.26001,US7nt0+2+q,com.sec.android.app.shealth,1f15dfff-b874-41fe-a21b-cf2da95702b0,1755561600000,
,,55d7d33c-aa96-4340-8294-9fa3def91c6a.extra_data.json,,0.0,63030110,0.0,4019716,1610.6595,63030110,2025-09-13 05:41:56.266,2025-08-19 18:30:01.480,192.14,US7nt0+2+q,com.sec.android.app.shealth,55d7d33c-aa96-4340-8294-9fa3def91c6a,1755648000000,
,,07321298-a29d-4222-8233-d39f795374ef.extra_data.json,,0.0,63030110,0.0,4534003,1600.6045,63030110,2025-09-17 12:03:45.367,2025-08-20 18:30:01.326,216.33006,US7nt0+2+q,com.sec.android.app.shealth,07321298-a29d-4222-8233-d39f795374ef,1755734400000,
,,cbae4ed3-e15f-4b43-9ba7-f81e45768811.extra_data.json,,35.0,63030110,0.0,8044875,1531.9615,63030110,2025-09-17 12:03:45.399,2025-08-21 18:30:00.737,433.82996,US7nt0+2+q,com.sec.android.app.shealth,cbae4ed3-e15f-4b43-9ba7-f81e45768811,1755820800000,
,,221b0569-1bc9-4530-ab16-d6ece4856a32.extra_data.json,,328.0,63030110,0.0,8451634,1524.0088,63030110,2025-09-17 12:03:45.423,2025-08-22 18:30:00.964,423.819,US7nt0+2+q,com.sec.android.app.shealth,221b0569-1bc9-4530-ab16-d6ece4856a32,1755907200000,
,,49024218-8a98-44fc-8c73-41caf66574ef.extra_data.json,,0.0,63030110,0.0,11481291,1464.7744,63030110,2025-09-17 12:03:45.450,2025-08-23 18:30:00.681,543.7198,US7nt0+2+q,com.sec.android.app.shealth,49024218-8a98-44fc-8c73-41caf66574ef,1755993600000,
,,3c8c540b-cd4f-4af2-ba25-7b34da2b9c49.extra_data.json,,0.0,63030110,0.0,2075891,1648.6643,63030110,2025-09-17 12:03:45.486,2025-08-24 18:30:01.595,99.509995,US7nt0+2+q,com.sec.android.app.shealth,3c8c540b-cd4f-4af2-ba25-7b34da2b9c49,1756080000000,
,,06392368-bf83-4310-a24d-64082b1f37ca.extra_data.json,,0.0,63030110,0.0,5496431,1581.7875,63030110,2025-09-17 12:03:45.519,2025-08-25 18:30:01.624,264.32,US7nt0+2+q,com.sec.android.app.shealth,06392368-bf83-4310-a24d-64082b1f37ca,1756166400000,
,,ae4247bb-096c-4459-a5c6-c62b9ed1f8ca.extra_data.json,,0.0,63030110,0.0,2335668,1643.5853,63030110,2025-09-17 12:03:45.547,2025-08-26 18:30:01.131,112.17998,US7nt0+2+q,com.sec.android.app.shealth,ae4247bb-096c-4459-a5c6-c62b9ed1f8ca,1756252800000,
,,a861a9d4-4b36-4117-b0f5-37713b4c0180.extra_data.json,,38.0,63030110,0.0,5168101,1588.2068,63030110,2025-09-17 12:03:45.566,2025-08-27 18:30:10.728,252.53726,US7nt0+2+q,com.sec.android.app.shealth,a861a9d4-4b36-4117-b0f5-37713b4c0180,1756339200000,
,,ff5ef685-fbdb-4ebd-a601-5f1a8244e3cd.extra_data.json,,0.0,63030110,0.0,3945919,1612.1023,63030110,2025-09-25 09:01:03.666,2025-08-28 18:30:01.078,188.10994,US7nt0+2+q,com.sec.android.app.shealth,ff5ef685-fbdb-4ebd-a601-5f1a8244e3cd,1756425600000,
,,903b4f73-6b41-41dd-84c2-588b80987c99.extra_data.json,,104.0,63030110,0.0,3130407,1628.0469,63030110,2025-09-25 09:01:03.825,2025-08-29 18:30:00.882,161.02217,US7nt0+2+q,com.sec.android.app.shealth,903b4f73-6b41-41dd-84c2-588b80987c99,1756512000000,
,,71de61af-d0d4-47c3-b36d-101ed18a1631.extra_data.json,,0.0,63030110,0.0,260130,1684.1652,63030110,2025-09-25 09:01:03.938,2025-08-30 18:30:01.315,12.209998,US7nt0+2+q,com.sec.android.app.shealth,71de61af-d0d4-47c3-b36d-101ed18a1631,1756598400000,
,,9f1bbe2e-d83d-4f01-bf44-c64e1edcde9a.extra_data.json,,0.0,63030110,0.0,4959451,1592.2864,63030110,2025-09-25 09:01:04.209,2025-08-31 18:30:01.857,238.15996,US7nt0+2+q,com.sec.android.app.shealth,9f1bbe2e-d83d-4f01-bf44-c64e1edcde9a,1756684800000,
,,87c0a76b-cfef-42d1-b555-bc0ac45bcf9f.extra_data.json,,0.0,63030110,0.0,3630975,1618.26,63030110,2025-09-25 09:01:05.437,2025-09-01 18:30:01.376,175.0,US7nt0+2+q,com.sec.android.app.shealth,87c0a76b-cfef-42d1-b555-bc0ac45bcf9f,1756771200000,
,,a9441d90-1adc-464d-9090-afcaddb26312.extra_data.json,,0.0,63030110,0.0,4681712,1597.7164,63030110,2025-09-25 09:01:06.589,2025-09-02 18:30:01.623,229.51999,US7nt0+2+q,com.sec.android.app.shealth,a9441d90-1adc-464d-9090-afcaddb26312,1756857600000,
,,ef479d9a-f286-4ee8-96cf-325a4f8742ae.extra_data.json,,0.0,63030110,0.0,10852627,1477.0658,63030110,2025-09-25 09:01:06.853,2025-09-03 18:30:01.343,522.37,US7nt0+2+q,com.sec.android.app.shealth,ef479d9a-f286-4ee8-96cf-325a4f8742ae,1756944000000,
,,5bc21c09-758a-4b56-86e3-d84ccf7c6321.extra_data.json,,0.0,63030110,0.0,4397362,1603.276,63030110,2025-09-25 09:01:07.154,2025-09-04 18:30:11.152,214.96999,US7nt0+2+q,com.sec.android.app.shealth,5bc21c09-758a-4b56-86e3-d84ccf7c6321,1757030400000,
,,7a0b3e06-0f34-422d-8607-7e525d84c99b.extra_data.json,,0.0,63030110,0.0,1620083,1657.576,63030110,2025-09-25 09:01:07.369,2025-09-05 18:30:01.099,76.299995,US7nt0+2+q,com.sec.android.app.shealth,7a0b3e06-0f34-422d-8607-7e525d84c99b,1757116800000,
,,e12ee19b-ff38-4143-9640-411503b687d0.extra_data.json,,0.0,63030110,0.0,521594,1679.0531,63030110,2025-09-25 09:01:07.885,2025-09-06 18:30:01.184,24.239998,US7nt0+2+q,com.sec.android.app.shealth,e12ee19b-ff38-4143-9640-411503b687d0,1757203200000,
,,6cb0a145-6d41-4b39-8d7a-ef70c20fa70e.extra_data.json,,0.0,63030110,0.0,2939569,1631.7781,63030110,2025-09-25 09:01:08.985,2025-09-07 18:30:01.095,138.67996,US7nt0+2+q,com.sec.android.app.shealth,6cb0a145-6d41-4b39-8d7a-ef70c20fa70e,1757289600000,
,,21abebfb-6059-435b-b953-ec51e037631a.extra_data.json,,35.0,63030110,0.0,8095603,1530.9698,63030110,2025-09-25 09:01:09.229,2025-09-08 18:30:00.840,385.77405,US7nt0+2+q,com.sec.android.app.shealth,21abebfb-6059-435b-b953-ec51e037631a,1757376000000,
,,8c36026c-06d0-4671-99e9-b162760b867b.extra_data.json,,0.0,63030110,0.0,4043001,1610.2042,63030110,2025-09-25 09:01:09.537,2025-09-09 18:30:01.898,192.95,US7nt0+2+q,com.sec.android.app.shealth,8c36026c-06d0-4671-99e9-b162760b867b,1757462400000,
,,10c47969-e168-4463-9027-9e2300a0fc39.extra_data.json,,0.0,63030110,0.0,3484445,1621.1248,63030110,2025-09-25 09:01:10.078,2025-09-10 18:30:01.515,165.20998,US7nt0+2+q,com.sec.android.app.shealth,10c47969-e168-4463-9027-9e2300a0fc39,1757548800000,
,,a48ea75d-1280-4868-ba16-29d55507b1ee.extra_data.json,,147.0,63030110,0.0,8805856,1517.0833,63030110,2025-09-25 09:01:10.270,2025-09-11 18:30:01.423,466.25452,US7nt0+2+q,com.sec.android.app.shealth,a48ea75d-1280-4868-ba16-29d55507b1ee,1757635200000,
,,bb371abc-663f-49f6-a741-8e81d7af060f.extra_data.json,,0.0,63030110,0.0,2166856,1646.8857,63030110,2025-09-25 09:01:10.410,2025-09-12 18:30:01.951,105.36999,US7nt0+2+q,com.sec.android.app.shealth,bb371abc-663f-49f6-a741-8e81d7af060f,1757721600000,
,,9fee0d6c-412f-4fa1-be3b-2345d6f11f4a.extra_data.json,,0.0,63030110,0.0,407507,1681.2837,63030110,2025-09-25 09:01:10.706,2025-09-13 18:30:11.072,19.869999,US7nt0+2+q,com.sec.android.app.shealth,9fee0d6c-412f-4fa1-be3b-2345d6f11f4a,1757808000000,
,,c7941763-a519-4287-b8ab-20b759dcf181.extra_data.json,,0.0,63030110,0.0,4118252,1608.7329,63030110,2025-09-25 09:01:10.964,2025-09-14 18:30:00.880,202.40997,US7nt0+2+q,com.sec.android.app.shealth,c7941763-a519-4287-b8ab-20b759dcf181,1757894400000,
,,2dcd1622-4298-4933-ac91-48aa48b1fdfd.extra_data.json,,0.0,63030110,0.0,2811502,1634.2819,63030110,2025-09-25 09:01:11.108,2025-09-15 18:30:00.951,133.43997,US7nt0+2+q,com.sec.android.app.shealth,2dcd1622-4298-4933-ac91-48aa48b1fdfd,1757980800000,
,,38b573d2-8da9-44ef-953e-77614cdc0fa7.extra_data.json,,0.0,63030110,0.0,6458674,1562.9742,63030110,2025-09-25 09:01:11.235,2025-09-16 18:30:01.404,315.7,US7nt0+2+q,com.sec.android.app.shealth,38b573d2-8da9-44ef-953e-77614cdc0fa7,1758067200000,
,,7d0d8bec-83bf-42e1-83e7-69df338c28bd.extra_data.json,,33.0,63030110,0.0,5589651,1579.965,63030110,2025-09-25 09:01:11.643,2025-09-17 18:30:02.069,268.10272,US7nt0+2+q,com.sec.android.app.shealth,7d0d8bec-83bf-42e1-83e7-69df338c28bd,1758153600000,
,,dd13ee46-7c3f-4366-8038-53c2c7fe11ac.extra_data.json,,31.0,63030110,0.0,1478409,1660.346,63030110,2025-09-25 09:01:11.779,2025-09-18 18:30:01.771,70.67,US7nt0+2+q,com.sec.android.app.shealth,dd13ee46-7c3f-4366-8038-53c2c7fe11ac,1758240000000,
,,dee59a45-a4b9-453a-825b-5715dd792c23.extra_data.json,,0.0,63030110,0.0,1908534,1651.9363,63030110,2025-09-25 09:01:11.935,2025-09-19 18:30:00.433,91.74,US7nt0+2+q,com.sec.android.app.shealth,dee59a45-a4b9-453a-825b-5715dd792c23,1758326400000,
,,35f34844-cfdf-443c-8487-9208519f589f.extra_data.json,,0.0,63030110,0.0,1313722,1663.5658,63030110,2025-09-25 09:01:12.165,2025-09-20 18:30:01.201,62.139988,US7nt0+2+q,com.sec.android.app.shealth,35f34844-cfdf-443c-8487-9208519f589f,1758412800000,
,,0a18e5e4-e030-43a7-99eb-bd96269e2a1e.extra_data.json,,0.0,63030110,0.0,6378475,1564.5422,63030110,2025-09-25 09:01:12.786,2025-09-21 18:30:01.676,304.47998,US7nt0+2+q,com.sec.android.app.shealth,0a18e5e4-e030-43a7-99eb-bd96269e2a1e,1758499200000,
,,748c4f21-9241-496c-a2d5-27ea00f0e7d7.extra_data.json,,0.0,63030110,0.0,4081290,1609.4557,63030110,2025-09-25 09:01:13.229,2025-09-22 18:30:01.390,193.42,US7nt0+2+q,com.sec.android.app.shealth,748c4f21-9241-496c-a2d5-27ea00f0e7d7,1758585600000,
,,171af64d-85ba-488f-8e48-0d6e2586a70d.extra_data.json,,0.0,63030110,0.0,4306706,1605.0485,63030110,2025-09-25 09:01:13.658,2025-09-23 18:30:01.310,203.77995,US7nt0+2+q,com.sec.android.app.shealth,171af64d-85ba-488f-8e48-0d6e2586a70d,1758672000000,
,,ebb49efa-8663-4a77-ad4a-396f754edd00.extra_data.json,,0.0,63030110,0.0,4522033,1600.8385,63030110,2025-09-26 00:43:42.685,2025-09-24 18:30:02.716,217.55,US7nt0+2+q,com.sec.android.app.shealth,ebb49efa-8663-4a77-ad4a-396f754edd00,1758758400000,
,,fffbadaa-062a-42d3-8d0b-f2eb05609447.extra_data.json,,135.0,63030110,0.0,5933371,1573.2448,63051050,2025-09-27 11:29:30.994,2025-09-25 18:30:07.581,298.17395,US7nt0+2+q,com.sec.android.app.shealth,fffbadaa-062a-42d3-8d0b-f2eb05609447,1758844800000,
,,e4eea042-5409-44e8-8d53-da9eb1aefb95.extra_data.json,,258.0,63030110,0.0,8013303,1532.5789,63051050,2025-09-28 08:09:20.425,2025-09-26 18:30:01.654,392.37766,US7nt0+2+q,com.sec.android.app.shealth,e4eea042-5409-44e8-8d53-da9eb1aefb95,1758931200000,
,,ad4f7c7c-e828-45e8-a3dd-42da02e3034d.extra_data.json,,0.0,63051050,0.0,8015696,1532.532,63051050,2025-09-29 00:43:42.241,2025-09-27 18:30:00.724,379.76016,US7nt0+2+q,com.sec.android.app.shealth,ad4f7c7c-e828-45e8-a3dd-42da02e3034d,1759017600000,
,,145cc1a8-40d0-453d-8d4e-9459d9d8c45d.extra_data.json,,0.0,63051050,0.0,3708894,1603.9146,63051050,2025-09-30 03:03:52.632,2025-09-28 18:30:10.908,178.18994,US7nt0+2+q,com.sec.android.app.shealth,145cc1a8-40d0-453d-8d4e-9459d9d8c45d,1759104000000,
,,ae8a1d85-8abc-4439-bf68-24318d2e0132.extra_data.json,,45.0,63051050,0.0,4514543,1588.2878,63051050,2025-09-30 18:32:57.197,2025-09-29 18:30:01.371,218.0598,US7nt0+2+q,com.sec.android.app.shealth,ae8a1d85-8abc-4439-bf68-24318d2e0132,1759190400000,
,,4d2b8545-54ab-4481-aa29-101d9909a048.extra_data.json,,0.0,63051050,0.0,3680221,1604.4707,63051050,2025-10-02 07:12:10.370,2025-09-30 18:30:01.057,174.88004,US7nt0+2+q,com.sec.android.app.shealth,4d2b8545-54ab-4481-aa29-101d9909a048,1759276800000,
,,0792a0fb-fefb-4577-8e11-4b5b133327a9.extra_data.json,,0.0,63051050,0.0,3799406,1602.1589,63051050,2025-10-03 02:17:19.483,2025-10-01 18:30:00.931,183.24004,US7nt0+2+q,com.sec.android.app.shealth,0792a0fb-fefb-4577-8e11-4b5b133327a9,1759363200000,
,,181e8308-eee7-48ae-bbd1-2436e303595f.extra_data.json,,0.0,63051050,0.0,3228677,1613.2291,63051050,2025-10-03 19:23:41.932,2025-10-02 18:30:02.081,151.58,US7nt0+2+q,com.sec.android.app.shealth,181e8308-eee7-48ae-bbd1-2436e303595f,1759449600000,
,,0e9223d4-4f6d-4f33-94c4-d37059e455a5.extra_data.json,,0.0,63051050,0.0,3100421,1615.7168,63051050,2025-10-05 02:11:27.521,2025-10-03 18:30:01.159,146.88,US7nt0+2+q,com.sec.android.app.shealth,0e9223d4-4f6d-4f33-94c4-d37059e455a5,1759536000000,
,,eaa92af5-e56b-48ab-b3ef-109166afb50b.extra_data.json,,0.0,63051050,0.0,2332227,1630.6172,63051050,2025-10-06 03:49:50.945,2025-10-04 18:30:01.852,114.82,US7nt0+2+q,com.sec.android.app.shealth,eaa92af5-e56b-48ab-b3ef-109166afb50b,1759622400000,
,,5d0317a6-518d-4256-bbd2-62b7f64ed8a4.extra_data.json,,0.0,63051050,0.0,1461397,1647.508,63051050,2025-10-06 18:33:02.403,2025-10-05 18:30:01.879,68.98,US7nt0+2+q,com.sec.android.app.shealth,5d0317a6-518d-4256-bbd2-62b7f64ed8a4,1759708800000,
,,7eeec8f2-3efc-477a-998c-bd817c1cf2c6.extra_data.json,,0.0,63051050,0.0,1058261,1655.3275,63051050,2025-10-08 03:00:04.499,2025-10-06 18:30:02.296,51.09001,US7nt0+2+q,com.sec.android.app.shealth,7eeec8f2-3efc-477a-998c-bd817c1cf2c6,1759795200000,
,,f9c7d988-84bc-4b0e-a38d-81ab97217e35.extra_data.json,,31.0,63051050,0.0,3970965,1598.8313,63051050,2025-10-09 00:41:29.509,2025-10-07 18:30:01.200,189.91498,US7nt0+2+q,com.sec.android.app.shealth,f9c7d988-84bc-4b0e-a38d-81ab97217e35,1759881600000,
,,6507a9fb-8b33-4be2-a758-080291b2b0fc.extra_data.json,,252.0,63051050,0.0,9437293,1492.804,63051050,2025-10-10 13:48:17.265,2025-10-08 18:30:01.942,501.82318,US7nt0+2+q,com.sec.android.app.shealth,6507a9fb-8b33-4be2-a758-080291b2b0fc,1759968000000,
,,12ba9d3c-0900-4925-b087-c6026dfcddbb.extra_data.json,,0.0,63051050,0.0,4914930,1580.5219,63051050,2025-10-11 07:08:38.213,2025-10-09 18:30:00.915,237.14005,US7nt0+2+q,com.sec.android.app.shealth,12ba9d3c-0900-4925-b087-c6026dfcddbb,1760054400000,
,,c614ba4a-af67-47e3-8d44-f6bf2f7f2d1a.extra_data.json,,283.0,63051050,0.0,5988337,1559.7015,63051050,2025-10-12 00:16:06.721,2025-10-10 18:30:01.314,303.852,US7nt0+2+q,com.sec.android.app.shealth,c614ba4a-af67-47e3-8d44-f6bf2f7f2d1a,1760140800000,
,,bca7ca86-d897-45f2-a999-dff04d864574.extra_data.json,,332.0,63051050,0.0,14844371,1387.9259,63051050,2025-10-12 19:36:37.853,2025-10-11 18:30:10.878,728.9662,US7nt0+2+q,com.sec.android.app.shealth,bca7ca86-d897-45f2-a999-dff04d864574,1760227200000,
,,4afa14a8-6a9e-43fa-b73f-1e72bb04dc57.extra_data.json,,0.0,63051050,0.0,4289181,1592.659,63051050,2025-10-14 01:57:22.293,2025-10-12 18:30:02.267,203.6,US7nt0+2+q,com.sec.android.app.shealth,4afa14a8-6a9e-43fa-b73f-1e72bb04dc57,1760313600000,
,,6f916679-7a1d-42d3-a212-2c9a548c2f8d.extra_data.json,,34.0,63051050,0.0,3614330,1605.7489,63051050,2025-10-15 01:31:52.890,2025-10-13 18:30:01.442,172.45,US7nt0+2+q,com.sec.android.app.shealth,6f916679-7a1d-42d3-a212-2c9a548c2f8d,1760400000000,
,,fb7031e5-c4c0-4dd0-88d4-b5127c880eb0.extra_data.json,,0.0,63051050,0.0,5338622,1572.3036,63051050,2025-10-16 01:44:25.762,2025-10-14 18:30:01.237,256.22995,US7nt0+2+q,com.sec.android.app.shealth,fb7031e5-c4c0-4dd0-88d4-b5127c880eb0,1760486400000,
,,d81073c7-d512-4c26-8862-edbafae1449a.extra_data.json,,32.0,63051050,0.0,5636487,1566.5261,63051050,2025-10-16 21:15:05.188,2025-10-15 18:30:01.515,272.2199,US7nt0+2+q,com.sec.android.app.shealth,d81073c7-d512-4c26-8862-edbafae1449a,1760572800000,
,,271ee374-1bf3-48cd-a557-424008e6b18e.extra_data.json,,0.0,63051050,0.0,2129150,1634.556,63051050,2025-10-18 01:04:24.859,2025-10-16 18:30:00.765,105.03004,US7nt0+2+q,com.sec.android.app.shealth,271ee374-1bf3-48cd-a557-424008e6b18e,1760659200000,
,,7098cb51-29ef-4ea9-9234-be5edfd0b152.extra_data.json,,0.0,63051050,0.0,3330994,1611.2446,63051050,2025-10-18 18:43:17.308,2025-10-17 18:30:01.165,158.3999,US7nt0+2+q,com.sec.android.app.shealth,7098cb51-29ef-4ea9-9234-be5edfd0b152,1760745600000,
,,12b3a768-7608-4dc9-a98b-1eb002d0deaf.extra_data.json,,0.0,63051050,0.0,2750174,1622.5104,63051050,2025-10-20 00:22:48.292,2025-10-18 18:30:01.766,129.78,US7nt0+2+q,com.sec.android.app.shealth,12b3a768-7608-4dc9-a98b-1eb002d0deaf,1760832000000,
,,4ad4fbcc-581d-4e04-a1a3-da1ec144155a.extra_data.json,,0.0,63051050,0.0,3668093,1604.7059,63051050,2025-10-20 18:37:01.934,2025-10-19 18:30:01.972,176.18001,US7nt0+2+q,com.sec.android.app.shealth,4ad4fbcc-581d-4e04-a1a3-da1ec144155a,1760918400000,
,,2f247f80-1de5-4a97-a997-fe8daef02d7c.extra_data.json,,0.0,63051050,0.0,3383691,1610.2225,63051050,2025-10-21 19:05:41.182,2025-10-20 18:30:01.476,160.96999,US7nt0+2+q,com.sec.android.app.shealth,2f247f80-1de5-4a97-a997-fe8daef02d7c,1761004800000,
,,5708ad67-df88-4435-ad1c-f550557fa8ee.extra_data.json,,166.0,63051050,0.0,5549391,1568.2155,63051050,2025-10-22 18:55:39.676,2025-10-21 18:30:01.199,281.58203,US7nt0+2+q,com.sec.android.app.shealth,5708ad67-df88-4435-ad1c-f550557fa8ee,1761091200000,
,,d36e728d-5a12-41a8-8fad-511da8e2a5db.extra_data.json,,0.0,63051050,0.0,744238,1661.4185,63051050,2025-10-23 19:00:57.387,2025-10-22 18:30:00.625,36.319996,US7nt0+2+q,com.sec.android.app.shealth,d36e728d-5a12-41a8-8fad-511da8e2a5db,1761177600000,
,,dfbdd2f4-131d-402e-b2c5-4a5e099cca28.extra_data.json,,0.0,63051050,0.0,2111025,1634.9076,63051050,2025-10-24 18:36:04.654,2025-10-23 18:30:01.117,100.02,US7nt0+2+q,com.sec.android.app.shealth,dfbdd2f4-131d-402e-b2c5-4a5e099cca28,1761264000000,
,,cb85bc73-9222-4dac-aca9-a93ea30af3dd.extra_data.json,,0.0,63051050,0.0,1846430,1640.0398,63051050,2025-10-25 18:39:13.896,2025-10-24 18:30:01.090,89.270004,US7nt0+2+q,com.sec.android.app.shealth,cb85bc73-9222-4dac-aca9-a93ea30af3dd,1761350400000,
,,3e07da65-adae-4695-bf54-881a5b726ba9.extra_data.json,,0.0,63051050,0.0,1115194,1654.2233,63051050,2025-10-27 11:18:14.245,2025-10-25 18:30:01.368,52.920013,US7nt0+2+q,com.sec.android.app.shealth,3e07da65-adae-4695-bf54-881a5b726ba9,1761436800000,
,,8a1b1e68-729e-4e5f-9db5-2010d3202763.extra_data.json,,0.0,63051050,0.0,4802537,1582.7019,63051050,2025-10-28 02:06:30.414,2025-10-26 18:30:00.997,229.41995,US7nt0+2+q,com.sec.android.app.shealth,8a1b1e68-729e-4e5f-9db5-2010d3202763,1761523200000,
,,62ffa34b-12f6-46f6-8fe4-68f7c0ec8742.extra_data.json,,37.0,63051050,0.0,2980470,1643.913,63051050,2025-10-29 00:41:48.609,2025-10-27 18:30:01.847,146.73001,US7nt0+2+q,com.sec.android.app.shealth,62ffa34b-12f6-46f6-8fe4-68f7c0ec8742,1761609600000,
,,13595bac-28c3-4cfb-acd2-9c7415edee47.extra_data.json,,196.0,63051050,0.0,6198067,1580.5052,63051050,2025-10-30 02:57:48.877,2025-10-28 18:30:01.548,314.54266,US7nt0+2+q,com.sec.android.app.shealth,13595bac-28c3-4cfb-acd2-9c7415edee47,1761696000000,
,,5920c50d-bdab-4903-8daf-55f6ad7047a1.extra_data.json,,62.0,63051050,0.0,3950865,1624.7899,63051050,2025-10-31 02:20:52.627,2025-10-29 18:30:01.382,188.36113,US7nt0+2+q,com.sec.android.app.shealth,5920c50d-bdab-4903-8daf-55f6ad7047a1,1761782400000,
,,d1384b72-c777-4b3b-93d3-986e408f8bfd.extra_data.json,,383.0,63051050,0.0,11057109,1484.7501,63051050,2025-11-01 04:04:58.726,2025-10-30 18:30:00.957,575.9875,US7nt0+2+q,com.sec.android.app.shealth,d1384b72-c777-4b3b-93d3-986e408f8bfd,1761868800000,
,,19ebe125-8cc9-458c-ba2a-dd8e0197fa5f.extra_data.json,,0.0,63051050,0.0,1680689,1669.5273,63051050,2025-11-02 14:28:47.715,2025-10-31 18:30:01.205,79.72997,US7nt0+2+q,com.sec.android.app.shealth,19ebe125-8cc9-458c-ba2a-dd8e0197fa5f,1761955200000,
,,4914d9ca-6338-48b1-b6fe-4173cc8a3274.extra_data.json,,252.0,63051050,0.0,6516317,1574.2335,63051050,2025-11-03 01:47:16.001,2025-11-01 18:30:01.125,432.61252,US7nt0+2+q,com.sec.android.app.shealth,4914d9ca-6338-48b1-b6fe-4173cc8a3274,1762041600000,
,,24d60cff-23bc-447d-a9b8-7b9289e96eb4.extra_data.json,,34.0,63051050,0.0,5276074,1598.6746,63051050,2025-11-04 03:33:05.263,2025-11-02 18:30:02.759,252.46002,US7nt0+2+q,com.sec.android.app.shealth,24d60cff-23bc-447d-a9b8-7b9289e96eb4,1762128000000,
,,03f45d64-6ea1-48d1-9944-4e028b018085.extra_data.json,,36.0,63051050,0.0,3929448,1625.2119,63051050,2025-11-04 18:52:06.206,2025-11-03 18:30:01.479,191.50566,US7nt0+2+q,com.sec.android.app.shealth,03f45d64-6ea1-48d1-9944-4e028b018085,1762214400000,
,,f7e391ac-757d-4170-b5f8-4d0661832e08.extra_data.json,,140.0,63051050,0.0,7085499,1563.0171,63051050,2025-11-06 00:41:12.898,2025-11-04 18:30:01.802,349.98462,US7nt0+2+q,com.sec.android.app.shealth,f7e391ac-757d-4170-b5f8-4d0661832e08,1762300800000,
,,de6627ed-c17d-4153-aff0-eaaafe02d93a.extra_data.json,,216.0,63051050,0.0,8288938,1539.3014,63051050,2025-11-07 01:09:08.685,2025-11-05 18:30:01.079,498.02576,US7nt0+2+q,com.sec.android.app.shealth,de6627ed-c17d-4153-aff0-eaaafe02d93a,1762387200000,
,,056f65a5-18c3-4cfb-ad73-df71c4d8451f.extra_data.json,,210.0,63051050,0.0,9261262,1520.1401,63051050,2025-11-08 03:33:19.073,2025-11-06 18:30:01.217,599.5534,US7nt0+2+q,com.sec.android.app.shealth,056f65a5-18c3-4cfb-ad73-df71c4d8451f,1762473600000,
,,17da6e54-a827-47e2-a93b-1ae99c3905e4.extra_data.json,,85.0,63051050,0.0,2110371,1661.0598,63051050,2025-11-09 01:37:58.207,2025-11-07 18:30:02.153,98.7635,US7nt0+2+q,com.sec.android.app.shealth,17da6e54-a827-47e2-a93b-1ae99c3905e4,1762560000000,
,,3dc1b3f5-4aee-4f90-bd36-90cc72d7a00b.extra_data.json,,312.0,63051050,0.0,6758869,1569.4537,63051050,2025-11-10 01:27:54.506,2025-11-08 18:30:01.466,409.01465,US7nt0+2+q,com.sec.android.app.shealth,3dc1b3f5-4aee-4f90-bd36-90cc72d7a00b,1762646400000,
,,9a133e56-60e9-4248-95d9-69d4b77fe95e.extra_data.json,,204.0,63051050,0.0,6046442,1583.4933,63051050,2025-11-11 03:29:23.557,2025-11-09 18:30:01.619,367.40002,US7nt0+2+q,com.sec.android.app.shealth,9a133e56-60e9-4248-95d9-69d4b77fe95e,1762732800000,
,,16c54391-d0a9-4e64-b3bc-07ecf1c64524.extra_data.json,,34.0,63051050,0.0,3434625,1634.9633,63051050,2025-11-12 02:47:37.928,2025-11-10 18:30:01.322,162.85132,US7nt0+2+q,com.sec.android.app.shealth,16c54391-d0a9-4e64-b3bc-07ecf1c64524,1762819200000,
,,1e63c2d2-fe52-4183-9d72-da82cc75367e.extra_data.json,,35.0,63051050,0.0,5239707,1599.3912,63051050,2025-11-13 03:05:34.826,2025-11-11 18:30:01.031,252.76201,US7nt0+2+q,com.sec.android.app.shealth,1e63c2d2-fe52-4183-9d72-da82cc75367e,1762905600000,
,,2a22d392-c00e-4ee3-b1c0-bcd21254ba24.extra_data.json,,36.0,63051050,0.0,4064745,1622.5458,63060070,2025-11-14 02:34:47.443,2025-11-12 18:30:01.878,195.52003,US7nt0+2+q,com.sec.android.app.shealth,2a22d392-c00e-4ee3-b1c0-bcd21254ba24,1762992000000,
,,12f653fa-7f29-4611-bdb0-046a3076a1c7.extra_data.json,,31.0,63051050,0.0,4736905,1609.2998,63060070,2025-11-15 04:15:12.635,2025-11-13 18:30:02.042,228.06003,US7nt0+2+q,com.sec.android.app.shealth,12f653fa-7f29-4611-bdb0-046a3076a1c7,1763078400000,
,,a5970fb7-07ea-49c3-906e-072d3bcc9964.extra_data.json,,0.0,63060070,0.0,3794354,1627.8743,63060070,2025-11-16 02:51:09.742,2025-11-14 18:30:00.691,186.80995,US7nt0+2+q,com.sec.android.app.shealth,a5970fb7-07ea-49c3-906e-072d3bcc9964,1763164800000,
,,348ca7a9-c4df-41dc-bf70-d8bc88579b1e.extra_data.json,,114.0,63060070,0.0,3890778,1625.974,63060070,2025-11-17 03:03:29.546,2025-11-15 18:30:01.360,199.35565,US7nt0+2+q,com.sec.android.app.shealth,348ca7a9-c4df-41dc-bf70-d8bc88579b1e,1763251200000,
,,405cdbde-24fb-4bee-a2df-acd676c5569f.extra_data.json,,34.0,63060070,0.0,3993673,1623.9463,63060070,2025-11-18 03:35:03.006,2025-11-16 18:30:01.059,192.85,US7nt0+2+q,com.sec.android.app.shealth,405cdbde-24fb-4bee-a2df-acd676c5569f,1763337600000,
,,9cf1efa3-bfe1-47b5-a5ec-37981779c396.extra_data.json,,36.0,63060070,0.0,2879356,1645.9055,63060070,2025-11-19 02:33:02.287,2025-11-17 18:30:01.034,139.37997,US7nt0+2+q,com.sec.android.app.shealth,9cf1efa3-bfe1-47b5-a5ec-37981779c396,1763424000000,
,,a397e020-980c-4d6e-8c5b-004f646f7cf8.extra_data.json,,80.0,63060070,0.0,7860259,1547.7491,63060070,2025-11-19 19:35:04.483,2025-11-18 18:30:01.842,377.50864,US7nt0+2+q,com.sec.android.app.shealth,a397e020-980c-4d6e-8c5b-004f646f7cf8,1763510400000,
,,a7492186-aaf0-42a9-b620-a23144ea70e7.extra_data.json,,0.0,63060070,0.0,2728383,1648.8807,63060070,2025-11-21 01:57:05.842,2025-11-19 18:30:00.782,130.87,US7nt0+2+q,com.sec.android.app.shealth,a7492186-aaf0-42a9-b620-a23144ea70e7,1763596800000,
,,217f54fe-1d66-47e1-9e30-6ced417b17a3.extra_data.json,,0.0,63060070,0.0,553876,1691.733,63060070,2025-11-21 19:43:18.381,2025-11-20 18:30:02.394,26.309998,US7nt0+2+q,com.sec.android.app.shealth,217f54fe-1d66-47e1-9e30-6ced417b17a3,1763683200000,
,,db0402a4-b093-49b5-ac00-035121ad1374.extra_data.json,,112.0,63060070,0.0,4908346,1605.9213,63060070,2025-11-23 02:26:48.695,2025-11-21 18:30:01.529,238.11002,US7nt0+2+q,com.sec.android.app.shealth,db0402a4-b093-49b5-ac00-035121ad1374,1763769600000,
,,7b241348-597d-4a38-91f2-a86dac1e0e75.extra_data.json,,148.0,63060070,0.0,5339879,1597.4171,63060070,2025-11-24 02:10:14.000,2025-11-22 18:30:01.521,272.37,US7nt0+2+q,com.sec.android.app.shealth,7b241348-597d-4a38-91f2-a86dac1e0e75,1763856000000,
,,55f60a9c-fce8-48b0-918b-569f97ea9a1f.extra_data.json,,146.0,63060070,0.0,3905852,1625.6769,63060070,2025-11-25 02:15:03.299,2025-11-23 18:30:01.980,190.13266,US7nt0+2+q,com.sec.android.app.shealth,55f60a9c-fce8-48b0-918b-569f97ea9a1f,1763942400000,
,,7b04f11e-71f3-4214-9135-b6f808d80202.extra_data.json,,123.0,63060070,0.0,4382997,1616.2739,63060070,2025-11-26 00:14:44.407,2025-11-24 18:30:01.441,219.25198,US7nt0+2+q,com.sec.android.app.shealth,7b04f11e-71f3-4214-9135-b6f808d80202,1764028800000,
,,22fbbac7-478f-492f-8ec0-16d787f262c6.extra_data.json,,174.0,63060070,0.0,5942144,1585.5486,63060070,2025-11-27 14:14:43.948,2025-11-25 18:30:01.412,295.99002,US7nt0+2+q,com.sec.android.app.shealth,22fbbac7-478f-492f-8ec0-16d787f262c6,1764115200000,
,,06eecc9e-1ac9-4ea7-ac68-91b68fb5b034.extra_data.json,,0.0,63060070,0.0,2401805,1655.3165,63060070,2025-11-28 02:20:15.390,2025-11-26 18:30:02.954,114.679985,US7nt0+2+q,com.sec.android.app.shealth,06eecc9e-1ac9-4ea7-ac68-91b68fb5b034,1764201600000,
,,f6bd34ec-1d15-44a2-a606-2d4db52be800.extra_data.json,,0.0,63060070,0.0,2497218,1653.4363,63060070,2025-11-29 10:12:42.722,2025-11-27 18:30:01.237,118.05,US7nt0+2+q,com.sec.android.app.shealth,f6bd34ec-1d15-44a2-a606-2d4db52be800,1764288000000,
,,18374a08-66b1-4c84-9adc-fae19665c63b.extra_data.json,,0.0,63060070,0.0,2124972,1660.7719,63060070,2025-11-29 18:30:08.277,2025-11-28 18:30:01.557,101.750015,US7nt0+2+q,com.sec.android.app.shealth,18374a08-66b1-4c84-9adc-fae19665c63b,1764374400000,
,,0ac315ce-f3d2-444f-850a-d3eb182019a1.extra_data.json,,0.0,63060070,0.0,4770641,1608.6349,63060070,2025-11-30 18:56:08.695,2025-11-29 18:30:01.512,234.5,US7nt0+2+q,com.sec.android.app.shealth,0ac315ce-f3d2-444f-850a-d3eb182019a1,1764460800000,
,,c0654eec-4d39-4cda-806d-cc69add2aa90.extra_data.json,,32.0,63060070,0.0,3213253,1639.3257,63060070,2025-12-01 18:57:26.622,2025-11-30 18:30:01.564,158.24997,US7nt0+2+q,com.sec.android.app.shealth,c0654eec-4d39-4cda-806d-cc69add2aa90,1764547200000,
,,5fbac2a2-eb4e-4403-a662-c75a1e2c8ecc.extra_data.json,,0.0,63060070,0.0,278806,1697.1536,63060070,2025-12-02 18:36:55.397,2025-12-01 18:30:01.318,12.990001,US7nt0+2+q,com.sec.android.app.shealth,5fbac2a2-eb4e-4403-a662-c75a1e2c8ecc,1764633600000,
,,c96143e5-1fb9-40ac-aba8-7daa724d94da.extra_data.json,,0.0,63060070,0.0,3624972,1631.212,63060070,2025-12-04 07:47:57.873,2025-12-02 18:30:01.069,174.47998,US7nt0+2+q,com.sec.android.app.shealth,c96143e5-1fb9-40ac-aba8-7daa724d94da,1764720000000,
,,457f6f90-9bab-4711-9da9-1799c363a8c7.extra_data.json,,0.0,63060070,0.0,171419,1699.2699,63060070,2025-12-05 03:58:45.729,2025-12-03 18:30:01.608,7.8199997,US7nt0+2+q,com.sec.android.app.shealth,457f6f90-9bab-4711-9da9-1799c363a8c7,1764806400000,
,,45a8438a-3791-4938-9500-7d1bd438a39b.extra_data.json,,38.0,63060070,0.0,10290451,1499.8584,63060070,2025-12-06 01:18:46.273,2025-12-04 18:30:01.533,514.82,US7nt0+2+q,com.sec.android.app.shealth,45a8438a-3791-4938-9500-7d1bd438a39b,1764892800000,
,,75b62186-d02c-4cac-9c59-cf2e42e1721f.extra_data.json,,0.0,63060070,0.0,5237351,1599.4376,63060070,2025-12-07 01:22:52.337,2025-12-05 18:30:01.100,253.43994,US7nt0+2+q,com.sec.android.app.shealth,75b62186-d02c-4cac-9c59-cf2e42e1721f,1764979200000,
,,1e48783e-ceee-425c-8cf9-550853921dc5.extra_data.json,,0.0,63060070,0.0,370185,1695.3528,63060070,2025-12-08 05:17:28.868,2025-12-06 18:30:02.239,17.23,US7nt0+2+q,com.sec.android.app.shealth,1e48783e-ceee-425c-8cf9-550853921dc5,1765065600000,
,,04710f87-efd8-4a77-9039-cf859c1fc525.extra_data.json,,0.0,63060070,0.0,409478,1694.5785,63060070,2025-12-09 04:37:24.440,2025-12-07 18:30:01.320,19.82,US7nt0+2+q,com.sec.android.app.shealth,04710f87-efd8-4a77-9039-cf859c1fc525,1765152000000,
,,1029ecaa-dc04-44d8-86c2-617bbe9339d0.extra_data.json,,0.0,63060070,0.0,3267920,1638.2484,63060070,2025-12-10 01:03:40.251,2025-12-08 18:30:01.216,158.25996,US7nt0+2+q,com.sec.android.app.shealth,1029ecaa-dc04-44d8-86c2-617bbe9339d0,1765238400000,
,,f1eddc1b-c6c1-4ee8-ba16-33240c786440.extra_data.json,,0.0,63060070,0.0,2480610,1653.7637,63060070,2025-12-11 02:31:39.571,2025-12-09 18:30:01.521,120.18,US7nt0+2+q,com.sec.android.app.shealth,f1eddc1b-c6c1-4ee8-ba16-33240c786440,1765324800000,
,,568c8b1d-1bb6-4e5f-a840-d7a04b92bda0.extra_data.json,,0.0,63060070,0.0,4241767,1619.0571,63070030,2025-12-12 12:27:56.005,2025-12-10 18:30:02.795,206.88997,US7nt0+2+q,com.sec.android.app.shealth,568c8b1d-1bb6-4e5f-a840-d7a04b92bda0,1765411200000,
,,a1aabcb4-709b-4d3e-9a5d-3fd28b78296e.extra_data.json,,0.0,63060070,0.0,3865449,1626.4731,63070030,2025-12-13 02:20:02.981,2025-12-11 18:30:01.585,184.76997,US7nt0+2+q,com.sec.android.app.shealth,a1aabcb4-709b-4d3e-9a5d-3fd28b78296e,1765497600000,
,,a7317d87-c4cd-46f1-b0dc-f0261e5b4479.extra_data.json,,0.0,63070030,0.0,999833,1682.9446,63070030,2025-12-14 04:07:26.581,2025-12-12 18:30:10.582,48.109993,US7nt0+2+q,com.sec.android.app.shealth,a7317d87-c4cd-46f1-b0dc-f0261e5b4479,1765584000000,
,,95bc6e74-e224-47a5-bfd3-b71bc95386ec.extra_data.json,,0.0,63070030,0.0,1061595,1681.7275,63070030,2025-12-15 02:26:10.436,2025-12-13 18:30:01.392,51.01,US7nt0+2+q,com.sec.android.app.shealth,95bc6e74-e224-47a5-bfd3-b71bc95386ec,1765670400000,
,,27b2f1af-0b9d-4ddc-8207-93de37ea093c.extra_data.json,,0.0,63070030,0.0,6689168,1570.8273,63070030,2025-12-16 02:15:02.424,2025-12-14 18:30:01.178,314.9899,US7nt0+2+q,com.sec.android.app.shealth,27b2f1af-0b9d-4ddc-8207-93de37ea093c,1765756800000,
,,abc5da94-dbae-42e5-abf9-ef14ca07d892.extra_data.json,,0.0,63070030,0.0,2364721,1656.0474,63070030,2025-12-17 02:28:41.945,2025-12-15 18:30:01.487,114.15,US7nt0+2+q,com.sec.android.app.shealth,abc5da94-dbae-42e5-abf9-ef14ca07d892,1765843200000,
,,1ec33630-81a5-434b-b454-7821ca16dbaf.extra_data.json,,0.0,63070030,0.0,2389801,1655.5531,63070030,2025-12-17 22:17:13.749,2025-12-16 18:30:01.374,113.72,US7nt0+2+q,com.sec.android.app.shealth,1ec33630-81a5-434b-b454-7821ca16dbaf,1765929600000,
,,bc7cd6b8-3f4b-4af0-8ed7-89a7c3e39939.extra_data.json,,69.0,63070030,0.0,6304835,1578.4012,63070030,2025-12-19 02:32:34.561,2025-12-17 18:30:00.806,303.97635,US7nt0+2+q,com.sec.android.app.shealth,bc7cd6b8-3f4b-4af0-8ed7-89a7c3e39939,1766016000000,
,,7b2f0ba0-cd33-4849-af0e-0ee06f9c355b.extra_data.json,,0.0,63070030,0.0,237452,1697.9685,63070030,2025-12-20 02:16:42.999,2025-12-18 18:30:01.099,11.149999,US7nt0+2+q,com.sec.android.app.shealth,7b2f0ba0-cd33-4849-af0e-0ee06f9c355b,1766102400000,
,,c6cdfc18-e339-4d66-9796-61e1b54f9804.extra_data.json,,78.0,63070030,0.0,5671906,1590.8741,63070030,2025-12-21 07:28:14.781,2025-12-19 18:30:01.246,281.70807,US7nt0+2+q,com.sec.android.app.shealth,c6cdfc18-e339-4d66-9796-61e1b54f9804,1766188800000,
,,b0ca61a2-b7a0-49cb-ae3b-4d1e8de8a31c.extra_data.json,,0.0,63070030,0.0,368821,1695.3796,63070030,2025-12-22 04:04:09.598,2025-12-20 18:30:01.642,17.78,US7nt0+2+q,com.sec.android.app.shealth,b0ca61a2-b7a0-49cb-ae3b-4d1e8de8a31c,1766275200000,
,,0cdeba4b-ceda-410f-b1e9-463de9d4b627.extra_data.json,,81.0,63070030,0.0,4967636,1604.7529,63070030,2025-12-23 06:53:14.698,2025-12-21 18:30:01.776,247.16992,US7nt0+2+q,com.sec.android.app.shealth,0cdeba4b-ceda-410f-b1e9-463de9d4b627,1766361600000,
,,4a1a327e-182e-4022-b86d-4f923601c960.extra_data.json,,0.0,63070030,0.0,2012339,1662.9917,63070030,2025-12-24 02:26:51.996,2025-12-22 18:30:00.994,96.57999,US7nt0+2+q,com.sec.android.app.shealth,4a1a327e-182e-4022-b86d-4f923601c960,1766448000000,
,,63f1fb57-22c2-429f-9f18-2b180f88656f.extra_data.json,,0.0,63070030,0.0,1574120,1684.7803,63070030,2025-12-25 02:30:03.118,2025-12-23 18:30:01.010,74.54999,US7nt0+2+q,com.sec.android.app.shealth,63f1fb57-22c2-429f-9f18-2b180f88656f,1766534400000,
,,b52864bf-bae4-4c5c-b6f0-1e3e3efaee22.extra_data.json,,0.0,63070030,0.0,1846993,1679.3606,63070030,2025-12-26 00:26:32.936,2025-12-24 18:30:02.160,89.570015,US7nt0+2+q,com.sec.android.app.shealth,b52864bf-bae4-4c5c-b6f0-1e3e3efaee22,1766620800000,
,,0e93f021-e1a0-4f8e-924b-c08ec1052600.extra_data.json,,0.0,63070030,0.0,1206599,1692.0798,63070030,2025-12-27 02:30:03.561,2025-12-25 18:30:01.264,59.19,US7nt0+2+q,com.sec.android.app.shealth,0e93f021-e1a0-4f8e-924b-c08ec1052600,1766707200000,
,,a6894d3e-cf9a-4cbc-bf83-bd2282a1b48e.extra_data.json,,0.0,63070030,0.0,3199033,1652.507,63070030,2025-12-28 03:18:37.581,2025-12-26 18:30:01.267,151.41,US7nt0+2+q,com.sec.android.app.shealth,a6894d3e-cf9a-4cbc-bf83-bd2282a1b48e,1766793600000,
,,2c6fd8dd-6eb3-4cdc-94ff-7acb37dcf1d9.extra_data.json,,0.0,63070030,0.0,849623,1699.1699,63070030,2025-12-29 03:13:28.531,2025-12-27 18:30:01.106,40.590004,US7nt0+2+q,com.sec.android.app.shealth,2c6fd8dd-6eb3-4cdc-94ff-7acb37dcf1d9,1766880000000,
,,53620b36-69ba-4996-83e3-de11bbdc4e4a.extra_data.json,,0.0,63070030,0.0,1982991,1676.6594,63070030,2025-12-29 19:16:14.182,2025-12-28 18:30:01.162,93.50001,US7nt0+2+q,com.sec.android.app.shealth,53620b36-69ba-4996-83e3-de11bbdc4e4a,1766966400000,
,,17cede34-fc6e-41b9-b20e-51fa0a3c28c5.extra_data.json,,0.0,63070030,0.0,4075509,1635.0986,63070030,2025-12-31 02:20:59.968,2025-12-29 18:30:01.683,194.43997,US7nt0+2+q,com.sec.android.app.shealth,17cede34-fc6e-41b9-b20e-51fa0a3c28c5,1767052800000,
,,f0985bbd-8eee-4ca3-9f58-925e802aaa8d.extra_data.json,,0.0,63070030,0.0,2272200,1670.9153,63070030,2026-01-01 01:25:54.760,2025-12-30 18:30:01.966,107.710014,US7nt0+2+q,com.sec.android.app.shealth,f0985bbd-8eee-4ca3-9f58-925e802aaa8d,1767139200000,
,,017c3f37-2887-4266-aa2a-0ce76f1855ce.extra_data.json,,0.0,63070030,0.0,2694155,1662.5347,63070030,2026-01-02 02:02:49.158,2025-12-31 18:30:01.689,128.19002,US7nt0+2+q,com.sec.android.app.shealth,017c3f37-2887-4266-aa2a-0ce76f1855ce,1767225600000,
,,5c7e6bde-924d-4cda-bb12-45ebd562a265.extra_data.json,,0.0,63070030,0.0,6043899,1596.0033,63070030,2026-01-03 02:17:43.670,2026-01-01 18:30:01.325,290.06992,US7nt0+2+q,com.sec.android.app.shealth,5c7e6bde-924d-4cda-bb12-45ebd562a265,1767312000000,
,,2e062e64-92f6-4279-b24b-986f72db40e9.extra_data.json,,0.0,63070030,0.0,5564824,1605.5184,63070030,2026-01-04 01:33:01.804,2026-01-02 18:30:00.965,263.32,US7nt0+2+q,com.sec.android.app.shealth,2e062e64-92f6-4279-b24b-986f72db40e9,1767398400000,
,,6af6ef9b-e318-4481-be0f-577a18cf2b96.extra_data.json,,0.0,63070030,0.0,2485875,1666.6714,63070030,2026-01-05 02:21:08.509,2026-01-03 18:30:01.784,122.57998,US7nt0+2+q,com.sec.android.app.shealth,6af6ef9b-e318-4481-be0f-577a18cf2b96,1767484800000,
,,f18eb94f-4a59-43ea-bb89-b1bf120eb856.extra_data.json,,0.0,63070030,0.0,4058743,1635.4316,63070030,2026-01-06 01:32:16.347,2026-01-04 18:30:01.577,198.59998,US7nt0+2+q,com.sec.android.app.shealth,f18eb94f-4a59-43ea-bb89-b1bf120eb856,1767571200000,
,,e1a3659c-786f-4a64-8f3e-7ecd51e73567.extra_data.json,,0.0,63070030,0.0,1638789,1683.4958,63070030,2026-01-07 02:30:03.967,2026-01-05 18:30:00.972,77.94,US7nt0+2+q,com.sec.android.app.shealth,e1a3659c-786f-4a64-8f3e-7ecd51e73567,1767657600000,
,,5720b5a8-ca4d-4ab6-abb7-3900af1e266b.extra_data.json,,0.0,63070030,0.0,3474001,1670.1907,63070030,2026-01-08 02:27:55.322,2026-01-06 18:30:01.904,164.58003,US7nt0+2+q,com.sec.android.app.shealth,5720b5a8-ca4d-4ab6-abb7-3900af1e266b,1767744000000,
,,aa7613fd-69d6-491f-8553-21e6ef628930.extra_data.json,,0.0,63070030,0.0,3553888,1668.5817,63070030,2026-01-09 03:11:10.634,2026-01-07 18:30:02.203,170.6,US7nt0+2+q,com.sec.android.app.shealth,aa7613fd-69d6-491f-8553-21e6ef628930,1767830400000,
,,5474f540-7c5e-4fa9-a766-57c8f386ada1.extra_data.json,,0.0,63070030,0.0,1584523,1708.2462,63070030,2026-01-09 18:35:10.934,2026-01-08 18:30:01.374,76.900024,US7nt0+2+q,com.sec.android.app.shealth,5474f540-7c5e-4fa9-a766-57c8f386ada1,1767916800000,
,,16cfc9b1-8e12-4c47-bc93-403454d20d93.extra_data.json,,32.0,63070030,0.0,10070261,1537.3372,63070030,2026-01-11 07:08:51.142,2026-01-09 18:30:00.770,478.72162,US7nt0+2+q,com.sec.android.app.shealth,16cfc9b1-8e12-4c47-bc93-403454d20d93,1768003200000,
,,fbbd4db1-423f-4697-be3d-6fc48f099bee.extra_data.json,,111.0,63070030,0.0,3087219,1677.9808,63070030,2026-01-12 03:09:08.272,2026-01-10 18:30:00.874,157.72,US7nt0+2+q,com.sec.android.app.shealth,fbbd4db1-423f-4697-be3d-6fc48f099bee,1768089600000,
,,4e49274c-156a-4efc-960f-10f8ceec54a6.extra_data.json,,36.0,63070030,0.0,3863298,1662.35,63070030,2026-01-13 02:32:42.250,2026-01-11 18:30:01.587,191.13748,US7nt0+2+q,com.sec.android.app.shealth,4e49274c-156a-4efc-960f-10f8ceec54a6,1768176000000,
,,e33f183d-e088-4597-a37b-a9a4df93ccd1.extra_data.json,,223.0,63070030,0.0,8483275,1569.3003,63070030,2026-01-14 00:42:32.518,2026-01-12 18:30:00.907,439.31897,US7nt0+2+q,com.sec.android.app.shealth,e33f183d-e088-4597-a37b-a9a4df93ccd1,1768262400000,
,,ae77a05c-8f21-432d-8fef-740fc7c52a53.extra_data.json,,215.0,63070030,0.0,7773270,1583.6002,63070030,2026-01-15 03:53:03.592,2026-01-13 18:30:01.768,380.5816,US7nt0+2+q,com.sec.android.app.shealth,ae77a05c-8f21-432d-8fef-740fc7c52a53,1768348800000,
,,a5f13e66-1bd8-42e3-a8ae-1c24620eb0cb.extra_data.json,,0.0,63070030,0.0,2015651,1699.563,63070030,2026-01-16 02:41:35.907,2026-01-14 18:30:01.606,101.81997,US7nt0+2+q,com.sec.android.app.shealth,a5f13e66-1bd8-42e3-a8ae-1c24620eb0cb,1768435200000,
,,e3e90824-18b5-42a6-aabb-e4db6b7d76ad.extra_data.json,,543.0,63070030,0.0,9612905,1546.5487,63070030,2026-01-17 03:06:44.836,2026-01-15 18:30:10.248,636.8245,US7nt0+2+q,com.sec.android.app.shealth,e3e90824-18b5-42a6-aabb-e4db6b7d76ad,1768521600000,
,,cfe12f6e-cb9f-4b7f-b5e0-f97e2254d449.extra_data.json,,901.0,63070030,0.0,11833036,1492.5836,63070030,2026-01-18 05:57:37.726,2026-01-16 18:30:00.981,918.3922,US7nt0+2+q,com.sec.android.app.shealth,cfe12f6e-cb9f-4b7f-b5e0-f97e2254d449,1768608000000,
,,4e7e2726-a277-4fc7-8d40-dd976c994d6f.extra_data.json,,246.0,63070030,0.0,3885833,1651.6604,63070030,2026-01-19 18:11:37.386,2026-01-17 18:30:01.297,259.07394,US7nt0+2+q,com.sec.android.app.shealth,4e7e2726-a277-4fc7-8d40-dd976c994d6f,1768694400000,
,,f62e0a1c-5fef-4629-bfd9-e2015f599ee9.extra_data.json,,219.0,63070030,0.0,6542131,1598.4901,63070030,2026-01-20 08:35:09.038,2026-01-18 18:30:01.501,377.08994,US7nt0+2+q,com.sec.android.app.shealth,f62e0a1c-5fef-4629-bfd9-e2015f599ee9,1768780800000,
,,089a04c8-1911-47a9-92d6-96b7e3a35f80.extra_data.json,,33.0,63070030,0.0,4730438,1634.7542,63070030,2026-01-21 03:42:43.102,2026-01-19 18:30:00.926,226.59,US7nt0+2+q,com.sec.android.app.shealth,089a04c8-1911-47a9-92d6-96b7e3a35f80,1768867200000,
,,52d8f491-44d6-43fc-bf9f-dbd91f580cf3.extra_data.json,,254.0,63070030,0.0,6661143,1596.1079,63070030,2026-01-21 23:51:01.633,2026-01-20 18:30:06.410,392.81686,US7nt0+2+q,com.sec.android.app.shealth,52d8f491-44d6-43fc-bf9f-dbd91f580cf3,1768953600000,
,,7dd1bdd4-d78b-47fe-a3cb-b7cd38e3269d.extra_data.json,,227.0,63070030,0.0,6768525,1593.9584,63070030,2026-01-22 18:35:25.099,2026-01-21 18:30:01.876,376.5302,US7nt0+2+q,com.sec.android.app.shealth,7dd1bdd4-d78b-47fe-a3cb-b7cd38e3269d,1769040000000,
,,c48a34b9-17de-4a7b-9e51-c4a22dc3ef0c.extra_data.json,,318.0,63070030,0.0,9373233,1541.8208,63070030,2026-01-23 19:25:44.084,2026-01-22 18:30:00.670,487.6306,US7nt0+2+q,com.sec.android.app.shealth,c48a34b9-17de-4a7b-9e51-c4a22dc3ef0c,1769126400000,
,,1bfd5a43-a0bc-428f-bc57-d39898be87eb.extra_data.json,,20.0,63070030,0.0,3965824,1650.0592,63070030,2026-01-25 03:30:57.320,2026-01-23 18:30:01.547,202.51997,US7nt0+2+q,com.sec.android.app.shealth,1bfd5a43-a0bc-428f-bc57-d39898be87eb,1769212800000,
,,972eb846-8585-401c-8197-23b1aa550d9e.extra_data.json,,115.0,63070030,0.0,3645359,1656.4739,63070030,2026-01-26 03:07:04.124,2026-01-24 18:30:01.618,183.98999,US7nt0+2+q,com.sec.android.app.shealth,972eb846-8585-401c-8197-23b1aa550d9e,1769299200000,
,,348ea0fe-1530-4121-98e7-2fa84f45a19f.extra_data.json,,176.0,63070030,0.0,4980642,1629.746,63070030,2026-01-27 03:12:04.356,2026-01-25 18:30:01.145,256.7395,US7nt0+2+q,com.sec.android.app.shealth,348ea0fe-1530-4121-98e7-2fa84f45a19f,1769385600000,
,,66dd6c38-363c-43e1-9d23-c11968535ecf.extra_data.json,,113.0,63070030,0.0,5278355,1623.7867,63070030,2026-01-27 18:35:19.614,2026-01-26 18:30:00.853,251.82004,US7nt0+2+q,com.sec.android.app.shealth,66dd6c38-363c-43e1-9d23-c11968535ecf,1769472000000,
,,0abb8bd7-9084-4d6c-b758-2a4377605814.extra_data.json,,36.0,63070030,0.0,7962387,1570.0614,63070030,2026-01-29 10:07:23.249,2026-01-27 18:30:01.279,378.203,US7nt0+2+q,com.sec.android.app.shealth,0abb8bd7-9084-4d6c-b758-2a4377605814,1769558400000,
,,e85dc1f7-6521-4975-afdf-109cae6188ef.extra_data.json,,226.0,63070030,0.0,6161058,1606.1179,63070030,2026-01-30 01:39:47.438,2026-01-28 18:30:02.586,318.448,US7nt0+2+q,com.sec.android.app.shealth,e85dc1f7-6521-4975-afdf-109cae6188ef,1769644800000,
,,229a7a6e-6a8f-4312-a089-7f7f64152d81.extra_data.json,,523.0,63070030,0.0,12002023,1489.2012,63070030,2026-01-31 01:19:38.505,2026-01-29 18:30:01.213,813.3551,US7nt0+2+q,com.sec.android.app.shealth,229a7a6e-6a8f-4312-a089-7f7f64152d81,1769731200000,
,,c0fe3e25-bad4-4678-bd8a-3128f30800f0.extra_data.json,,476.0,63070030,0.0,5878139,1611.7811,63070030,2026-02-01 08:04:47.386,2026-01-30 18:30:02.057,508.21066,US7nt0+2+q,com.sec.android.app.shealth,c0fe3e25-bad4-4678-bd8a-3128f30800f0,1769817600000,
,,6f08b0bd-86b4-41d2-aaa1-8a3d1cdb99b1.extra_data.json,,490.0,63070030,0.0,6635484,1596.6215,63070030,2026-02-02 01:17:18.319,2026-01-31 18:30:01.472,536.6,US7nt0+2+q,com.sec.android.app.shealth,6f08b0bd-86b4-41d2-aaa1-8a3d1cdb99b1,1769904000000,
,,5ae10150-cceb-4523-968e-bb2e248276fb.extra_data.json,,36.0,63070030,0.0,4221150,1644.9484,63070030,2026-02-03 03:06:09.834,2026-02-01 18:30:01.126,202.93999,US7nt0+2+q,com.sec.android.app.shealth,5ae10150-cceb-4523-968e-bb2e248276fb,1769990400000,
,,d16933ec-89f8-4b54-9523-91aa0bf64e29.extra_data.json,,35.0,63070030,0.0,3831671,1652.7445,63070030,2026-02-04 02:47:47.224,2026-02-02 18:30:01.082,186.33649,US7nt0+2+q,com.sec.android.app.shealth,d16933ec-89f8-4b54-9523-91aa0bf64e29,1770076800000,
,,c461333d-0173-4422-bbb5-3f3c55a3159f.extra_data.json,,530.0,63070030,312.1,8663827,1556.0209,63070030,2026-02-05 02:42:40.028,2026-02-03 18:30:02.212,655.3667,US7nt0+2+q,com.sec.android.app.shealth,c461333d-0173-4422-bbb5-3f3c55a3159f,1770163200000,
,,2ebcf27b-3ab0-4eae-bada-777d4d6bb4e5.extra_data.json,,418.0,63070030,223.6,6591525,1597.5013,63070030,2026-02-06 01:02:44.943,2026-02-04 18:30:01.503,569.29,US7nt0+2+q,com.sec.android.app.shealth,2ebcf27b-3ab0-4eae-bada-777d4d6bb4e5,1770249600000,
,,34e75e95-3eeb-4452-8b16-1d5f4da80262.extra_data.json,,283.0,63070030,186.3,6470333,1599.9272,63070030,2026-02-06 18:55:42.453,2026-02-05 18:30:01.894,459.0733,US7nt0+2+q,com.sec.android.app.shealth,34e75e95-3eeb-4452-8b16-1d5f4da80262,1770336000000,
,,9ce1e818-39ca-4168-bf38-a689465a4f97.extra_data.json,,36.0,63070030,0.0,13999768,1449.2129,63070030,2026-02-08 11:33:00.305,2026-02-06 18:30:01.030,678.2401,US7nt0+2+q,com.sec.android.app.shealth,9ce1e818-39ca-4168-bf38-a689465a4f97,1770422400000,
,,31b93aae-b195-4b74-9487-e28086d997cc.extra_data.json,,109.0,63070030,0.0,13150732,1466.2078,63070030,2026-02-08 19:15:03.635,2026-02-07 18:30:01.045,646.5167,US7nt0+2+q,com.sec.android.app.shealth,31b93aae-b195-4b74-9487-e28086d997cc,1770508800000,
,,0da6f47c-b32c-4707-a00a-990a00b36d0b.extra_data.json,,33.0,63070030,0.0,3958431,1650.2072,63070030,2026-02-10 03:06:16.723,2026-02-08 18:30:01.275,195.2985,US7nt0+2+q,com.sec.android.app.shealth,0da6f47c-b32c-4707-a00a-990a00b36d0b,1770595200000,
,,25669230-2570-45c1-852d-2a61c7fa710f.extra_data.json,,65.0,63070030,0.0,3854249,1652.2926,63070030,2026-02-11 04:40:34.006,2026-02-09 18:30:02.109,187.96246,US7nt0+2+q,com.sec.android.app.shealth,25669230-2570-45c1-852d-2a61c7fa710f,1770681600000,
,,fd97c077-f4be-484a-9dc1-7601cb717c6f.extra_data.json,,35.0,63070030,0.0,5558181,1618.1854,63070030,2026-02-12 03:07:14.738,2026-02-10 18:30:01.728,269.76996,US7nt0+2+q,com.sec.android.app.shealth,fd97c077-f4be-484a-9dc1-7601cb717c6f,1770768000000,
,,43e7cd03-da8c-4667-8375-1bb1346f1fa8.extra_data.json,,407.0,63070030,0.0,9379390,1541.6975,63070030,2026-02-12 18:35:01.794,2026-02-11 18:30:01.465,686.47003,US7nt0+2+q,com.sec.android.app.shealth,43e7cd03-da8c-4667-8375-1bb1346f1fa8,1770854400000,
,,7c3d6ffc-2680-4570-a1fb-3cfd96c63b58.extra_data.json,,0.0,63070030,0.0,4009762,1649.1798,63070030,2026-02-14 02:30:44.444,2026-02-12 18:30:01.270,194.28001,US7nt0+2+q,com.sec.android.app.shealth,7c3d6ffc-2680-4570-a1fb-3cfd96c63b58,1770940800000,
,,dc91811a-411c-4109-8389-2c0a27205a92.extra_data.json,,73.0,63070030,0.0,3773928,1653.9004,63070030,2026-02-15 04:08:55.536,2026-02-13 18:30:01.781,187.30997,US7nt0+2+q,com.sec.android.app.shealth,dc91811a-411c-4109-8389-2c0a27205a92,1771027200000,
,,a2b1b363-67a7-43bf-9ee4-f742bf15f4bd.extra_data.json,,132.0,63070030,0.0,3729744,1654.7848,63070030,2026-02-15 23:44:23.588,2026-02-14 18:30:01.326,184.40001,US7nt0+2+q,com.sec.android.app.shealth,a2b1b363-67a7-43bf-9ee4-f742bf15f4bd,1771113600000,
,,42bc9c99-9bb1-44d0-88c9-99e4efdc6208.extra_data.json,,97.0,63070030,0.0,3977988,1622.9777,63070030,2026-02-16 21:56:29.221,2026-02-15 18:30:01.865,202.26201,US7nt0+2+q,com.sec.android.app.shealth,42bc9c99-9bb1-44d0-88c9-99e4efdc6208,1771200000000,
,,6e3d481d-a311-4c3b-9592-222dd1b31634.extra_data.json,,89.0,63070030,0.0,3667004,1629.1011,63070030,2026-02-18 05:21:24.667,2026-02-16 18:30:01.081,186.88013,US7nt0+2+q,com.sec.android.app.shealth,6e3d481d-a311-4c3b-9592-222dd1b31634,1771286400000,
,,c4c23a49-b4aa-42a5-ab7a-e20fb31fa093.extra_data.json,,168.0,63070030,0.0,5677583,1589.5107,63070030,2026-02-19 02:24:58.933,2026-02-17 18:30:01.243,290.73996,US7nt0+2+q,com.sec.android.app.shealth,c4c23a49-b4aa-42a5-ab7a-e20fb31fa093,1771372800000,
,,6bf2b668-dfc3-4c58-969f-1c650d0b0c38.extra_data.json,,368.0,63070030,0.0,10837751,1487.9015,63070030,2026-02-20 03:40:40.210,2026-02-18 18:30:01.483,550.57495,US7nt0+2+q,com.sec.android.app.shealth,6bf2b668-dfc3-4c58-969f-1c650d0b0c38,1771459200000,
,,c984898a-eb03-406d-9a02-6d79706f42c6.extra_data.json,,34.0,63070030,0.0,3983195,1622.8751,63070030,2026-02-21 06:27:12.056,2026-02-19 18:30:01.012,188.76898,US7nt0+2+q,com.sec.android.app.shealth,c984898a-eb03-406d-9a02-6d79706f42c6,1771545600000,
,,4c4de47b-32c9-4fcc-867f-70ff60de7c51.extra_data.json,,142.0,63070030,0.0,3711981,1628.2155,63070030,2026-02-22 04:01:30.498,2026-02-20 18:30:01.197,190.46002,US7nt0+2+q,com.sec.android.app.shealth,4c4de47b-32c9-4fcc-867f-70ff60de7c51,1771632000000,
,,44c23f7b-8bd5-4143-bc86-fc8478605e9d.extra_data.json,,206.0,63070030,0.0,4945418,1603.9279,63070030,2026-02-23 01:16:18.538,2026-02-21 18:30:01.977,253.4015,US7nt0+2+q,com.sec.android.app.shealth,44c23f7b-8bd5-4143-bc86-fc8478605e9d,1771718400000,
,,dc478171-bd80-496c-a6b2-59963e115249.extra_data.json,,100.0,63070030,0.0,4294631,1616.7426,63070030,2026-02-24 03:35:06.650,2026-02-22 18:30:01.097,207.31398,US7nt0+2+q,com.sec.android.app.shealth,dc478171-bd80-496c-a6b2-59963e115249,1771804800000,
,,8df125b4-8761-4b33-82fc-f70dbdf0694c.extra_data.json,,38.0,63070030,0.0,2868137,1644.8318,63070030,2026-02-25 03:26:42.839,2026-02-23 18:30:01.259,135.28,US7nt0+2+q,com.sec.android.app.shealth,8df125b4-8761-4b33-82fc-f70dbdf0694c,1771891200000,
,,da10acfe-cb06-4291-add2-f47baed34305.extra_data.json,,131.0,63070030,0.0,5328881,1596.3771,63070030,2026-02-26 01:29:58.157,2026-02-24 18:30:01.310,262.56,US7nt0+2+q,com.sec.android.app.shealth,da10acfe-cb06-4291-add2-f47baed34305,1771977600000,
,,b2d592b1-3a65-4e3b-a082-537f00ffd84b.extra_data.json,,37.0,63070030,0.0,4130950,1619.9656,63070030,2026-02-27 01:00:22.272,2026-02-25 18:30:01.530,196.55467,US7nt0+2+q,com.sec.android.app.shealth,b2d592b1-3a65-4e3b-a082-537f00ffd84b,1772064000000,
,,118ff3a9-9665-4fdc-8e2e-e22fb31c2f16.extra_data.json,,34.0,63070030,0.0,5474143,1593.5167,63070030,2026-02-28 02:45:39.777,2026-02-26 18:30:01.338,260.76178,US7nt0+2+q,com.sec.android.app.shealth,118ff3a9-9665-4fdc-8e2e-e22fb31c2f16,1772150400000,
,,ca990e85-a1a8-4007-80bd-46865c1910eb.extra_data.json,,39.0,63070030,0.0,2248379,1657.0355,63070030,2026-03-01 03:00:20.974,2026-02-27 18:30:02.363,112.65498,US7nt0+2+q,com.sec.android.app.shealth,ca990e85-a1a8-4007-80bd-46865c1910eb,1772236800000,
,,e7bc96f7-4127-4915-aa64-a34f2f397e56.extra_data.json,,248.0,63070030,0.0,7244743,1558.6516,63070030,2026-03-02 02:01:23.104,2026-02-28 18:30:01.699,371.96436,US7nt0+2+q,com.sec.android.app.shealth,e7bc96f7-4127-4915-aa64-a34f2f397e56,1772323200000,
,,6d5c66c0-d8b5-41f2-a9f6-2c7066a70c00.extra_data.json,,31.0,63070030,0.0,4424585,1614.1836,63070030,2026-03-03 03:45:32.120,2026-03-01 18:30:02.382,209.51001,US7nt0+2+q,com.sec.android.app.shealth,6d5c66c0-d8b5-41f2-a9f6-2c7066a70c00,1772409600000,
,,a352e933-05f3-4003-999a-45c2539c81d3.extra_data.json,,65.0,63070030,0.0,2153402,1658.9056,63110130,2026-03-03 18:30:03.675,2026-03-02 18:30:01.065,106.03,US7nt0+2+q,com.sec.android.app.shealth,a352e933-05f3-4003-999a-45c2539c81d3,1772496000000,
,,b90150a4-1d18-44f6-b6c0-082f8facd6eb.extra_data.json,,468.0,63110130,0.0,6696664,1569.444,63110130,2026-03-04 18:30:03.797,2026-03-03 18:30:02.065,478.56833,US7nt0+2+q,com.sec.android.app.shealth,b90150a4-1d18-44f6-b6c0-082f8facd6eb,1772582400000,
,,58e40a2d-a3db-4670-b1cb-ce361bfc1461.extra_data.json,,334.0,63110130,0.0,5503519,1592.9382,63110130,2026-03-05 18:30:04.659,2026-03-04 18:30:01.970,467.75354,US7nt0+2+q,com.sec.android.app.shealth,58e40a2d-a3db-4670-b1cb-ce361bfc1461,1772668800000,
,,a25c8263-289e-4fd9-bff6-4f123daff024.extra_data.json,,35.0,63110130,0.0,3626616,1629.8965,63110130,2026-03-06 18:30:03.387,2026-03-05 18:30:01.889,177.25665,US7nt0+2+q,com.sec.android.app.shealth,a25c8263-289e-4fd9-bff6-4f123daff024,1772755200000,
,,47b3d826-e519-46cb-926b-0fa26813d043.extra_data.json,,132.0,63110130,0.0,6743151,1267.1038,63110130,2026-03-07 14:14:52.315,2026-03-06 18:30:02.252,343.89996,US7nt0+2+q,com.sec.android.app.shealth,47b3d826-e519-46cb-926b-0fa26813d043,1772841600000,
