com.samsung.shealth.hsp.references,6311013,1
hsp_id,shealth_id,update_time,create_time,shealth_data_type,deviceuuid,pkg_name,datauuid
e91bf154-85fb-4613-8c3d-f551ffa8e299,1f0e5344-5e3d-4e0c-85e7-23ba26c1c7b0,2025-03-02 17:14:11.197,2025-03-02 17:14:11.197,10002,US7nt0+2+q,com.sec.android.app.shealth,9c91ef0f-0188-4a11-b386-7cbaca9584dc,
3ea938da-8453-406f-a815-3fbb559ff1f6,5cdd123a-11c9-4883-aea5-49e80c8e5646,2025-03-02 23:14:40.275,2025-03-02 23:14:40.275,10000,US7nt0+2+q,com.sec.android.app.shealth,5ce8c3ed-99dc-4c6e-bcf3-7356aec20f5f,
1cb8cf19-5cae-4567-8ba2-b7be28da8adb,784641d0-0ee5-4f00-be71-4ec04f08275d,2025-03-03 03:46:01.825,2025-03-03 03:46:01.825,10001,US7nt0+2+q,com.sec.android.app.shealth,5ea26b77-f3e4-46a0-b494-ec64ae3f761a,
feed2758-1c9d-480b-859f-06c95b4b2476,71316a2e-0ac8-47c4-bb54-e1a031ac4e0e,2025-03-03 04:50:51.540,2025-03-03 04:50:51.540,10002,US7nt0+2+q,com.sec.android.app.shealth,9f204cf4-d46f-43b7-92d0-fe70a1469e6e,
ba206be0-9563-4a88-b719-9c2ea30af484,8fb474a0-9e79-49be-a3d1-ffd76ebbd2f4,2025-03-04 02:31:48.358,2025-03-04 02:31:48.358,10000,US7nt0+2+q,com.sec.android.app.shealth,d603ae10-6a3e-41b4-bf90-d230bb237b30,
e5092f71-abec-4b23-9172-bb9624d7cf42,95176893-89db-4f13-bca8-80ef9b7211b0,2025-03-04 04:16:27.027,2025-03-04 04:16:27.027,10001,US7nt0+2+q,com.sec.android.app.shealth,89705bdb-14d8-495e-9a21-796c98643047,
31bd0cdf-de5c-4e9f-8e72-4a1e80fd657b,0054e2ee-4146-4f6c-a022-a9c5b6377cad,2025-03-04 06:36:01.554,2025-03-04 06:36:01.554,10002,US7nt0+2+q,com.sec.android.app.shealth,7f17e4f1-5238-4106-a86d-ad281b351d1a,
f18277aa-61ec-4544-b0da-13321d14788c,0d6869a9-045e-4f77-b182-23e44d131674,2025-03-04 22:47:43.289,2025-03-04 22:47:43.289,10000,US7nt0+2+q,com.sec.android.app.shealth,70231f7c-153d-436e-88d9-42444dc3ed3e,
0283197d-a55f-4d36-b617-423956b16768,9a07d6b6-fa68-4e72-9252-b14a85d3cb66,2025-03-05 03:54:14.765,2025-03-05 03:54:14.765,10001,US7nt0+2+q,com.sec.android.app.shealth,3d71ae5b-56ba-491e-a983-7a2cde126c30,
a4f81efc-ae65-4863-bb06-e882d8541893,8a4fe8ce-1864-4eb9-810f-8cef51f82b1b,2025-03-05 04:45:15.546,2025-03-05 04:45:15.546,10002,US7nt0+2+q,com.sec.android.app.shealth,5ab2c519-6d7f-412c-b293-21708b24c8ab,
2dab1931-65c6-4fc3-afd4-90d02958d356,c8b87955-e40f-4f4f-be15-5bde90712186,2025-03-06 01:44:02.493,2025-03-06 01:44:02.493,10000,US7nt0+2+q,com.sec.android.app.shealth,c35aa630-1541-46d6-af91-d785c88cd007,
2074ccc2-0ea7-4372-8335-6381b4f76d0c,fec184a2-8167-48ae-bf5d-c050891d5983,2025-03-06 06:52:15.185,2025-03-06 06:52:15.185,10002,US7nt0+2+q,com.sec.android.app.shealth,8ff0ae95-1de8-4158-8b24-917b3cec73cf,
c62eeea4-bb1e-4b89-97e6-abf54769963a,076acaf2-68af-4fc0-a21e-43ffaffe5742,2025-03-07 00:08:56.125,2025-03-07 00:08:56.125,10000,US7nt0+2+q,com.sec.android.app.shealth,c6a1936c-a1e5-4914-b501-a646572a160d,
feba13a7-e814-45e6-923d-b04d91d4602b,1177bb3b-23d9-4755-9bb8-33462fb67c39,2025-03-07 00:19:58.371,2025-03-07 00:19:58.371,10002,US7nt0+2+q,com.sec.android.app.shealth,4088868b-91a0-456c-8431-c97b4a4f5241,
541ed299-0ab8-47af-aa35-b332b03bf35c,3e11738d-efb0-4204-ba37-b4aeb0de8c2f,2025-03-08 03:10:38.182,2025-03-08 03:10:38.182,10000,US7nt0+2+q,com.sec.android.app.shealth,5fce2a19-a720-4b53-8f36-f6e1381a10f1,
359172a2-b13e-4c72-9fe3-05cf48d8db92,6ca20cfc-c6c1-422e-b6b2-c761f4a24660,2025-03-08 07:01:35.489,2025-03-08 07:01:35.489,10002,US7nt0+2+q,com.sec.android.app.shealth,8a8438af-fefb-4d43-8f54-9980375d0d17,
7d66628d-a1c4-452d-ac29-848a78420533,883b46c0-2d46-4a71-b8cf-b5449d718f83,2025-03-09 01:13:22.673,2025-03-09 01:13:22.673,10000,US7nt0+2+q,com.sec.android.app.shealth,9e0fd2b5-99f3-499d-89a2-2ba476bb5a15,
91a2ed35-1c4a-489b-9bfb-885b59cac8a5,d8e5d1ae-d756-434e-aafe-06a11575ce91,2025-03-09 05:29:40.009,2025-03-09 05:29:40.009,10002,US7nt0+2+q,com.sec.android.app.shealth,50548d4c-afeb-4a05-baec-7bc502feada7,
be6b75bb-d5fc-4ea5-b922-6cd614a97f53,ff559a3f-12fe-47ab-a0cb-6945ca15098b,2025-03-09 23:23:07.637,2025-03-09 23:23:07.637,10000,US7nt0+2+q,com.sec.android.app.shealth,eab35a8f-7abe-40b1-9d0e-df725f961e26,
dd4851ca-6f5d-439f-a12f-60869bb62887,3cc146ad-5042-43c9-9e21-f5aa611d33e8,2025-03-10 04:43:25.836,2025-03-10 04:43:25.836,10002,US7nt0+2+q,com.sec.android.app.shealth,d959da7c-3b26-4321-a929-af911476e5a1,
3804bc83-9f07-4c4c-8119-9cd84a414da3,455611dc-987c-4576-aae7-1a6d2d5628e0,2025-03-11 02:04:28.947,2025-03-11 02:04:28.947,10000,US7nt0+2+q,com.sec.android.app.shealth,d00b62ff-46b7-47e6-ba56-6ad1a8098471,
139599d8-f6e6-43fb-bf41-2d2b671bdc7a,8847180d-362e-40ae-aedb-b09f224744b5,2025-03-11 04:45:44.733,2025-03-11 04:45:44.733,10002,US7nt0+2+q,com.sec.android.app.shealth,635fe64f-f5cb-41d6-afd5-95b87e637f2d,
ae6abc41-ea04-4a78-a68c-744a99fbcf86,9175232d-1473-4e2b-94b4-b9c701dd75b6,2025-03-12 01:38:39.008,2025-03-12 01:38:39.008,10000,US7nt0+2+q,com.sec.android.app.shealth,d660631e-f4b2-42fd-8883-14210c4cd5db,
2296c866-09be-4868-9b5f-3df4dac66aad,43d91b42-e074-49ca-a04c-3c8abce72e21,2025-03-12 04:43:59.668,2025-03-12 04:43:59.668,10002,US7nt0+2+q,com.sec.android.app.shealth,997da0dc-41c7-412a-bebc-c64653511d24,
134e949b-6342-4fcd-9e87-8b1f1b7337a7,2401cbf8-36d0-434e-b504-236d66a21530,2025-03-13 00:41:00.111,2025-03-13 00:41:00.111,10000,US7nt0+2+q,com.sec.android.app.shealth,7ee2db3d-30de-4c77-82e8-b5cb04e6e9f0,
9e11c50a-02aa-4d28-ad68-536de4ea6ec1,2af6e796-12b5-403d-9400-683852dd724a,2025-03-13 04:57:13.403,2025-03-13 04:57:13.403,10002,US7nt0+2+q,com.sec.android.app.shealth,d16878e2-8956-4f37-a70d-84164fe2c688,
1ca099dd-9b41-400f-987c-82fa7a1e35f5,0b4c6fbe-b368-4740-a0c8-6b295080129d,2025-03-14 02:50:44.246,2025-03-14 02:50:44.246,10000,US7nt0+2+q,com.sec.android.app.shealth,09f6f581-4797-4a9b-86e3-648c18d669bf,
d100ddf7-16ae-4df3-ba8e-072e6b0571f0,61840879-e35e-462c-a1b3-5405e1b8baa1,2025-03-14 04:43:03.383,2025-03-14 04:43:03.383,10002,US7nt0+2+q,com.sec.android.app.shealth,77b2b783-0e6d-4aa6-a2af-1a034949e09d,
fd7f1b8d-3f5d-4209-88d0-73dbb1d75240,32f36b39-d4b5-4e83-a37c-05dee67150f1,2025-03-14 18:42:34.499,2025-03-14 18:42:34.499,10000,US7nt0+2+q,com.sec.android.app.shealth,750101e2-7735-4018-9cb0-1cee9d23c4f8,
4bc881af-ce62-4bb8-82a1-a6d5751dd326,2c7b543f-7324-4589-bfb7-710f5e10e701,2025-03-15 06:22:07.612,2025-03-15 06:22:07.612,10002,US7nt0+2+q,com.sec.android.app.shealth,ecbd831e-5152-4aed-8dfc-a45a1564f7ca,
033a5c5b-9b18-45bc-93f8-58fad58f03a8,073a4da3-d84c-4b75-a9fc-19ec353fb85b,2025-03-16 01:00:02.703,2025-03-16 01:00:02.703,10000,US7nt0+2+q,com.sec.android.app.shealth,7ff0c673-9d81-4d8a-94f3-9a17d03624e9,
a2ad79b7-c3b2-4641-8814-3979f0bb0de3,d05ab2da-3c7a-4f68-b571-aa7a08baaf09,2025-03-16 04:44:42.646,2025-03-16 04:44:42.646,10002,US7nt0+2+q,com.sec.android.app.shealth,7e77c261-3db1-44f4-99b3-ef30730ca3bc,
f8dc6d0a-f95d-41c1-b21d-c0262743150f,522fcf05-246a-4300-8a13-cd3262d02169,2025-03-17 01:06:30.915,2025-03-17 01:06:30.915,10000,US7nt0+2+q,com.sec.android.app.shealth,75e269f8-36f4-46c2-b16c-605bb9a4119c,
00571289-7e05-4443-8405-4dc14e057a92,245fd60a-c5fb-4b33-8111-ec0807e00385,2025-03-17 03:56:43.023,2025-03-17 03:56:43.023,10001,US7nt0+2+q,com.sec.android.app.shealth,6d4dce2a-a5e9-4c83-a125-8b5c462174ce,
3a776e09-83c4-486d-9584-908d537424de,2dc11e19-39c2-4f0c-9b4b-5829081cd897,2025-03-17 06:09:35.840,2025-03-17 06:09:35.840,10002,US7nt0+2+q,com.sec.android.app.shealth,58c4382a-f452-4a08-baa3-70c20b237032,
a88bef2e-d271-473a-89ab-5520961610c3,801aaf20-903d-4fe6-b02a-3bb82dc4af50,2025-03-18 01:34:22.421,2025-03-18 01:34:22.421,10000,US7nt0+2+q,com.sec.android.app.shealth,08c058f7-5a40-4d06-b709-cb834700f955,
f3739433-c677-4ea4-b74c-112953759a0b,64f79f4a-965c-4869-af51-ab8f79fde94f,2025-03-18 05:43:44.158,2025-03-18 05:43:44.158,10002,US7nt0+2+q,com.sec.android.app.shealth,9ce69663-94d7-40c8-84d6-b90d705764ae,
206d9e56-7ae1-407e-9b1e-f12fba6b2deb,05db2aae-f702-4762-85cc-bc9e9290916f,2025-03-18 18:41:13.474,2025-03-18 18:41:13.474,10000,US7nt0+2+q,com.sec.android.app.shealth,0a0bfd27-0d55-47fe-8f45-ff9fd4a1917e,
00c25e94-cd77-480f-9be8-ca195777efdc,2ceef599-ab9b-4664-9f2d-2a09cbdd6d4a,2025-03-19 04:46:22.365,2025-03-19 04:46:22.365,10002,US7nt0+2+q,com.sec.android.app.shealth,10b0efaf-c374-4285-a0c9-883c4894a34f,
ea025040-7022-4604-a715-cbb60d2c67c9,71de475b-89db-4beb-b8f6-487aec2d9adf,2025-03-19 10:33:09.094,2025-03-19 10:33:09.094,10001,US7nt0+2+q,com.sec.android.app.shealth,19eec43c-9655-4206-8b87-fc91517d4725,
89261b6d-0241-4816-999f-02ac53f07c70,16377c3d-8667-4bd9-b700-504c741b36ae,2025-03-19 15:15:25.664,2025-03-19 15:15:25.664,10000,US7nt0+2+q,com.sec.android.app.shealth,d3cf170f-a888-4530-8c98-08106f904e15,
82cc9c60-af93-4149-819c-ec011f11b73e,a07af444-a179-49d0-be97-0e86cbd090a7,2025-03-19 15:15:25.712,2025-03-19 15:15:25.712,10000,US7nt0+2+q,com.sec.android.app.shealth,0762dcc8-c63d-4fd7-8cd9-f16dedde39d5,
db7313a2-397d-40aa-900f-1853e7b25e89,6b74f0b8-8c7e-48e5-9422-c10877c50fdc,2025-03-19 15:15:25.731,2025-03-19 15:15:25.731,10000,US7nt0+2+q,com.sec.android.app.shealth,e38c2096-60f0-435d-b826-7c1a2ae0a2db,
97d229a5-c1b1-4c8a-b301-34a9c70084c5,0a7bde3b-59aa-49cf-9404-8bc2f29be88e,2025-03-19 15:15:25.752,2025-03-19 15:15:25.752,10000,US7nt0+2+q,com.sec.android.app.shealth,797db264-d5d8-4367-a1f0-7db76f4cc00e,
ee5c1327-e636-4260-a189-8ce1564c5f24,8939e33d-9ca4-4ab8-bdaa-c6167e0447dd,2025-03-19 15:15:25.762,2025-03-19 15:15:25.762,10000,US7nt0+2+q,com.sec.android.app.shealth,9ef6c540-5d52-4201-8e9c-295ec074e5a8,
3140fa53-f33d-4ba1-9eb2-40b7c0bc13bc,7a9c798c-2c18-401d-8e49-8a4d12720f3d,2025-03-19 15:15:25.775,2025-03-19 15:15:25.775,10000,US7nt0+2+q,com.sec.android.app.shealth,50cd59a0-811a-4fbd-b4bc-aa7255065267,
f93300a4-07cd-4a9e-8107-bde59215beba,bbce2b03-6d11-4ead-8630-ae5a4b20e72f,2025-03-19 15:15:25.794,2025-03-19 15:15:25.794,10000,US7nt0+2+q,com.sec.android.app.shealth,7340b2d5-a1e7-468b-abc5-37e118786cd4,
541ebfd0-3950-4e69-a081-7881f3ef62ea,7f105137-b1af-48bb-a3f7-05b3f2361124,2025-03-19 15:15:25.802,2025-03-19 15:15:25.802,10000,US7nt0+2+q,com.sec.android.app.shealth,c130b3fd-989d-4556-bfb8-b04173867b01,
00b48d1b-d805-44d2-9e80-8ab8d0c5b8dd,91465b97-ff63-415d-8e69-e190cfa0f4fd,2025-03-19 15:15:25.820,2025-03-19 15:15:25.820,10000,US7nt0+2+q,com.sec.android.app.shealth,f8355d8f-cc0a-480f-8b9e-fd1f18f417eb,
2b8ae120-928b-4398-b460-337250535134,dc7c7d5c-09b9-4aee-9810-7fff743b9d40,2025-03-19 15:15:25.839,2025-03-19 15:15:25.839,10000,US7nt0+2+q,com.sec.android.app.shealth,1e5eabd2-1350-45d1-bb90-0705ac91c49e,
4fb72660-0211-4972-8ee8-345ef1a36c46,8e71a48e-aa98-491a-8119-821fc1e82f65,2025-03-19 15:15:25.848,2025-03-19 15:15:25.848,10000,US7nt0+2+q,com.sec.android.app.shealth,c6b13985-3c12-4364-8a0f-48ce528f9838,
c07c4af6-a91f-450d-8a9d-cb0749356438,edf90a8c-2d9d-4c3a-8683-73566cade543,2025-03-19 15:15:25.862,2025-03-19 15:15:25.862,10000,US7nt0+2+q,com.sec.android.app.shealth,13c94152-d1ae-49c5-be25-f5fdce5c6ca6,
e4fcc152-3786-4895-a294-4b2e998876c5,f987e988-c568-4c75-80f2-7194d2e7adca,2025-03-20 02:01:45.084,2025-03-20 02:01:45.084,10000,US7nt0+2+q,com.sec.android.app.shealth,8caa4373-f201-4ba9-b34b-adb5a370cf65,
e707b2f7-89d5-4eab-ab68-139e2031907b,cfa8a5cd-e72c-4278-9fec-acbb700ff58e,2025-03-20 04:40:50.749,2025-03-20 04:40:50.749,10002,US7nt0+2+q,com.sec.android.app.shealth,6027821f-4a2c-4f75-8dab-7f48c06ce968,
b95edd17-17d3-47c5-85fb-5fe65ac9bcb1,a50d03e2-72e6-4c0f-bfd2-aaf4098e89b3,2025-03-21 00:21:02.264,2025-03-21 00:21:02.264,10000,US7nt0+2+q,com.sec.android.app.shealth,27d1322c-ec8f-4229-badb-8389667e8d8d,
7d7730b5-c0b7-430d-b790-0f3e18884c41,904b18b2-4c23-47d0-b3de-1dcd2b2230bc,2025-03-21 05:15:05.357,2025-03-21 05:15:05.357,10002,US7nt0+2+q,com.sec.android.app.shealth,aaaf843f-b7ea-4c81-8308-f23a5fc95e44,
17e55748-dab5-4506-92b3-0d8a90062e81,641e53a9-03d8-40bc-a750-1ce31c8f111d,2025-03-22 05:17:12.262,2025-03-22 05:17:12.262,10000,US7nt0+2+q,com.sec.android.app.shealth,00e05081-49ec-44f6-961b-d166c0e2fb3c,
5b9abf53-9ee1-4112-9e68-aa6bd881bbf0,156d8dfa-15b8-4ab4-93aa-d5377a878af7,2025-03-22 06:34:47.383,2025-03-22 06:34:47.383,10002,US7nt0+2+q,com.sec.android.app.shealth,aa5e1c5a-bb6f-4415-8fb5-e4419dbb2dd2,
99eb884c-0a56-49e3-b620-1de379f4b262,8ec3fa47-081f-4dfb-8c37-2bd6d064fe80,2025-03-23 02:56:07.971,2025-03-23 02:56:07.971,10000,US7nt0+2+q,com.sec.android.app.shealth,38002ed4-987d-4d71-8694-cda2d83beb7a,
920c4ae8-2866-4369-9b08-f170a8ebde2c,481f5230-a24d-413e-a499-0d76ff31758a,2025-03-23 07:03:44.537,2025-03-23 07:03:44.537,10002,US7nt0+2+q,com.sec.android.app.shealth,5a5129d9-1705-401c-9148-fbafc41f1da8,
a938191e-46b2-4b6e-8b1e-cf3472fe5e72,d4b535eb-9def-402b-be1d-331c3a3d8528,2025-03-23 16:21:44.250,2025-03-23 16:21:44.250,10001,US7nt0+2+q,com.sec.android.app.shealth,2484e110-b249-4513-bcc5-ac6c2f02ad96,
70942b2b-a528-4a27-ab21-33b7c5d8a078,1f3005d8-a57f-4b02-84f7-1a7fb7fcb285,2025-03-23 16:33:42.016,2025-03-23 16:33:42.016,10008,US7nt0+2+q,com.google.android.apps.fitness,9d0196b4-b860-4718-b599-e6d7737ad0d6,
686db827-4323-4271-8272-a3dedac123ed,5faaa069-279f-4191-b867-49be1122a001,2025-03-24 00:50:04.789,2025-03-24 00:50:04.789,10000,US7nt0+2+q,com.sec.android.app.shealth,53d66bb9-42e6-44ec-a12b-556c0e80f4ab,
f52eb22b-94c1-447a-81da-f618b773e9cd,cf59a4d2-bac6-46f3-98ee-19b3ea0d673f,2025-03-24 01:09:14.481,2025-03-24 01:09:14.481,10002,US7nt0+2+q,com.sec.android.app.shealth,651aa73a-4577-434e-ad56-c72f82d2a4a9,
57604a3c-039a-456e-a3de-d978f085a713,f7700c71-a750-4764-a031-8ecd2ae6b7a0,2025-03-24 23:52:04.209,2025-03-24 23:52:04.209,10000,US7nt0+2+q,com.sec.android.app.shealth,675aae8d-8b65-43ff-bf6d-d86406d20831,
b7cfbba1-7ee7-41d5-a816-a55df6d5aaea,53695d94-4e6c-4118-9b43-069a33513c43,2025-03-25 05:02:19.374,2025-03-25 05:02:19.374,10002,US7nt0+2+q,com.sec.android.app.shealth,06b4fa25-44d3-4256-8a15-33f8a74a9ead,
211cd34e-e79e-4c18-94a3-7f1b1f3e8556,81e1da33-e364-4645-908e-c873c927b578,2025-03-25 19:11:52.461,2025-03-25 19:11:52.461,10000,US7nt0+2+q,com.sec.android.app.shealth,c3c4d3f2-6d1a-4712-bb28-526438a49a41,
a8b35342-dd17-4973-85a6-ed65aa65bae1,7d7813a5-06b9-4e49-8d73-cd53aa741e51,2025-03-26 04:40:15.856,2025-03-26 04:40:15.856,10002,US7nt0+2+q,com.sec.android.app.shealth,1e51878e-d825-4b88-a4d7-75b8db739f34,
2fd2d6cc-6c13-4d4d-a313-53aa225e1e04,fbb821c7-84f4-4176-b374-7ff9509d0943,2025-03-26 15:46:05.754,2025-03-26 15:46:05.754,10001,US7nt0+2+q,com.sec.android.app.shealth,795553f6-cf39-4c7a-b54b-e2484a5376f7,
72396bba-3e97-43c9-9dd9-affcd92f73b4,ef9a4038-5697-4120-bf2b-5ddd106a3b9a,2025-03-27 01:21:25.233,2025-03-27 01:21:25.233,10000,US7nt0+2+q,com.sec.android.app.shealth,a6ae6689-9e75-4790-aef0-749096e723ac,
8001c9ec-f97d-40e5-9f1a-70f714f4ec49,abc95442-fb47-4a33-a5e9-6a632c5d9a6a,2025-03-27 04:45:55.487,2025-03-27 04:45:55.487,10002,US7nt0+2+q,com.sec.android.app.shealth,f0b5444e-a6ac-421f-a04f-c28d94bd2baf,
fea63c36-fc78-471a-9a22-7f6395f87030,9922e66d-416f-4f7e-a7ed-af1b76551784,2025-03-27 15:17:55.805,2025-03-27 15:17:55.805,10001,US7nt0+2+q,com.sec.android.app.shealth,cc894f94-d288-4070-8a15-1ed1b4f5cf43,
b77bc204-5784-4960-ab20-955a645999a0,1902f465-e9b1-4e9c-a9c0-ed946221af1d,2025-03-27 17:01:05.602,2025-03-27 17:01:05.602,10001,US7nt0+2+q,com.sec.android.app.shealth,5a636a6b-8ed6-4a00-9dc9-6600eae775db,
415b168e-aa73-4aac-8eaa-34363b25f4b1,897b09fd-8c9c-4527-bb35-01c436cb9e97,2025-03-28 01:54:40.797,2025-03-28 01:54:40.797,10000,US7nt0+2+q,com.sec.android.app.shealth,a03bc9b8-53b3-4ddb-9bec-a5a7e5dd0daa,
5b4140ac-31ea-40cc-8f8f-502a72632c2f,700f0a11-97f1-450e-8550-c9923c39f7f1,2025-03-28 05:06:54.252,2025-03-28 05:06:54.252,10002,US7nt0+2+q,com.sec.android.app.shealth,51f11487-737a-4ca9-9679-ec0db51d918b,
4f77953b-6d4d-4e48-8694-a5d74375e24f,016c48f8-f9e4-432a-8b38-224717dc87f7,2025-03-28 21:33:49.889,2025-03-28 21:33:49.889,10000,US7nt0+2+q,com.sec.android.app.shealth,ee3d4373-a385-43e0-ab03-eadfd845cc86,
67491adc-36e4-4ede-9a76-f1910e1adf7f,d03293d2-b906-4270-a560-19991f9b7598,2025-03-30 02:59:49.100,2025-03-30 02:59:49.100,10000,US7nt0+2+q,com.sec.android.app.shealth,962f745e-4c9a-45ba-9f7c-f4b112b16db5,
21e339c7-dd0e-400a-90eb-4020fe1310f7,d6a3fc7d-5818-46ab-817d-e68040e3266c,2025-03-30 04:47:03.500,2025-03-30 04:47:03.500,10002,US7nt0+2+q,com.sec.android.app.shealth,3dccb947-26cd-4e01-8c47-2bdc860192b8,
d08faf40-3388-43ec-94cf-bf7b45153704,c4a7ff1d-9adb-435e-9b45-82eb2ddf62dc,2025-03-30 04:47:18.699,2025-03-30 04:47:18.699,10002,US7nt0+2+q,com.sec.android.app.shealth,a6005c90-f4bc-4d29-8648-8b5ef1fdc10d,
203b7f42-06c9-486b-a9b8-431e93e34d82,f68ea015-ced1-4c28-9ae6-a8e209227fd3,2025-03-31 02:27:22.142,2025-03-31 02:27:22.142,10000,US7nt0+2+q,com.sec.android.app.shealth,5ab95cf0-cca0-4aa8-939a-0dd0531e2160,
904d88ca-2aa8-4fc4-a7ea-4bed2df78bf1,36c1725c-9932-416c-b84e-47ee03f4d165,2025-03-31 04:40:51.607,2025-03-31 04:40:51.607,10002,US7nt0+2+q,com.sec.android.app.shealth,9fcaf7f2-91ca-41ad-96c4-ce71276c1f3a,
8e2cabf9-9af0-44b3-9ed7-4f10f8c772e3,1382247d-a185-47db-8926-809cb26fe14a,2025-03-31 19:37:30.805,2025-03-31 19:37:30.805,10000,US7nt0+2+q,com.sec.android.app.shealth,52db1ab3-bd42-4b57-bc4b-07f4ca098d3e,
679cbd71-ce70-419e-aec9-9fb715f83437,90a7b9f2-a0f1-419e-b96f-b5916dd69291,2025-04-02 02:25:01.180,2025-04-02 02:25:01.180,10000,US7nt0+2+q,com.sec.android.app.shealth,34c6bc68-62ef-435a-b17c-acf74e6cccf4,
80c05f6a-6dec-4623-8412-881f9bc688de,95ead240-18d4-471d-92e3-6c5f2ad83ec5,2025-04-02 05:39:41.416,2025-04-02 05:39:41.416,10002,US7nt0+2+q,com.sec.android.app.shealth,9dd279a9-f509-48f3-9ee6-2f9c30b9595e,
677432b9-dc06-4c4b-9384-dd9c634ac04e,6fc98531-00b6-45bd-a16a-cb14bbf22ffd,2025-04-02 05:39:58.662,2025-04-02 05:39:58.662,10002,US7nt0+2+q,com.sec.android.app.shealth,ce890fb8-9ab4-475b-a255-a17de5ff128b,
7d82de8f-26db-4614-a03a-cdfcdc333826,11035fb3-e67f-4526-a398-a81dee88ac3d,2025-04-03 02:35:02.207,2025-04-03 02:35:02.207,10000,US7nt0+2+q,com.sec.android.app.shealth,853112b2-b53e-401f-a022-b4753f526a3f,
7a8d5dbd-a270-4a6e-bd54-20e608e00475,d24a58cb-8fb2-4d48-86ce-6c835b63f989,2025-04-03 06:39:18.576,2025-04-03 06:39:18.576,10002,US7nt0+2+q,com.sec.android.app.shealth,eb89392a-54fc-4461-a27c-c70e0df8d530,
b03ccfed-a5e0-4c0e-98ed-f56480e3b921,5036b039-d69a-410c-8fbd-55ccb4a02d07,2025-04-04 01:32:33.730,2025-04-04 01:32:33.730,10000,US7nt0+2+q,com.sec.android.app.shealth,05104d6e-5d38-4287-9933-65936f2ef2ce,
81da3986-9f18-48fd-ae8e-34b6e156a9f2,315a864a-0e65-468b-bd26-061a2b4d5140,2025-04-04 04:02:18.040,2025-04-04 04:02:18.040,10001,US7nt0+2+q,com.sec.android.app.shealth,603228fe-9f42-43ec-8a67-8ac691d44cff,
5106b772-0862-47a8-aa09-b76a24e64db9,4a2f55b7-4762-4cf8-a7e7-30e101664dc2,2025-04-04 06:13:56.291,2025-04-04 06:13:56.291,10002,US7nt0+2+q,com.sec.android.app.shealth,15331bbc-4887-4610-9ea5-57088834f84e,
1ae0d564-053e-49d2-9621-8074ced98ad7,e6cb1e19-d00f-43ab-86a3-5c8e8675bfef,2025-04-05 00:39:03.039,2025-04-05 00:39:03.039,10000,US7nt0+2+q,com.sec.android.app.shealth,a3445f2b-c583-4176-9cc9-131292ccf783,
cd4aa7cc-dc87-4a88-bfa0-53ae58a935fa,c069d6f7-b435-4dc6-b257-6d429df69db0,2025-04-06 04:39:51.741,2025-04-06 04:39:51.741,10000,US7nt0+2+q,com.sec.android.app.shealth,bf8de1cc-84a6-40ab-9fe0-77b11d93f87f,
87a642fe-ed82-4eae-ae2f-ee796866baed,2fd4027e-ca6b-4e09-8fb3-290018d4ce5a,2025-04-06 09:27:47.403,2025-04-06 09:27:47.403,10002,US7nt0+2+q,com.sec.android.app.shealth,a350663f-3db3-4391-8570-00b55030e6f3,
0ccc5eee-8677-425b-a4c4-f3e6b294c892,aae4d418-7aae-4ac5-b99e-ed157b7fdc91,2025-04-06 16:24:43.795,2025-04-06 16:24:43.795,10001,US7nt0+2+q,com.sec.android.app.shealth,63f12d64-e948-4b3f-85a8-595312512540,
f2bea7a9-291c-4cd7-9276-ebfab9eb599e,275d90c0-44d2-4e36-940f-e7f0a36dcb77,2025-04-07 02:47:57.109,2025-04-07 02:47:57.109,10000,US7nt0+2+q,com.sec.android.app.shealth,e03c8a54-ef2d-4c84-9499-d9bbc1da37d7,
4433e387-b18b-4c8c-a53b-8e84627ebf46,dd5bb7dc-3223-485c-aa0f-ef156e1a78d9,2025-04-07 05:21:18.045,2025-04-07 05:21:18.045,10002,US7nt0+2+q,com.sec.android.app.shealth,95e18f48-4d9e-440b-b19c-b1ecbff378b3,
6702dbb2-a232-4ad2-8429-26f3afa71e59,d95f1451-be0e-4932-bd33-8667f19b2012,2025-04-08 02:40:42.808,2025-04-08 02:40:42.808,10000,US7nt0+2+q,com.sec.android.app.shealth,71bdb57c-077f-4dae-bfea-46aaad56abc9,
aef4221a-e35e-4990-af4a-e70d48a8218f,3b16ab66-ef2b-4bc2-a069-e946e82f6cfb,2025-04-08 18:54:56.285,2025-04-08 18:54:56.285,10000,US7nt0+2+q,com.sec.android.app.shealth,9f562d49-175c-44be-8557-65fb10cc3cef,
ac771922-8368-4c5b-9a2c-e056bb41c4de,d70edce5-2c56-46cd-82bf-69fe69f77d47,2025-04-09 01:27:54.089,2025-04-09 01:27:54.089,10002,US7nt0+2+q,com.sec.android.app.shealth,9cd30f41-ec00-4a5d-ac7d-0b90b2f57149,
751621d3-14ea-4588-be4d-640c82e10c40,bd3df987-aae7-442e-aade-ced4df349666,2025-04-09 16:25:32.932,2025-04-09 16:25:32.932,10001,US7nt0+2+q,com.sec.android.app.shealth,6c634ab2-e421-4329-b579-ea8d8443b0d3,
2aef9fbc-1a6d-4e80-85f7-dd914bcd60bd,62a4730d-16fc-474b-bcfa-691e8fe6d8c6,2025-04-10 02:37:43.993,2025-04-10 02:37:43.993,10000,US7nt0+2+q,com.sec.android.app.shealth,8dc7177a-4585-47c9-a647-208e08674398,
1bec8d37-68f9-41c8-9f0e-750bdd3a3467,27871bf8-82e1-4d75-9f78-347133ca01fa,2025-04-10 23:15:27.924,2025-04-10 23:15:27.924,10000,US7nt0+2+q,com.sec.android.app.shealth,15ac4835-638f-43e8-93af-ccb523e4b2e9,
e7bb3b97-0c0f-4727-b68d-4b4ff2e526c2,bc1af65f-02a4-417f-a289-bc30653e08de,2025-04-11 13:29:14.428,2025-04-11 13:29:14.428,10002,US7nt0+2+q,com.sec.android.app.shealth,4cf6ac49-c85e-4e50-a969-dbc4e81b199d,
9757bb54-2b0e-459e-8e1a-23e96d087556,403fcae5-45b1-4414-b38f-9e921510e5a6,2025-04-11 13:29:14.432,2025-04-11 13:29:14.432,10002,US7nt0+2+q,com.sec.android.app.shealth,7d69d4c6-0f32-4601-9ff2-b52a245a5482,
0216b6a0-e53c-4625-8ab9-cfa918e75ba0,32a0e73a-bee5-4c35-9a0a-a38d37e8fdf0,2025-04-11 13:29:14.434,2025-04-11 13:29:14.434,10002,US7nt0+2+q,com.sec.android.app.shealth,50f2de49-5855-4856-8199-f14d682bc332,
54c2bb4a-9309-463c-9342-8666fa289765,d76bfbf4-9892-43f6-875a-b9997104210f,2025-04-11 13:29:14.436,2025-04-11 13:29:14.436,10002,US7nt0+2+q,com.sec.android.app.shealth,dcfc9902-1e16-4c70-97dd-f33a484c16fb,
76674115-c8f7-4418-aed0-24871b995a83,adf0f2d1-2827-4877-a675-a04074e18fdb,2025-04-12 03:52:03.527,2025-04-12 03:52:03.527,10000,US7nt0+2+q,com.sec.android.app.shealth,95e32432-e5d1-4eee-81c6-d53ee3536d17,
4c8bd49a-89fc-4343-910d-b492d12308c4,6a393b10-afed-42df-b217-daf236522499,2025-04-12 12:10:51.198,2025-04-12 12:10:51.198,10002,US7nt0+2+q,com.sec.android.app.shealth,c119a5b9-f6b0-41c6-bd8c-50772b44cdb1,
b51e7179-2334-44ae-9a00-598b03e3347f,ab0b6e93-2018-4028-b383-5d0d9691e769,2025-04-13 03:06:33.640,2025-04-13 03:06:33.640,10000,US7nt0+2+q,com.sec.android.app.shealth,53accf95-5dbc-46bb-b7e7-39ab15e3ee54,
5d521967-3881-4a77-97ca-35be05726ce2,4c0a9ae1-a733-4c32-a8bd-e516b2d5abbd,2025-04-13 09:42:49.390,2025-04-13 09:42:49.390,10002,US7nt0+2+q,com.sec.android.app.shealth,b7861597-8ff9-41d9-85f1-687ebbd93677,
2d169ac2-2d85-4e23-a791-8103f183d6dc,7fd7d373-b8b3-48af-b449-b9b4c8c91bea,2025-04-13 15:13:51.641,2025-04-13 15:13:51.641,10001,US7nt0+2+q,com.sec.android.app.shealth,82f06912-9b90-4d26-bd19-5f0be64e12b5,
9d69698a-ccdd-4b46-9475-2581897a8309,a5ee1dac-f5b0-4df7-937e-046f68674627,2025-04-14 02:57:19.218,2025-04-14 02:57:19.218,10000,US7nt0+2+q,com.sec.android.app.shealth,1bfb9884-d52d-4458-b224-534d3ad5f7d3,
195cad6c-a47a-4095-a413-4e2915f85745,989db84e-b097-49b3-b186-60bae2ad328b,2025-04-15 02:26:45.810,2025-04-15 02:26:45.810,10000,US7nt0+2+q,com.sec.android.app.shealth,02807bdc-7c5a-4f14-9669-9710fb2cf6d2,
bf7b275a-0bd3-4e99-a724-147293c133ea,5c6dd140-2459-4f47-b4d0-ce3eff3eca76,2025-04-16 00:56:10.736,2025-04-16 00:56:10.736,10000,US7nt0+2+q,com.sec.android.app.shealth,5ca0d418-0f36-46a6-90ca-9e27a960bc11,
cfd1a91b-5a06-4210-b876-9d492a0c619f,0e8e8f10-2519-4f0f-baa1-7e5673cc9325,2025-04-16 15:24:13.055,2025-04-16 15:24:13.055,10002,US7nt0+2+q,com.sec.android.app.shealth,7d2014a5-e811-4fbc-aa10-c0ff01c9b7ad,
58b95fe3-6f29-4221-add9-3101a55ffdbf,4fa8ede8-f944-4af0-af8d-ba4d9483b659,2025-04-16 15:24:13.062,2025-04-16 15:24:13.062,10002,US7nt0+2+q,com.sec.android.app.shealth,749e8227-ad3c-4497-9103-b051e263eb8c,
1779cfc5-d1a4-4d4a-844d-6e0b83a75391,11a105d3-535a-4d07-bcf9-fe47a40eaf61,2025-04-16 15:24:13.066,2025-04-16 15:24:13.066,10002,US7nt0+2+q,com.sec.android.app.shealth,ea1c5b92-fe5d-4486-8aae-18ec0e3b9ddd,
f92b2486-57e2-4a53-b863-2c5863f7d2cb,cc78971f-f23b-43b4-9aac-e744e5b0d6b0,2025-04-16 16:32:26.754,2025-04-16 16:32:26.754,10001,US7nt0+2+q,com.sec.android.app.shealth,a9fa9c15-537d-4a2f-bfdb-dce3cc5358a9,
4b642224-cb3a-42c2-b5ee-30cde9e76887,3777d27a-5d49-474e-b094-0a2b7d0128f3,2025-04-16 16:44:53.045,2025-04-16 16:44:53.045,10008,US7nt0+2+q,com.sec.android.app.shealth,7685f721-4d67-4135-a19e-2cc49b5b8a81,
6d81a5ca-48f9-432a-a124-45b3c06c23d8,802fd0f1-6c8b-42d3-953a-a922c03aa6e0,2025-04-17 00:50:51.534,2025-04-17 00:50:51.534,10000,US7nt0+2+q,com.sec.android.app.shealth,6fa9e798-6b98-481a-ad45-c4338beb1fa8,
88a10d8f-e780-434c-a8e0-06b572d36b26,c3eb5a01-e27d-49d9-9da8-8828df320789,2025-04-17 09:12:10.176,2025-04-17 09:12:10.176,10002,US7nt0+2+q,com.sec.android.app.shealth,8c88cd57-6b5e-485d-898d-d190d9862e9e,
c567a1f2-3bf9-47ce-bc03-3621c81e0cbf,98055a1f-a335-41d2-be6a-b4bdca270907,2025-04-17 11:02:53.863,2025-04-17 11:02:53.863,10001,US7nt0+2+q,com.sec.android.app.shealth,8ca28635-63cf-4984-b062-291623f822bd,
835faf73-3821-4491-8efa-0ee6929f9aad,45e0f2b5-f065-499e-8efc-1d4c27170a86,2025-04-17 15:52:30.251,2025-04-17 15:52:30.251,10001,US7nt0+2+q,com.sec.android.app.shealth,059b181e-09e7-498c-9875-351849a41e68,
3e2b0e31-e8d3-4c45-b10b-86baa7389c4c,9c7eada0-f6ae-4f36-b6a1-55e8473109ad,2025-04-18 02:40:24.837,2025-04-18 02:40:24.837,10000,US7nt0+2+q,com.sec.android.app.shealth,ef8a7189-053c-41af-9c68-00aca833da07,
060e81c9-57ee-4277-ad98-16bc417342b4,6712ce16-226b-4b7c-99c0-5bc30e1a984b,2025-04-18 14:31:12.414,2025-04-18 14:31:12.414,10002,US7nt0+2+q,com.sec.android.app.shealth,06a7b380-ff17-4b28-8003-e3206e98e1a6,
5839b032-fe97-46a0-b312-2bbb99e9b601,bc9f8932-e3d2-46cd-9b27-bf224d9874ee,2025-04-18 17:55:35.106,2025-04-18 17:55:35.106,10001,US7nt0+2+q,com.sec.android.app.shealth,eb638c2c-a70f-4e46-a3e7-e5e250b96145,
a3f245fa-4b6a-4c16-b5ed-f57dcb46145f,2429ba08-eda5-47fe-9179-24a5990fd722,2025-04-19 02:59:54.862,2025-04-19 02:59:54.862,10002,US7nt0+2+q,com.sec.android.app.shealth,04614a8e-1c7d-4cd3-9a96-dccbe5896307,
d75e5bd5-cbd8-49fd-8add-c7045a153bb2,692f0505-bb55-4e5c-8480-079a9d085e92,2025-04-19 03:47:15.738,2025-04-19 03:47:15.738,10000,US7nt0+2+q,com.sec.android.app.shealth,17661776-fa5f-4ab4-bd11-98cc89827e58,
a8187f77-c927-46a3-9479-d1e5d11c060e,9812ae39-d724-4c3d-8e6f-309ea3cb3b93,2025-04-20 02:26:16.094,2025-04-20 02:26:16.094,10000,US7nt0+2+q,com.sec.android.app.shealth,c5a5a060-25d8-43c5-96ba-1f9165d696ef,
339ed5cb-f8da-42e0-9eb8-fde990034f30,8be77bb0-b0ee-44d5-a917-632b76cb4fbb,2025-04-20 02:35:02.842,2025-04-20 02:35:02.842,10002,US7nt0+2+q,com.sec.android.app.shealth,ca356353-f626-4420-9ede-86932592bcab,
154c47fe-208c-47f1-8096-eb2096c13ada,994345c6-112d-4fce-8b33-7c0e9270959c,2025-04-20 16:08:04.325,2025-04-20 16:08:04.325,10001,US7nt0+2+q,com.sec.android.app.shealth,fe34cb29-29d2-41d4-b51d-d0e8ca918d75,
20d91430-9d46-4efd-add3-1740f87b0205,86b3fdfc-1135-481e-8d7d-8536cbbb71f6,2025-04-21 02:43:14.076,2025-04-21 02:43:14.076,10000,US7nt0+2+q,com.sec.android.app.shealth,94f11456-cccc-423e-8cd2-5d51b50b5bf4,
0d319871-8f7f-4a7b-941a-821bdbb30d4b,563d2b8f-0092-4746-a529-1cb22ab7a1e6,2025-04-21 08:20:07.231,2025-04-21 08:20:07.231,10002,US7nt0+2+q,com.sec.android.app.shealth,029325a9-7a42-470d-baf3-c81873290b7f,
1bd531a9-ef61-40eb-ba80-2abc92db72d4,42bf57be-4f67-4438-b875-995fb7e3b17f,2025-04-22 02:24:53.250,2025-04-22 02:24:53.250,10000,US7nt0+2+q,com.sec.android.app.shealth,cbf266ad-b313-467e-901d-70d95e6a6a62,
11b335af-82de-4a2b-b0cd-70e58c90e46d,88412e31-bee4-4672-ab0a-fad69ad327ae,2025-04-22 09:02:24.973,2025-04-22 09:02:24.973,10002,US7nt0+2+q,com.sec.android.app.shealth,8a9308bd-0397-4ea1-b23e-4dc4b6a1689c,
da355ad4-cb24-4e3e-92ad-5517b65a3911,c160cfbc-e814-4d22-9467-17c8f8e88c9f,2025-04-23 02:18:09.169,2025-04-23 02:18:09.169,10000,US7nt0+2+q,com.sec.android.app.shealth,fbb215f0-8bfe-4904-8069-a2fd7e51a8db,
1b4eaf92-2384-427c-89e0-474efac49a40,608fd70d-9e39-4845-856b-6005430daaa9,2025-04-23 03:54:38.018,2025-04-23 03:54:38.018,10001,US7nt0+2+q,com.sec.android.app.shealth,2a72ee50-81a6-4bfe-890e-bd22ba2b11c9,
5d9b70c3-9bbf-4e15-9578-f5e28f6a9ff3,1eadf6ba-12c4-48d1-a9dd-b507079d6670,2025-04-24 01:31:24.295,2025-04-24 01:31:24.295,10000,US7nt0+2+q,com.sec.android.app.shealth,4117fa04-ed7f-444c-9ca9-703677473421,
f9d219c1-7f57-410b-a12a-57256823664f,f6d77696-50ad-459e-8d91-d316c96a387f,2025-04-24 03:59:36.366,2025-04-24 03:59:36.366,10001,US7nt0+2+q,com.sec.android.app.shealth,1d3c6649-94d8-4734-9832-ea083331a37c,
0f536e8e-a215-42c3-a25c-d5259a1bda34,6ad8cc0b-6fda-4f06-bb19-61dff4296794,2025-04-24 05:15:01.348,2025-04-24 05:15:01.348,10001,US7nt0+2+q,com.sec.android.app.shealth,bc87aefd-bf24-41ed-8cb7-22aad432d8e8,
2291b93f-c117-49c7-b975-57b34e4fda31,cdebda28-9f96-492e-8e29-e75320747574,2025-04-24 09:35:00.898,2025-04-24 09:35:00.898,10001,US7nt0+2+q,com.sec.android.app.shealth,38732cb8-6169-4c6b-bb96-3010af229bb1,
0009dd93-172f-4b10-8baf-51f5eeaea6c5,fad15c61-b905-4bc9-b3ec-e0e83811eddc,2025-04-24 10:10:48.204,2025-04-24 10:10:48.204,10002,US7nt0+2+q,com.sec.android.app.shealth,19c39850-828b-4c8a-b0ff-740e4ecc59b6,
e0e6fc52-cc78-4353-8a92-3e40d8338870,2fefabbd-0b9a-4377-b076-ca280a179b83,2025-04-24 10:10:55.060,2025-04-24 10:10:55.060,10002,US7nt0+2+q,com.sec.android.app.shealth,328b344d-a219-4e72-a280-474500b6bca5,
65f6e69f-c89a-4fa9-b2af-3055fe631b94,6b11103c-5efb-4ea2-a3a0-afc18259a293,2025-04-24 22:34:06.158,2025-04-24 22:34:06.158,10000,US7nt0+2+q,com.sec.android.app.shealth,5ef8e394-85b7-4448-9ed9-6c6e471177e8,
4d297122-1919-4d1c-afee-002effd17ab8,1c9c2273-5d99-49e4-a3ca-a5838f935b09,2025-04-25 02:51:37.523,2025-04-25 02:51:37.523,10002,US7nt0+2+q,com.sec.android.app.shealth,defff38c-0bf6-432b-bc02-e99b0f4b5834,
54cbd144-0a54-4a60-a1fa-ba7c8a1d8300,89e3932d-0a8d-430c-8d48-789e7fa3874d,2025-04-25 22:34:34.536,2025-04-25 22:34:34.536,10000,US7nt0+2+q,com.sec.android.app.shealth,ae5929bf-138d-4a95-b5b0-2a0fd0844003,
29bcd8c2-a1a3-4c61-acbf-78177a6e8411,9ce7317a-3f3d-45fe-963d-f05b6c0c71ad,2025-04-26 05:22:13.479,2025-04-26 05:22:13.479,10001,US7nt0+2+q,com.sec.android.app.shealth,c233f01c-dcdb-4c79-9c7c-00a098b28d43,
bcadc074-7d90-4d04-b738-99997b407732,b2bd499b-6d69-434d-921a-d41adbcfddc1,2025-04-26 05:34:30.381,2025-04-26 05:34:30.381,10001,US7nt0+2+q,com.sec.android.app.shealth,b6566a1e-115f-4f6e-ad93-f6e6f87bda4f,
d7038847-09cb-4209-b54e-5031cfc2eaef,a9668e0f-bfbb-4448-9022-42c2c2a085e5,2025-04-26 18:36:11.811,2025-04-26 18:36:11.811,10000,US7nt0+2+q,com.sec.android.app.shealth,b4bfa291-2521-48eb-a4dc-a433e618619b,
b24b3c99-9d50-4de4-a494-3371c0ccdaae,df3cb7f0-7cf1-46c3-8bbf-2509ad26082e,2025-04-27 12:04:41.064,2025-04-27 12:04:41.064,10002,US7nt0+2+q,com.sec.android.app.shealth,856847c6-7edc-40b0-bb17-f4b72fc65b2d,
09d3ca9a-c4b0-4763-8f97-f15c65840642,4ac2f74c-d9a5-4ea5-8715-e7fd7fd39584,2025-04-27 12:05:14.557,2025-04-27 12:05:14.557,10002,US7nt0+2+q,com.sec.android.app.shealth,b379a221-15a3-4841-a4e9-5747489e0c57,
beb87c9b-383b-44cd-aaf7-ab1885c3b376,8b8ef684-40e2-4d75-a48c-dc883db6e41f,2025-04-27 19:36:03.760,2025-04-27 19:36:03.760,10000,US7nt0+2+q,com.sec.android.app.shealth,2591a16b-1280-4a60-9bbb-df8d24cb6c12,
106cd44e-3b41-4482-8e15-875c7095c63d,43cbe1e5-825d-4493-b3a6-f55e59532635,2025-04-28 01:30:29.888,2025-04-28 01:30:29.888,10002,US7nt0+2+q,com.sec.android.app.shealth,638006d4-49c2-479d-bed0-4d55374503e4,
18668913-7cc8-4a4d-b687-0feeebe551a4,37ae5fce-5990-46fc-8a8d-17429bb43bbd,2025-04-28 18:52:36.103,2025-04-28 18:52:36.103,10000,US7nt0+2+q,com.sec.android.app.shealth,1497ee28-e0df-4607-895c-c002237059c1,
75ed9be7-37bc-4900-bb5c-2a3c90c73aa5,609d6f9e-622a-4c4d-88f2-55282d6ec883,2025-04-29 03:45:23.928,2025-04-29 03:45:23.928,10002,US7nt0+2+q,com.sec.android.app.shealth,d97dcd6e-c559-49fe-96e3-c91b4c10548a,
a7593b6d-669b-4966-a470-4e01b0dba7d7,570397a7-c463-41d8-8ee5-ba52e4d10b87,2025-04-30 00:03:42.079,2025-04-30 00:03:42.079,10000,US7nt0+2+q,com.sec.android.app.shealth,6e5f8d7a-effe-41a9-950a-e0741c3be740,
0cdc0b8d-d683-4ca4-8fd8-d35d2b25bde2,f13ad35c-7238-4468-a6a9-f7e09293f253,2025-04-30 00:10:24.584,2025-04-30 00:10:24.584,10002,US7nt0+2+q,com.sec.android.app.shealth,45a9882e-1a66-4912-80f7-85921dc23fed,
9fa92b78-0b63-4fcc-89d9-9ea0c1c5b3a2,b07e6017-8837-4d45-a8ca-91e1c28e33dd,2025-04-30 20:17:20.162,2025-04-30 20:17:20.162,10000,US7nt0+2+q,com.sec.android.app.shealth,a15dea5c-541f-450b-b267-7c70643e3fcc,
e8d108b7-d907-4493-b34b-7e79c507f04d,5db436ba-16ef-43fa-a6d6-32dea28a236c,2025-05-01 04:37:27.978,2025-05-01 04:37:27.978,10002,US7nt0+2+q,com.sec.android.app.shealth,6dd50bd9-8645-4f1b-aa1d-2a43ad993d03,
a41ad15c-7c7b-4e88-8432-4531195c7436,b22237c3-079f-4b53-8af2-69b37abd8614,2025-05-02 00:31:52.480,2025-05-02 00:31:52.480,10000,US7nt0+2+q,com.sec.android.app.shealth,58356f0d-c1f0-4af6-ae9d-6c3a217645fc,
4a3b701e-700f-4ba6-aff0-ce792d423cb4,eefeb8e7-69d2-4fd1-bdaa-7023d04b7859,2025-05-02 01:35:18.990,2025-05-02 01:35:18.990,10001,US7nt0+2+q,com.sec.android.app.shealth,e3974b82-4287-4b6f-abcd-dd3f5cff224a,
fae5da12-1857-414f-a6eb-bca25f8c4401,ffec939d-d941-42a4-a2bc-a7670f869a64,2025-05-02 02:00:10.911,2025-05-02 02:00:10.911,10001,US7nt0+2+q,com.sec.android.app.shealth,d02e0527-98c3-440b-99ed-4e76adc605d5,
355f12d4-e41d-40db-99d0-fbca42322723,48eb50d5-1715-43c8-a131-7d858f401f50,2025-05-02 09:39:16.020,2025-05-02 09:39:16.020,10002,US7nt0+2+q,com.sec.android.app.shealth,d04c5e4c-4938-4db9-88b3-f73f52f73886,
f70294e7-29e9-4606-bf70-6c882db554db,df5e104b-ee7e-4f3b-92d2-88dc2f02be2e,2025-05-03 03:27:34.902,2025-05-03 03:27:34.902,10000,US7nt0+2+q,com.sec.android.app.shealth,bd0ac29d-bd3f-4590-b870-299d4c898e37,
82d2a5ed-238e-4302-a829-799e88109bea,2d646589-1ece-45cb-859d-d09f129b33fe,2025-05-04 03:27:21.914,2025-05-04 03:27:21.914,10000,US7nt0+2+q,com.sec.android.app.shealth,6d2c8542-d114-4fe4-8691-094cf35ed91a,
2f80c5b9-d15b-4b7f-88ac-aa362a58680a,0d643339-8c7b-479a-8918-0e08cc9ffa8b,2025-05-04 04:56:44.302,2025-05-04 04:56:44.302,10002,US7nt0+2+q,com.sec.android.app.shealth,5f6c8efd-7958-4740-a3af-c9034418a30b,
756726ce-d7c6-46b4-a856-de3c2c558e23,ace43236-900c-4572-90da-7441c6295e0d,2025-05-04 04:56:51.609,2025-05-04 04:56:51.609,10002,US7nt0+2+q,com.sec.android.app.shealth,88cd62b6-2b13-44b7-bfae-f5f941f1033d,
5377f95b-86d4-4dfe-9510-9ad718908fe7,48c73b96-5c8c-47ed-812d-74eb8a8c4005,2025-05-05 02:34:14.311,2025-05-05 02:34:14.311,10000,US7nt0+2+q,com.sec.android.app.shealth,66c8be08-8875-461f-97a4-69020037cf9c,
9d699d4c-b6eb-44c7-bed4-2965750ad4a1,21c05000-f701-472e-bb24-82bd7a373536,2025-05-05 05:38:44.367,2025-05-05 05:38:44.367,10002,US7nt0+2+q,com.sec.android.app.shealth,4935d728-76f8-43e3-b726-c755b3a69152,
73a979e2-439f-4073-97bb-717caec6b49e,13c9bf7a-b78c-4364-8cf2-7ce388600f74,2025-05-06 00:11:15.175,2025-05-06 00:11:15.175,10000,US7nt0+2+q,com.sec.android.app.shealth,f8ef1bdb-7ed2-4645-8a3b-e1f1b83a7f26,
334ebf08-c41a-4920-b951-876ae542bc9e,38c188a6-3c9b-4c05-8953-859b6870430d,2025-05-06 17:22:25.828,2025-05-06 17:22:25.828,10002,US7nt0+2+q,com.sec.android.app.shealth,47b39c33-6f78-4096-a3dd-360410c3cdee,
4edf3a65-90cc-4c00-8c84-4dc1ae4b2f32,1ba11815-4a7e-40f3-a857-c7daf289d39d,2025-05-07 00:39:22.832,2025-05-07 00:39:22.832,10000,US7nt0+2+q,com.sec.android.app.shealth,7d811cdc-0d99-4bd4-a36d-6e5388bcdd6a,
db92b3de-b4e8-4e52-8dc7-7060bf8968cf,ef48855b-3605-4759-93b9-2425a506fefc,2025-05-08 02:56:18.439,2025-05-08 02:56:18.439,10000,US7nt0+2+q,com.sec.android.app.shealth,1a260bc0-f127-4a60-8b1e-fe57a1a6cc69,
e5c1f2a4-5592-46c8-ae48-f8c16d3ac257,738dd801-91d9-497f-b10b-eeb82064c856,2025-05-08 04:10:28.517,2025-05-08 04:10:28.517,10002,US7nt0+2+q,com.sec.android.app.shealth,4e419e2a-cc64-475c-9d1f-53c1dea2e139,
7b7c8320-93da-47e1-868a-195a411a3b97,3b585a11-6107-485d-a2e3-8f4b88f24b4a,2025-05-08 04:10:34.270,2025-05-08 04:10:34.270,10002,US7nt0+2+q,com.sec.android.app.shealth,ed01d83e-cdf2-4e25-be33-a929d45db6e4,
8d610738-c3b3-46ce-83ff-a68f1d281bc5,5f90a7e9-6c83-4a3f-abe6-0d074687b095,2025-05-09 03:05:22.214,2025-05-09 03:05:22.214,10000,US7nt0+2+q,com.sec.android.app.shealth,c80ea086-cf7c-41bd-9f46-dbb6f3f8cde3,
e52e365a-f9d0-426b-a186-98d1212b3aab,835584a0-6369-40ef-ae9e-3d2931c8e9c3,2025-05-09 05:42:29.752,2025-05-09 05:42:29.752,10002,US7nt0+2+q,com.sec.android.app.shealth,aafec279-6406-491f-a8f5-398d0524ba84,
2ae6d799-7b60-478a-9008-6b037d0d3b7d,275a6d71-75e9-441d-82d2-3c307c885799,2025-05-10 02:57:25.387,2025-05-10 02:57:25.387,10000,US7nt0+2+q,com.sec.android.app.shealth,3942ddca-9a87-48b4-8b62-f1b4bed9318e,
2b9c279f-dde7-424b-a6fe-4c9e28120234,6dea0761-faef-4ac9-bc77-91a6b112ff9f,2025-05-10 02:59:03.052,2025-05-10 02:59:03.052,10002,US7nt0+2+q,com.sec.android.app.shealth,b7f91457-0687-46f7-8b37-a69430cd462e,
d8387ba9-7f73-4d80-a5eb-47782e4236ea,2aba3883-f548-4040-b111-6a0113c3af3f,2025-05-10 02:59:44.387,2025-05-10 02:59:44.387,10001,US7nt0+2+q,com.sec.android.app.shealth,b9542c68-586e-44be-a370-c8b9fc2f4456,
01d885e7-7273-4887-8798-04500d15c217,56e69978-ddaa-498c-bfd4-097e8ffc5c7f,2025-05-11 03:30:07.863,2025-05-11 03:30:07.863,10000,US7nt0+2+q,com.sec.android.app.shealth,055ffe3b-3608-40c8-b61e-0998c926113a,
b9daac1a-340c-40a8-965a-12c2a7407ec0,916434aa-09f4-4a39-9899-3a31e514511b,2025-05-11 04:39:46.698,2025-05-11 04:39:46.698,10002,US7nt0+2+q,com.sec.android.app.shealth,dec53de8-ecb1-4c03-b82d-689493db4a32,
4048845e-0166-45c2-a5b6-a432fe749daf,0dee8e56-7326-497e-8ee0-e5a7df32a979,2025-05-12 03:00:53.555,2025-05-12 03:00:53.555,10000,US7nt0+2+q,com.sec.android.app.shealth,25e914b9-5d51-46a3-ac16-60e655102e6c,
e7989839-ea33-4311-a921-b008cc5c417e,1e2b8ab0-75d4-4c0f-abf0-dceac0721964,2025-05-12 08:24:40.617,2025-05-12 08:24:40.617,10002,US7nt0+2+q,com.sec.android.app.shealth,88719907-eaea-43c6-bf93-bff73daaa8ef,
e7c47744-7d28-4d7c-aa1a-af521668d957,d4ad3980-67b8-4170-bb73-c7e24ddd62b1,2025-05-13 00:02:33.297,2025-05-13 00:02:33.297,10000,US7nt0+2+q,com.sec.android.app.shealth,71bcb27b-a92a-4013-bccd-b2297204a7b0,
d4baebb6-ffe4-4c1e-950a-4798a8ae4b88,fd46c2af-4b0b-42f0-a210-64075519a4f1,2025-05-13 06:52:52.743,2025-05-13 06:52:52.743,10002,US7nt0+2+q,com.sec.android.app.shealth,7aeb0dce-9151-4ceb-971a-43db9bd6f26a,
165f6061-1a51-4088-9bbb-1b66c8cc9267,d116ddf2-4c8a-49aa-8d67-3b68c4de7415,2025-05-13 07:55:02.923,2025-05-13 07:55:02.923,10001,US7nt0+2+q,com.sec.android.app.shealth,376eb165-5f1f-4ca9-83d7-51bdaebdc397,
a769b5d4-6dde-48d5-8177-439b70e47b63,4a1de12d-6cb2-4c2b-8103-83b0f183ac78,2025-05-13 08:15:14.110,2025-05-13 08:15:14.110,10001,US7nt0+2+q,com.sec.android.app.shealth,877a89cd-2ad4-4109-ba9f-966f371f500a,
1de44027-054d-44eb-a748-ff49ebc9966a,de295578-bc23-4636-9e2e-263349781f3c,2025-05-14 04:14:03.056,2025-05-14 04:14:03.056,10000,US7nt0+2+q,com.sec.android.app.shealth,8dc31e02-3988-4e7a-b80f-1b9783e26c3b,
fc3871e0-e8e2-4262-9637-104637eb83d2,2bd5ab4e-267c-4be5-bd2f-ffb59a3a0fb1,2025-05-14 18:47:53.247,2025-05-14 18:47:53.247,10000,US7nt0+2+q,com.sec.android.app.shealth,76889eb6-03c2-419a-98fc-b1fcb4bc38b5,
5e00f430-82ee-49ab-a2d2-39cc9f6d578b,a5c34627-901d-4430-a30f-6a318adb16de,2025-05-15 06:26:09.760,2025-05-15 06:26:09.760,10002,US7nt0+2+q,com.sec.android.app.shealth,a4f0883b-405f-4a44-a38c-3f21b116f5ef,
a34fd2ed-63b2-4722-b27b-735a09aace40,8028ca50-c1c0-4c8e-a769-b3407a8b45b6,2025-05-15 06:26:09.767,2025-05-15 06:26:09.767,10002,US7nt0+2+q,com.sec.android.app.shealth,1c28dfa6-200f-45be-aea1-31178f6214b2,
b3556a11-ddf3-4213-a055-14f6c0680236,d9403e0b-6e69-43c8-a06e-8b6168404569,2025-05-16 03:26:38.997,2025-05-16 03:26:38.997,10000,US7nt0+2+q,com.sec.android.app.shealth,766ac0dc-6c0a-42ca-8dd0-4aa473e37b72,
09616b17-26a4-47a4-acad-2fd45508cdde,803b260a-259d-495a-bd76-9e6ce8fbfe1f,2025-05-16 05:43:14.176,2025-05-16 05:43:14.176,10002,US7nt0+2+q,com.sec.android.app.shealth,c6ea5b9b-122a-4955-92bb-379daa996a1c,
02e9cff4-a473-49cb-b41f-64651251059e,5027e509-27b4-490f-9282-a5654a460f36,2025-05-17 05:23:09.828,2025-05-17 05:23:09.828,10000,US7nt0+2+q,com.sec.android.app.shealth,f314b793-2f89-447f-abfe-67f7c45930f3,
c65d9d8a-78fc-4d75-bce9-d7403a16f611,0e22f76a-4b6c-4558-a75c-5df9a1266ca1,2025-05-17 05:48:36.368,2025-05-17 05:48:36.368,10002,US7nt0+2+q,com.sec.android.app.shealth,1f8f619a-4ab1-4085-b6f5-4d1b99e45915,
20f4367f-8279-41ff-aca5-7ba38456a5fd,08ad988f-a3ba-43ca-94a6-e18b271e39b6,2025-05-18 02:58:32.884,2025-05-18 02:58:32.884,10000,US7nt0+2+q,com.sec.android.app.shealth,98903219-c21b-4b40-9d7b-54ce3a498379,
289e7321-3629-4222-b7dc-373d32090b9b,ddf7c57a-b95d-435c-a6b7-0084ee2b6839,2025-05-18 04:51:20.347,2025-05-18 04:51:20.347,10002,US7nt0+2+q,com.sec.android.app.shealth,3491a618-d481-4501-8164-0a0877e08950,
23829b3a-0b52-49d2-9378-5c9d0f5ca57c,1535c179-cd26-43ae-a0f0-5cbe5c605841,2025-05-18 08:08:22.147,2025-05-18 08:08:22.147,10002,US7nt0+2+q,com.sec.android.app.shealth,ba2b52da-7d11-4742-8177-8c623316cc1e,
1b2a3cf3-b362-4234-b369-4ed62fd740f3,3c16b496-930e-4e1d-9dbd-69fccf949946,2025-05-19 03:31:06.412,2025-05-19 03:31:06.412,10000,US7nt0+2+q,com.sec.android.app.shealth,2d0a961e-84d3-43b6-9ec8-6f02df762f41,
e6c196a7-01ff-4b76-b1ca-3c1e323b2408,9c64500a-45dc-4991-9d47-ec429ce0b5f0,2025-05-20 03:06:16.863,2025-05-20 03:06:16.863,10000,US7nt0+2+q,com.sec.android.app.shealth,e5e16c8a-46c8-4770-b5c6-1a64578da5d5,
51712aca-dd92-405e-9e3c-64fdba638d5f,f7e28da6-e31a-45ae-a405-c216c847bd0c,2025-05-20 05:04:11.131,2025-05-20 05:04:11.131,10002,US7nt0+2+q,com.sec.android.app.shealth,4c37eb7f-d15e-49b4-b1ed-0791625f64a9,
a87801cd-562b-4b63-b6fb-21dbb63bd860,c9aa47e8-f586-4ff4-b7e8-f6a598b52834,2025-05-20 05:04:11.154,2025-05-20 05:04:11.154,10002,US7nt0+2+q,com.sec.android.app.shealth,bae12482-af9e-42ab-8f48-a6157794867d,
4e7e518d-9130-41ad-b55d-f11622a9d1b0,e975d475-b11b-4676-887d-55034a4c8577,2025-05-20 07:16:13.314,2025-05-20 07:16:13.314,10001,US7nt0+2+q,com.sec.android.app.shealth,9ed816c6-898a-4217-8c20-0e72375c8424,
f1739e95-dcb3-49da-aa61-0fa9a7a8a492,6d4e8f17-75ba-4a7c-a57a-19022d33c55a,2025-05-21 04:43:20.920,2025-05-21 04:43:20.920,10002,US7nt0+2+q,com.sec.android.app.shealth,afeaad42-ab26-4406-8ba4-d799779f334a,
8cff2164-b9ac-4163-89bd-f1b4e486a111,c34a1df2-b232-466c-8325-774ec3bf626b,2025-05-21 05:12:09.181,2025-05-21 05:12:09.181,10000,US7nt0+2+q,com.sec.android.app.shealth,8e671dae-b426-4c49-b287-6f796eeaa6c8,
40c67e23-11e6-4a8a-84e5-65f5f83d633c,a7012b2a-c685-4396-a6e7-4e4e296aa754,2025-05-21 06:59:21.433,2025-05-21 06:59:21.433,10001,US7nt0+2+q,com.sec.android.app.shealth,3c2e890a-006c-4cda-98e2-cde5fc1e4d0d,
80cde9fb-1c6c-4c9b-a675-f22165288cf5,d6ac4c8b-25c7-44d5-96a0-11aa2ac78da1,2025-05-22 03:07:43.580,2025-05-22 03:07:43.580,10000,US7nt0+2+q,com.sec.android.app.shealth,ad1b9231-3ddd-42af-8021-c6976663024e,
7115baba-b611-4d94-ba62-50468aa4a686,2b5910ff-2bc3-4b55-a832-fc5585a75ddc,2025-05-22 04:41:20.166,2025-05-22 04:41:20.166,10002,US7nt0+2+q,com.sec.android.app.shealth,69a9c80a-b993-4f65-9759-1ad2c5cb5209,
ec552d21-b06e-4a6f-9bbf-57e8db046b41,f4c64c89-36fd-4763-8540-0ecb2388af19,2025-05-23 02:44:42.429,2025-05-23 02:44:42.429,10000,US7nt0+2+q,com.sec.android.app.shealth,eacfaefa-1947-43a8-a8a0-033712bdd307,
6a0e90ab-298d-4bc1-9b7f-52114aee5c7b,a4bfe2d1-af00-48cc-a76b-8186f366ec37,2025-05-23 05:43:08.085,2025-05-23 05:43:08.085,10002,US7nt0+2+q,com.sec.android.app.shealth,03d39ade-e0cd-451f-8da4-423167c23905,
9e26044c-ac24-4a41-ad88-fefc30aa86d5,4c6222b9-31f2-4d62-8d6a-4fa490d1710a,2025-05-24 04:43:15.077,2025-05-24 04:43:15.077,10002,US7nt0+2+q,com.sec.android.app.shealth,ee5c8c74-901b-4107-bc92-a3428fee6478,
8dde7634-9b75-4b76-bf4f-7244a81cfbc3,3d39777c-0d8e-4363-a5fe-54761cb23a25,2025-05-24 07:55:10.002,2025-05-24 07:55:10.002,10000,US7nt0+2+q,com.sec.android.app.shealth,7cb653fe-5c25-4b2c-8d31-1694eec24319,
2acf6d8f-58be-444d-9305-7fa10de9c7de,60a91e6b-4ef0-413b-ad69-7d4141137de5,2025-05-24 08:44:46.962,2025-05-24 08:44:46.962,10001,US7nt0+2+q,com.sec.android.app.shealth,1d82c5f6-e956-48f9-966e-5f650401cf3d,
aeba7138-3e85-4671-a0e9-1a42bac427ec,b8aecde2-c3f2-42ac-87c2-c5f1793ad332,2025-05-25 03:30:21.209,2025-05-25 03:30:21.209,10000,US7nt0+2+q,com.sec.android.app.shealth,651f2e54-bc80-4a05-b4eb-53d37aa4a041,
8c5034ed-8401-4ee9-b9df-4dbcb60b0468,ef858690-0dcc-46dc-a904-0adaf857957b,2025-05-25 05:57:43.251,2025-05-25 05:57:43.251,10002,US7nt0+2+q,com.sec.android.app.shealth,277a4b13-f05d-4299-9b44-9b8c9545f2e5,
70e44ea0-273d-4db2-89c1-68c61e436b69,af089ff7-ff59-44d7-8869-0744f7c3487c,2025-05-26 07:05:20.794,2025-05-26 07:05:20.794,10000,US7nt0+2+q,com.sec.android.app.shealth,2654549c-295a-4f9b-bc49-a8a485643560,
b4976d60-3826-4fb3-bb4d-3a8d2168e291,be2447a2-6ad1-4b2c-9b76-69c7864c0f70,2025-05-26 08:27:09.985,2025-05-26 08:27:09.985,10001,US7nt0+2+q,com.sec.android.app.shealth,56ef23e9-a365-49ac-aa55-acec67750cb6,
f5b83690-09d2-4375-a342-b00f9023b2e7,39e5e522-3ff6-4e5e-8445-3d1fd4f6aafc,2025-05-27 02:32:05.480,2025-05-27 02:32:05.480,10000,US7nt0+2+q,com.sec.android.app.shealth,2302b8b2-b7d9-4138-a0b0-25a46665e5fa,
1762403d-738f-400b-a792-a4c588673fa2,1e574fa2-a676-45bc-af1e-40b24cb01bab,2025-05-27 08:23:00.966,2025-05-27 08:23:00.966,10002,US7nt0+2+q,com.sec.android.app.shealth,ed34521f-c9d7-4f66-8768-e3b18d11370a,
c033746c-2b41-4eef-a597-300e969b450f,84662efa-9249-4b10-9dff-60f5359d544f,2025-05-27 08:23:00.975,2025-05-27 08:23:00.975,10002,US7nt0+2+q,com.sec.android.app.shealth,35c2ba35-b3e3-4af6-bb67-e58c7d99a04e,
137a33e9-0718-43a1-9443-d227e5014a84,19d72774-dc88-46eb-bd51-d5e1e279d165,2025-05-28 02:43:06.892,2025-05-28 02:43:06.892,10000,US7nt0+2+q,com.sec.android.app.shealth,0f92fa87-04da-40fc-a785-40e6667c35a0,
d3a0d6bf-e33b-4b24-a8cf-33525c254562,2f6796cd-6a7f-42cc-9a10-fe2d2b9d9020,2025-05-28 05:36:37.043,2025-05-28 05:36:37.043,10002,US7nt0+2+q,com.sec.android.app.shealth,9fd78194-53a8-4a61-b6ef-5694526749de,
bf3b036e-7b6e-47de-9d3e-08ab693e2544,217ed55f-0a8c-49ff-96ba-017bc9797102,2025-05-28 18:50:20.660,2025-05-28 18:50:20.660,10000,US7nt0+2+q,com.sec.android.app.shealth,78012c6d-3ad6-4a12-91f9-98fe5394a0e8,
0efe5f1b-1163-409d-8954-6376f82aa97a,8f0a3741-1cc0-4f7b-acc2-48232fb29822,2025-05-29 03:38:19.615,2025-05-29 03:38:19.615,10001,US7nt0+2+q,com.sec.android.app.shealth,3efc11b2-0220-4beb-8d26-f60f04b1febb,
2e9e0500-e0df-4eec-acd7-35633a4f01a2,9fa24ffb-c75b-4c46-b195-7c37b404a373,2025-05-29 15:38:51.381,2025-05-29 15:38:51.381,10001,US7nt0+2+q,com.sec.android.app.shealth,a1474bab-6cba-4832-a20d-d544e6e913d0,
4649f60d-8be5-46c6-aaff-3b564896c273,8ea84a61-6676-4a79-b3b7-998c70fe8953,2025-05-30 04:44:36.193,2025-05-30 04:44:36.193,10000,US7nt0+2+q,com.sec.android.app.shealth,7931868f-bcf6-48e7-a5e2-78a094fbb373,
c0df4b63-a2c1-4d0b-b33f-17ac08398859,38582cca-bba5-4409-8812-4990ba3c44cf,2025-05-30 18:41:25.591,2025-05-30 18:41:25.591,10000,US7nt0+2+q,com.sec.android.app.shealth,66ae008f-12e6-4177-8de9-f73fad19904c,
53117fb0-f276-4708-8107-2f1b6aa9d106,ff107b0b-4dbf-480c-87ef-0f0c99aa1564,2025-05-31 05:24:48.839,2025-05-31 05:24:48.839,10002,US7nt0+2+q,com.sec.android.app.shealth,640d0bac-6d60-4726-bab2-2ee991a72eea,
790a4553-ff6f-4226-9ec9-d3a16f907704,d8086531-672e-417e-98a0-02a84d63a81f,2025-05-31 05:24:48.854,2025-05-31 05:24:48.854,10002,US7nt0+2+q,com.sec.android.app.shealth,8b3f7828-2886-437c-9f5c-a9fa95c278ff,
7d945e42-c108-46c2-8d6c-096190232848,e7eb96c3-dd65-48f0-8c8b-bbfcc1c65268,2025-05-31 05:24:48.871,2025-05-31 05:24:48.871,10002,US7nt0+2+q,com.sec.android.app.shealth,188967ef-aed7-4f65-aa7c-a214559c4d8f,
93717a83-8fd3-4d6f-8e7d-1120aa4dc394,20295705-d1cd-4fbf-943d-d872d9370179,2025-05-31 21:15:44.773,2025-05-31 21:15:44.773,10000,US7nt0+2+q,com.sec.android.app.shealth,7a2763f3-a166-49b8-bf74-e328ab7341c6,
c0063c0f-4049-43ee-882c-5bf0350c80ed,753152ee-6cc3-4f47-a381-a04822112750,2025-06-01 02:55:57.194,2025-06-01 02:55:57.194,10002,US7nt0+2+q,com.sec.android.app.shealth,3c524980-4150-4113-b376-7ed7c2d666d8,
4ebaa25b-faf2-4c1a-a779-bab2daf1eaa9,7ddce2c0-9a52-4de0-98cc-6ea58112ca75,2025-06-01 19:07:46.720,2025-06-01 19:07:46.720,10000,US7nt0+2+q,com.sec.android.app.shealth,5c574d33-a6ea-408f-ad91-27c1680e636c,
6fc90907-e28e-41aa-8cda-92f3b2308c8a,3cabdb35-9226-455c-b6c1-738f08a1dd21,2025-06-02 06:40:39.441,2025-06-02 06:40:39.441,10002,US7nt0+2+q,com.sec.android.app.shealth,80a63960-f732-4518-9dce-7e1825b8f652,
d68a046c-b602-4532-82a0-63d1ba994b0e,bffa00ff-74a0-453e-88ab-f60d21fff48e,2025-06-02 18:40:19.937,2025-06-02 18:40:19.937,10000,US7nt0+2+q,com.sec.android.app.shealth,3dba6212-879e-44b7-83f9-266c2c5736ed,
23719166-3741-4cbf-95a0-62705ca41828,a392c7e2-4105-4411-8c09-577efb77dcf9,2025-06-03 19:14:33.138,2025-06-03 19:14:33.138,10000,US7nt0+2+q,com.sec.android.app.shealth,9ad96cd5-0895-4839-bd28-01ba8d56ee6e,
a20ce15b-17b3-43ab-9df0-e47c374620e8,c93fb364-87bb-4ef0-b7d6-55e15151d598,2025-06-04 19:48:17.095,2025-06-04 19:48:17.095,10000,US7nt0+2+q,com.sec.android.app.shealth,8b1f4a80-0016-41fc-929b-c8b0b462efe9,
9aea7496-3b10-4f8e-b6a9-7d41257fad08,e577d711-9459-49dc-aaae-1797a7bdefaf,2025-06-06 03:07:49.242,2025-06-06 03:07:49.242,10000,US7nt0+2+q,com.sec.android.app.shealth,515b2c45-3ebe-4aad-a7cf-2010676c6df7,
05cc9f10-0832-4f3d-aded-ad73da6bdb12,f99d46ec-8ef3-4a43-892e-285901ca0a52,2025-06-06 19:17:50.445,2025-06-06 19:17:50.445,10000,US7nt0+2+q,com.sec.android.app.shealth,525f3647-517a-4e82-a20d-76d24aa3321b,
45d776ed-18a1-4eed-b716-a2585c783717,d33cef52-f88f-4eb1-b662-32b6e403053b,2025-06-07 18:48:19.863,2025-06-07 18:48:19.863,10000,US7nt0+2+q,com.sec.android.app.shealth,688d8cf8-c420-4d66-a68e-68df1ad97497,
cb92572a-ce9f-42a8-80f5-5594427da7f8,83dd6d73-1ab8-49c9-a87d-5217c9641192,2025-06-08 18:31:15.630,2025-06-08 18:31:15.630,10000,US7nt0+2+q,com.sec.android.app.shealth,75bcca25-7f46-4760-988e-646f8fbb282d,
39a28964-eafe-4d4a-8901-2ed833541817,e48f776f-91de-440f-ad75-8064616966b9,2025-06-09 23:34:52.857,2025-06-09 23:34:52.857,10000,US7nt0+2+q,com.sec.android.app.shealth,04df632a-455d-4900-9e4d-8869faec3e50,
4ade7e80-5a4b-4227-92f9-5f6d6596d140,d61cdd3b-7444-45ac-bde3-2ad592fb13ac,2025-06-10 06:09:48.050,2025-06-10 06:09:48.050,10001,US7nt0+2+q,com.sec.android.app.shealth,dc129492-a4ce-4f46-90ed-255eaa99ab78,
05d9512c-0ca9-469d-b242-3b9ab0e74bb4,dcdac571-14b5-4b73-865e-a7e277ed9824,2025-06-10 19:12:44.273,2025-06-10 19:12:44.273,10000,US7nt0+2+q,com.sec.android.app.shealth,f6fa89da-4a4f-4e27-889d-e1d189c2b946,
11b3a2af-d678-4663-affe-154a0a25bc3a,9296d1af-d249-4581-894b-891eed013653,2025-06-11 09:14:40.770,2025-06-11 09:14:40.770,10001,US7nt0+2+q,com.sec.android.app.shealth,f008d496-6256-415a-98de-0960d0d15849,
25fb4e09-0590-44b0-b984-5f401ee9c40d,8c2d2779-dcee-4e4d-903f-66837a7d2183,2025-06-11 19:26:01.160,2025-06-11 19:26:01.160,10000,US7nt0+2+q,com.sec.android.app.shealth,e56c4c23-00e7-4484-9430-088f3c9314ea,
de13110b-06dd-4878-b2ff-b8d52266dc73,506a69af-38ae-4d9a-9371-62ce6b025db9,2025-06-11 19:28:23.080,2025-06-11 19:28:23.080,10002,US7nt0+2+q,com.sec.android.app.shealth,f8a619c0-199b-4948-992f-25dd76ea0ff4,
c8a7662f-fa4f-4122-acca-2687bded282c,a0b9ec9b-e0c2-47c5-8e5f-c42bdad43dc5,2025-06-11 19:28:23.086,2025-06-11 19:28:23.086,10002,US7nt0+2+q,com.sec.android.app.shealth,e977339f-a622-4661-baea-2c17c5cec8e8,
381d0ea8-b7b4-4ba9-8f43-84a5f130d7ff,337d5d75-8901-4cb3-9fcc-8d7938e684cf,2025-06-11 19:28:23.092,2025-06-11 19:28:23.092,10002,US7nt0+2+q,com.sec.android.app.shealth,81a1cee5-27dd-441a-91d1-82a3ffb1857b,
40967169-9555-410e-bf68-b84374fbf707,97cdabba-4f14-4070-8764-8fd5f63deaa8,2025-06-11 19:28:23.099,2025-06-11 19:28:23.099,10002,US7nt0+2+q,com.sec.android.app.shealth,424bdc1b-30ec-43a0-9028-096a3d566873,
836d7bf8-7498-486b-b18c-ecb7794fb0c0,56546fb6-dce8-471a-9476-854943e91b86,2025-06-11 19:28:23.106,2025-06-11 19:28:23.106,10002,US7nt0+2+q,com.sec.android.app.shealth,12d3cc4d-bd0a-45c2-8aaf-8675088e0dfd,
1b16de2e-25fb-43f9-91f2-73ca24d121b0,63bca3f1-6b13-4d6c-a87a-7edd4c7e329d,2025-06-11 19:28:23.111,2025-06-11 19:28:23.111,10002,US7nt0+2+q,com.sec.android.app.shealth,b48bd62f-b76f-4568-8526-a9a38e884762,
1b6386ad-647d-4efc-a5d1-1a37320601fd,138ed2fa-8d6c-49a4-92b2-d91745592726,2025-06-11 19:28:23.116,2025-06-11 19:28:23.116,10002,US7nt0+2+q,com.sec.android.app.shealth,c3be636a-e2d2-4d17-bc84-f35068789a4a,
43a2daaa-8115-49bb-9166-2508ffef5e71,be03fd34-ea61-42fc-a3aa-d76d7e516fb7,2025-06-11 19:28:23.120,2025-06-11 19:28:23.120,10002,US7nt0+2+q,com.sec.android.app.shealth,50671c13-af2a-4787-ad7a-d595cbe16d08,
e632473f-5bee-4c0c-8348-b440477b1052,60eb0c8b-a9a0-4b32-b9ee-8e0e15b85f7a,2025-06-12 18:55:28.823,2025-06-12 18:55:28.823,10000,US7nt0+2+q,com.sec.android.app.shealth,da796305-7ad7-4e7d-b714-f048f3fd3c1d,
eb6291d1-edb7-4738-a92d-2aed1cc8b1c7,f56b6f5d-2efe-4ce8-b1b8-499765d3dda7,2025-06-14 04:13:36.665,2025-06-14 04:13:36.665,10000,US7nt0+2+q,com.sec.android.app.shealth,7fd9ee68-7987-4d66-b566-210167be8c14,
5ae5a6f9-74cb-4a06-a211-c706f4598478,7278f115-ab0c-4c5d-91e9-1896ab2eb5d9,2025-06-14 23:28:54.616,2025-06-14 23:28:54.616,10000,US7nt0+2+q,com.sec.android.app.shealth,433ed454-49f9-4e3f-bd1c-6aee278911b9,
5d65547d-5831-4e45-8e48-913ef2b91eaa,8beb0252-e3a3-4a9f-a2f1-98cf7b4ae354,2025-06-15 19:32:00.751,2025-06-15 19:32:00.751,10000,US7nt0+2+q,com.sec.android.app.shealth,5e6dc7f6-cda5-4830-804f-8c8deeb2cbb6,
9bc0229b-892b-446d-9965-df8c95eba10a,1ae9a5d6-a06e-4bd3-8522-e46b58411d70,2025-06-16 06:45:43.467,2025-06-16 06:45:43.467,10001,US7nt0+2+q,com.sec.android.app.shealth,82cd173a-f58e-4d1f-97ba-77aef439f148,
93d0c3bf-90ba-4433-9999-26cee6f55cdc,78f0d8da-5aab-4ccb-b42b-853c61be6a48,2025-06-17 02:12:49.453,2025-06-17 02:12:49.453,10000,US7nt0+2+q,com.sec.android.app.shealth,b2bd162f-0866-47a9-b55f-022a75737dd9,
bdce76bd-5cf7-4114-b34d-9b2d60696bce,3ddec517-2919-41e4-99cc-0aada1264b58,2025-06-17 07:21:53.565,2025-06-17 07:21:53.565,10002,US7nt0+2+q,com.sec.android.app.shealth,ed32a9c2-ee80-48cc-a0ef-ef30f4286504,
8ffa6b52-1999-4a10-9342-1a49ed208057,f9a8ddd9-b304-4065-9fcd-086dff833cd7,2025-06-17 07:22:05.706,2025-06-17 07:22:05.706,10002,US7nt0+2+q,com.sec.android.app.shealth,5c40e022-155b-4d28-9d4a-342702774852,
c4e70250-33b0-4260-9ac9-f0d855388ec0,7fd8f281-cf60-4fae-b75b-861465505b01,2025-06-17 07:22:05.719,2025-06-17 07:22:05.719,10002,US7nt0+2+q,com.sec.android.app.shealth,3d4575c1-3a58-487e-aa7c-0ad85e73773e,
1cdbab80-f05f-483d-812a-cb17dbd0a063,6ebd7ffe-d298-4df1-8cca-b034927f656c,2025-06-17 07:22:05.730,2025-06-17 07:22:05.730,10002,US7nt0+2+q,com.sec.android.app.shealth,19b05452-a762-4237-9e5c-f011748a5147,
e2601cf6-0298-4972-872f-67a30bf0f562,932286e8-9571-46d7-90e7-4ec2d17cb2d3,2025-06-17 07:22:05.744,2025-06-17 07:22:05.744,10002,US7nt0+2+q,com.sec.android.app.shealth,c9ca588f-5fe4-4f92-9f68-25fbe7d8f36c,
ded94a31-7a99-4406-a336-93d8c8a6cf3c,b5caaf89-c15a-408b-a31a-4c5381a4b87b,2025-06-17 07:22:24.775,2025-06-17 07:22:24.775,10002,US7nt0+2+q,com.sec.android.app.shealth,d04d146b-d6e6-4fe7-b793-17c94126a665,
b0a1cc3f-2e53-44bc-8f29-4693da3d145e,440b5222-2553-467e-8f6a-69a0beaca5f3,2025-06-17 23:35:14.528,2025-06-17 23:35:14.528,10000,US7nt0+2+q,com.sec.android.app.shealth,5ccc62ae-6f69-48b4-90e4-4419b06120f8,
0f3370ff-0f21-48d7-978a-479d71d29b56,e4af0fa2-991a-4060-8dfb-b40fa1dca2b2,2025-06-18 00:06:23.435,2025-06-18 00:06:23.435,10002,US7nt0+2+q,com.sec.android.app.shealth,224597b6-5710-4d59-a491-e943df508bae,
6e7cce66-0303-43dc-909e-eaca33cb4567,889fad25-6c80-479b-8a02-eabdb067be12,2025-06-19 03:26:31.018,2025-06-19 03:26:31.018,10000,US7nt0+2+q,com.sec.android.app.shealth,c784c67a-ddf0-4726-b725-ce6bb88bcd29,
a562d037-d8b1-4340-be96-73cc501e89fd,fe5679e6-0830-4cc0-ba1c-1b631197e2de,2025-06-19 22:55:53.342,2025-06-19 22:55:53.342,10000,US7nt0+2+q,com.sec.android.app.shealth,91d07c9f-7647-4fbc-ad0c-3ff5948b581b,
b82e9bcd-3914-446d-92d0-52eebe3b0a16,93a3c108-d19f-4f32-841a-77a8566d8ace,2025-06-20 18:41:00.978,2025-06-20 18:41:00.978,10000,US7nt0+2+q,com.sec.android.app.shealth,9bb21237-2e6a-4a4a-8c52-55f0e66a61d9,
e35985ae-3b48-4e84-b07d-63e288f5e6cb,958f6fc3-70db-43ae-8c15-84017aabb28d,2025-06-21 18:44:41.307,2025-06-21 18:44:41.307,10000,US7nt0+2+q,com.sec.android.app.shealth,bfbfe88c-a9bc-432d-b102-43c250523561,
f867e943-1e3e-4918-8707-a9577e1fb3f5,38f34622-b1a5-45cb-8a57-6f1365c8e886,2025-06-22 07:22:01.070,2025-06-22 07:22:01.070,10002,US7nt0+2+q,com.sec.android.app.shealth,3c3cd4db-745a-49c2-b740-7b338fee9424,
01e7c47b-18cc-46e4-95cf-2f9e30b22621,b17da1d4-42f3-49b0-8a09-ea6d9efdf4a8,2025-06-22 07:22:01.078,2025-06-22 07:22:01.078,10002,US7nt0+2+q,com.sec.android.app.shealth,0c9b15a6-a0fd-44f0-900a-a01d2099579b,
c4e8a3c6-c085-49fa-acc8-5abd4b5d2e27,a61472b0-4ab0-46f9-8f2c-53a91a1e82e9,2025-06-22 07:22:01.086,2025-06-22 07:22:01.086,10002,US7nt0+2+q,com.sec.android.app.shealth,630e0f8d-6b36-4d76-895e-7411cc48c7a1,
c39c29fd-ad8b-40c2-8d42-58a2fea99057,0db5d29b-68d3-4e07-983f-c9a4b2cbd34e,2025-06-22 07:22:25.607,2025-06-22 07:22:25.607,10002,US7nt0+2+q,com.sec.android.app.shealth,6f49d3f7-b2cf-4ad4-a225-49c5252c0ab4,
cd5c2360-0e5f-450c-a0b1-346b478c0dd4,a3883f2e-9a02-4607-827a-ea03db893480,2025-06-22 19:17:45.691,2025-06-22 19:17:45.691,10000,US7nt0+2+q,com.sec.android.app.shealth,e0ee1b7f-a0b9-4ac6-bef4-bb496cdc8549,
5f59b619-b8cf-47a3-ad05-04630e3ec5e4,6a80ef50-e724-4280-a13c-e910e8705f0e,2025-06-23 18:42:31.966,2025-06-23 18:42:31.966,10000,US7nt0+2+q,com.sec.android.app.shealth,6973602d-6a2d-4343-be73-c45353f069bb,
e629bae0-ac63-42e8-849d-80a831fdf898,f9f25e08-6c7b-4576-84ef-153edad1375c,2025-06-24 18:31:52.129,2025-06-24 18:31:52.129,10000,US7nt0+2+q,com.sec.android.app.shealth,a12d677e-bbe5-4ef9-a799-99fbdee478b7,
cf2df6cc-a249-4991-97fc-3b88759eb64f,f051beff-36cf-47b2-927b-582b4db60e0e,2025-06-25 18:30:14.527,2025-06-25 18:30:14.527,10000,US7nt0+2+q,com.sec.android.app.shealth,aef72e6c-550a-4403-aa85-fe0a92f6785f,
4aa75676-23f3-45b0-807a-c516fcd9c8c6,ddcfbd96-6b72-43ac-a5a4-8b7b005c4f26,2025-06-26 19:23:53.412,2025-06-26 19:23:53.412,10000,US7nt0+2+q,com.sec.android.app.shealth,d3d28383-155b-4856-b1f4-1537e10efd59,
03597d61-a432-44c7-b040-881345ba142d,d4a32000-5e4d-4103-ad9f-31695c301934,2025-06-28 01:04:55.290,2025-06-28 01:04:55.290,10000,US7nt0+2+q,com.sec.android.app.shealth,0805fcaf-d6cf-4d1d-b7cd-1033ebed22f6,
8ef1195c-69d4-4914-8ead-5aee0f640242,992e7f59-476c-4c5d-a047-2acf8c383867,2025-06-28 22:34:24.138,2025-06-28 22:34:24.138,10000,US7nt0+2+q,com.sec.android.app.shealth,b7bdc964-8d4d-4a7d-9b38-6f6da5886f69,
28ab78b0-4586-471c-b4e2-1ebc0a3d2e35,24eba599-490e-4005-b539-f41eb7268b5c,2025-06-30 04:43:44.681,2025-06-30 04:43:44.681,10000,US7nt0+2+q,com.sec.android.app.shealth,e188f70f-c4b8-4602-b939-8499cdeceb44,
08274bfe-e833-434e-a7f4-0edb447e867c,f54f7a2b-74e4-449f-96b2-02fff4cad99a,2025-06-30 18:31:14.756,2025-06-30 18:31:14.756,10000,US7nt0+2+q,com.sec.android.app.shealth,fedfde88-dd2d-4482-b642-95265cb19d06,
ddbb6993-0a48-4d1a-a783-8f17baf8de8b,076f9098-0003-4eed-b28c-343c29a2624a,2025-07-02 03:29:49.978,2025-07-02 03:29:49.978,10000,US7nt0+2+q,com.sec.android.app.shealth,5bc35850-ada6-4efd-91a9-7b262df71bd6,
54de2f90-7624-44be-864b-43a25ce936cf,2d4176c3-9865-46ed-a45b-2e6f80ffee1e,2025-07-03 04:42:47.195,2025-07-03 04:42:47.195,10000,US7nt0+2+q,com.sec.android.app.shealth,3745c58b-eb01-4980-9636-b27ecdfc635c,
62026354-2d1f-444c-8bb1-788b5f729cc5,0319c661-456e-44e9-954f-fc814c85fcd1,2025-07-03 18:51:39.805,2025-07-03 18:51:39.805,10000,US7nt0+2+q,com.sec.android.app.shealth,217ff9db-7271-492c-be99-57e2551bc5f9,
1ce34f9d-bfec-427a-b0bc-0b871d280d90,cce5f3f1-ae60-4431-addf-9679d4945cd9,2025-07-05 04:39:48.885,2025-07-05 04:39:48.885,10000,US7nt0+2+q,com.sec.android.app.shealth,0c4e53ed-bddd-4fcf-ac33-b16e0bcc7a1a,
2c64c8c9-edf3-4fdc-b28e-42d587c938e8,1107c770-6d11-4f99-b328-36cd9b6a54d3,2025-07-05 23:54:23.189,2025-07-05 23:54:23.189,10000,US7nt0+2+q,com.sec.android.app.shealth,a36b7855-0339-4b8f-bd74-0f2b35a5b1f5,
ab79d441-8444-44a8-bac3-9417feb22760,f86227e3-3007-4e40-89df-5c9dd85266b3,2025-07-06 18:50:08.235,2025-07-06 18:50:08.235,10000,US7nt0+2+q,com.sec.android.app.shealth,2a76d658-5a16-4d2f-8cb1-dda319e69dcc,
ebc559b9-adc2-4c83-84f4-fbd897aab764,89230516-1f9a-4859-b3bf-ef73a2c30c69,2025-07-08 02:15:30.823,2025-07-08 02:15:30.823,10000,US7nt0+2+q,com.sec.android.app.shealth,9fcfe4f0-9f2c-4328-9b96-d206a9af1305,
952d826f-70b9-40ef-8ebf-75369dbfdc3e,1421cfc7-1d75-47bd-81c6-ad6a0b9728c2,2025-07-08 05:30:38.729,2025-07-08 05:30:38.729,10001,US7nt0+2+q,com.sec.android.app.shealth,dfb2f60e-f4f6-4f01-b149-542b40923a68,
b99d7505-f51f-4516-bf1f-e45d337d69da,d5dc12f1-046f-4bc6-9be3-1a9942dad5b9,2025-07-08 18:49:51.234,2025-07-08 18:49:51.234,10000,US7nt0+2+q,com.sec.android.app.shealth,5d962692-42a1-4c77-9c65-0f89f716ff37,
0890b94a-81b0-40a7-ad21-0ee788ec421a,043096f1-8f00-40b9-9a11-438bc33c728e,2025-07-09 15:27:52.100,2025-07-09 15:27:52.100,10001,US7nt0+2+q,com.sec.android.app.shealth,c99303f4-e60e-4396-8eac-6bd64388f2de,
7be0b2b2-a6f7-4744-a67c-832b1eaa795e,c5380948-d93a-4acf-a30d-4ded2e9bc0dd,2025-07-10 03:15:20.137,2025-07-10 03:15:20.137,10000,US7nt0+2+q,com.sec.android.app.shealth,2f49a629-2876-46b9-a449-4798931b4aa6,
4a3d437d-7682-4849-a013-47ed3179b70a,9c4d4802-a25e-4d8e-a5ef-eb7d2392a5a6,2025-07-10 03:48:44.682,2025-07-10 03:48:44.682,10001,US7nt0+2+q,com.sec.android.app.shealth,3cea4b7c-23b0-4dfe-a208-365537e443f5,
c3ba65dc-003a-4ff9-a487-c63c4355f57b,39f6f3ed-b988-4c3f-86b5-4784a6fc3129,2025-07-10 15:54:35.220,2025-07-10 15:54:35.220,10001,US7nt0+2+q,com.sec.android.app.shealth,a0d9876e-4b2c-4b40-b670-8c61843d5d01,
62b8d978-261c-4004-b3ec-704ff6ddcdc1,47bfffa8-4ca5-4592-b981-a713150afd92,2025-07-10 19:08:33.819,2025-07-10 19:08:33.819,10000,US7nt0+2+q,com.sec.android.app.shealth,19ce7adb-3acc-4125-85d5-148b9e4096e8,
b08222f5-ac60-4642-a44c-14b22083a1bc,6c1a172f-5e51-4331-9d7f-d66e3da00b60,2025-07-11 20:45:24.377,2025-07-11 20:45:24.377,10000,US7nt0+2+q,com.sec.android.app.shealth,f2df130c-f28f-4f64-bbd3-5cca148a3c81,
d518d1a1-647f-4829-9e81-e4e8b52b8cf4,226c8d5d-d6c7-4990-ac44-edfb833f0c03,2025-07-13 02:32:15.971,2025-07-13 02:32:15.971,10000,US7nt0+2+q,com.sec.android.app.shealth,84dcb0bb-27e4-4936-8057-9fef00910889,
b6321da8-d4f4-4a05-9ac4-14a891054e23,7131bd85-7e6d-4ba2-8f85-1d49fc2fed8b,2025-07-14 02:48:08.862,2025-07-14 02:48:08.862,10000,US7nt0+2+q,com.sec.android.app.shealth,a55380e7-f4d3-487e-957d-3f71556c2767,
98c06fdd-2fb1-4829-8fd1-16469a38700d,260f9f3c-9ff3-4eb6-88d4-66e8e07ce79a,2025-07-15 02:44:15.944,2025-07-15 02:44:15.944,10000,US7nt0+2+q,com.sec.android.app.shealth,92f63cd4-7b6b-4c8c-982e-fa50f5b39df0,
6c31fc1f-eed8-4439-b491-2afe6bee1996,a36d9073-8c04-4c7c-a13c-33728802d717,2025-07-15 05:02:34.916,2025-07-15 05:02:34.916,10002,US7nt0+2+q,com.sec.android.app.shealth,2fa34ea6-18ca-4583-bd3e-58b65435287e,
a611492d-dadb-446a-a328-87684761f115,5c282201-3430-4b56-bee3-091c871024fb,2025-07-15 05:02:34.957,2025-07-15 05:02:34.957,10002,US7nt0+2+q,com.sec.android.app.shealth,500255e7-a9f8-4b05-859e-1e8748a7b2f1,
20bb59a8-e7da-428f-a6b3-177b537fbb60,587e87b3-42ef-4337-9e98-e47ff9752d47,2025-07-15 05:02:34.974,2025-07-15 05:02:34.974,10002,US7nt0+2+q,com.sec.android.app.shealth,6c0bd92c-682e-42ad-a73c-5a97e5a2ef9a,
efa8d68e-bbc5-4daf-aa22-36c07038bbf7,92e2cd26-d500-4816-80a0-9d932c52334f,2025-07-15 05:02:34.985,2025-07-15 05:02:34.985,10002,US7nt0+2+q,com.sec.android.app.shealth,f8c69458-19ba-4c85-9e87-a97ea91730cb,
592d91a7-07bb-4028-af79-68a527a0cd8c,860de43c-52dc-4b62-9a70-e2d551b06990,2025-07-15 05:02:35.002,2025-07-15 05:02:35.002,10002,US7nt0+2+q,com.sec.android.app.shealth,79e16cac-788f-4a42-80ec-12eb3db86012,
4186c1f5-cfe7-4085-95e7-d86efc1e2a46,5666831c-f55c-4017-a4b4-98e0f341d6a8,2025-07-15 05:02:35.010,2025-07-15 05:02:35.010,10002,US7nt0+2+q,com.sec.android.app.shealth,c608198e-f1df-4683-a3c7-943e1dfb721f,
ab306359-7151-4033-b807-03ae17fc0464,0d6f685e-f342-404f-b4ca-56e83a2d2500,2025-07-15 05:02:35.034,2025-07-15 05:02:35.034,10002,US7nt0+2+q,com.sec.android.app.shealth,65ce1daa-ec00-4399-b354-66e21f201cde,
388592ef-da17-42e7-97c6-d0c4067a9fe9,64b0067a-45cd-4dc4-8a5f-dd7ad67b8022,2025-07-15 05:02:35.117,2025-07-15 05:02:35.117,10002,US7nt0+2+q,com.sec.android.app.shealth,f5450b58-ce0d-422c-8480-ef67b085fcd3,
3236a9d0-63e2-42a0-b619-d12d1a54587d,9cc3c9f4-7d4f-4f5d-ab26-c7c305909298,2025-07-15 05:02:35.149,2025-07-15 05:02:35.149,10002,US7nt0+2+q,com.sec.android.app.shealth,acf2d380-3b85-4252-9ebb-a0b5d1771dbd,
92afbd61-1166-4ebd-a7c8-2645146a856f,437f5b4c-a85a-4cce-a666-14a4e586e1e2,2025-07-15 05:02:35.163,2025-07-15 05:02:35.163,10002,US7nt0+2+q,com.sec.android.app.shealth,470b5db7-40cc-47e0-942a-6c9adb8c9183,
28ca3add-0e92-4e34-ab41-467eb67bb2f0,6f754f3e-2993-4df1-9229-e16895a5ab26,2025-07-15 05:02:35.171,2025-07-15 05:02:35.171,10002,US7nt0+2+q,com.sec.android.app.shealth,81fd02f7-635f-4530-9490-346dabdc9f79,
04bb1e92-bbe7-43db-9f05-a3f497c63b83,3da3f3b2-e418-4de8-b39b-857a6fa5119b,2025-07-15 05:02:35.179,2025-07-15 05:02:35.179,10002,US7nt0+2+q,com.sec.android.app.shealth,6f50714c-3b1f-4641-8cf3-2c51f569a5a8,
0d516541-f3b1-4a36-8f49-fec60f3704c0,f6a1a1ad-41f3-4bc0-814d-fc0026365a5d,2025-07-15 05:02:35.187,2025-07-15 05:02:35.187,10002,US7nt0+2+q,com.sec.android.app.shealth,c3458b39-c7f9-42e7-b067-e9a84918e153,
1d173386-b3b7-4d3c-afb6-8e3496c6a481,5960c9e6-73f6-4079-a304-96ce8288de45,2025-07-15 05:03:06.228,2025-07-15 05:03:06.228,10002,US7nt0+2+q,com.sec.android.app.shealth,4ab0f363-b53d-4c4e-aa3f-f9b21711f0e5,
dce619f1-82d3-4269-99f3-0bf6af260d64,b97f97a8-30d9-453b-9c9c-b6ba079e6c1a,2025-07-15 05:04:00.177,2025-07-15 05:04:00.177,10002,US7nt0+2+q,com.sec.android.app.shealth,3188a63d-8c2e-4010-b389-e98c082e3b4c,
b44108d5-64fd-4113-841d-771d0cb17598,f5df5a03-79cb-4026-8e0b-c2808c1f94fe,2025-07-15 05:04:00.183,2025-07-15 05:04:00.183,10002,US7nt0+2+q,com.sec.android.app.shealth,91dc508f-fc06-4604-97b5-fb13b1014b91,
0223a2d3-0d3a-4b58-9f7f-3712d443f601,6ce846f3-1008-4a53-9d17-1e0e631689cb,2025-07-15 05:04:00.189,2025-07-15 05:04:00.189,10002,US7nt0+2+q,com.sec.android.app.shealth,dcbc7ed3-ae34-4748-bd03-521d0317c458,
c8ba5cd1-ffa5-494d-b31a-3cd91d1d78bc,429081f3-9f81-44d4-b306-dd47ce653d24,2025-07-15 05:04:00.195,2025-07-15 05:04:00.195,10002,US7nt0+2+q,com.sec.android.app.shealth,497d3067-8179-4dd1-b544-f923072528c3,
dbd954e9-54ea-4629-9a4c-c924818a2f7a,f8dc387f-909a-425d-9266-b017f7e398fc,2025-07-15 05:04:00.201,2025-07-15 05:04:00.201,10002,US7nt0+2+q,com.sec.android.app.shealth,42dacab8-da95-467a-b7fb-6d95459b2fef,
77cf69ac-a64f-40ee-ab1a-019c30196e41,7d022906-7508-4db5-98f3-7c9cf29c26d5,2025-07-15 05:04:00.207,2025-07-15 05:04:00.207,10002,US7nt0+2+q,com.sec.android.app.shealth,6654d718-9d4a-4ac4-af57-df025e484aea,
0b06f5ef-7208-475e-a6d0-e8df8f496c2a,04aaa899-3d39-4ef1-858a-a87df1df9ba2,2025-07-15 05:04:00.214,2025-07-15 05:04:00.214,10002,US7nt0+2+q,com.sec.android.app.shealth,b448d0aa-5802-4bbe-85dc-0fc47dc0c2d8,
e1172a83-ff94-426f-9279-d911a0c91a96,9e0c4386-2f7f-4789-b3c1-2c88aff498f7,2025-07-15 05:04:20.162,2025-07-15 05:04:20.162,10002,US7nt0+2+q,com.sec.android.app.shealth,788c52e1-4e06-4c41-9490-98cc20864710,
8bc06ab7-e29e-4466-be7a-ab74fe60bb1a,365c3817-cde6-4303-8a5a-7938320e0612,2025-07-15 05:04:20.167,2025-07-15 05:04:20.167,10002,US7nt0+2+q,com.sec.android.app.shealth,31b2c792-b683-493e-9152-85327d65a2fd,
a7669517-b75d-42ef-b86e-5bdc835503b5,b843c06a-c5f5-444e-8b30-9027c87e4848,2025-07-16 02:55:07.634,2025-07-16 02:55:07.634,10000,US7nt0+2+q,com.sec.android.app.shealth,d6ef8802-03d2-48ef-9ce5-aebb1db1d8cc,
ecf7466e-8067-4ffc-8e80-be3dd77ea4d4,0e9eb0db-3d18-4814-8365-0766357f5e0e,2025-07-17 05:16:21.382,2025-07-17 05:16:21.382,10000,US7nt0+2+q,com.sec.android.app.shealth,471f7fbc-30a2-4814-89eb-52df71fd2035,
94a94f2f-8d2c-4588-bc92-48d2f1680887,f82111a2-a137-4dc0-9c31-9e0bb767fdd6,2025-07-18 03:08:56.775,2025-07-18 03:08:56.775,10000,US7nt0+2+q,com.sec.android.app.shealth,c523d113-c2d0-4256-89e6-01efb2cd8d3c,
f5d21ecd-7de1-41ef-bc5f-1044cab6f458,594155fd-2c5f-4af7-b6e7-b39784efa16a,2025-07-18 05:17:14.849,2025-07-18 05:17:14.849,10001,US7nt0+2+q,com.sec.android.app.shealth,4731de8e-c93a-4dbd-95c5-1781e5eff74e,
24b34d27-7d43-4a13-b296-6ca1b8e597fe,b5d0c6c6-4ad6-45f3-af99-f8217f3cebfc,2025-07-19 03:43:09.190,2025-07-19 03:43:09.190,10000,US7nt0+2+q,com.sec.android.app.shealth,9e4d2ccf-3a44-405b-9e21-51c2f07a0796,
52942c48-1506-4305-b697-7f8cb34f350c,7142c14d-a04f-4646-b68d-aa0ba3222d23,2025-07-20 03:01:09.407,2025-07-20 03:01:09.407,10000,US7nt0+2+q,com.sec.android.app.shealth,804537d8-59f2-421d-b8d3-bc77680b2210,
7e571436-7fd4-465a-9506-57c9cdfe6d79,b5bb1f66-ff94-474d-8240-64cff31b85c7,2025-07-20 07:47:00.905,2025-07-20 07:47:00.905,10002,US7nt0+2+q,com.sec.android.app.shealth,48d7fda0-2cb0-4842-bf72-c1521ac06fe7,
45ffdf52-49ef-4411-9699-901525de0c5c,00b85001-34a0-46c3-b15b-4329ba3de814,2025-07-20 07:47:00.920,2025-07-20 07:47:00.920,10002,US7nt0+2+q,com.sec.android.app.shealth,87864409-2d9b-4a4f-8055-62c1b72d2a93,
e30c27f9-73ac-448c-a7a7-e735b1a8ca9a,3c6c338a-3400-4a2e-a95a-48a391ea66e4,2025-07-20 07:47:00.952,2025-07-20 07:47:00.952,10002,US7nt0+2+q,com.sec.android.app.shealth,44e04b74-489f-4b1f-9074-6f01ca9f30cf,
afc54a8a-ef4d-4abd-b4b5-3b7642deabf6,fe46cc7b-e667-40ed-ab92-3e2aeefe1bed,2025-07-20 07:47:00.964,2025-07-20 07:47:00.964,10002,US7nt0+2+q,com.sec.android.app.shealth,99d7dac5-4d50-4c7f-bcb7-6840129db624,
345d292e-97f4-4d52-980e-0bcbc6d00f00,cb1953ed-4dcb-4bda-8e63-fe465440ce0d,2025-07-20 07:47:00.972,2025-07-20 07:47:00.972,10002,US7nt0+2+q,com.sec.android.app.shealth,44fac2c4-02e7-412b-b6f9-ccc30b908dbc,
bbb5ffe3-e357-40e1-abd8-b8bf32f408d6,28852b8a-3cac-4386-91d6-b512e5d8be94,2025-07-20 18:31:58.000,2025-07-20 18:31:58.000,10000,US7nt0+2+q,com.sec.android.app.shealth,78f60d2c-38d4-4f6e-bf49-7746f5918e79,
cbd39c82-e04c-4895-8dba-ebed76fee534,e0ae60fe-c3a9-4ce9-a034-9bbb56341e84,2025-07-22 01:54:48.652,2025-07-22 01:54:48.652,10000,US7nt0+2+q,com.sec.android.app.shealth,3c2c8cda-d2e8-474e-99cd-6f77e6c4d451,
2f58375c-a1a4-4a40-9c39-df20f1af110a,7299a6a6-df5a-4819-bee1-744cb9cca8fd,2025-07-22 18:36:16.892,2025-07-22 18:36:16.892,10000,US7nt0+2+q,com.sec.android.app.shealth,225028f9-0b5a-4b53-a8b8-997eeedb1f75,
03af697b-ec66-4a4d-9552-31ee6e1ba33c,de025659-b9fe-45ef-a095-20af602ea44a,2025-07-22 19:44:35.638,2025-07-22 19:44:35.638,10002,US7nt0+2+q,com.sec.android.app.shealth,e38dbd7a-1ca7-422c-b729-7643e2315c7f,
9ce79385-0191-47f3-9e0e-b8a1c3135c87,4fee6e7d-74f6-4657-9511-9b39497a5f4c,2025-07-22 19:44:35.658,2025-07-22 19:44:35.658,10002,US7nt0+2+q,com.sec.android.app.shealth,5642b916-6f24-4e0c-9472-739c46c45012,
7ea62add-b3ac-4d8d-bfbf-25ddeb1e6f6a,79494ca8-a68e-41dd-8480-7f4f047f5403,2025-07-23 11:00:38.740,2025-07-23 11:00:38.740,10002,US7nt0+2+q,com.sec.android.app.shealth,8803d9a6-761a-4726-9263-e623ec850b5b,
8249f924-ed56-4417-ae3c-2c29857f49da,70be0fb8-957e-495c-b1bf-4dffd502c58c,2025-07-24 02:13:25.400,2025-07-24 02:13:25.400,10000,US7nt0+2+q,com.sec.android.app.shealth,a8d3f1aa-c02a-4e28-b518-483c351c6261,
b723f237-d299-44be-b303-259bd7712013,7978eb36-9205-4cab-9d14-563ba5af0aeb,2025-07-25 03:10:09.695,2025-07-25 03:10:09.695,10000,US7nt0+2+q,com.sec.android.app.shealth,5f7b27df-56b9-490e-8773-16f17634138e,
56819564-ccb1-4564-8a8c-36b2a0f5e200,74c8b402-a025-4818-afc7-b367b2ca8a7d,2025-07-25 05:23:53.746,2025-07-25 05:23:53.746,10001,US7nt0+2+q,com.sec.android.app.shealth,4306b8a5-8d04-40fc-b6ea-14c3beba5b53,
e8a3ac24-2467-4ef2-91e1-93045cd79a69,2266944b-97f0-4bd5-8cc1-7479febd0485,2025-07-26 03:45:00.681,2025-07-26 03:45:00.681,10000,US7nt0+2+q,com.sec.android.app.shealth,dd32a48d-a939-435d-b153-b5ac3a010c68,
54473334-cf22-41bb-ad5a-c1dc7585bf63,8fdcde7f-b769-47a9-92d0-abe3474c3f37,2025-07-26 19:46:27.220,2025-07-26 19:46:27.220,10000,US7nt0+2+q,com.sec.android.app.shealth,f575112e-72d9-44e4-b384-ada7536f7499,
c07153e5-98b2-428a-8209-3d8a1db25315,b2062294-b42a-4bd8-9206-e12808098994,2025-07-28 00:55:00.335,2025-07-28 00:55:00.335,10000,US7nt0+2+q,com.sec.android.app.shealth,4d558ac4-a9a8-492e-974c-f3ab88fe6d07,
3f059844-0e17-481f-b6f7-7bd38e070988,a515940f-912f-4fbf-ad21-9b435c877c0c,2025-07-28 15:10:40.162,2025-07-28 15:10:40.162,10002,US7nt0+2+q,com.sec.android.app.shealth,4d1fe0bd-4a08-4b5a-b414-a3d8e0962907,
a929b868-9c0c-4dfc-88ef-c02764cf2f8e,ebcd79df-0058-46f5-83a9-1e47ae7d8d71,2025-07-28 15:10:40.183,2025-07-28 15:10:40.183,10002,US7nt0+2+q,com.sec.android.app.shealth,13e9a4ad-7c38-48ec-9a6b-7765828d153e,
8fed77b9-8529-451e-a9a9-84b125c74488,82eda81e-1c52-4200-af4b-4b21deebaa6e,2025-07-28 15:10:40.198,2025-07-28 15:10:40.198,10002,US7nt0+2+q,com.sec.android.app.shealth,90f4d107-d9a9-45a1-934d-6bf4c92e32f3,
641a26c6-45d8-4007-9fff-5b6af74d71f3,3402fc56-634e-46c2-8afe-95058d60d1e0,2025-07-28 15:10:40.207,2025-07-28 15:10:40.207,10002,US7nt0+2+q,com.sec.android.app.shealth,ccaaf5e8-9608-40c7-a94e-a7ca5fc79826,
0adfd6d6-2e64-4d4e-87e6-eadecec28aba,b981206f-0a94-4376-93b6-56e6a47f266d,2025-07-28 15:10:40.219,2025-07-28 15:10:40.219,10002,US7nt0+2+q,com.sec.android.app.shealth,a3989d8e-8f79-4015-b315-b46f11786b9b,
9ebd16a5-8c38-46b6-a216-bc6efbf61854,02dc987b-dfc8-4e09-a154-184633853ffa,2025-07-29 01:06:46.901,2025-07-29 01:06:46.901,10000,US7nt0+2+q,com.sec.android.app.shealth,b5ee34f9-6b59-47a5-b11f-932ac34dc93c,
34d36f28-028c-49d6-8524-d4c0bc2a8c8a,1d8dc90e-d97a-46bd-87ea-df7200b86eaf,2025-07-29 03:11:30.891,2025-07-29 03:11:30.891,10001,US7nt0+2+q,com.sec.android.app.shealth,b03bf212-769d-4e7c-a99b-2d8d0360d8df,
172ac3ca-fd2d-48f7-9f26-9a9e9f5fa3a2,e53831cc-05f9-45ae-9fdb-7c076c9f59e6,2025-07-29 03:32:09.088,2025-07-29 03:32:09.088,10001,US7nt0+2+q,com.sec.android.app.shealth,c1158b0d-e02c-4dad-b630-a49b4353c945,
66704c05-ef88-481b-87c4-01c3f82a369a,8224ca10-76d2-418d-ab0d-b5241323fec8,2025-07-29 11:12:51.305,2025-07-29 11:12:51.305,10002,US7nt0+2+q,com.sec.android.app.shealth,9213f9d5-ecbd-4cb3-b5f4-fd527f57a5d9,
1cc21f09-060b-4713-bb4d-fdc4780bf50c,ee122f3d-84ad-4ec9-bfdf-c978486500ae,2025-07-30 02:15:42.161,2025-07-30 02:15:42.161,10002,US7nt0+2+q,com.sec.android.app.shealth,350b3482-0aa9-4174-9536-d7ae5a4fee4a,
e83e79b1-609e-4009-a9fe-4fa07b518077,b400009c-0f0c-4fa6-bd18-f8b27867d4e0,2025-07-30 03:43:54.162,2025-07-30 03:43:54.162,10000,US7nt0+2+q,com.sec.android.app.shealth,a34bcaca-0cb3-4113-a8a1-f08982c7a22a,
26a16586-d5d8-46b2-97f9-f7a7380a72cb,d27f0a4c-de1e-40b0-ab75-28ea67cb0f5f,2025-07-31 02:06:16.747,2025-07-31 02:06:16.747,10000,US7nt0+2+q,com.sec.android.app.shealth,1fd959e2-972f-4fb9-8552-6910b47201c8,
6187dcdc-02f8-4571-ad32-5940f84e5e80,202f724c-8f2f-43e5-a01f-7c8b309cd7ff,2025-07-31 14:10:02.350,2025-07-31 14:10:02.350,10002,US7nt0+2+q,com.sec.android.app.shealth,540439f5-d9f6-4661-a3be-32ffd3342db2,
7d30c8f9-b8c6-471d-a172-57dd0ff7c8a4,1c21639a-8c5d-410e-a4b3-e7c6ac9b5547,2025-08-01 03:10:35.258,2025-08-01 03:10:35.258,10000,US7nt0+2+q,com.sec.android.app.shealth,ab1cc411-ba35-4dfb-bd0f-83296c71371c,
459e5987-1c5a-4ff1-a74a-cf3697516e99,dca5f48d-44e0-4e68-b622-c649fb290d28,2025-08-01 07:21:31.216,2025-08-01 07:21:31.216,10002,US7nt0+2+q,com.sec.android.app.shealth,b4b56738-c3a8-4631-a613-227dcc9c0c8c,
aafe0dbe-4309-4b1c-ae99-d134baae4e76,338d0f84-4baa-4e90-8456-3c226f7bacc9,2025-08-02 06:38:46.522,2025-08-02 06:38:46.522,10000,US7nt0+2+q,com.sec.android.app.shealth,6922193b-4470-4875-9fdb-865803b41055,
eed7d45b-0631-4ddc-912c-6734da2ccb2c,99028e9d-b1ef-477b-bcfc-6381ee202c97,2025-08-02 07:09:18.943,2025-08-02 07:09:18.943,10002,US7nt0+2+q,com.sec.android.app.shealth,d14c1bd0-966d-4d9d-a963-9dc09655d6fe,
7d24a644-c8f6-4fda-80da-050247276ff9,cdf1e00e-f2bf-4ef3-9ca7-423926ef363f,2025-08-02 13:59:05.368,2025-08-02 13:59:05.368,10001,US7nt0+2+q,com.sec.android.app.shealth,eeb88b41-f108-4845-a97e-0543829761ea,
8d13b149-7eec-425a-8638-04d7edc874e1,f5b17790-1d94-4909-bef4-15038230b5c2,2025-08-03 03:10:02.004,2025-08-03 03:10:02.004,10000,US7nt0+2+q,com.sec.android.app.shealth,ff91a999-42da-4052-a21c-ed4c25367411,
033c1618-d1ac-416c-98e1-ef6856b51c06,996827e4-4497-44c9-b072-adf3362a1cd9,2025-08-03 08:41:04.783,2025-08-03 08:41:04.783,10002,US7nt0+2+q,com.sec.android.app.shealth,8d8b39cf-f874-4f64-a351-ce8f6dc9c0a1,
12316519-88f8-4028-a8d8-526ac303da18,de02d506-9306-409b-aef8-7ce8a81c3640,2025-08-03 17:43:02.175,2025-08-03 17:43:02.175,10001,US7nt0+2+q,com.sec.android.app.shealth,cc4c16fe-9f05-4a50-b50c-260feafa776d,
9f709fcb-06cc-43eb-a77f-d304fcfb1a41,7d2cf8e9-e6cf-49f2-a0db-8727a1329069,2025-08-04 02:29:08.594,2025-08-04 02:29:08.594,10000,US7nt0+2+q,com.sec.android.app.shealth,880635f7-7e01-4344-9ab3-1ab2cd74945f,
caf7a0fc-947e-4936-85e7-159ebfbc9d34,119a09d7-fd7b-4c30-a26d-c494a754990b,2025-08-04 03:36:11.043,2025-08-04 03:36:11.043,10002,US7nt0+2+q,com.sec.android.app.shealth,78c28adf-6a76-4109-970e-9e2de4d4e0f6,
09be79c6-b59c-4550-938b-6d2571f18dd1,33e02001-31c2-426b-9d80-0e352d5d34c3,2025-08-05 01:36:55.902,2025-08-05 01:36:55.902,10002,US7nt0+2+q,com.sec.android.app.shealth,9515d2a0-9d68-4284-8a4e-7009fa21fcf2,
41e8b3f5-1473-4bed-af73-450714c7b313,97d34341-5932-4b70-a7fc-b916830f9349,2025-08-05 02:06:32.720,2025-08-05 02:06:32.720,10000,US7nt0+2+q,com.sec.android.app.shealth,66d8f031-cbe3-4196-b13c-ccc7602c2b61,
4af05bc1-9e67-49a0-a27a-ee9f55ae95cc,f0d2fbba-b21c-4d9c-8b07-11a9c00f7e96,2025-08-06 02:09:39.471,2025-08-06 02:09:39.471,10002,US7nt0+2+q,com.sec.android.app.shealth,15d8d643-e649-44c9-abc7-79e740b11465,
756546a7-1272-465f-ac0a-c6a1aeb8eaf2,7a38f6a6-8d1f-4925-b504-cb9a2b973b5a,2025-08-06 02:47:24.971,2025-08-06 02:47:24.971,10000,US7nt0+2+q,com.sec.android.app.shealth,af58c385-bb82-4fca-9ccf-023f4fad5bac,
ac5a8678-b0c0-48d2-9f1c-a4bc60723633,037d1c06-6de2-4834-a7da-e60a9152d6aa,2025-08-06 16:05:37.102,2025-08-06 16:05:37.102,10001,US7nt0+2+q,com.sec.android.app.shealth,8629f06a-5b81-4439-a079-6607bcd3f1c4,
eb847e01-4d4f-48cd-86f9-7e95e9fba69d,cb8c2018-03c0-4496-ba95-a25e613478f2,2025-08-06 19:38:47.990,2025-08-06 19:38:47.990,10000,US7nt0+2+q,com.sec.android.app.shealth,2d598838-c49f-4b4d-8b8b-2ba5a4c1555a,
909812f7-eb1c-41bb-bfc6-37a237fa6901,006644bb-58ef-4bc9-8637-ad88ecdc5ef5,2025-08-07 02:50:56.100,2025-08-07 02:50:56.100,10002,US7nt0+2+q,com.sec.android.app.shealth,1742c82e-927c-40cc-83b7-f31b4b508dfe,
ec40bba7-08e4-492a-ba45-24c4b693ef64,e796184d-26e0-465c-8608-877e64e7b959,2025-08-08 00:24:00.295,2025-08-08 00:24:00.295,10000,US7nt0+2+q,com.sec.android.app.shealth,132fadfd-9e34-47ac-8695-ae7348216491,
b14f41cf-f346-40ba-bba1-daa118f49bf6,5241251c-8520-4875-8f4f-abae0115c12e,2025-08-08 03:59:33.123,2025-08-08 03:59:33.123,10002,US7nt0+2+q,com.sec.android.app.shealth,d462c60c-2ac1-4a73-af19-320ae25473c1,
2c94b212-3f63-4e4a-a636-d8d30c268fa7,a69318cf-236d-43d9-b088-d967b3232a25,2025-08-09 04:06:05.076,2025-08-09 04:06:05.076,10002,US7nt0+2+q,com.sec.android.app.shealth,0919415c-dfab-47c3-b24c-5bf1a9004f98,
54c1595d-e6c6-4cf0-ada3-03df3c7c8054,2cbf12f3-545f-4b83-adab-2583193db1b9,2025-08-09 04:41:10.046,2025-08-09 04:41:10.046,10000,US7nt0+2+q,com.sec.android.app.shealth,ba99db35-9d06-401e-934c-2480ba327e11,
01638c6d-de00-4d09-99af-f00db14ffc1d,2e22efa4-e73e-4226-814e-f04b3d69663a,2025-08-10 04:40:14.230,2025-08-10 04:40:14.230,10000,US7nt0+2+q,com.sec.android.app.shealth,d807ab1e-d151-47b4-b690-8ce3beeb3c2c,
e43bfd2b-2a77-4bd5-8c02-546068e58a8f,c5b071b3-1ec4-4fad-8502-0aa3efa3e0d5,2025-08-10 12:57:03.179,2025-08-10 12:57:03.179,10002,US7nt0+2+q,com.sec.android.app.shealth,81a2a8e8-3ab4-41cf-8dbc-f84d9b698cc6,
2a9d2c3e-2fa4-4813-9826-e5ad27fb5a0d,eeab089a-365f-4057-a6b0-4ce0a2b89ad5,2025-08-10 18:32:11.683,2025-08-10 18:32:11.683,10000,US7nt0+2+q,com.sec.android.app.shealth,48e1ca2b-ba2e-4b56-a954-653078398108,
9dbf1e30-36e6-48cf-9abc-86fb5ef8c87f,b3523c25-c572-4a60-90f0-45e19331bf2d,2025-08-11 15:01:44.373,2025-08-11 15:01:44.373,10002,US7nt0+2+q,com.sec.android.app.shealth,cafe9854-e978-4c8a-a6ab-7f50e8944473,
a266bd50-ca69-486a-b22e-27e5079addd5,b87c6df1-52a2-41dd-b6aa-1e120a79be07,2025-08-12 03:24:48.326,2025-08-12 03:24:48.326,10000,US7nt0+2+q,com.sec.android.app.shealth,2a36e10f-3a1f-4d82-9900-83af7b054171,
216b4b8b-8ee0-4318-b723-198de162418b,1438674c-232f-43d8-ba7f-fe3983ffdcb3,2025-08-12 07:29:08.778,2025-08-12 07:29:08.778,10002,US7nt0+2+q,com.sec.android.app.shealth,b308eb2b-4d7b-4df4-9ef6-6074fe07bf27,
f0113b9d-403d-4773-9a31-62014191675f,67d02053-2e03-4147-b9c5-fe5ea11a406e,2025-08-13 00:43:58.102,2025-08-13 00:43:58.102,10000,US7nt0+2+q,com.sec.android.app.shealth,2fd83f15-d677-4daa-a265-355a898b39cb,
33c8e19b-3085-4db1-8f88-47fa85dd1be0,f1f4710c-d467-4264-8020-9eede1f1580c,2025-08-13 03:06:08.987,2025-08-13 03:06:08.987,10002,US7nt0+2+q,com.sec.android.app.shealth,f101e69b-8616-46a1-b268-0b57cde88a99,
b47a3576-341b-4de1-b417-fb67a89ef5b5,c0b5b4de-a9b4-43ed-b9ba-c03f12d3f3c4,2025-08-13 15:18:40.426,2025-08-13 15:18:40.426,10008,US7nt0+2+q,com.google.android.apps.fitness,a0ebfc62-43d8-46ac-b292-127f0aadcfe0,
fcbfd6da-21d8-414e-bc89-d93a172bfeb4,e0406aa2-ca5d-4c35-b88c-79f195b43a5b,2025-08-14 03:51:15.499,2025-08-14 03:51:15.499,10000,US7nt0+2+q,com.sec.android.app.shealth,43420b52-53b7-4725-9171-311612682f27,
9e1c19d7-4ab8-487d-b50d-475563a14989,f4d92d06-5f4d-4a67-ab29-2d882d7c448d,2025-08-15 05:09:54.343,2025-08-15 05:09:54.343,10000,US7nt0+2+q,com.sec.android.app.shealth,075e3d7a-61a7-478d-aa0b-4d6418f0ce3c,
becb8925-ff65-4647-8393-c719573b3564,4d22e33b-cf30-45ad-a8b8-8bc2d2b15413,2025-08-15 14:54:39.692,2025-08-15 14:54:39.692,10002,US7nt0+2+q,com.sec.android.app.shealth,8cb2f2a0-6763-4fde-b2f3-ec6deb1c441a,
0a674bc3-8d5f-4bd8-8f82-5ebc61e01927,72c5b75f-d93c-4f78-8157-896c6e7309f6,2025-08-16 02:05:15.558,2025-08-16 02:05:15.558,10000,US7nt0+2+q,com.sec.android.app.shealth,e4556ac3-75f5-46a1-911f-cb6fcf8d496b,
4dc22445-91e7-4e0e-ba34-6d24c3549b8e,c811194e-54ca-4944-a52d-792ddb00e671,2025-08-16 06:33:29.462,2025-08-16 06:33:29.462,10002,US7nt0+2+q,com.sec.android.app.shealth,70dbf618-0287-42a6-8827-5f2842df6e8b,
658de057-cd8d-4410-8dc2-1164df39b5ae,bdcafc4e-5ad0-4e6d-9f9e-da5837bd630f,2025-08-17 02:26:37.809,2025-08-17 02:26:37.809,10000,US7nt0+2+q,com.sec.android.app.shealth,5371ceb0-f9bb-4279-8059-b05d3be70456,
469cbe8c-35f8-44bf-88bd-152727095573,1c83326d-4615-4906-bf7b-9e4bff95b205,2025-08-17 06:15:09.141,2025-08-17 06:15:09.141,10002,US7nt0+2+q,com.sec.android.app.shealth,62705254-41a4-4ce8-9bdf-bc0a78666fd2,
c5ac0c60-1967-414e-8c39-ba27f280aa5a,b5407372-8811-4507-a2f3-15698aff9280,2025-08-18 02:30:00.208,2025-08-18 02:30:00.208,10000,US7nt0+2+q,com.sec.android.app.shealth,46bfba81-5c3c-41de-ad23-af36467f7c73,
ab092cba-888f-46e1-b83c-d3b21b70e26b,82e85cc2-978d-42f8-a273-763892e76af8,2025-08-18 02:32:12.575,2025-08-18 02:32:12.575,10002,US7nt0+2+q,com.sec.android.app.shealth,40e9b50c-555c-4dba-b2fa-397ff5d9d346,
def38c90-b708-47f1-9122-1d2144f4d74d,3aaec4eb-eae5-4db5-b518-81c4af7641e0,2025-08-19 01:54:32.471,2025-08-19 01:54:32.471,10000,US7nt0+2+q,com.sec.android.app.shealth,f4546436-8261-4f11-8acf-3c2bc8afe773,
50b8325a-4655-4d97-8433-205c5496b6b2,3b5dab2c-b943-4a64-84ad-1dbe0208a09a,2025-08-20 02:55:21.519,2025-08-20 02:55:21.519,10000,US7nt0+2+q,com.sec.android.app.shealth,ad87cc8d-69d4-4b86-a49d-5aa1e209afc5,
e97996e5-42d0-4b8b-b216-616bdd87ddd8,a891dbc2-59a4-49ae-9822-a29f27880681,2025-08-20 15:37:33.753,2025-08-20 15:37:33.753,10002,US7nt0+2+q,com.sec.android.app.shealth,67be8a0a-3120-4d86-a8af-6ef72d00094c,
9ef5f699-2d53-4f4e-95f0-47df35a83f6d,22b78662-71e2-46f7-afae-af6c484b969a,2025-08-21 02:28:23.323,2025-08-21 02:28:23.323,10000,US7nt0+2+q,com.sec.android.app.shealth,f45dd836-d5de-4f22-b64e-ddf7af14a7e8,
73bc59fa-756d-48d9-8be5-27d52b68080b,eef07fd3-ee88-467d-8441-03f3cf8d5f05,2025-08-21 17:27:25.409,2025-08-21 17:27:25.409,10002,US7nt0+2+q,com.sec.android.app.shealth,8287016c-d9b5-4062-8cc6-54b19eaf2adf,
0712bf55-f7a9-416f-9e0c-8008a8623ff4,f76fcabe-9a88-4688-98ca-87ade436eb81,2025-08-22 02:33:27.727,2025-08-22 02:33:27.727,10002,US7nt0+2+q,com.sec.android.app.shealth,157e4dc0-f415-486d-b931-d9ccd6b4512a,
e9681cb6-ee28-4c1b-b9a7-8d44e6d2486c,c2e43600-9303-454b-8841-8a6144c199ed,2025-08-22 03:25:50.998,2025-08-22 03:25:50.998,10000,US7nt0+2+q,com.sec.android.app.shealth,fd3a9740-34a2-4b75-b60e-b9889dcef4dd,
aec86123-9037-418a-a55d-941dc4f7dcb2,4f97da2d-11c3-479f-8f02-7c6079310b02,2025-08-22 04:44:43.739,2025-08-22 04:44:43.739,10001,US7nt0+2+q,com.sec.android.app.shealth,83f9222e-8d58-4b8f-963e-524da1813bb7,
31621f9d-c47e-41a5-96de-b238cacbbf29,65976ba7-5b4c-4bd0-9d98-8b8c9bcf305c,2025-08-22 19:16:28.753,2025-08-22 19:16:28.753,10000,US7nt0+2+q,com.sec.android.app.shealth,f0abc180-44cc-4160-97e6-930f5ef50426,
ae045e38-fd20-4e01-97a5-73734c49c70f,49816754-c3e4-4144-8ea2-2f62e17ddb84,2025-08-23 12:52:48.258,2025-08-23 12:52:48.258,10001,US7nt0+2+q,com.sec.android.app.shealth,78306f6e-b395-4d3d-95de-751211c9aac0,
1991eb34-0eb5-46b1-b0b8-441150397b06,051406e8-cefe-4250-9330-ebad43b46ac1,2025-08-23 18:36:44.646,2025-08-23 18:36:44.646,10000,US7nt0+2+q,com.sec.android.app.shealth,8eba3490-ec58-4f27-8c13-07d1898d6834,
85d7a304-76b4-41c3-85d0-c31149106292,ef17a243-e234-45e3-b465-72aacec1651c,2025-08-25 01:57:27.698,2025-08-25 01:57:27.698,10000,US7nt0+2+q,com.sec.android.app.shealth,6ab8e5a3-b0ac-4ce0-bde4-b4166dc6c926,
4d7edb4f-83f3-435e-ae06-469cbc07b5bb,322ef7fe-5965-427a-a6b7-e1bf90fec1dd,2025-08-25 02:03:03.409,2025-08-25 02:03:03.409,10002,US7nt0+2+q,com.sec.android.app.shealth,f83a35ed-3f92-408e-a31e-0fee7a457cc3,
eb3873e9-1d45-4f17-b18f-6999751e97f4,04848bbe-c104-4ea6-95fc-ff0fc310b975,2025-08-25 02:03:12.756,2025-08-25 02:03:12.756,10002,US7nt0+2+q,com.sec.android.app.shealth,041292eb-01be-4743-97b5-3949db34574c,
f25bfe9f-503f-461e-bc46-d2c8432991bb,f329c5a6-5941-4649-8f26-a31ca116af17,2025-08-25 02:03:12.766,2025-08-25 02:03:12.766,10002,US7nt0+2+q,com.sec.android.app.shealth,1425b638-1808-4820-b502-54e42b81d1eb,
b82795ae-d8d5-474f-94a3-397a6be9dcea,14d6c4a5-b06c-4580-a98c-c15aff41ba2a,2025-08-26 02:15:16.121,2025-08-26 02:15:16.121,10000,US7nt0+2+q,com.sec.android.app.shealth,9a8448f2-b3a2-463a-8399-1afafee17eda,
676bae47-6513-4294-82ef-b5c0220c86d9,30d502c0-9b01-4487-8a49-0a7faeb048e9,2025-08-26 05:22:30.927,2025-08-26 05:22:30.927,10002,US7nt0+2+q,com.sec.android.app.shealth,bc1fc163-13ec-4738-bec1-bd49473d7b4d,
5c51301d-0eb0-4d3b-a038-c3055bf5e3cd,159add24-62a5-4fee-a589-37381fa8829b,2025-08-27 00:44:53.635,2025-08-27 00:44:53.635,10000,US7nt0+2+q,com.sec.android.app.shealth,bfd463cd-8f21-4637-a0a5-8a44b4317904,
6a914582-7038-43f5-a92b-48ac23ad9445,cf564583-9d4a-4ff4-a66d-0b49cefee656,2025-08-27 05:35:42.135,2025-08-27 05:35:42.135,10002,US7nt0+2+q,com.sec.android.app.shealth,4c73834d-5a38-46b4-957e-a559fdbf65d0,
80be1535-0e1e-4ff9-8b9c-9506e77b3dde,79af05c7-7763-461b-932a-697c311e8654,2025-08-27 19:01:08.940,2025-08-27 19:01:08.940,10000,US7nt0+2+q,com.sec.android.app.shealth,a6c06a94-8b3d-4b37-9467-540a2ca773ff,
b8622267-d140-4ba0-a615-bf6de1a2b29b,1b4abfec-f8a3-498e-af57-230c2ebe777a,2025-08-28 00:52:40.287,2025-08-28 00:52:40.287,10001,US7nt0+2+q,com.sec.android.app.shealth,5d30ad7f-689a-434b-a371-990a199ec6a5,
55cb3ad4-4fc8-4fbe-8eb8-9d45eb4e9f86,a316b442-a4a8-4ef4-92ed-9ad299ce460f,2025-08-28 00:54:35.968,2025-08-28 00:54:35.968,10002,US7nt0+2+q,com.sec.android.app.shealth,bf4153a3-6eef-445e-9e93-9b33b297295b,
2a009928-84bf-4472-9dc2-8a660c4c13fe,db634974-85c6-4a09-adf4-10c16ba426cd,2025-08-29 03:08:45.437,2025-08-29 03:08:45.437,10000,US7nt0+2+q,com.sec.android.app.shealth,91b12b64-38f4-40cd-a023-4f1a6aac621a,
df0c84d1-236b-45b6-96df-497ddf7d3570,d30ec021-c075-4c46-9002-3257f676f379,2025-08-29 03:54:51.170,2025-08-29 03:54:51.170,10002,US7nt0+2+q,com.sec.android.app.shealth,683d740b-2ec8-4362-8150-6641b57cf737,
0dff6de6-7425-41c3-9704-ca1a2c04e4a8,074b7f41-6147-48fd-9cce-1d572537302c,2025-08-29 19:38:12.096,2025-08-29 19:38:12.096,10000,US7nt0+2+q,com.sec.android.app.shealth,e3c63709-6c22-42f0-a21d-60dcef70dc99,
cce29b76-07d9-4240-8e51-3f5b555db492,57aec440-b8b1-4857-8fd6-a0cc9e897ffa,2025-08-30 15:09:55.509,2025-08-30 15:09:55.509,10001,US7nt0+2+q,com.sec.android.app.shealth,56607ffd-c02b-4ee6-bf55-86037395c60d,
4a3a7dce-3f19-40cf-9eb3-b03518caade9,0550056c-1a4d-4df9-a8a4-bd3733922882,2025-08-31 03:07:17.535,2025-08-31 03:07:17.535,10000,US7nt0+2+q,com.sec.android.app.shealth,e14d4054-56cc-4bbd-97fb-4560ed9da3b2,
6d34592b-f84f-4851-891e-f6f40fcb3911,f4a1c00e-eb43-4296-8632-2b60bdf7b6de,2025-08-31 03:18:24.504,2025-08-31 03:18:24.504,10002,US7nt0+2+q,com.sec.android.app.shealth,d7c17ead-e49b-4335-9403-65d1b0cfb87d,
589dd265-2d1e-4c18-b8d8-522094e0ddd9,217d34ea-1270-4b8e-9911-cb0ba788e079,2025-09-01 01:34:26.370,2025-09-01 01:34:26.370,10000,US7nt0+2+q,com.sec.android.app.shealth,34c9696d-3d48-4354-a262-3893ea5941d1,
b5bcb2d3-59c8-4653-88e4-d184c478aed6,d3055cd1-9f86-420b-8dde-1673d00965c0,2025-09-02 03:09:38.028,2025-09-02 03:09:38.028,10000,US7nt0+2+q,com.sec.android.app.shealth,e030f377-9b04-402e-8a3f-00f71dc90551,
12a5174c-a6f9-45db-8e77-8a23d98f9811,998a4cc6-d4fc-4491-87ff-451f82ba603a,2025-09-02 08:20:51.869,2025-09-02 08:20:51.869,10002,US7nt0+2+q,com.sec.android.app.shealth,17366d60-9a60-473f-a036-d5d90ca7b4d8,
e261a7c9-8be1-448b-bd25-401818ebf93a,64f9cf1e-2dbe-4195-a225-27550541f1d4,2025-09-02 18:44:19.118,2025-09-02 18:44:19.118,10000,US7nt0+2+q,com.sec.android.app.shealth,8badf62b-01b9-4051-b119-081581bdff80,
e9f473a7-4e34-43c5-a02e-523933e1eea7,b9bd052a-5549-4d67-8efb-1a8e70f110ba,2025-09-03 09:51:02.780,2025-09-03 09:51:02.780,10002,US7nt0+2+q,com.sec.android.app.shealth,38bbcdc6-7808-4810-8f0a-4390d83e8899,
bbdd866d-c18f-4b10-b157-213d35af8ef2,43496d65-2140-4281-8635-d0f2cb941445,2025-09-04 01:51:25.582,2025-09-04 01:51:25.582,10000,US7nt0+2+q,com.sec.android.app.shealth,9b65cc74-933a-42fd-8c0d-4ca9489776c6,
3704145b-6f2f-424c-9307-1e1350b37bc8,50ea7065-f935-4bfc-b986-0d6fec91023d,2025-09-04 13:50:15.122,2025-09-04 13:50:15.122,10002,US7nt0+2+q,com.sec.android.app.shealth,c5dc1e96-002a-40ce-9b26-542a82fd63e7,
26de91e8-8812-4b70-ae98-ae7218a7f519,a83bab7b-9477-42ba-9df8-4de6c6f3e3d9,2025-09-04 13:50:24.427,2025-09-04 13:50:24.427,10002,US7nt0+2+q,com.sec.android.app.shealth,cd7e0ba3-c4ec-4683-a86f-b13de314d994,
43e2baf4-17b7-426b-b7b7-10ad697c3f5a,03ffc7b6-4dac-43f3-ac5e-e9f5f78237f0,2025-09-04 13:50:24.434,2025-09-04 13:50:24.434,10002,US7nt0+2+q,com.sec.android.app.shealth,e627e1b9-0f58-409b-95d4-45f7efecd77f,
1ee754eb-7074-4247-a701-5435ba176e2b,0d64fd51-2c6c-4703-bf65-dd59d7d4a0da,2025-09-04 19:32:06.296,2025-09-04 19:32:06.296,10000,US7nt0+2+q,com.sec.android.app.shealth,7f281d51-d8b5-4fd6-9f5e-e5a9d93be311,
e987ab9b-1847-48fc-aef7-f39079d27cd0,beca7b35-9eb8-49ec-9439-ffcef6f6fa13,2025-09-06 03:28:45.167,2025-09-06 03:28:45.167,10000,US7nt0+2+q,com.sec.android.app.shealth,9b27b1fb-471f-4556-815e-97cfd8ec0403,
ddef60bf-355c-4a25-b08c-9507890d970e,b770541f-6d9b-4411-a76b-2e6736eb165b,2025-09-06 04:38:58.196,2025-09-06 04:38:58.196,10002,US7nt0+2+q,com.sec.android.app.shealth,c168eb05-2091-4fd5-8eb3-32a49cc2b565,
5ca03a3d-b4a7-4ef4-bb2b-9e881769bb0b,dc29d360-ccdb-47e2-aa06-1b1fd8ba8248,2025-09-06 18:50:32.764,2025-09-06 18:50:32.764,10000,US7nt0+2+q,com.sec.android.app.shealth,ec2ca726-715b-44e5-8963-8703aaaf4b16,
1fe342a6-c93f-4714-b5c7-cf6ef22afdd7,a44f2814-6dfd-4278-8a16-ead1e9544d41,2025-09-08 04:05:17.930,2025-09-08 04:05:17.930,10000,US7nt0+2+q,com.sec.android.app.shealth,1caa70bb-271f-430d-bf27-2b007a56e1d7,
81aba2d1-e816-4dd2-a519-7c5f15cf0080,96a8667c-c1c9-45b8-894d-b57f44c448f9,2025-09-08 18:35:03.068,2025-09-08 18:35:03.068,10000,US7nt0+2+q,com.sec.android.app.shealth,75488d11-5543-4fd7-b8db-1496c176030e,
adbe5dc4-7b7d-4c24-ad6e-39961480d61c,e00058eb-239d-492d-b01d-411dcbcc23fa,2025-09-09 09:29:34.118,2025-09-09 09:29:34.118,10001,US7nt0+2+q,com.sec.android.app.shealth,9b34200f-2a8c-4d37-8030-34a0fdac9be7,
83437993-4961-43b9-907b-c5ab012d84a7,4bcbdea7-2064-4a2f-bd2f-7e3ef08ead6e,2025-09-09 18:30:32.810,2025-09-09 18:30:32.810,10000,US7nt0+2+q,com.sec.android.app.shealth,7aa5f55f-a299-499f-99b6-f3db8349d8d1,
bca1159a-4610-4d53-9bb7-cda7e48121ec,77fb82fc-383a-40f2-8f3b-b3bd00898663,2025-09-10 15:11:53.413,2025-09-10 15:11:53.413,10002,US7nt0+2+q,com.sec.android.app.shealth,e3ffed8b-593c-482f-881f-d6fe8b1c48cb,
4f62ecca-8830-4597-b591-2ff971804d42,940b77bb-c4fe-4c52-8318-c9bd6e003891,2025-09-10 15:20:21.069,2025-09-10 15:20:21.069,10002,US7nt0+2+q,com.sec.android.app.shealth,4dee8550-584d-4a87-9265-bca51ac0a35a,
46f15436-4dc0-4ccf-9948-2f9e793c38c0,92be68db-cd38-4bc1-a47c-7f18e61719d5,2025-09-10 15:20:26.361,2025-09-10 15:20:26.361,10002,US7nt0+2+q,com.sec.android.app.shealth,4748e821-f308-43a8-9adc-ed6c38c65ef0,
9bedfb0c-7b94-40d1-859c-0f5f49aae29e,bf4ad763-2656-4343-b96f-dbe62b347d79,2025-09-11 03:15:51.200,2025-09-11 03:15:51.200,10000,US7nt0+2+q,com.sec.android.app.shealth,e46a3b00-0b9a-4a20-be3a-48b1584731fe,
0b23cab6-1122-4fc9-a258-63afb9ee7a71,32087a5d-d584-4104-be2a-3eb83af7b3b2,2025-09-11 13:52:15.097,2025-09-11 13:52:15.097,10002,US7nt0+2+q,com.sec.android.app.shealth,2c58688d-e7eb-42fd-8f2e-1321d3dd26dd,
6cc02369-edab-4a73-a52a-0f6c04004a5f,7922c3ae-bf4c-4b51-8120-a1815022e81d,2025-09-12 01:57:54.522,2025-09-12 01:57:54.522,10000,US7nt0+2+q,com.sec.android.app.shealth,369bec98-027d-4b99-b56a-ef0313076c88,
9aa05106-5bdf-437c-a750-9466db9a8d8f,505138d9-1c91-481b-b611-1b26ed7745e6,2025-09-12 13:57:42.787,2025-09-12 13:57:42.787,10001,US7nt0+2+q,com.sec.android.app.shealth,5baf6585-4e48-487f-9dde-9157d539a269,
9e734d49-6ef5-4fb9-9b25-e0ed08897eef,674ff365-d3d0-445b-8f0d-ded3fab88c9c,2025-09-12 17:09:30.118,2025-09-12 17:09:30.118,10002,US7nt0+2+q,com.sec.android.app.shealth,d890b8fd-c1d8-4162-b245-ae700c668987,
a6ee2206-f7c4-4e06-b82a-c4537a09b042,4f40679d-7f7d-4caf-be26-3303d3f38c49,2025-09-12 20:07:20.688,2025-09-12 20:07:20.688,10000,US7nt0+2+q,com.sec.android.app.shealth,2e943c80-0820-43f5-a564-55c2420a771b,
a49d65de-0302-4e02-93c6-331c0d9bbd2b,be3e003e-a7ec-4894-b9d9-668eb231f075,2025-09-14 04:03:56.218,2025-09-14 04:03:56.218,10000,US7nt0+2+q,com.sec.android.app.shealth,87b07eb7-5cab-4315-b421-6e2a869808db,
c635ee83-cc83-4f99-b2d6-e83fbfcd6af3,fa3b2248-aad2-4c14-ad84-9cc922f7627e,2025-09-14 19:33:53.093,2025-09-14 19:33:53.093,10000,US7nt0+2+q,com.sec.android.app.shealth,969e78e8-01e8-4c3e-871a-5c71845a636a,
50453376-12c2-47fb-87a4-653fff1809c0,9eb4c9d4-df06-489b-bf48-0c53cffe8bb1,2025-09-15 03:24:06.056,2025-09-15 03:24:06.056,10002,US7nt0+2+q,com.sec.android.app.shealth,07f063f6-397e-41ec-8c55-4e6fd99e75af,
fe6fbd02-42ab-47eb-8155-6c94a00c5bb0,2f2406da-76b5-41a6-9ea3-e3b2ebf8acb8,2025-09-16 03:02:38.624,2025-09-16 03:02:38.624,10000,US7nt0+2+q,com.sec.android.app.shealth,519c6a8f-faae-43c8-a8f2-f6c20ec99b2c,
d3e7e26d-39b5-45c4-b122-6dd0ed3adca5,fc3daaa5-d0db-417c-b206-a26c7bd54e37,2025-09-17 02:07:10.597,2025-09-17 02:07:10.597,10000,US7nt0+2+q,com.sec.android.app.shealth,98cc929d-a429-464c-add6-461979be1d9d,
0a1d90d5-1f3f-40e6-af16-edcd234650f7,6f6a47f3-5d09-421a-a5f5-b6a91a740c10,2025-09-17 12:05:02.524,2025-09-17 12:05:02.524,10002,US7nt0+2+q,com.sec.android.app.shealth,4a65650d-1f7d-4ce5-a0e4-37e51af8a1da,
b6cebe77-ce95-4d87-8eb4-ccd9b490f54a,19847437-b172-449f-9641-2f8e5e5acbef,2025-09-17 19:02:43.965,2025-09-17 19:02:43.965,10000,US7nt0+2+q,com.sec.android.app.shealth,c5676188-eff9-4834-9182-ccd063a0bbd7,
0e0d9d9b-8b78-4acb-9ed6-229f9ee104f1,aa4ef190-1a56-4bcf-87c5-acd0cfa583ea,2025-09-18 16:41:06.909,2025-09-18 16:41:06.909,10002,US7nt0+2+q,com.sec.android.app.shealth,cd27133a-fea2-420d-a91a-a2e5dbb89a9a,
8c70c051-a03a-4be3-bcf3-a796f386df62,ed333611-5cc6-414b-bda2-b22c921a9a98,2025-09-18 17:43:01.360,2025-09-18 17:43:01.360,10001,US7nt0+2+q,com.sec.android.app.shealth,4a592300-fa17-4b1c-940a-0cda27dc1955,
55c2b837-bcb9-46dd-8ff4-6064d42e9bc2,89c7d40b-a075-44bb-b8d2-9d56e328b846,2025-09-19 01:10:44.979,2025-09-19 01:10:44.979,10000,US7nt0+2+q,com.sec.android.app.shealth,bf16bf7b-f5b1-4d3e-aeca-598e5bd9e7e5,
805bac04-cb8d-42e6-879f-fabdb6101f4b,8b39aefd-bcdb-4aef-b057-ef88a7680af7,2025-09-19 16:22:05.946,2025-09-19 16:22:05.946,10002,US7nt0+2+q,com.sec.android.app.shealth,9dc173b0-fcc2-46cb-95be-ea9e822ccf6b,
f9f73a09-e544-4068-8a64-868db715fa5d,327a7785-46f9-443c-8dcb-1a12990ccfce,2025-09-19 16:25:51.894,2025-09-19 16:25:51.894,10002,US7nt0+2+q,com.sec.android.app.shealth,735b17e5-f55c-4045-a8c2-b917e98ae8c8,
e3b3eb77-3dff-40fd-b084-ebfa8e50624e,292d57b7-e663-4aac-90cf-79f576426051,2025-09-20 01:45:31.331,2025-09-20 01:45:31.331,10000,US7nt0+2+q,com.sec.android.app.shealth,9f3e0516-ee26-4688-8cde-621c67659614,
f36b1d6a-2c5c-4293-a0cf-518f51e4731a,ed15b9e4-db73-488f-b8a8-e9b12651ae29,2025-09-20 02:08:37.308,2025-09-20 02:08:37.308,10002,US7nt0+2+q,com.sec.android.app.shealth,50fa4665-d592-4986-be6a-d2ec48b71f09,
fa3f50a0-587b-4384-8004-84a13a9ad567,323c8445-bf65-4aa8-9e58-0180f29283fe,2025-09-21 04:29:33.611,2025-09-21 04:29:33.611,10000,US7nt0+2+q,com.sec.android.app.shealth,4a6fbb0e-105f-4b35-a8ce-05ff19afb306,
74694800-1cc6-4560-8b4a-77d801033caf,15d05fd7-79f2-4340-a361-c11cbbdef2c9,2025-09-21 07:12:32.153,2025-09-21 07:12:32.153,10002,US7nt0+2+q,com.sec.android.app.shealth,e2ad9cd6-ab1c-4606-ba87-395be57671b3,
9f99de94-c00d-4be9-a5a0-c5971d19ad18,5e44b753-38f2-46fd-8280-5b35afbddc17,2025-09-21 19:47:16.221,2025-09-21 19:47:16.221,10000,US7nt0+2+q,com.sec.android.app.shealth,1532ff6c-3952-4268-9bad-d12dd7ae7853,
d834d894-113e-4c38-bdf9-0a3104cb894d,922846af-aceb-4abb-b5c0-f52567bc5dcd,2025-09-22 12:53:07.428,2025-09-22 12:53:07.428,10002,US7nt0+2+q,com.sec.android.app.shealth,c2011010-7f2e-455f-951f-025768123000,
ca5f4803-4796-4a0c-8a58-80ee6bfbfc69,cabae76f-2d7e-4daa-bf80-0193f56aefc3,2025-09-23 02:28:19.717,2025-09-23 02:28:19.717,10002,US7nt0+2+q,com.sec.android.app.shealth,39f09411-7c2e-43b0-94ff-97a71d0d54a0,
54f54a13-685d-47e3-966a-945e8d1d313e,3ab3f180-dac7-4ca9-b19a-2ff73a236e41,2025-09-23 02:37:53.102,2025-09-23 02:37:53.102,10000,US7nt0+2+q,com.sec.android.app.shealth,815d79ef-639d-4651-9989-be9bfaf8e180,
3af88fdc-40f0-41fe-b4b4-3f127e8b89b3,e84ffa1a-732c-4f4a-a905-d94385a1149e,2025-09-24 00:30:37.106,2025-09-24 00:30:37.106,10000,US7nt0+2+q,com.sec.android.app.shealth,bdc2ce34-fdc8-4c10-857c-0de8102cf360,
3930ee8b-c530-4733-bf98-a34a4035a827,7a5648c6-9dea-40e4-9406-51f777974cc1,2025-09-24 12:48:41.447,2025-09-24 12:48:41.447,10002,US7nt0+2+q,com.sec.android.app.shealth,958cb892-2a11-4fdb-9ed5-760d59462602,
cffb180c-a5dd-4695-8ceb-84e2ef6ae9c0,77417dab-93a9-43b5-b6fe-54b2d89899b8,2025-09-25 03:16:52.992,2025-09-25 03:16:52.992,10000,US7nt0+2+q,com.sec.android.app.shealth,ac7d2bf6-31d1-4c46-a86b-b58548174439,
df8bad0c-029f-4aba-a769-0d3ac9703bba,daef2aab-3ab7-4e1b-8cb1-3c80137a53a6,2025-09-25 13:57:42.355,2025-09-25 13:57:42.355,10002,US7nt0+2+q,com.sec.android.app.shealth,3652c2f2-6bbf-4214-acf2-621884b527a7,
903bb9cf-39ca-4285-8b49-6ede454954e5,5f1fa16e-aebb-48a2-996e-a3503e32aafa,2025-09-26 00:43:48.412,2025-09-26 00:43:48.412,10000,US7nt0+2+q,com.sec.android.app.shealth,e9b8d8db-5bae-47fa-a4c1-da43f5091f1b,
08c7bde7-68c8-47fb-9b33-c11ef069f1ee,686704b1-7549-470d-ae8e-ee67e9791aab,2025-09-26 18:57:02.439,2025-09-26 18:57:02.439,10000,US7nt0+2+q,com.sec.android.app.shealth,ecb894c5-19b6-443f-85c0-59a81b8af18e,
aa65cdc2-7799-43f8-bc34-571ecb93d219,b0a562fa-8034-435d-be25-4792dcd3d701,2025-09-27 03:20:22.834,2025-09-27 03:20:22.834,10002,US7nt0+2+q,com.sec.android.app.shealth,ab3859e5-72cd-47e0-97d0-0c6fe067f6cd,
ca88cc3c-4e69-4ada-9033-85e4852696d0,038d6c15-87df-4d25-b26d-3c299d3fa955,2025-09-27 13:49:13.685,2025-09-27 13:49:13.685,10001,US7nt0+2+q,com.sec.android.app.shealth,8a14b288-fdef-499e-ad95-82d702b69492,
3794c131-8cb4-4e55-b0ee-31ba08979c73,6a0a419d-de68-418a-9a96-46b29b48b446,2025-09-28 00:30:29.576,2025-09-28 00:30:29.576,10000,US7nt0+2+q,com.sec.android.app.shealth,f568f2ad-fde4-49b9-9fce-09cef8194e91,
ad4313b8-9009-4b70-b8f7-b7b88fd239c4,fef3127e-0161-43e2-a9ad-987312b91952,2025-09-29 00:43:46.850,2025-09-29 00:43:46.850,10000,US7nt0+2+q,com.sec.android.app.shealth,f2ad1672-1422-449c-a315-62ab7971c27d,
babd9535-19d1-4ac5-ad7f-38e267058637,977dc38c-4100-4ea3-b1f2-d2e726b02c91,2025-09-29 08:11:00.235,2025-09-29 08:11:00.235,10008,US7nt0+2+q,com.google.android.apps.fitness,2d6d25e2-864e-4eb1-82ad-94289a1f1ee9,
1779d656-b350-4be4-b095-4e6ecfed11df,63809540-cca3-45b5-af88-82d25f74ab54,2025-09-30 03:03:57.531,2025-09-30 03:03:57.531,10000,US7nt0+2+q,com.sec.android.app.shealth,16b26926-342b-4d8e-9122-da56577585d2,
08028c59-c77b-4bf6-8da2-a0860cb1f570,7b2b2fcd-64a0-4647-b8b7-b98e450a0c28,2025-09-30 18:33:01.543,2025-09-30 18:33:01.543,10000,US7nt0+2+q,com.sec.android.app.shealth,2143632e-c885-4ee4-a31c-90127d42bbd4,
b78015a0-7bbb-47fc-afff-1c9820a4e97e,dd7da0e1-43b2-4950-b8d9-8a866f855e48,2025-10-02 02:35:18.214,2025-10-02 02:35:18.214,10000,US7nt0+2+q,com.sec.android.app.shealth,404a42d5-60fe-4f09-b968-f0081ebebe1c,
614b1419-f647-4342-9b6d-7a3ebed11ef7,68a7b962-b505-4a8f-8327-c3018d610c3f,2025-10-03 02:17:24.394,2025-10-03 02:17:24.394,10000,US7nt0+2+q,com.sec.android.app.shealth,4e487579-b4b7-47e2-962d-4ca6ef7030cd,
735dc33e-f48a-4543-b801-8005daf9bcda,a9574817-5af6-4827-9e02-f768cc08bf7b,2025-10-03 19:23:51.270,2025-10-03 19:23:51.270,10000,US7nt0+2+q,com.sec.android.app.shealth,57bb172c-04bf-4c6b-82bd-023dc338694d,
990e9b13-2135-4707-a251-452efb628745,92bba929-a6cf-4e16-a640-d9178b846861,2025-10-04 03:00:37.183,2025-10-04 03:00:37.183,10002,US7nt0+2+q,com.sec.android.app.shealth,d11f03f3-75ef-425c-8580-ae6204c26b6a,
b293f01b-e494-4e92-a48e-deb1a9501bce,b014ba32-c4dc-426d-8907-e0883d1ef81f,2025-10-04 03:00:46.486,2025-10-04 03:00:46.486,10002,US7nt0+2+q,com.sec.android.app.shealth,e467af30-0a7b-4584-a3b9-e82978505e81,
9d9ce285-1a9c-4158-a400-bf3fba01248b,7195692d-59d8-4f96-b30e-c2ac0e7c7690,2025-10-04 03:00:46.504,2025-10-04 03:00:46.504,10002,US7nt0+2+q,com.sec.android.app.shealth,58525319-67e7-4037-908b-4aa40d8e13bf,
3e689a82-20ce-4b25-afc3-fa5bc45083cc,16edf150-313c-4b00-82ce-b4e6178a6625,2025-10-04 03:00:46.547,2025-10-04 03:00:46.547,10002,US7nt0+2+q,com.sec.android.app.shealth,4513b358-cc84-4f9d-a015-64f6c81a299f,
d9057e88-1d3a-46c3-96b4-9052db46da7a,35b71b05-fd95-4145-9fce-3d683e024a7e,2025-10-05 02:11:32.012,2025-10-05 02:11:32.012,10000,US7nt0+2+q,com.sec.android.app.shealth,7348a383-c30d-4101-bac7-86fef2d0ac4a,
2686be34-3722-4897-9e11-47efdc5b3a74,40a6f2d2-395b-4954-9253-d488b6018212,2025-10-06 03:49:55.222,2025-10-06 03:49:55.222,10000,US7nt0+2+q,com.sec.android.app.shealth,bc42d43d-65e3-48e5-8cde-f0ed7f2c9fb6,
345b11e0-0ad4-4f22-8069-e921e6daba11,03d17415-12a3-423d-b847-55b073931bcd,2025-10-06 16:23:51.305,2025-10-06 16:23:51.305,10002,US7nt0+2+q,com.sec.android.app.shealth,1b61b68e-767d-4c68-a44b-8605056d05e2,
fd2fa122-0622-462e-b8a2-8b3cde0f8fbf,4fef8f54-12d0-49b1-afca-2f5a8b3331fa,2025-10-06 16:24:28.094,2025-10-06 16:24:28.094,10002,US7nt0+2+q,com.sec.android.app.shealth,95e97ac7-4e2d-4f6d-b7d9-b52fbe345fdb,
fa65e8a0-d921-41a4-b32b-af06531bf6cc,dd73672a-1a71-4be3-baa1-c4ba9187d926,2025-10-06 18:33:06.634,2025-10-06 18:33:06.634,10000,US7nt0+2+q,com.sec.android.app.shealth,dd7f9c58-a119-450c-94b6-4692ac7bd821,
da74bc02-8375-447f-ab2b-874be863c4d0,7b034c21-943b-4c1e-9bc9-f95b42b07fa5,2025-10-07 18:45:15.628,2025-10-07 18:45:15.628,10000,US7nt0+2+q,com.sec.android.app.shealth,33f46cc6-1eaf-41d8-aaa7-d6a27ab4ddbb,
c1ecf675-1440-413c-bece-0cb9cdfc879e,61ae4c59-a9bc-42ec-914c-9a2d7f133aca,2025-10-07 23:18:33.103,2025-10-07 23:18:33.103,10002,US7nt0+2+q,com.sec.android.app.shealth,f5277f32-0cea-4c83-9c55-c9f07d9e427d,
2922b4b7-d3dd-447d-856c-fb35cdf2bd32,f5ffddfc-93b2-4ced-9686-650f37e13d3a,2025-10-08 08:45:14.496,2025-10-08 08:45:14.496,10001,US7nt0+2+q,com.sec.android.app.shealth,1821b9a3-870f-45d8-acab-40d7710b8855,
5119c523-5b2b-40c7-b032-0eb830f508bd,7662c876-b5cd-47e3-ba4d-c3d686798df4,2025-10-09 00:41:34.233,2025-10-09 00:41:34.233,10000,US7nt0+2+q,com.sec.android.app.shealth,208731da-9bce-4c61-b590-8d7af856cd96,
a926329e-5888-4462-9d3a-386d2c8a6db3,211bd9de-11f2-4cbc-be3c-8c4229458c6f,2025-10-09 01:54:07.021,2025-10-09 01:54:07.021,10001,US7nt0+2+q,com.sec.android.app.shealth,b556cd82-bd9c-4891-88c1-3d70d1bedfdd,
b97f6c95-390f-4ae1-92ac-54168116d03f,ef23cee8-71e8-4dcd-abdc-6e864d8e9545,2025-10-09 01:54:34.615,2025-10-09 01:54:34.615,10002,US7nt0+2+q,com.sec.android.app.shealth,05b77c12-5e41-4ee5-885b-83299a0bc49c,
ea73fd46-769a-4b7a-bb35-51343e567d90,8e992a43-cc62-420b-aff4-184620d13767,2025-10-10 03:13:21.297,2025-10-10 03:13:21.297,10000,US7nt0+2+q,com.sec.android.app.shealth,e9de10f3-8bc8-452b-bbfa-2f7ed7febc92,
304cb896-916d-4acd-ab3c-f0f782b1bbdd,fe5f61dd-4b54-4ecd-ac5f-127066831a30,2025-10-10 05:17:29.366,2025-10-10 05:17:29.366,10002,US7nt0+2+q,com.sec.android.app.shealth,3f1c516e-5416-40a5-b607-1b5b903b30d9,
977c3c9c-a36d-45cc-9171-7c705bded4fd,e6be94d3-1834-4ee8-a8ab-3d09310a661f,2025-10-11 01:04:51.598,2025-10-11 01:04:51.598,10000,US7nt0+2+q,com.sec.android.app.shealth,473d702d-f5ed-4dbd-bc43-fe9383e0cd53,
b89159b2-7964-4774-8b87-78a8aa01ee9d,e5e123db-ae0b-47ec-ba00-edff5ee25c90,2025-10-11 06:22:41.721,2025-10-11 06:22:41.721,10002,US7nt0+2+q,com.sec.android.app.shealth,9594ff06-a758-4b30-b8fc-082f5b940195,
bccda6d9-a5e1-45b1-a00c-fa38d5a48f17,4694b7a8-9f96-4320-b720-8a4bd9e00bf1,2025-10-11 14:11:06.230,2025-10-11 14:11:06.230,10001,US7nt0+2+q,com.sec.android.app.shealth,53d9b60a-9819-48c1-81b4-f9f85a6c5b91,
2eb37814-0530-4438-9ed7-096e82679ca4,99522ef5-a433-44f4-acb3-2eb11e1a0517,2025-10-11 15:02:41.923,2025-10-11 15:02:41.923,10001,US7nt0+2+q,com.sec.android.app.shealth,0b32c23f-b8f1-4f42-923c-8d1eb165e960,
df400309-8cbf-44ae-8439-688c24ab6e19,b273c458-ffa9-4521-9e6b-a59fd63a2661,2025-10-12 00:16:11.375,2025-10-12 00:16:11.375,10000,US7nt0+2+q,com.sec.android.app.shealth,45357a96-85fb-4e23-9bd6-cef785203948,
7626a2a1-ff84-4a11-a66f-4043c0485dd6,75c30119-a5f5-4ea3-a656-9c596edd579d,2025-10-12 02:53:21.155,2025-10-12 02:53:21.155,10001,US7nt0+2+q,com.sec.android.app.shealth,646f3d2a-bd0b-447e-b1b7-9ecfcb4d1d0b,
0d0f38a9-c551-4e55-923f-68c4ec5c695e,5a98bff6-dc0e-4e91-90db-83bf607bb57b,2025-10-12 06:32:26.498,2025-10-12 06:32:26.498,10002,US7nt0+2+q,com.sec.android.app.shealth,8c2d8d51-5d07-4c00-8271-05d7825d88aa,
dc89c763-8b08-41f3-b953-95cc46638ec6,e6c79477-9013-4df0-b8a6-5ac5532de71c,2025-10-12 19:36:42.201,2025-10-12 19:36:42.201,10000,US7nt0+2+q,com.sec.android.app.shealth,8bd80fbc-e456-450a-ba85-9ba90d95cc5a,
4252f859-51fc-4d3f-97a0-9d74b251186c,1b89bebf-ae7b-426d-8b31-bcd63388749f,2025-10-13 02:18:13.985,2025-10-13 02:18:13.985,10002,US7nt0+2+q,com.sec.android.app.shealth,47f271da-be1c-4252-9103-aaa172665c18,
db1ae047-50bf-4517-b505-7530765eb39a,12345686-a9ab-4d56-833c-9da7b6ebfa7c,2025-10-14 01:57:26.784,2025-10-14 01:57:26.784,10000,US7nt0+2+q,com.sec.android.app.shealth,7cd7521f-af20-423f-adce-f9576f029eca,
dd1043f8-5d4e-4a8e-8aba-97038daf386c,9af0c50c-7f21-4ab1-8c08-96bb9e2f6795,2025-10-14 10:49:54.258,2025-10-14 10:49:54.258,10001,US7nt0+2+q,com.sec.android.app.shealth,f34547d0-e32d-4056-bbf0-8924373dd119,
f88ba0d6-5c71-4bd0-80bd-814d1d77c968,308b0e8e-5bfc-41c9-9bbf-2590071eec7c,2025-10-15 01:33:00.192,2025-10-15 01:33:00.192,10000,US7nt0+2+q,com.sec.android.app.shealth,623c5158-bbee-460d-83e4-c548546b8f49,
718eeaca-41b1-482d-90c6-82182c152444,c41c312d-307e-4ad5-9877-587d377563dc,2025-10-15 08:51:17.819,2025-10-15 08:51:17.819,10002,US7nt0+2+q,com.sec.android.app.shealth,1b0d5210-c841-4f26-8fc0-b92a1738b174,
9d1cc309-12e4-45df-b49c-9bd5fb7c016f,55b82a1d-a165-4724-8ee6-438353c8f527,2025-10-16 01:44:32.320,2025-10-16 01:44:32.320,10000,US7nt0+2+q,com.sec.android.app.shealth,98eaec27-9a22-483b-baca-c85f4da391b5,
dd441219-eed1-40ae-9dc2-6fd932f4fd2f,900d2d6c-1e52-4161-be71-7ebb7edb8adb,2025-10-16 07:58:59.013,2025-10-16 07:58:59.013,10002,US7nt0+2+q,com.sec.android.app.shealth,d8b1ca54-886d-4ba4-a6c5-3ed6c00ec471,
e0f35d52-5bae-461e-8e69-ac11e95df854,5ce5b1b6-637d-407d-8a72-19f3e6993ef4,2025-10-16 14:59:08.497,2025-10-16 14:59:08.497,10002,US7nt0+2+q,com.sec.android.app.shealth,3b5e1817-e67a-4d77-aadc-2f72538fbf21,
879803f4-5456-48c8-a810-939b9d88448f,3e9ffa3b-babc-4e12-8aa7-918d826033f7,2025-10-16 21:32:33.393,2025-10-16 21:32:33.393,10000,US7nt0+2+q,com.sec.android.app.shealth,88dff39c-caf2-43b9-9ccb-8ef653002729,
56c85a8f-a287-4c9d-ad86-c09abba2e356,3e6d84dd-8d30-4caa-a70c-b69a26b1cf72,2025-10-17 13:11:01.471,2025-10-17 13:11:01.471,10002,US7nt0+2+q,com.sec.android.app.shealth,bc96bc87-6619-403e-a3ae-b006928074ae,
8b858a9c-4c5c-4370-b603-ba2c437959e5,318ac402-69ea-4b0e-8969-b3a9cf6377ed,2025-10-18 01:04:32.678,2025-10-18 01:04:32.678,10000,US7nt0+2+q,com.sec.android.app.shealth,319454a8-ab42-4f92-b259-936fce910e86,
539e041a-2005-4f48-a2da-043c67307cb1,8e9f1706-0a69-46b4-b9eb-0543d0b22390,2025-10-18 06:00:24.244,2025-10-18 06:00:24.244,10002,US7nt0+2+q,com.sec.android.app.shealth,3f46033f-b50a-46a3-9711-c9e5bfce80d5,
ed3c641a-6dc0-46c5-804d-f81917f895d7,4bea3b14-e56a-4824-b0dd-7b3740f36983,2025-10-18 18:43:22.190,2025-10-18 18:43:22.190,10000,US7nt0+2+q,com.sec.android.app.shealth,499519a4-a0d5-4cdb-be81-486e3b453802,
936dfc2d-4748-4d4a-9a58-710e1ba356a9,596efc3d-8e79-4752-89cd-c704e685daea,2025-10-19 13:25:04.726,2025-10-19 13:25:04.726,10002,US7nt0+2+q,com.sec.android.app.shealth,992ad26a-3f65-4f58-bad3-efe64b10f040,
9adb2ac4-e622-4fa0-ac16-a6aafb620b94,e1d8509e-bbc5-4a35-8c9f-44eab318e667,2025-10-20 00:22:52.809,2025-10-20 00:22:52.809,10000,US7nt0+2+q,com.sec.android.app.shealth,3db4bea4-54c4-496f-a755-56819dae7e71,
8c26dc32-15ea-475d-a5e8-0bdf753f61e8,5f8cc4f2-11fa-44bf-aac6-19f901c0c52a,2025-10-20 15:06:56.236,2025-10-20 15:06:56.236,10002,US7nt0+2+q,com.sec.android.app.shealth,8f91459f-c9c4-4117-b887-593f5697f1db,
d7cf9b8b-2dd1-4188-819f-8d16a341b49d,d11f8325-14a1-475d-80ae-5779388726ee,2025-10-20 18:38:02.736,2025-10-20 18:38:02.736,10000,US7nt0+2+q,com.sec.android.app.shealth,fee3cd57-5a92-4d57-992b-d3ff2932f30a,
d642fccc-ef58-46b6-a647-2abe64441f40,e8d70311-9052-4f18-925d-0f0467e31004,2025-10-21 19:05:45.537,2025-10-21 19:05:45.537,10000,US7nt0+2+q,com.sec.android.app.shealth,5cc91bb5-97a8-4f9e-82ca-7c4ab7925f7f,
67ba0202-1e6e-435f-8b9f-9dc0d93dd7ca,6a3d1182-d053-4db7-b251-fc40a9d1d076,2025-10-22 03:39:34.761,2025-10-22 03:39:34.761,10002,US7nt0+2+q,com.sec.android.app.shealth,efa51c27-942e-428e-b55d-f4df35e0258d,
df672b34-2f40-4543-8e2c-6272ecacdd91,25feed20-6a10-4e15-a6c3-956842df70e2,2025-10-22 16:44:39.371,2025-10-22 16:44:39.371,10001,US7nt0+2+q,com.sec.android.app.shealth,209aa38a-c4a9-4120-9cb1-fdcb1da44b7c,
c5086b5e-3d91-45fb-af1c-e942b09541ec,d82d5a4f-bfc2-4aa3-b14e-e9639d524505,2025-10-22 18:55:57.469,2025-10-22 18:55:57.469,10000,US7nt0+2+q,com.sec.android.app.shealth,debb31aa-5993-43a1-87ca-3e8684243c71,
2e4b93bb-1745-46d5-996d-b6a34f2edba3,8f09e492-9c51-4a09-8e95-8bca014d2b62,2025-10-23 19:01:02.094,2025-10-23 19:01:02.094,10000,US7nt0+2+q,com.sec.android.app.shealth,2956a79a-6f46-4f28-af7c-693c650e7075,
41d43826-b212-4dff-9dbc-01247845949a,04264454-7e1e-4112-b714-dea7918f8897,2025-10-24 08:19:19.504,2025-10-24 08:19:19.504,10002,US7nt0+2+q,com.sec.android.app.shealth,ac27897e-5e04-418c-8a47-2665f5ee8ad7,
98646de1-e947-4d27-808e-d6b3874837c5,015f5647-3c38-49b1-95d1-5a5bab0cf17a,2025-10-24 08:19:45.453,2025-10-24 08:19:45.453,10002,US7nt0+2+q,com.sec.android.app.shealth,8c7a2724-7b1f-4fcf-9bbc-cc4f59908092,
298a412e-934e-4aa6-9870-db5465123c7c,7f487f7a-6bf4-49bd-9e0b-70a492db05c0,2025-10-24 08:19:45.459,2025-10-24 08:19:45.459,10002,US7nt0+2+q,com.sec.android.app.shealth,27db0453-ee06-4746-8c46-ee9beb79be40,
2e71c771-2495-49dd-94b7-4ba73357b906,e1166fce-54ac-47cf-9336-73892776b53b,2025-10-24 18:36:09.347,2025-10-24 18:36:09.347,10000,US7nt0+2+q,com.sec.android.app.shealth,11365c7e-33a3-478d-bef2-174dd11d444d,
eee2d6cd-7baa-49d9-9138-363f0f53b4d3,96093afc-d256-40a7-8a32-51c27d5ef2d1,2025-10-25 06:51:27.845,2025-10-25 06:51:27.845,10002,US7nt0+2+q,com.sec.android.app.shealth,af2e368f-a58b-41df-a7e9-401e720b8057,
f7d78c13-264b-417c-a83f-92d5494f6ea9,e0787c9f-bb25-41f0-8d49-0aa061686fac,2025-10-25 18:39:18.825,2025-10-25 18:39:18.825,10000,US7nt0+2+q,com.sec.android.app.shealth,23d197e1-d264-419b-93af-2a447deff3ac,
cfd4d3cb-2566-48c4-9c00-21f53bfe8e96,93d6d60c-4243-4f41-aa69-19c16704ff68,2025-10-26 16:16:32.489,2025-10-26 16:16:32.489,10002,US7nt0+2+q,com.sec.android.app.shealth,d27b21fe-72d7-4a78-b9c9-645a6a09db65,
d3e833e3-0ccd-4d13-96b7-9ba3a1ab62ce,6e8cffd7-70d1-4158-9596-d20578c678cc,2025-10-26 23:55:17.525,2025-10-26 23:55:17.525,10000,US7nt0+2+q,com.sec.android.app.shealth,825fbe66-d84e-47c7-82cd-c6bc88593fa6,
5270085a-5b71-4570-9c3a-beb784c7f155,7189b617-7cc0-4e3b-ac3e-f484fc5efb5d,2025-10-27 01:20:20.186,2025-10-27 01:20:20.186,10002,US7nt0+2+q,com.sec.android.app.shealth,6d17f30f-8900-47f0-b1ea-62d91b50368d,
d7821db4-2f3a-4af9-8fb3-cdc700afd170,84da955a-177c-4fc9-9e31-21a4f00f6779,2025-10-28 02:06:35.138,2025-10-28 02:06:35.138,10000,US7nt0+2+q,com.sec.android.app.shealth,0ddd3699-2229-45ef-a148-91ea68a70d22,
7d35aa3a-dc8c-404a-8fc2-8ebff8e0c260,6e000534-2389-4411-bb75-c1f43384d82e,2025-10-28 03:18:34.976,2025-10-28 03:18:34.976,10002,US7nt0+2+q,com.sec.android.app.shealth,05d98131-15f7-4725-9ba2-62c94984ad8d,
adaf1908-8c54-4cea-9c85-7e9252f52c8e,5fa45454-76d8-4858-b0ae-71fc9df5babe,2025-10-28 04:03:07.482,2025-10-28 04:03:07.482,10001,US7nt0+2+q,com.sec.android.app.shealth,e3924061-a237-44f0-a0b9-8ebcc0e6606c,
6176cdae-3394-49ea-acd9-0a407acf7756,4de1544c-7bf2-441a-b599-680a3741b06a,2025-10-28 11:14:09.811,2025-10-28 11:14:09.811,10008,US7nt0+2+q,com.sec.android.app.shealth,8a7b1f35-9997-41a6-ac1c-0b4a402c54ac,
03aeaf92-43b1-49cd-baad-7708affbd5b2,1dcaba17-f635-4399-88b8-3c0be79331a4,2025-10-28 19:03:46.163,2025-10-28 19:03:46.163,10000,US7nt0+2+q,com.sec.android.app.shealth,fe3ba691-21d3-4df0-869f-fe763d9ebb74,
0a3c0c9b-88b7-407c-a7c2-c612586ea00a,d1017b95-300c-4d69-a627-123147081ad3,2025-10-30 02:57:53.523,2025-10-30 02:57:53.523,10000,US7nt0+2+q,com.sec.android.app.shealth,55e19be6-9f8f-4cbd-ad37-41d39ccf9acb,
d4ec832c-fe34-410b-b467-4410178e29ef,adf35ec8-2370-436e-a804-3f29c02eda72,2025-10-30 04:44:58.564,2025-10-30 04:44:58.564,10002,US7nt0+2+q,com.sec.android.app.shealth,7e1e351b-542e-48b7-b8fe-2b695c9cf9f0,
87a75d8a-7029-4399-a454-9470ddd4323b,8b9dc3b9-8951-41ca-887e-f8d5bb9b9832,2025-10-31 02:20:57.508,2025-10-31 02:20:57.508,10000,US7nt0+2+q,com.sec.android.app.shealth,1f5c8cc8-d153-4209-a414-53b9a0dd8f3b,
240389ca-0e05-434e-b303-ce194682499f,aa6c5be9-4cad-47fc-818f-125ae617a7c2,2025-10-31 15:07:13.642,2025-10-31 15:07:13.642,10001,US7nt0+2+q,com.sec.android.app.shealth,e1d89e14-0407-45bb-af2a-ad315f4df361,
5fcab597-96f9-47a0-9839-ac6137047abc,c7dfd3fb-f85d-404f-8ac3-b8c3e061eab7,2025-10-31 16:36:11.712,2025-10-31 16:36:11.712,10001,US7nt0+2+q,com.sec.android.app.shealth,a9c71bce-f01a-4f10-ba97-dc802f49b4ca,
f0a1b723-1648-47ac-b49c-fbdb68495b0f,85814ae2-995d-4e72-b66d-c6ccb3594800,2025-10-31 16:37:45.721,2025-10-31 16:37:45.721,10002,US7nt0+2+q,com.sec.android.app.shealth,93bf4ee9-b66f-4cd4-a5e5-428cbc58a950,
e8968d87-9ea8-4005-9236-a52b101828cd,0e4ef672-8c7f-4ed9-b43e-3ea33d51fcb0,2025-11-01 04:05:03.369,2025-11-01 04:05:03.369,10000,US7nt0+2+q,com.sec.android.app.shealth,c86f856a-a7ac-41a0-ab22-add57ca0e8b3,
604db7a0-c46e-4808-bed0-df394b5c7884,58a2056b-e462-4ec6-8eb7-85cf2eaa7fff,2025-11-01 04:08:39.078,2025-11-01 04:08:39.078,10002,US7nt0+2+q,com.sec.android.app.shealth,85fd7a72-b4af-4fcc-87f0-034646690d6e,
a9ef48e6-e041-4893-ad65-57f631454340,dcb7f52e-1172-405b-a6ae-4620df9e80b2,2025-11-02 00:09:04.717,2025-11-02 00:09:04.717,10000,US7nt0+2+q,com.sec.android.app.shealth,ef419add-9de4-4910-8b5f-91e0fa8df67c,
251ec82b-b88e-4ec0-b769-7635ced0e024,59edd391-9d16-41c3-b7ac-d2bfbf16637e,2025-11-02 04:46:41.128,2025-11-02 04:46:41.128,10002,US7nt0+2+q,com.sec.android.app.shealth,c97a35cf-a30d-4fd6-9ea9-566710619861,
7d95ca5a-651b-45a4-b3b4-d6547d154738,98eba190-4e1b-4fdd-9216-1dce2cb6cb03,2025-11-03 01:47:20.708,2025-11-03 01:47:20.708,10000,US7nt0+2+q,com.sec.android.app.shealth,a2d78b1a-ee03-468d-98f8-3cf6f8e03813,
b3ee8d2b-838e-41ae-98ac-fb931aeb29b2,9842781e-4a22-4fac-9dc8-37a13c846746,2025-11-03 01:52:11.033,2025-11-03 01:52:11.033,10002,US7nt0+2+q,com.sec.android.app.shealth,2edcf861-5ee5-47b2-8c64-ac4cd4c57aea,
3b573346-0d02-4c6c-8d7d-6283056d1f00,06e16bb9-0569-40a4-b84f-0101e43834d7,2025-11-03 03:32:49.693,2025-11-03 03:32:49.693,10001,US7nt0+2+q,com.sec.android.app.shealth,a1ac82b0-200c-4b0a-8969-5798412b86ec,
182fbccc-12f1-4a44-84d5-cbd2779919bb,362d45f6-4441-454b-b54e-83ee1d58bfcf,2025-11-04 03:33:09.996,2025-11-04 03:33:09.996,10000,US7nt0+2+q,com.sec.android.app.shealth,7467ab1e-2255-4bd1-8400-e08b72f55e07,
7808de78-81a0-45d9-815e-9d1a74a26667,1ad075ca-d100-488d-a8b1-5a06e1f18bf0,2025-11-04 04:08:12.717,2025-11-04 04:08:12.717,10001,US7nt0+2+q,com.sec.android.app.shealth,6e1790cf-b50d-4348-8830-6f520d4143f1,
f0d5ca36-2287-411f-be23-c74eee4ec373,940a20f6-e424-46f6-8f4d-02a9e2d84920,2025-11-04 06:30:01.613,2025-11-04 06:30:01.613,10002,US7nt0+2+q,com.sec.android.app.shealth,c8863681-6599-46bb-8d63-d7813be51f49,
83960a7f-7aed-4f2f-b5c0-a95f1f2a8618,4100b20e-c06c-4692-b463-bb5a9d248ddb,2025-11-04 18:52:10.683,2025-11-04 18:52:10.683,10000,US7nt0+2+q,com.sec.android.app.shealth,a01e97a2-b3eb-43d0-a019-1d407ad68c24,
22d50533-27f5-420a-be9c-ca4200d9fe65,939acee7-bbee-46d5-9c8e-edf482801ce2,2025-11-06 00:41:38.223,2025-11-06 00:41:38.223,10000,US7nt0+2+q,com.sec.android.app.shealth,34b9fa31-449e-423f-97e6-26fae4e117d8,
17889fdf-7aef-4c63-b658-2f801c9a857c,26893fc0-38c6-4f0f-8f62-ab39138c5c67,2025-11-06 01:28:50.651,2025-11-06 01:28:50.651,10001,US7nt0+2+q,com.sec.android.app.shealth,dffffd3e-2fb7-475c-9853-df51bab66c42,
b45c45d8-6607-475d-8813-d2f0e322303b,31a351e4-08e9-4f28-8b5d-f9e3d7d2a1ad,2025-11-06 03:41:32.432,2025-11-06 03:41:32.432,10001,US7nt0+2+q,com.sec.android.app.shealth,dec61453-1200-43c3-b6b1-048fa6d42205,
47ceb5aa-de26-4ee4-ae58-21d757832332,89294543-ad7d-4fdb-bb9e-24c629c3176b,2025-11-06 03:59:07.364,2025-11-06 03:59:07.364,10002,US7nt0+2+q,com.sec.android.app.shealth,8afb88a4-9a4f-464a-8c0e-30892c65d6ab,
3276147a-2362-47ef-b336-37a1a5ceef73,57dd8d6c-2dc6-4c1f-929e-b1102bcec5fd,2025-11-06 03:59:07.372,2025-11-06 03:59:07.372,10002,US7nt0+2+q,com.sec.android.app.shealth,1beb0d14-c7c5-481f-b04c-3331aeb760bf,
2ae7a10e-4146-4ece-b253-1c18c73dbc5c,e9e79c59-74ad-4dce-b08c-23c3606184ba,2025-11-07 01:09:13.453,2025-11-07 01:09:13.453,10000,US7nt0+2+q,com.sec.android.app.shealth,8e530e39-a645-47bc-95e0-2d62ff96f790,
5819f45f-ec50-4ddb-9ee6-72e8c587e332,5e5a3e9b-3399-4644-b2be-350d540c511e,2025-11-07 02:55:37.118,2025-11-07 02:55:37.118,10002,US7nt0+2+q,com.sec.android.app.shealth,1eb9fe33-bd7b-49b7-a1e0-2b27b180cf84,
dc405dec-1f1b-433f-9f16-ef8a2c480628,36ff3155-7521-466a-8210-7203d92ae701,2025-11-08 03:33:25.041,2025-11-08 03:33:25.041,10000,US7nt0+2+q,com.sec.android.app.shealth,54d219b9-847f-4fe4-917a-e4b29dcf295d,
7deb0328-ffab-4f75-ac95-6e2b5cda88bf,87533448-8147-4857-9962-c396e6eafd70,2025-11-08 06:08:39.440,2025-11-08 06:08:39.440,10002,US7nt0+2+q,com.sec.android.app.shealth,3c2fcfe5-7a71-49b6-89ea-88cfb7ffb3aa,
936884c6-b9bb-4773-b9e0-022eafdfb495,7cd32f9a-f209-4d2a-a0ef-d6611b1c385d,2025-11-09 01:38:02.758,2025-11-09 01:38:02.758,10000,US7nt0+2+q,com.sec.android.app.shealth,07359fe2-f0e7-4d62-b03b-d61ee6359543,
8a0227d6-2b90-4da3-a2ff-920d5ed7e9ab,3e43be9d-48b4-41b9-98e2-0b2e2182d4a4,2025-11-09 02:10:24.861,2025-11-09 02:10:24.861,10001,US7nt0+2+q,com.sec.android.app.shealth,a52dc8f5-4504-436c-84a6-f5b6c2681dc9,
586c22d5-5835-4f96-a1bb-9d38303db770,b85538f1-ab2d-4caf-948b-c8cf4615bdcd,2025-11-09 06:25:57.497,2025-11-09 06:25:57.497,10002,US7nt0+2+q,com.sec.android.app.shealth,1a8454f6-7f8a-456b-bb00-fc53201cfa2b,
28bc4712-78ad-468b-b448-f000f2d3f400,7eef5a9c-06b8-47b4-a19f-351943cad147,2025-11-09 14:42:28.930,2025-11-09 14:42:28.930,10001,US7nt0+2+q,com.sec.android.app.shealth,b671068a-5048-4366-93f1-4c009b8231ab,
284582f2-c6ad-485f-bbe3-05fa86becf75,d0f18cd6-6da5-4c7e-9297-b4ea13ce743e,2025-11-10 01:27:59.217,2025-11-10 01:27:59.217,10000,US7nt0+2+q,com.sec.android.app.shealth,6bf1125d-bf6a-4842-adb5-c0c7725070d5,
bf164d68-ffaf-4e8c-a61a-cc7b7fd2c6d6,562c6ebf-052d-43e3-be7f-3ce8d48f68a9,2025-11-10 03:47:42.237,2025-11-10 03:47:42.237,10001,US7nt0+2+q,com.sec.android.app.shealth,34124b49-7717-46d5-a1a6-59ea90e6a5ff,
00e01caf-656b-4d1e-b21a-0d69cb33fa89,933b91b3-2032-494f-b072-869e695430fe,2025-11-10 05:51:42.830,2025-11-10 05:51:42.830,10002,US7nt0+2+q,com.sec.android.app.shealth,5ea61eec-a72a-4cc0-bd7c-e0e93545c151,
593aef2f-c2ca-493b-bc11-06cd5562b385,a1c2c0f8-5853-4c89-b7e3-6789fc415701,2025-11-11 03:29:28.460,2025-11-11 03:29:28.460,10000,US7nt0+2+q,com.sec.android.app.shealth,41b47ce4-f45e-40f4-8796-63e8ebe2a350,
1fe1e091-0db6-4c2b-9e9d-8eac2997fc8e,dc9a1f27-2e1e-4011-a0ba-17a90b2a819c,2025-11-11 03:55:22.166,2025-11-11 03:55:22.166,10001,US7nt0+2+q,com.sec.android.app.shealth,6e17e483-7a64-4f02-ae08-32fd5ec66e8c,
3b1187c0-169f-43b5-8cfa-07da585704c5,9344f6b1-9bf1-477b-9559-4ae5196df607,2025-11-11 16:24:52.813,2025-11-11 16:24:52.813,10002,US7nt0+2+q,com.sec.android.app.shealth,19d0cd72-64dd-4c95-a826-027c58a6472b,
265b4621-03ca-4551-afbd-5c3d546578d3,2c0a90c4-3d62-4a0e-9dc8-86052497d1c4,2025-11-12 02:47:42.890,2025-11-12 02:47:42.890,10000,US7nt0+2+q,com.sec.android.app.shealth,ecc3c074-bd38-4588-a46b-ac57322a9422,
f239aa07-2777-4d4c-9175-bf29b5dc4341,c0bccf81-f300-43cc-8963-39ecfa15bef6,2025-11-12 04:59:15.964,2025-11-12 04:59:15.964,10002,US7nt0+2+q,com.sec.android.app.shealth,d727c055-c940-40ae-95a5-1e7721ecac07,
8f759eed-e3d4-4886-a549-36fa16dcf4f7,e8a11077-7d40-4d88-b625-f9a517a0962e,2025-11-13 03:05:39.619,2025-11-13 03:05:39.619,10000,US7nt0+2+q,com.sec.android.app.shealth,9b451189-796d-4732-843f-0d3dae7b4904,
22a63e28-db3b-4eeb-a3a0-fee230494e22,74c48d9e-c62b-416d-bb88-3274498db6f7,2025-11-13 04:15:02.883,2025-11-13 04:15:02.883,10001,US7nt0+2+q,com.sec.android.app.shealth,2202bd66-620b-455e-a601-749aefca475f,
a61b1c3f-6275-4aab-bd0b-900068e6c82e,ccb4e3cf-e19b-4e68-b6fe-314835fec4a0,2025-11-13 09:31:14.626,2025-11-13 09:31:14.626,10002,US7nt0+2+q,com.sec.android.app.shealth,db530aee-8595-47ce-a7ca-38023cbec103,
2e21a1a1-0bad-4127-9b86-ce2c2964b260,49d1e8c9-a5a2-419a-b9c4-5f7f488d0f5e,2025-11-14 02:34:52.434,2025-11-14 02:34:52.434,10000,US7nt0+2+q,com.sec.android.app.shealth,0283bdcb-87c1-4cf7-8ac3-b4566d57930a,
1b035200-3dca-47f3-9bd6-8cdfdb6bb83e,45b9f27f-c932-45b3-b8c5-4c66c354477a,2025-11-14 02:35:07.719,2025-11-14 02:35:07.719,10002,US7nt0+2+q,com.sec.android.app.shealth,c89ed61b-b55e-407e-ac94-79dc522cafec,
e22c445b-2c3b-432a-9803-8beb86ee31e3,9f7c3bd4-cd70-4368-8480-4acba06f9294,2025-11-15 04:15:44.395,2025-11-15 04:15:44.395,10000,US7nt0+2+q,com.sec.android.app.shealth,1a904034-cebe-4cf0-9dff-5fc29e05c294,
680532be-e14a-4008-995e-9a423129d387,e01a0747-f642-4a4b-bcfb-3b2175637702,2025-11-15 16:30:00.505,2025-11-15 16:30:00.505,10002,US7nt0+2+q,com.sec.android.app.shealth,773b8989-f432-4ddf-88bd-8b80962aa288,
af034754-39d6-4dda-8d67-3916c34e8ada,ab2d2946-3304-4acb-8497-04aa60b39dd0,2025-11-16 02:51:14.663,2025-11-16 02:51:14.663,10000,US7nt0+2+q,com.sec.android.app.shealth,2e34c4c7-91b8-44c6-9906-dca5950c453f,
6dd58135-516c-4b24-bf18-942b7e563234,09489943-2fec-49e8-8ee0-e4e6ef01ea42,2025-11-16 04:45:41.498,2025-11-16 04:45:41.498,10002,US7nt0+2+q,com.sec.android.app.shealth,fa10f0ca-bc74-4f84-94a7-00d5ba3411f1,
b00206cf-3273-47d0-bc97-43eaa6ff5c44,d4485168-c71c-437c-8c9d-42d019d8c032,2025-11-16 08:47:59.526,2025-11-16 08:47:59.526,10001,US7nt0+2+q,com.sec.android.app.shealth,829c6246-6311-49dd-827c-df730870f088,
ed0d5465-98c9-4dcb-ae81-316a90b4ddcc,4aa0cc00-42f3-421f-9943-1ce78553862c,2025-11-16 09:57:54.161,2025-11-16 09:57:54.161,10001,US7nt0+2+q,com.sec.android.app.shealth,a51825c4-2dd5-4b3d-96c4-a5b16a792aa3,
0a3e7c61-da44-4301-9595-9de53b65ae82,3ef7260e-ee03-4813-a21b-4bcabb907e5f,2025-11-17 03:03:34.228,2025-11-17 03:03:34.228,10000,US7nt0+2+q,com.sec.android.app.shealth,5dcbbdb9-26ea-4bc0-8103-11fbf85faf96,
287e453f-4548-4a29-9de0-37091950ed2e,fb7e89f1-f000-4bed-8c85-8da4d030b5e5,2025-11-17 03:50:10.132,2025-11-17 03:50:10.132,10001,US7nt0+2+q,com.sec.android.app.shealth,c6809fdd-fdaa-432d-b87c-0d1e391df8c7,
64823c06-5899-48a1-81cd-154b39333def,cf5b22be-b2ff-4c66-8fc1-2cb099375b71,2025-11-17 05:27:30.132,2025-11-17 05:27:30.132,10002,US7nt0+2+q,com.sec.android.app.shealth,3c18416b-aa2d-4b68-b19d-d016c1b01608,
54261b14-73b8-4a63-9a11-002e07228bb8,3132390e-35ab-4c42-9622-f303ad6349e1,2025-11-18 03:06:02.556,2025-11-18 03:06:02.556,10002,US7nt0+2+q,com.sec.android.app.shealth,875f2c51-cb68-410c-be50-8f8c6290c2ad,
fd634273-1fd6-4827-b8f2-39f3aee1a13b,b727f67e-9114-418b-9f7d-87204fdb3a95,2025-11-18 03:36:00.153,2025-11-18 03:36:00.153,10000,US7nt0+2+q,com.sec.android.app.shealth,bbc5b704-5f84-42e7-ac2c-50b37539f4d8,
9f067056-7a78-4406-be26-ed9da691265b,cd4d8ccf-e56c-4e2c-abc1-24f4f2ab703a,2025-11-18 04:06:45.964,2025-11-18 04:06:45.964,10001,US7nt0+2+q,com.sec.android.app.shealth,552de9d8-a9cb-4161-86ee-aabe57afe219,
a668d337-68e0-4375-bbeb-691ff7db5719,03f56fcd-957e-43df-92c7-3845951f8157,2025-11-19 02:33:06.973,2025-11-19 02:33:06.973,10000,US7nt0+2+q,com.sec.android.app.shealth,5872a280-2f00-42a6-8eed-edd7a2c8f409,
4ef77c39-3369-4fa1-a346-eb819403d77b,797cbee7-b47e-4bdf-b8c5-8f03c5823007,2025-11-19 02:50:44.370,2025-11-19 02:50:44.370,10002,US7nt0+2+q,com.sec.android.app.shealth,49920996-b42e-47af-95e1-b2b1a11a0f38,
82e7f841-82e2-484d-9d6a-c8fdc42cc91b,6faf8156-4190-4ce5-a427-ea6fa615f348,2025-11-19 06:44:10.219,2025-11-19 06:44:10.219,10001,US7nt0+2+q,com.sec.android.app.shealth,1859d61d-6e0a-4bea-9679-f62306eb303c,
c908e7a2-f938-4f2e-9453-c2d6079a26d6,145cc2ee-c7db-4e86-8b4a-53f03f1dfa85,2025-11-19 21:32:50.239,2025-11-19 21:32:50.239,10000,US7nt0+2+q,com.sec.android.app.shealth,58b71896-3b30-4690-b6a5-111442c54a7b,
0d831c96-af71-44e8-859e-3cf1e7196e44,f373959b-45dc-48c8-b038-70d9fa57d5e1,2025-11-20 01:02:38.002,2025-11-20 01:02:38.002,10002,US7nt0+2+q,com.sec.android.app.shealth,48f3d288-0d79-4506-a979-d0b03e6e2a7b,
cccf7507-3b70-4cdb-a308-586ee20a3d6c,166b9054-c4c3-43e1-89b9-7464492c5f45,2025-11-21 01:57:11.173,2025-11-21 01:57:11.173,10000,US7nt0+2+q,com.sec.android.app.shealth,7e8579c3-89b6-47ec-999f-72e21fb29a44,
f2b3e773-6080-4d05-ae96-485c3b8b7566,b15a38fb-412e-436b-82fa-a2b7f04705e4,2025-11-21 19:43:23.155,2025-11-21 19:43:23.155,10000,US7nt0+2+q,com.sec.android.app.shealth,65d9b454-8d8d-49e1-a412-041f16d2c000,
a68540b1-364e-44d5-85c9-6b0c7a8b40fe,f4315326-45b0-4d92-88cd-9ea5bd163680,2025-11-22 13:44:06.608,2025-11-22 13:44:06.608,10002,US7nt0+2+q,com.sec.android.app.shealth,e23d91b6-4a82-44d9-8f0a-557da18d0b22,
c20099b0-8684-41e7-bec0-b611cc446962,03bc9fd2-7ab7-4b41-9a1f-649d447370d0,2025-11-22 13:44:06.618,2025-11-22 13:44:06.618,10002,US7nt0+2+q,com.sec.android.app.shealth,30e89e40-960b-43e8-8cbb-470af5b28a99,
a11b3b8d-192d-49f6-b043-dbf8c95c1f4a,933979f9-6ee7-4497-b234-ae95547a8671,2025-11-23 02:26:53.703,2025-11-23 02:26:53.703,10000,US7nt0+2+q,com.sec.android.app.shealth,d4d86d0b-b424-46c3-9d78-505aeff16e50,
b96731f4-a199-4134-9440-3f9187b408fa,50dff51b-422d-44ec-b03f-8f70f3108854,2025-11-23 02:29:27.046,2025-11-23 02:29:27.046,10002,US7nt0+2+q,com.sec.android.app.shealth,2de5e49f-8b31-4dff-9616-f8c0e132c694,
84c1d0b0-a5db-4bac-995f-292ba52f26e4,d5833afc-03e5-4cb1-a196-4249ab9ba4d8,2025-11-23 16:50:23.008,2025-11-23 16:50:23.008,10001,US7nt0+2+q,com.sec.android.app.shealth,c3719d4b-5126-46b9-8243-4405b3c8b646,
5a8d7c48-cbd2-441f-976f-32f41e67b7d7,ca4de105-6611-4c30-8eb6-cfad7a12de1e,2025-11-24 02:10:18.565,2025-11-24 02:10:18.565,10000,US7nt0+2+q,com.sec.android.app.shealth,316c3340-62e9-4f1a-a19a-f066a86c3aa5,
02de6c04-14b4-47e8-9599-ad99e7da5081,8251477d-107c-4337-8fd8-7c78fd356d58,2025-11-25 02:15:37.882,2025-11-25 02:15:37.882,10000,US7nt0+2+q,com.sec.android.app.shealth,122ca6ce-497b-4ea3-b630-21e0439e10fb,
5b71f325-6277-4cb7-ac40-55ff90e0f16c,15963d73-757d-44e2-8724-f14eb0440190,2025-11-25 02:49:46.230,2025-11-25 02:49:46.230,10002,US7nt0+2+q,com.sec.android.app.shealth,30ad388c-6dbc-4a1c-8f92-1a848e399fe8,
6b30a98f-d540-4745-bb30-4fd9c1761a95,3d27b532-6f0f-4af4-8f3c-dd1deaef66ce,2025-11-25 02:49:46.251,2025-11-25 02:49:46.251,10002,US7nt0+2+q,com.sec.android.app.shealth,b5a3821c-f327-41ad-8892-ebbb61d0a5b0,
137f8104-159f-4099-b5c4-52778e001601,f564f49c-c171-438c-8f21-2fe035ac9f16,2025-11-25 16:08:02.364,2025-11-25 16:08:02.364,10001,US7nt0+2+q,com.sec.android.app.shealth,9fcf8203-6852-4bb3-8a8c-843ed16d6d5d,
4ba26ed3-d6a8-4fe8-b5a4-5f4848d6f9d3,36dd0930-195e-4d32-933d-d76598e258b7,2025-11-26 00:14:49.138,2025-11-26 00:14:49.138,10000,US7nt0+2+q,com.sec.android.app.shealth,9be6491e-7f86-409d-b3b0-75acf4b037ad,
1b92d2ff-86af-435e-8619-0858915c34d7,741eb2cb-1b53-453f-96ad-cf2ce874b522,2025-11-26 13:37:54.315,2025-11-26 13:37:54.315,10002,US7nt0+2+q,com.sec.android.app.shealth,3b94e972-6cb4-4b94-94ab-dc3d74425bab,
d427a204-9107-42af-8180-19d2114bb757,dbd5571b-f13a-40bb-bc8d-b69b426f9cdb,2025-11-26 16:35:28.664,2025-11-26 16:35:28.664,10001,US7nt0+2+q,com.sec.android.app.shealth,6add6545-4642-4169-8caa-e7a2bd21bf8d,
32dfdaed-bc02-40b2-a558-4bdf38ce8163,9e13a2e5-d244-4a4e-910a-4e7e06bed4b1,2025-11-27 02:23:13.242,2025-11-27 02:23:13.242,10000,US7nt0+2+q,com.sec.android.app.shealth,da10d2e6-09f2-4e47-9652-6e4942b61da6,
415571cc-5382-4da2-852b-4050bc1f4d66,ad09d428-71d4-41ed-b5f9-e7fa396c3442,2025-11-27 04:47:25.850,2025-11-27 04:47:25.850,10002,US7nt0+2+q,com.sec.android.app.shealth,82009373-823f-491c-b90f-4c8b6ec33606,
59bbb167-8c17-4bbe-804a-5f33698fd507,2774ed26-6cf9-4c64-8d97-13951f921571,2025-11-28 02:20:20.248,2025-11-28 02:20:20.248,10000,US7nt0+2+q,com.sec.android.app.shealth,04cd5912-58a6-4794-9e50-b327a7ce1a16,
e5cfa6f9-1c6e-4532-8220-326ed2056697,8237788a-7f94-44af-964a-c1b7f9022f3b,2025-11-28 03:13:30.846,2025-11-28 03:13:30.846,10002,US7nt0+2+q,com.sec.android.app.shealth,f0717abe-b564-458a-b858-5ceb8fa9c7d8,
0304c0ed-a133-44ee-8825-02556f9e46f8,7838b57e-4fb5-4e4c-b13f-9f011f5e5f5e,2025-11-28 19:47:25.428,2025-11-28 19:47:25.428,10000,US7nt0+2+q,com.sec.android.app.shealth,e483f041-5646-467f-a77a-ad8d34e5c7eb,
95d774e1-6030-46e7-8003-f6e34a5b085f,6fea815a-e3b6-471d-9697-d54a32b18b94,2025-11-29 05:23:14.735,2025-11-29 05:23:14.735,10002,US7nt0+2+q,com.sec.android.app.shealth,f1054aea-e245-4409-945a-71c7ad02a264,
d4350667-fd9a-400f-817b-0cc1bff7b61d,44a4f2ec-8b56-430f-904a-c002fc2b7d2f,2025-11-29 18:30:12.829,2025-11-29 18:30:12.829,10000,US7nt0+2+q,com.sec.android.app.shealth,ebe8512c-5bae-4ba0-b01f-8cfd4fd8e2d4,
37b5713f-09e1-4ddc-accc-0b519df7a901,d913d962-371a-4573-84e5-f7f0b2c8433f,2025-11-30 18:39:29.432,2025-11-30 18:39:29.432,10000,US7nt0+2+q,com.sec.android.app.shealth,adab35a0-4c94-45e9-a77a-788e5afd75af,
8212720e-f580-4f57-b2c8-a5493755a619,e0e1c60f-e90e-4df7-8cad-85b85f3cd380,2025-12-01 07:53:48.251,2025-12-01 07:53:48.251,10001,US7nt0+2+q,com.sec.android.app.shealth,a5d78ecc-d2a5-45db-b167-00d45da217c5,
8e186d9f-29c1-4af8-ae88-ebf055241427,705c1a1e-31c1-4834-8adc-9c1ae63c2e22,2025-12-01 18:57:30.937,2025-12-01 18:57:30.937,10000,US7nt0+2+q,com.sec.android.app.shealth,2906fa3c-4ba1-4ca4-8810-229c2859a964,
cfca0f5b-f85b-4e50-bea5-d48eef447867,749338a5-7420-463d-93c8-5b4f42272570,2025-12-02 09:04:18.519,2025-12-02 09:04:18.519,10002,US7nt0+2+q,com.sec.android.app.shealth,1a9709f0-1579-406f-8186-2abbf1df8682,
3476fcd9-476f-4131-91d3-195ba60ca930,aaa999fb-74a5-4834-ac3c-e51a097f10f0,2025-12-02 18:37:00.134,2025-12-02 18:37:00.134,10000,US7nt0+2+q,com.sec.android.app.shealth,090e2a60-3f8c-4ee8-83b7-4ae452adf344,
2a2fb050-fa5b-454b-8b56-1b12c11148fd,1995911e-d211-47b7-b478-90d03146ea6d,2025-12-03 04:10:02.595,2025-12-03 04:10:02.595,10002,US7nt0+2+q,com.sec.android.app.shealth,d9ac91e8-a1fd-441b-a437-3e763cc4a265,
abc7d032-ac79-4db3-ba6b-22ff6f1f2c13,41a80527-7656-4579-a70f-adac4f7417e1,2025-12-04 05:20:05.913,2025-12-04 05:20:05.913,10002,US7nt0+2+q,com.sec.android.app.shealth,ceeae71c-de1c-4cdd-bf3b-03093518e1d6,
bb1ced60-6a6d-4ebc-b002-4a4f9ff78f40,66bc8e1c-fa9b-41cd-bce5-6fc8dc56e948,2025-12-04 07:48:02.581,2025-12-04 07:48:02.581,10000,US7nt0+2+q,com.sec.android.app.shealth,0d9207f3-68f8-400c-96b8-906b9c292466,
9c35047e-2675-4731-9bd3-a1e93ea2d531,47bcd8ca-c7ef-4463-ae2a-b7affbbf72b9,2025-12-05 03:58:50.765,2025-12-05 03:58:50.765,10000,US7nt0+2+q,com.sec.android.app.shealth,0b6b35ce-4b4c-411d-bc6e-3f9bc7763f97,
2416bb8c-810a-4168-95e1-187f601b14af,7783857f-36f5-40eb-bde7-90fe431b6c01,2025-12-05 05:33:52.631,2025-12-05 05:33:52.631,10001,US7nt0+2+q,com.sec.android.app.shealth,611a5f84-1c0d-4191-ba6e-924a5335c419,
62ea091e-4ae9-4eb8-bb74-fc5d7cec7a99,cb0108af-5214-4578-b116-d67b37d4e040,2025-12-05 17:42:01.664,2025-12-05 17:42:01.664,10002,US7nt0+2+q,com.sec.android.app.shealth,2a7f2609-ebef-4597-ad1e-36c33557281e,
8755b09c-0f15-4254-a380-4715d5ec9078,61c40b5f-84c8-4c69-a966-0b0f98666e9b,2025-12-05 19:36:45.131,2025-12-05 19:36:45.131,10000,US7nt0+2+q,com.sec.android.app.shealth,19db2c24-0e98-43a6-bdbd-7c024ca46d00,
33d29422-2e4a-4909-8252-cbf56168a5b0,ca388459-5835-4e3d-b569-ea8560900ad5,2025-12-06 08:37:18.900,2025-12-06 08:37:18.900,10002,US7nt0+2+q,com.sec.android.app.shealth,6a1a305a-f2b0-4e82-a37e-4553df40d018,
708d774c-512e-4677-bcdf-18aaef1a45f2,202bba96-4da1-4709-8b3f-041a57ba4420,2025-12-06 08:38:06.391,2025-12-06 08:38:06.391,10002,US7nt0+2+q,com.sec.android.app.shealth,41c1a678-74b6-4dcb-a7d8-9674b336bf38,
f0e5104e-dd9b-4265-8413-c2e3bcb977a9,caa3c03a-ef02-41ec-979b-3aa064a6d599,2025-12-07 01:23:02.793,2025-12-07 01:23:02.793,10000,US7nt0+2+q,com.sec.android.app.shealth,1714f8e5-1d72-4962-bf40-23543bf3ce24,
e777087d-148b-4d1c-aa5e-0d3e8020d901,fd172f7e-24e0-459b-84ef-eafa697cc0f4,2025-12-07 13:45:16.996,2025-12-07 13:45:16.996,10002,US7nt0+2+q,com.sec.android.app.shealth,f0f2b6dc-34dd-46f1-9134-77d86d42d7f0,
ab1f24d6-c690-4a9e-83a1-9b5b82d4f873,289946e2-51a8-4b80-8fdb-820fdad43ca5,2025-12-08 05:17:33.254,2025-12-08 05:17:33.254,10000,US7nt0+2+q,com.sec.android.app.shealth,a6eb6de8-4ba2-47c9-b6f2-e9e57485324a,
427bf4d6-8fc9-442f-9abd-54767140da92,7ee90955-69a2-4f30-ae79-d3f474fc97f4,2025-12-09 04:37:29.122,2025-12-09 04:37:29.122,10000,US7nt0+2+q,com.sec.android.app.shealth,52b6228e-870f-440c-8685-1c484eda7beb,
71777282-4914-4782-8a92-afd5dea08be5,cdaa1bae-517c-4192-898f-13a29295d33e,2025-12-09 15:51:45.732,2025-12-09 15:51:45.732,10002,US7nt0+2+q,com.sec.android.app.shealth,c05aed2a-2f76-441f-8517-6cd43f89ff62,
c2856ba5-67e5-4ff9-bb0f-dcb043dda929,912fd706-03e9-4227-8dc7-668286d0b21f,2025-12-10 01:03:44.588,2025-12-10 01:03:44.588,10000,US7nt0+2+q,com.sec.android.app.shealth,e9713f18-2b3a-4bca-941f-42a5930e4ad8,
b7d15e2e-ff2c-4f72-b93a-327ab0e2b00f,5142c092-ebee-4101-9a12-6ce2c9c0609d,2025-12-11 02:31:54.750,2025-12-11 02:31:54.750,10000,US7nt0+2+q,com.sec.android.app.shealth,f338e9f4-00e6-4ae1-a890-b0366bfa994f,
9e317c79-eea7-409d-a0bc-2e6390a01f13,ad3772ed-81ba-427e-96ca-eeef5526eb54,2025-12-11 21:32:31.572,2025-12-11 21:32:31.572,10000,US7nt0+2+q,com.sec.android.app.shealth,f45fc5ab-53b5-4d44-8703-6feba5afe2bf,
334e24ed-de54-4d3f-ba20-73484f8d9e5c,a370b263-dccc-41ef-8622-c91b288cbe93,2025-12-13 02:20:07.902,2025-12-13 02:20:07.902,10000,US7nt0+2+q,com.sec.android.app.shealth,a1c0a45b-b307-4feb-9f15-0bf366cd8acd,
b475d024-3c30-43b7-9df7-aa6e5707f635,0e7bfc5e-564f-4a03-a222-a3c525d127ce,2025-12-13 06:42:57.468,2025-12-13 06:42:57.468,10002,US7nt0+2+q,com.sec.android.app.shealth,9078a000-c6ce-47b6-9001-04e885eaf50c,
4e15ada0-44c3-42d7-a1e5-f5f75e869a84,d7aee561-0571-4d48-bd9d-b1c9e54bc9f8,2025-12-13 06:42:57.478,2025-12-13 06:42:57.478,10002,US7nt0+2+q,com.sec.android.app.shealth,7478c995-0a73-428d-be20-3c313a0f9859,
1edbbe47-91cb-42d8-b5aa-70bb7e0e53dc,6185ec51-2d58-4960-8aad-e07e9f51d45c,2025-12-13 06:42:57.498,2025-12-13 06:42:57.498,10002,US7nt0+2+q,com.sec.android.app.shealth,14ec1234-1b08-4ade-842f-8ca3635e5133,
778619ac-d7f4-417b-9d05-f0506c1a36d9,11a1976a-a763-4b67-93f3-83e38b103de2,2025-12-13 06:42:57.507,2025-12-13 06:42:57.507,10002,US7nt0+2+q,com.sec.android.app.shealth,020f2739-88df-4516-b12d-18b82a8c86e7,
4d0ec2b9-3d97-475c-84a2-b9e9d9ba9bb9,3556a5af-ecc3-465c-b2c8-64a073bc8267,2025-12-13 06:42:57.513,2025-12-13 06:42:57.513,10002,US7nt0+2+q,com.sec.android.app.shealth,d570391e-e221-463f-a6ce-ed9fa49c9611,
29a212d1-a317-4a13-b7e3-cb5a5bc24e1d,4e548167-b45d-4feb-8516-1566f5c9dd03,2025-12-14 04:07:30.681,2025-12-14 04:07:30.681,10000,US7nt0+2+q,com.sec.android.app.shealth,458e4f2b-6c4e-4065-b195-fd497c51ca58,
06f2314a-4ddc-4dac-8ff5-aafadb07982a,8ccb88bb-4405-477c-8736-29091ef81c24,2025-12-15 02:26:14.854,2025-12-15 02:26:14.854,10000,US7nt0+2+q,com.sec.android.app.shealth,2a606ca1-c9a0-46d2-84d2-3a57b1e6dddf,
7a78bbc8-caa3-4f15-a06e-77b9eb746b99,a77916ff-9814-4387-8384-f8d8a0a19b78,2025-12-15 10:34:04.308,2025-12-15 10:34:04.308,10002,US7nt0+2+q,com.sec.android.app.shealth,7a4c8c49-9192-4653-8bc1-3ee6e14c0ed9,
b83fa0a2-d688-497d-9964-968ffc5db6d3,18b4ddf8-7901-42e7-affe-5b8acb8950ec,2025-12-15 10:34:04.322,2025-12-15 10:34:04.322,10002,US7nt0+2+q,com.sec.android.app.shealth,be4a2ea3-ea37-4c68-b55e-3e13117f7bed,
03d3a9b4-9f52-49b4-83a6-81e4f7651de6,9360d2d5-d039-490c-9a15-0601684598a4,2025-12-16 02:15:22.879,2025-12-16 02:15:22.879,10000,US7nt0+2+q,com.sec.android.app.shealth,4bf2499b-3b09-41f9-8aff-7e84abbbea65,
2899eac1-0b38-4f22-a151-93e849f800fe,7c7faa9c-91e9-4648-9df9-7189c3c41a94,2025-12-16 05:26:27.732,2025-12-16 05:26:27.732,10002,US7nt0+2+q,com.sec.android.app.shealth,bfb7bc27-0a14-4ea9-9fd2-7cf7ba0eb435,
4d8a1048-8d65-498e-8a7b-a01c34464575,cf90fa6d-6e39-454f-88d2-b046636ef827,2025-12-17 02:28:46.208,2025-12-17 02:28:46.208,10000,US7nt0+2+q,com.sec.android.app.shealth,637ad7e1-0216-42e6-9454-e529e9dac1aa,
22533ae9-1f4a-45eb-8cfe-a8c342460819,a52b4ca1-de82-4d59-bb97-3716bb8b6337,2025-12-17 23:08:17.523,2025-12-17 23:08:17.523,10000,US7nt0+2+q,com.sec.android.app.shealth,2515f750-d3b6-4ff6-b7eb-566725ac17cc,
a87f0cee-c65e-4e9a-989c-b1c1a5faf074,08808abb-6ac9-4449-95f7-7d68022c3bf1,2025-12-18 13:11:04.653,2025-12-18 13:11:04.653,10001,US7nt0+2+q,com.sec.android.app.shealth,f1a53176-96ad-480f-84ea-41c4de97e2ed,
7f893fbb-5342-4798-960f-7a7c9334c66b,a00f8052-7771-4841-8a40-6b42eaf19c10,2025-12-18 16:17:34.440,2025-12-18 16:17:34.440,10002,US7nt0+2+q,com.sec.android.app.shealth,89fa8a07-91af-4859-8045-5b14796e950d,
c0c35064-ee4e-4f5e-80e5-c42e9db7e456,b2b4b073-634b-46ac-9114-88e02816344b,2025-12-18 16:17:40.341,2025-12-18 16:17:40.341,10002,US7nt0+2+q,com.sec.android.app.shealth,2051627f-7473-49d1-a99d-8ff01ed244de,
2a1fb9d6-acb3-42df-84d2-ac266c5f24b0,9c67484a-25de-48ce-9a5a-627f0c77ba73,2025-12-19 02:32:47.915,2025-12-19 02:32:47.915,10000,US7nt0+2+q,com.sec.android.app.shealth,6780db66-5315-438f-a4c8-0b894acdf7e7,
e8b18cbf-3954-4f31-9672-e3cafaf370c6,17b32de5-4a43-4872-861d-85c786617134,2025-12-19 12:49:23.728,2025-12-19 12:49:23.728,10002,US7nt0+2+q,com.sec.android.app.shealth,c892651e-cde5-4edb-8cc3-4f88af3d5f3e,
4c123e45-f108-47aa-9142-4106f4b03814,7c8e585f-094b-4c1c-b416-172ef8c5022f,2025-12-20 02:16:47.493,2025-12-20 02:16:47.493,10000,US7nt0+2+q,com.sec.android.app.shealth,30b8a722-a018-461e-95a8-be24a6cb6a13,
4a69a59f-8b4d-44cf-a383-a9637a6f96e8,96b2fc38-8d75-4723-9550-120fe1a3bc5e,2025-12-20 06:46:54.494,2025-12-20 06:46:54.494,10001,US7nt0+2+q,com.sec.android.app.shealth,57a45321-27e5-4083-ab66-e42200c9cfc6,
dc3f30d5-081c-41cb-8677-11ce0af1c183,b65ddf33-6ad1-405c-85a2-27078b324c8c,2025-12-20 07:33:10.050,2025-12-20 07:33:10.050,10001,US7nt0+2+q,com.sec.android.app.shealth,bcbf95dd-598d-4325-935a-93aa290b06a2,
222a7428-1c44-4fcc-aab1-df36063fd6d0,41a8957d-db27-423c-bf21-fe24cefa6936,2025-12-20 07:53:35.480,2025-12-20 07:53:35.480,10002,US7nt0+2+q,com.sec.android.app.shealth,07fa16f2-510a-46f9-81ff-8123f3297568,
ae751ab8-4cc2-499d-a038-540f7e927625,de999187-19b5-4038-bbf5-96965744f773,2025-12-21 07:28:19.481,2025-12-21 07:28:19.481,10000,US7nt0+2+q,com.sec.android.app.shealth,359d6a91-6258-4468-905b-6a84241bcf1c,
b81feb68-04df-4c9f-9dfc-7bd15dc29c38,b57d1abc-451f-40f5-865e-a14662120c0f,2025-12-21 09:42:42.551,2025-12-21 09:42:42.551,10002,US7nt0+2+q,com.sec.android.app.shealth,6a38803e-1a25-4d35-af74-92e8b88f8754,
ecf73357-b84c-4d3f-b098-92bee7d7c6bb,ce2628e7-815a-45fe-aae9-dfd5d6adb842,2025-12-22 04:04:14.205,2025-12-22 04:04:14.205,10000,US7nt0+2+q,com.sec.android.app.shealth,1bf1f730-474c-43cf-b1f9-2606854486a2,
4dae27cd-7a6f-4b72-ad4e-49bd443402e6,a35084dc-d4ef-4269-b012-dd6a1d7ada31,2025-12-22 04:41:27.521,2025-12-22 04:41:27.521,10002,US7nt0+2+q,com.sec.android.app.shealth,297f4095-8822-436c-975d-e3ddf5ecfe83,
684fd46c-982a-4106-b514-407abd80eee5,105ac1d6-4a56-4f6a-82ef-3c6a81611956,2025-12-22 06:09:59.591,2025-12-22 06:09:59.591,10001,US7nt0+2+q,com.sec.android.app.shealth,154e4294-e5e6-4999-afeb-6a190036ff1d,
08bb55cb-f7bf-46b7-841c-427e3560cc31,ccc2f4f8-a092-4ba8-935e-afb1c61334b3,2025-12-22 08:00:29.986,2025-12-22 08:00:29.986,10001,US7nt0+2+q,com.sec.android.app.shealth,3e5e55ec-46eb-45de-b75f-c7a49eb0bed7,
e099e9a6-18f2-4a65-ae0b-01c3d546b85f,070fa357-b7cb-4bc2-9c5e-72f145796f23,2025-12-22 19:32:00.896,2025-12-22 19:32:00.896,10000,US7nt0+2+q,com.sec.android.app.shealth,2ed3dc6e-ef66-477c-a283-cd9f4904a060,
e50d7194-a501-460e-977f-83ba41f829cb,b3bc3606-3dc2-4699-847e-c135206e8198,2025-12-24 02:26:56.608,2025-12-24 02:26:56.608,10000,US7nt0+2+q,com.sec.android.app.shealth,339542a5-c517-4e64-8654-84528e7119bd,
922c4d59-f058-4638-a523-a8596221f23f,779e4f1c-f866-462e-8a69-f9eaf9de7a5d,2025-12-24 05:34:52.648,2025-12-24 05:34:52.648,10002,US7nt0+2+q,com.sec.android.app.shealth,108626ce-f4c7-4e47-8247-070bfda8779f,
6c984f15-2f78-4ac7-82d1-7fdb186b94b7,26b8e5e7-c863-41f9-b437-3729340dd96c,2025-12-24 05:35:58.010,2025-12-24 05:35:58.010,10008,US7nt0+2+q,com.sec.android.app.shealth,2a372cd8-5f2c-43ac-b37e-3d291ff7ac0a,
c154d8bd-45f0-4242-a081-ac649d9dc987,59fc6f17-3959-47f1-9ae1-e7014a2ae84e,2025-12-25 02:30:07.887,2025-12-25 02:30:07.887,10000,US7nt0+2+q,com.sec.android.app.shealth,ed412981-a01e-4542-a47f-701127620b58,
52f3b1ab-f6d6-43ed-bc28-13af435e55fb,f9e066de-2a4a-44de-bad7-fb4d3bca37de,2025-12-26 00:26:37.589,2025-12-26 00:26:37.589,10000,US7nt0+2+q,com.sec.android.app.shealth,78da2cf4-09fc-4a08-96c7-e7ad0adff46c,
26443ad6-8bd4-4d60-aafb-60d963ede94d,81e13c71-ebaf-4499-b5ab-5fba3bfaa12d,2025-12-26 02:44:21.982,2025-12-26 02:44:21.982,10002,US7nt0+2+q,com.sec.android.app.shealth,067ce120-7197-4745-acc9-e6c8a02a3f21,
a32d8a88-d89a-4477-a26b-b8edf8cbaf0f,ed347cb3-7647-4adf-94d0-d7fb8c249de3,2025-12-27 02:30:08.362,2025-12-27 02:30:08.362,10000,US7nt0+2+q,com.sec.android.app.shealth,57c4ae98-0c81-491a-9172-b0c51958d313,
650a4a65-e7e6-4a83-a56b-991420de4f37,e76092dc-fc48-4781-872a-45edf0364132,2025-12-27 17:46:43.190,2025-12-27 17:46:43.190,10002,US7nt0+2+q,com.sec.android.app.shealth,d9584a0f-23a6-49f7-8bd8-a92086cfff90,
dc350556-7cbf-4780-8924-70fae4914422,ed9c767d-f174-4a79-ba26-dd04d52d3468,2025-12-27 17:47:28.421,2025-12-27 17:47:28.421,10002,US7nt0+2+q,com.sec.android.app.shealth,0775e73a-d33d-43d2-9b0c-a68322d74c13,
7f7083dc-33d5-42ba-90b6-4649f02473fd,f8875698-d608-4d62-89b8-024e18bd6151,2025-12-28 03:18:51.369,2025-12-28 03:18:51.369,10000,US7nt0+2+q,com.sec.android.app.shealth,f30431fb-cf2b-4595-b9f1-833b8086bb38,
0921023c-1dd5-4d0b-8486-e017cd6ba35d,b261f341-e7b3-48fc-92e4-c0d0a15d9e53,2025-12-29 03:13:33.095,2025-12-29 03:13:33.095,10000,US7nt0+2+q,com.sec.android.app.shealth,ee98cc29-46ee-4d65-a558-68cbb9451214,
c37e1172-ed09-434d-8654-f728b1db623c,f4b7bb0b-5d98-4d39-beed-e224989994d4,2025-12-29 15:38:57.000,2025-12-29 15:38:57.000,10002,US7nt0+2+q,com.sec.android.app.shealth,236de6ac-2f7c-4e50-87b8-a4e74bc9569e,
20d14caa-923a-4d6c-96c5-6352716d5c17,cb671aca-908b-4242-9d41-7a28b3891fd5,2025-12-29 15:38:57.008,2025-12-29 15:38:57.008,10002,US7nt0+2+q,com.sec.android.app.shealth,88d34627-4bfd-45d6-8d53-6e1a875c8715,
640900ae-c672-47ee-826d-739ddf742952,56960c22-9ebb-4d2e-a84e-2a51a8f79be3,2025-12-29 19:57:17.214,2025-12-29 19:57:17.214,10000,US7nt0+2+q,com.sec.android.app.shealth,5e10fe0f-d10d-4093-9c07-c83517e65409,
ebedd672-f3b1-4019-94a1-26707dc30744,9e4f215e-8a3b-4786-b134-466ba0710339,2025-12-31 02:21:04.497,2025-12-31 02:21:04.497,10000,US7nt0+2+q,com.sec.android.app.shealth,84788db0-0939-4d6a-9363-2886f2b976eb,
18e72876-4b64-433a-93cd-9bfe60950dcb,7cbf4448-cb04-4447-a032-5082979524cd,2025-12-31 11:18:58.830,2025-12-31 11:18:58.830,10002,US7nt0+2+q,com.sec.android.app.shealth,0d32a240-c34b-4040-a814-8a55cb85de8f,
b0368e8c-5034-4b28-b973-b5353d260752,641afa5d-09a0-4e69-9728-12281de23d65,2026-01-01 01:26:20.871,2026-01-01 01:26:20.871,10000,US7nt0+2+q,com.sec.android.app.shealth,14a6ec2d-fbde-4d93-8c02-51b1e61bd0b8,
e0417e7f-3897-4a67-939f-a29c1720744d,98a1386b-a52e-4bda-bfeb-0a509606b5fb,2026-01-01 02:22:58.568,2026-01-01 02:22:58.568,10002,US7nt0+2+q,com.sec.android.app.shealth,ddddc268-8eae-4915-9459-94136a2b30a0,
1d21c0f7-5d8c-48c6-996a-e749288135b2,94f64e1f-f5df-4407-a0d2-6a4c444eb772,2026-01-02 02:02:57.635,2026-01-02 02:02:57.635,10000,US7nt0+2+q,com.sec.android.app.shealth,95aa80a9-be91-4fd5-a9d8-0e76e4bf0520,
3eb9cbc8-fac8-4991-b410-1df29a186cad,ea31739a-8f30-4e02-aef9-41e02beb770e,2026-01-02 03:23:37.902,2026-01-02 03:23:37.902,10002,US7nt0+2+q,com.sec.android.app.shealth,db29b38e-b7c8-45e6-b8b1-bc7dbb5329f1,
7ff4e875-0244-4766-a4b3-1ae807b25489,8c2a359f-63fa-4e1c-9b72-8170545080ab,2026-01-03 02:17:48.246,2026-01-03 02:17:48.246,10000,US7nt0+2+q,com.sec.android.app.shealth,974d4b28-b4ff-47c9-86bb-10031de959b9,
20475049-cffa-483d-94af-6d63dfdea79f,83e17597-369a-4538-8a4b-7c76b2b3a8c2,2026-01-03 17:35:32.615,2026-01-03 17:35:32.615,10002,US7nt0+2+q,com.sec.android.app.shealth,ae71f186-6386-4e4b-98bb-29cc262b40b9,
2ef53749-852a-45a2-ac84-0f44c74cdf89,2f8b7b8f-bf63-4799-a309-ea428734603c,2026-01-03 17:35:32.622,2026-01-03 17:35:32.622,10002,US7nt0+2+q,com.sec.android.app.shealth,81ae4f61-efb2-4ec6-8a23-5d7a2422eb0b,
2ae34706-62c3-441c-a107-0b6a70e2b75b,b46bc566-27f3-416b-aac6-2ea5665718e8,2026-01-04 01:33:28.958,2026-01-04 01:33:28.958,10000,US7nt0+2+q,com.sec.android.app.shealth,7603362a-90b7-4d22-b642-f0430720e174,
a33982ba-514d-4f52-aeaf-b70d69320e4f,9600cb98-75a2-4336-9ae2-9fe2d4f7fe4e,2026-01-04 15:18:05.978,2026-01-04 15:18:05.978,10002,US7nt0+2+q,com.sec.android.app.shealth,19735faa-9185-4dbc-86e0-0f7a2090797d,
e448c8d6-6155-4251-a67a-2523228de54f,3d41aa92-deb6-4047-9be2-e7da7b5b1fe5,2026-01-05 02:21:13.330,2026-01-05 02:21:13.330,10000,US7nt0+2+q,com.sec.android.app.shealth,c243c543-e6b9-49e0-a389-5619d150882c,
b1a85f49-7751-457e-91c5-4873b4171516,7a9dc7a1-ce1c-4f82-b357-4d576d38a9fb,2026-01-05 13:55:24.791,2026-01-05 13:55:24.791,10002,US7nt0+2+q,com.sec.android.app.shealth,3e1e9faf-a3da-46cd-9122-151a2bd4ff1e,
d87d1621-a908-4459-b228-109bbc295686,40f90270-40f3-4c2a-9e80-8f9ee9942af5,2026-01-06 01:32:21.016,2026-01-06 01:32:21.016,10000,US7nt0+2+q,com.sec.android.app.shealth,83bd49bb-a511-4c07-86ea-696bc61a2daa,
dd9f4d2d-9121-4e0f-a083-0e456d5e9987,ce5e9a63-0ea9-49e8-8bcc-3a1f0513ffcc,2026-01-06 16:22:20.594,2026-01-06 16:22:20.594,10002,US7nt0+2+q,com.sec.android.app.shealth,ed49567e-5ac1-457f-8852-892cf4f7ad5b,
b1b7fc05-8f50-4643-a2a3-2471c7b7641a,f6a1dd53-6d89-4f89-802d-b25463f5091b,2026-01-07 02:30:08.547,2026-01-07 02:30:08.547,10000,US7nt0+2+q,com.sec.android.app.shealth,af9617a3-8571-4958-981b-9e602f293201,
01ed7818-cff6-4db1-bb71-200b096330ae,76399c3f-d7e0-49fb-9e0e-5d0e162f5946,2026-01-07 03:57:54.673,2026-01-07 03:57:54.673,10002,US7nt0+2+q,com.sec.android.app.shealth,eb767699-0bc5-4ecd-9439-76d628a304a0,
f2e3258d-177b-483d-85c4-87a838adc481,76d3e1c6-4f20-449f-8745-819a4ad0409b,2026-01-07 10:33:12.040,2026-01-07 10:33:12.040,10008,US7nt0+2+q,com.sec.android.app.shealth,4ef91e12-05de-4dc2-ba71-e58218b6beb2,
2c88ddff-ff55-4320-90ea-0bd59220213b,a14fb17e-19be-4034-af33-c5d9c818d56a,2026-01-08 02:27:59.893,2026-01-08 02:27:59.893,10000,US7nt0+2+q,com.sec.android.app.shealth,293cd390-f8f7-4ac7-93fb-c6374880363a,
3d861619-0b9e-45ce-8181-3c6368eb63d3,bd3df372-d676-4049-bc23-69041503a7d2,2026-01-09 03:11:15.420,2026-01-09 03:11:15.420,10000,US7nt0+2+q,com.sec.android.app.shealth,7e359ea4-d008-497d-9a81-eeea6270d96e,
18569e56-d1dc-408c-8199-889b3a9b02c7,7ed00fb7-bcae-48b1-bc8c-37ea0fb7847d,2026-01-09 19:33:09.554,2026-01-09 19:33:09.554,10000,US7nt0+2+q,com.sec.android.app.shealth,1ee701cb-f4f5-46a8-abec-473a47fefaee,
c698172a-e899-419f-b0a4-c09108e1be99,d61bb467-2b4c-4443-bef4-c80d1aa0fbaf,2026-01-10 00:43:56.128,2026-01-10 00:43:56.128,10001,US7nt0+2+q,com.sec.android.app.shealth,c5bb3567-9ea7-4e9c-8bb9-2161741576fd,
8375b2cb-9d16-4b56-91b6-092cd93deb5e,0278076d-fc1b-4e3c-8058-ed59935c5f82,2026-01-11 07:08:55.386,2026-01-11 07:08:55.386,10000,US7nt0+2+q,com.sec.android.app.shealth,dd55cc38-5d02-487c-ba87-36b2bef213cc,
2a85039b-63df-4255-b770-afb13dffd00b,91fe66b1-7665-4353-a50a-cc41dd836130,2026-01-12 03:09:23.945,2026-01-12 03:09:23.945,10000,US7nt0+2+q,com.sec.android.app.shealth,da7a9915-9583-4d77-9292-d1106c17dc02,
2215e936-d891-4f1f-a844-d9b107dd108b,fceab217-62f3-44df-878b-6dea573a24e3,2026-01-12 03:50:48.859,2026-01-12 03:50:48.859,10001,US7nt0+2+q,com.sec.android.app.shealth,70549971-d204-41bf-ab97-94dad30bd737,
10461bcf-2779-4a1f-9212-602ad033d066,852223c8-9896-4877-8294-275f5ed94e5f,2026-01-12 06:32:30.584,2026-01-12 06:32:30.584,10002,US7nt0+2+q,com.sec.android.app.shealth,c0268dc0-d4ec-4ae7-a29e-171e7e61ec0a,
0de5d664-be2e-4445-b847-9be8fb6719b5,eae8fbb4-f657-4a7c-bfb4-bb656e062774,2026-01-12 06:32:30.597,2026-01-12 06:32:30.597,10002,US7nt0+2+q,com.sec.android.app.shealth,8fe0ff77-8379-4369-8a51-708b026fc7ac,
75a1d248-48b5-449f-90d6-c9daa891f632,4b8915ff-56a5-473a-b382-563d99fb0632,2026-01-12 06:32:40.381,2026-01-12 06:32:40.381,10002,US7nt0+2+q,com.sec.android.app.shealth,16bcb2b5-6db9-40f6-80c4-689dc3661fb1,
1ca53a2f-a2bd-4cbb-b4ef-247f11cb14a9,41f7d3ad-e90f-46ec-86f1-e2c69bc3d68e,2026-01-12 06:32:40.387,2026-01-12 06:32:40.387,10002,US7nt0+2+q,com.sec.android.app.shealth,fcffa602-fa4f-4e13-adac-e0f4c1cbabdc,
fd951b50-338b-40d9-9f5b-8f977e028b13,e4adfcad-2f2e-447d-afca-7dba83ae3972,2026-01-13 02:32:50.501,2026-01-13 02:32:50.501,10000,US7nt0+2+q,com.sec.android.app.shealth,84b499ca-2c9b-4a79-b4a4-c0d882d11cde,
bbd7f3d6-339d-42ac-9ed3-db63f92d245a,366055b8-dcb4-4e12-8037-82c6abac2ea4,2026-01-13 03:57:51.260,2026-01-13 03:57:51.260,10001,US7nt0+2+q,com.sec.android.app.shealth,1a0c9fe1-a799-4d76-94f1-2dffec10a653,
a59f0adb-de3a-4d14-9e3d-a9e1c211e9f7,8fa15a2b-31f6-4090-bd43-b80a25ef31b7,2026-01-13 10:37:11.672,2026-01-13 10:37:11.672,10002,US7nt0+2+q,com.sec.android.app.shealth,bae587c0-fab9-4caa-84f8-f4d4c2e0bca1,
8767081b-d3f7-4c5a-9de3-1efdfbb9b377,a30b65bb-42a1-4e4a-87a4-e2a3fb8b6d27,2026-01-13 15:54:23.673,2026-01-13 15:54:23.673,10001,US7nt0+2+q,com.sec.android.app.shealth,050e879a-1fad-4e80-ad0c-d5eab3fa0af4,
7eb2e279-9b5a-4583-9fde-ec588edfcea3,a00589f3-7e96-4b92-bd67-83a6af4d30e0,2026-01-13 16:30:14.273,2026-01-13 16:30:14.273,10001,US7nt0+2+q,com.sec.android.app.shealth,36b115ca-f086-4061-ad02-d3a98850036c,
04149fa0-82fb-4e0e-8160-b78e7b7469f7,7b0028df-f30a-441d-93b9-876eaf83c5b1,2026-01-14 00:42:40.338,2026-01-14 00:42:40.338,10000,US7nt0+2+q,com.sec.android.app.shealth,3f53b2a0-1df7-4535-8df3-516cef01362e,
a2dfb5ba-860c-499a-8288-a1eddf593a5d,7ce065d5-a816-4984-9e95-26488731b85b,2026-01-14 10:40:28.105,2026-01-14 10:40:28.105,10002,US7nt0+2+q,com.sec.android.app.shealth,adf0ff66-f281-4a8f-9d5a-70424b4495a6,
304ec837-3f16-4ad3-b265-062e68b5505d,a955600a-ebe6-476d-ba73-a290f310d2d8,2026-01-15 03:53:08.285,2026-01-15 03:53:08.285,10000,US7nt0+2+q,com.sec.android.app.shealth,e20b608c-26bb-41f8-8871-93dcc4a84fd9,
92dabbdf-8d84-495d-a518-7b510c86a52d,206c015a-cbc8-417b-80a4-6a33ef92e311,2026-01-15 04:01:39.840,2026-01-15 04:01:39.840,10002,US7nt0+2+q,com.sec.android.app.shealth,1677af9d-a347-49c5-b9dc-0662469c3730,
c443ab78-513b-4825-a940-e9dec9131663,95c5fce1-b04e-4494-8eef-9718df58a591,2026-01-16 02:41:40.646,2026-01-16 02:41:40.646,10000,US7nt0+2+q,com.sec.android.app.shealth,fb7eb58c-6356-4bf5-817d-891bca2b9e1e,
7b18751e-6185-45d7-94d6-e6ab7d30f772,4a2547ef-da04-4934-bf8b-f65ac0ea3141,2026-01-16 05:55:07.545,2026-01-16 05:55:07.545,10001,US7nt0+2+q,com.sec.android.app.shealth,baac2c26-b7c5-429f-83f3-1aba63086e9e,
7063ca0c-0425-4c41-86aa-b23954418407,52460a8a-ac4d-4ab6-80d9-38d9a6359bc8,2026-01-16 16:34:03.341,2026-01-16 16:34:03.341,10001,US7nt0+2+q,com.sec.android.app.shealth,32a39ed6-4a9e-40cf-ae46-5058cf9e60e0,
86345ab5-30e4-4385-a285-8d0bf38816a1,5b31a609-723b-4653-ba1f-b2eb196779bb,2026-01-17 03:06:56.670,2026-01-17 03:06:56.670,10000,US7nt0+2+q,com.sec.android.app.shealth,ca4e3a27-614e-4eeb-ae80-a4e24fa71d30,
f31190d1-9eff-49aa-92e2-72d6713667ac,650a7deb-09eb-452b-928b-2a6d58402f4c,2026-01-17 03:07:19.149,2026-01-17 03:07:19.149,10002,US7nt0+2+q,com.sec.android.app.shealth,7722d3ac-80d9-4d97-af56-ec1ea1f3a757,
2c9eb176-b809-485b-9b0c-73718d79973b,65291972-7cbc-426b-9467-c8cc81a515d2,2026-01-17 03:07:25.074,2026-01-17 03:07:25.074,10002,US7nt0+2+q,com.sec.android.app.shealth,43b6447d-e47d-4032-836b-b3b80c2870e5,
7ad75071-c9e8-4228-94dd-f44a3d903572,b87baa9a-cd60-442e-9d71-6a7728b9c115,2026-01-17 05:26:21.168,2026-01-17 05:26:21.168,10008,US7nt0+2+q,com.google.android.apps.fitness,d4bc1a1e-efec-4d97-b87a-f39e0483c612,
3a9ae794-6d3f-4cb3-b7a3-b24f5856029e,2b2bbe31-3a73-4591-be56-3e759b64264a,2026-01-17 16:54:10.358,2026-01-17 16:54:10.358,10001,US7nt0+2+q,com.sec.android.app.shealth,65006fb4-ee4f-46b8-97cb-bcc929a17c38,
6eceae67-c7a6-4c46-979e-eb4c8b4defbf,a57a8ee4-b24a-4ae1-966a-ceeb35aa0429,2026-01-18 05:57:41.083,2026-01-18 05:57:41.083,10000,US7nt0+2+q,com.sec.android.app.shealth,9d3f2605-2461-4aec-b698-9e1b114520e5,
6b5a2b31-c335-4f1d-a329-7466f0299236,e3b0e3fb-b1ec-4969-967d-623bb405529c,2026-01-18 08:51:00.610,2026-01-18 08:51:00.610,10002,US7nt0+2+q,com.sec.android.app.shealth,3d4d7dbb-add0-4207-9afd-8fa44c9825b5,
c2c68182-214d-4fff-9b90-bc77a807c259,cbd4de6b-d0ad-4426-b6dd-b7cd997e8a8d,2026-01-18 15:19:04.790,2026-01-18 15:19:04.790,10001,US7nt0+2+q,com.sec.android.app.shealth,c3cf9c0c-d2be-42cf-9dff-8dbbaa9f1ee7,
b3581f6b-8e50-4eb5-b835-f84d143bf2d8,d7ef8e88-2c05-4096-98b4-8c751a5e1a1a,2026-01-19 03:04:27.518,2026-01-19 03:04:27.518,10000,US7nt0+2+q,com.sec.android.app.shealth,cdb73145-f4a2-4c81-9155-34467b9e78dc,
e6d7aa09-b365-49cf-a557-b98e55e4f38b,e479f1c0-9a8f-43b0-850a-71685091c830,2026-01-19 05:39:02.368,2026-01-19 05:39:02.368,10001,US7nt0+2+q,com.sec.android.app.shealth,ee4d8982-1b44-4c20-90cc-b93b86ba0f0f,
f806c368-7965-492c-b71b-e73d86b68c9b,08eb7f5e-291c-47d3-a8c7-f6842b6ea2d8,2026-01-19 08:34:24.794,2026-01-19 08:34:24.794,10002,US7nt0+2+q,com.sec.android.app.shealth,f7d7bf34-76b8-4f2b-b9ce-1c65549a7ac6,
25e926c1-c3c5-406c-b1ea-a39c9be0d805,2f4ca874-1e42-4180-bf6e-fc2a50f911f0,2026-01-19 16:00:53.479,2026-01-19 16:00:53.479,10001,US7nt0+2+q,com.sec.android.app.shealth,946bf4af-dc6d-4e50-a3c9-177263d71a3b,
77168ad9-35b4-41e7-967b-9c63f463761a,f63289a6-a9b8-470f-9bcf-43e272ac01fc,2026-01-20 02:33:50.876,2026-01-20 02:33:50.876,10000,US7nt0+2+q,com.sec.android.app.shealth,3bb0e557-4b7d-4c1f-a836-3b2baa561b8f,
213081cc-6240-4bfc-b667-7373db5c2111,fd54d4ee-c4d2-4f13-a215-4a1ed7120b45,2026-01-20 08:17:12.226,2026-01-20 08:17:12.226,10002,US7nt0+2+q,com.sec.android.app.shealth,1769630c-269e-477d-878c-96d01b72971a,
d627d269-6214-49f3-85ac-9daab10d737f,126f210a-bf05-46b7-b223-10bd95946d1a,2026-01-21 03:42:47.562,2026-01-21 03:42:47.562,10000,US7nt0+2+q,com.sec.android.app.shealth,aa8fb38b-efc0-4520-bff5-3111bb00b6c8,
76bf164d-713d-462f-b0e9-3c5742c6aa9e,5a542c10-26f4-4f6f-94a0-28b0202f3fb6,2026-01-21 05:16:52.753,2026-01-21 05:16:52.753,10001,US7nt0+2+q,com.sec.android.app.shealth,a2151277-bbd4-4ac0-b80e-22f657e9e7f8,
745473f0-1b6c-4bda-a78a-c67b67a709f4,ee5d2a6c-62e0-48ad-b52a-e933466c7b5c,2026-01-21 14:10:22.840,2026-01-21 14:10:22.840,10002,US7nt0+2+q,com.sec.android.app.shealth,582a337c-c369-4c16-abb3-d8ada71f5d71,
172b9dbe-b0ba-4449-805b-7491789d5d2f,ce034d35-d4a4-4a7e-843b-419331d2e90c,2026-01-21 15:32:36.401,2026-01-21 15:32:36.401,10001,US7nt0+2+q,com.sec.android.app.shealth,2a611eb8-8657-4d0b-8109-af1210e03f99,
9f24085f-4df9-4761-b125-5cdddf23ea60,4b0547dd-a574-4395-ac2a-c48212433530,2026-01-21 23:51:06.065,2026-01-21 23:51:06.065,10000,US7nt0+2+q,com.sec.android.app.shealth,eaf29b20-76c5-4bcb-9628-edf1347be09c,
e798dc9d-a1bf-4c0c-8923-3f8820a8f1ec,4f7d8fe0-b42d-493a-a7e6-e503acaa92a7,2026-01-22 14:44:56.879,2026-01-22 14:44:56.879,10001,US7nt0+2+q,com.sec.android.app.shealth,2d159768-cf0e-47dd-899b-fe0c26fdb1af,
3317c3bb-b52e-4257-a9c2-e24a9f0da356,b6057923-8360-4bac-b695-b02b872928a7,2026-01-22 14:45:29.667,2026-01-22 14:45:29.667,10002,US7nt0+2+q,com.sec.android.app.shealth,9ba97570-d7f4-4e1d-8977-ab5cf0652b1e,
e17d8925-bc30-4ad6-96e7-3d9bcf0a43a4,9312aca4-02ac-424c-b70f-045641b1ccce,2026-01-22 19:32:00.784,2026-01-22 19:32:00.784,10000,US7nt0+2+q,com.sec.android.app.shealth,5bc89748-de1f-4fbd-ad64-fa7346768be2,
c3f9ad59-14fa-409e-8be7-34ec5603ac46,520e1dcd-4ad7-4839-b9f4-0b0b325a3190,2026-01-23 00:52:34.543,2026-01-23 00:52:34.543,10001,US7nt0+2+q,com.sec.android.app.shealth,189e8ab8-521c-48b5-9c1c-0b0d3d6ecff7,
9531806b-8676-481f-a1e3-9e1c197619e3,63506008-c036-4a2c-982c-d52b81c3a83c,2026-01-23 15:15:11.067,2026-01-23 15:15:11.067,10001,US7nt0+2+q,com.sec.android.app.shealth,8765626c-25ed-49e4-9a82-ceda875bfbf1,
309b4774-5284-4f70-9749-6d75d7eb6d15,fcf6d972-7b97-4fd5-b946-e016ea0eef40,2026-01-23 19:25:47.689,2026-01-23 19:25:47.689,10000,US7nt0+2+q,com.sec.android.app.shealth,6af915bc-2c76-4a5f-982c-a3f0fa3a0b83,
1a8f1ee5-cf46-4b9d-9e5c-a774a82164e6,08ab8459-2b34-42a4-9f01-a506fce547ac,2026-01-24 03:58:16.417,2026-01-24 03:58:16.417,10002,US7nt0+2+q,com.sec.android.app.shealth,850aab87-8ce8-4c34-8cfb-3cf92a58014c,
6c3b2649-ec90-430f-b278-4416c3759d02,cc59953e-cedb-4aed-b648-3263f019d488,2026-01-24 04:45:47.798,2026-01-24 04:45:47.798,10001,US7nt0+2+q,com.sec.android.app.shealth,38efeb07-b0cf-44e7-ab44-bc8d8900e37e,
f2f459cd-a8e5-4e3b-8999-fa8a8530f24e,27433c3e-0bd2-43e1-9855-f83e0cc22d12,2026-01-25 03:35:21.252,2026-01-25 03:35:21.252,10000,US7nt0+2+q,com.sec.android.app.shealth,ba8f5aaf-ea06-4a9c-bc0f-aa076fef6383,
17ddb0ba-ecb3-4bde-aab6-9177d9d89d34,46af1ac6-0991-4bcb-acb1-d4719af5dcea,2026-01-25 04:38:11.260,2026-01-25 04:38:11.260,10002,US7nt0+2+q,com.sec.android.app.shealth,0db2c063-ba85-4a54-846a-a27d7c6c2c96,
184bdf81-579b-4ca9-a250-17a05fdfca9e,4d54ca64-fcc6-4b48-a569-387acf3458d6,2026-01-25 17:02:56.727,2026-01-25 17:02:56.727,10001,US7nt0+2+q,com.sec.android.app.shealth,57a2ef5b-794e-40b9-b6f0-bf98769c210e,
d559a0fa-606c-4719-aab3-06eff0d67932,2f001f0a-0a3c-48e0-bfc7-83f9a5c07ac0,2026-01-26 03:07:08.698,2026-01-26 03:07:08.698,10000,US7nt0+2+q,com.sec.android.app.shealth,38112e27-88c9-48ca-858e-9d5c51214101,
3f503175-7c3f-4043-b208-341d8bdafca2,2c16aa57-ad88-4903-a722-c258945ddb45,2026-01-26 03:07:24.415,2026-01-26 03:07:24.415,10002,US7nt0+2+q,com.sec.android.app.shealth,8be64b23-6ec9-4372-9324-2a58d1c1e452,
644428c2-fbed-44e7-a4c5-a92221fb57db,7bfb1429-3ab9-4611-a4fd-e7e4eeb4f539,2026-01-27 03:12:09.298,2026-01-27 03:12:09.298,10000,US7nt0+2+q,com.sec.android.app.shealth,9e3e40e0-244a-4612-a409-81d1be800a66,
f97b56e2-a450-436f-a81a-2c4306d7dfb3,ef2e1474-7972-4308-a000-821e72fc9f8d,2026-01-27 05:51:58.413,2026-01-27 05:51:58.413,10002,US7nt0+2+q,com.sec.android.app.shealth,6ab85821-ce8b-420e-bf2f-375536cc0172,
673bc509-04e2-4a91-900b-2fe2af76289f,ab447199-58cc-4b99-b6e7-4d952863aaea,2026-01-27 19:33:04.954,2026-01-27 19:33:04.954,10000,US7nt0+2+q,com.sec.android.app.shealth,1b534049-fa25-41fa-8322-2bc4323e4fc5,
a4bcc2be-37ec-4601-9214-f4141677681d,9be05183-0b16-49f6-bffa-f59cf0debac4,2026-01-29 03:40:57.402,2026-01-29 03:40:57.402,10000,US7nt0+2+q,com.sec.android.app.shealth,b57d311f-c3dd-453a-964a-c8a379c59322,
e6cea2c7-f21f-4f1e-b6c5-680cf854614d,68dc0a47-3f62-4a6e-8ad1-cf84c1ce4c28,2026-01-29 03:57:13.691,2026-01-29 03:57:13.691,10001,US7nt0+2+q,com.sec.android.app.shealth,966fddbf-3959-498b-8c36-ab9ca139e0b7,
b1147738-bfe1-41e3-9fe4-679fe931a659,5b4c9160-e868-44db-859e-079eb8455014,2026-01-29 15:18:37.861,2026-01-29 15:18:37.861,10001,US7nt0+2+q,com.sec.android.app.shealth,ffc1ca2e-094e-4f5d-8b07-a44429e33082,
3823b800-6e4c-4f81-a22a-8789b1e0cc77,92cd5ba2-78fb-4fd5-becf-2735de57c908,2026-01-29 15:30:43.051,2026-01-29 15:30:43.051,10002,US7nt0+2+q,com.sec.android.app.shealth,62ec3ca7-0d86-406e-bdc2-7926d8153674,
29a525a6-60cd-4d74-abfe-22474fe268b8,3957719a-e42b-4a28-8cc2-943301c93bac,2026-01-29 15:31:23.469,2026-01-29 15:31:23.469,10001,US7nt0+2+q,com.sec.android.app.shealth,eaa503a5-1c6a-4a6d-81f9-10ff7aba1772,
7f18fb86-882c-4733-82e3-1d6f0a7254e1,3bd9f2d4-188c-49f6-83a4-b6aeb86a658b,2026-01-30 01:39:51.945,2026-01-30 01:39:51.945,10000,US7nt0+2+q,com.sec.android.app.shealth,13f0524d-d2cb-442a-a64e-1926c6f51c25,
5a15a97c-8017-4372-93d7-e6488d0954b3,b94c3d40-026c-4d15-bd0d-b5d29e74b740,2026-01-30 01:40:07.277,2026-01-30 01:40:07.277,10002,US7nt0+2+q,com.sec.android.app.shealth,bd30d1f3-e207-4b59-8672-92c4c621da89,
04e44cbe-4bee-490a-86ec-2e60766d5970,2ae670b8-5973-48e6-b1f6-e0f95d6243b8,2026-01-30 02:18:11.535,2026-01-30 02:18:11.535,10001,US7nt0+2+q,com.sec.android.app.shealth,7bb46e1b-5246-4294-a3cd-e4c56e0dc4c7,
ebc961a9-71ac-4c0a-9f16-8d2cfa403f34,6bed7df5-981c-4f59-9879-db36fe7fe4fd,2026-01-30 03:44:02.193,2026-01-30 03:44:02.193,10001,US7nt0+2+q,com.sec.android.app.shealth,8b6df475-d7cb-4d36-9f8d-04df70a9a431,
11b3dd67-8eea-4737-991e-d5a3710724af,5e9da8dd-a4a3-4515-9d65-5685121272a6,2026-01-30 16:59:16.415,2026-01-30 16:59:16.415,10001,US7nt0+2+q,com.sec.android.app.shealth,c544702e-cdb7-463a-9f26-97d5692c7234,
5772bd62-205c-4503-b470-f2a272b36231,2d6cc3a2-ec8a-46fc-bc5d-58e984027965,2026-01-31 01:19:42.739,2026-01-31 01:19:42.739,10000,US7nt0+2+q,com.sec.android.app.shealth,767aba09-9ac5-4706-85eb-a640098a2b96,
763b04f1-4c22-4c40-9891-798ea9498176,63610182-db85-4789-977d-3418847990ee,2026-01-31 01:52:59.627,2026-01-31 01:52:59.627,10002,US7nt0+2+q,com.sec.android.app.shealth,03cdba57-dead-40f7-a66d-590562c6fa96,
200b7bce-bb03-4d40-9524-db08899559a9,0847fe55-0fcd-471c-a2f4-097aad5cced9,2026-01-31 02:32:13.430,2026-01-31 02:32:13.430,10001,US7nt0+2+q,com.sec.android.app.shealth,cbec6835-4691-491d-8feb-c8988d6c9423,
9e5e5bfc-4386-4271-8301-17bec6d049ba,001b7e91-e8c3-4a96-9200-e74bc9ea0d85,2026-02-01 03:57:14.776,2026-02-01 03:57:14.776,10002,US7nt0+2+q,com.sec.android.app.shealth,be56ce59-2c6d-4b36-9868-c3263bb36967,
a223d045-3e83-48a9-8352-f4a580e1ee1a,309b0ffb-734b-4715-9a9b-08bbf84a13f1,2026-02-01 05:12:52.637,2026-02-01 05:12:52.637,10001,US7nt0+2+q,com.sec.android.app.shealth,2c3c21fd-0982-46de-96cd-1263e3c25a96,
3f2a4344-a19c-4e75-a8fd-4e8c636f3e2a,1de31991-ab25-443f-9b96-103f4398da6f,2026-02-01 08:04:51.603,2026-02-01 08:04:51.603,10000,US7nt0+2+q,com.sec.android.app.shealth,6f983e27-28c5-4f25-98d5-95ffdc43b80b,
f977a136-454b-4fe0-9b90-e4c49272494a,b81f574b-9cfa-4e68-9a1f-a65616551ac6,2026-02-01 14:30:08.403,2026-02-01 14:30:08.403,10001,US7nt0+2+q,com.sec.android.app.shealth,2070cbb7-98dc-46ca-93cb-42a83f87ed28,
ea15c1c7-9a79-4ac4-bc62-a11cbbed2995,3879a3fd-ebe7-4c45-a0ff-7f25fbf623fd,2026-02-01 15:49:23.646,2026-02-01 15:49:23.646,10001,US7nt0+2+q,com.sec.android.app.shealth,898c52d0-5f8f-455b-ab6f-792a673da580,
960b4f6e-be5d-46a4-bc88-a442ae1fe694,a5c337cc-db76-4d01-a0d3-700de388b0ec,2026-02-02 01:17:22.753,2026-02-02 01:17:22.753,10000,US7nt0+2+q,com.sec.android.app.shealth,86708915-aa14-4fe5-95ee-cd15736df8ca,
b1dfa88b-7b5e-43c0-a1e7-42de124ebc6c,05ca5399-9e90-4e83-af3a-07d7b644d012,2026-02-02 03:48:45.937,2026-02-02 03:48:45.937,10001,US7nt0+2+q,com.sec.android.app.shealth,8e2cba48-b2c4-45c9-94b5-9acf671afae8,
0eaeb864-ff11-482b-b2c5-18fdb3995323,2171c49c-860c-4aa6-850d-76f1e0bfae9f,2026-02-02 10:00:18.124,2026-02-02 10:00:18.124,10002,US7nt0+2+q,com.sec.android.app.shealth,47cf46e4-b1dc-4054-9f86-82a037565c74,
d9871f4d-b912-45f6-a139-53b415425569,bf958527-e337-42b0-8fc4-5fc58cbd113a,2026-02-03 03:06:13.903,2026-02-03 03:06:13.903,10000,US7nt0+2+q,com.sec.android.app.shealth,6a824f31-5de9-4e52-bbd0-bc6b181e8b81,
d3cd5150-b601-4128-a632-a15dfbb9d48f,fe703d67-114d-4067-9369-f3416d3b5c1a,2026-02-03 10:33:57.053,2026-02-03 10:33:57.053,10002,US7nt0+2+q,com.sec.android.app.shealth,30bb723a-a2bd-439a-8401-68cba6157649,
a113b483-ed50-4dee-9daa-7eacfb9c4fb1,02f6c459-b66e-4d45-8e6f-0ad5bdfdd3b3,2026-02-04 01:40:58.091,2026-02-04 01:40:58.091,10002,US7nt0+2+q,com.sec.android.app.shealth,2625ff1e-1826-4904-aa3e-e00c83358674,
97ade411-4d33-4922-83e4-59696c34ce1b,e1ba4d90-a225-4df5-8edc-eacb0c3c2f82,2026-02-04 02:47:51.968,2026-02-04 02:47:51.968,10000,US7nt0+2+q,com.sec.android.app.shealth,ade390fb-4145-42c2-8b2e-b27062a71202,
12380a02-df10-45b4-bafa-f11de00ca2d1,19594a82-e364-43a6-83db-aa741fa3f132,2026-02-04 02:50:42.830,2026-02-04 02:50:42.830,10001,US7nt0+2+q,com.sec.android.app.shealth,bd3ef535-723a-4946-964d-74ea70b61fc6,
5d08f094-511f-48ea-aea5-bbf74ba3bb15,8f476387-b28b-4c7d-988c-1c4ce6ce1e63,2026-02-04 14:48:54.999,2026-02-04 14:48:54.999,10001,US7nt0+2+q,com.sec.android.app.shealth,cf02046a-0cbb-4e56-bff7-879f7891b085,
ff6556b2-7779-485a-85b4-f7119666b0f4,fdf05de4-26a2-4ab7-878b-bcb7a8e63797,2026-02-04 15:16:07.448,2026-02-04 15:16:07.448,10011,US7nt0+2+q,com.sec.android.app.shealth,5f39d61d-a219-4914-89cf-0837bd98f00a,
fa4e12f4-8fec-4955-8de6-467a9e5b18cb,62f51c1b-b0b8-4c43-8c3d-a64ec9dd2d4d,2026-02-04 15:18:17.216,2026-02-04 15:18:17.216,10011,US7nt0+2+q,com.sec.android.app.shealth,604b5f2b-729c-4c80-860a-e9bfb0b49e5d,
5f1159ec-ffb4-4b52-89b1-bb5c3ca1cb4a,3cb58026-9777-4cf3-a0d4-17c353a3dbd7,2026-02-04 15:20:02.562,2026-02-04 15:20:02.562,10011,US7nt0+2+q,com.sec.android.app.shealth,3f608765-c596-4562-ba59-cb2a64ba47df,
524d4fe9-eb8f-4535-b641-b1fd23c01729,671bc4d6-2249-4dfe-a39a-0c940956dd69,2026-02-05 01:54:26.159,2026-02-05 01:54:26.159,10002,US7nt0+2+q,com.sec.android.app.shealth,ca087f05-a217-44b6-b23f-96c0cdbddd38,
5a93eff8-ac6c-49cf-9fe3-defa5628d1d2,29568479-c03a-4784-b303-73fc3a323c0a,2026-02-05 02:39:58.672,2026-02-05 02:39:58.672,10001,US7nt0+2+q,com.sec.android.app.shealth,0c27531b-0779-4688-ac7e-c49ba18649da,
b9aeebd1-a905-4206-8ff6-fc4fd0b26e0f,d19e6863-1b45-4621-9968-6d4376b9dad2,2026-02-05 02:42:42.483,2026-02-05 02:42:42.483,10000,US7nt0+2+q,com.sec.android.app.shealth,08eaed30-78c2-4ff2-b64c-2d3647712a80,
0ca2d8a8-f1de-4d42-9738-e05de0bca2d9,c58941b2-65d1-45a1-b33d-54c4919746a4,2026-02-05 05:48:17.541,2026-02-05 05:48:17.541,10011,US7nt0+2+q,com.sec.android.app.shealth,b9089981-6402-40cd-80d7-b5f9ae3d73af,
4c494382-a402-45f7-95e9-fb7b7096452c,37f7b214-9971-4154-aeea-e94f17120e6f,2026-02-05 06:04:35.022,2026-02-05 06:04:35.022,10011,US7nt0+2+q,com.sec.android.app.shealth,7eed998e-5305-466d-a019-0435a31d3c42,
c9646f21-943d-4a1b-824a-db9e5546674a,eb56018a-759f-427f-b4c5-4be685cf8c73,2026-02-05 08:32:17.635,2026-02-05 08:32:17.635,10011,US7nt0+2+q,com.sec.android.app.shealth,22c641ee-764b-4b03-892d-b21b4bb5850b,
a290e21f-92be-4f42-ad48-815d0db69d20,767a9600-15d0-45ee-b188-97c7c1693102,2026-02-05 15:15:27.761,2026-02-05 15:15:27.761,10011,US7nt0+2+q,com.sec.android.app.shealth,db497f36-4477-4a4c-99f4-c91fdf2a9f47,
4d5f4a9e-0136-490e-a202-6a197aa67cbf,7626e902-7ba0-4e52-953b-0833284ffdbb,2026-02-06 01:02:49.721,2026-02-06 01:02:49.721,10000,US7nt0+2+q,com.sec.android.app.shealth,c3f3d6f0-a054-42ac-8fa5-fdcd736c8e04,
12ac98ec-e08d-42fd-875c-de3e213a0646,bb9947a0-bab4-4464-8dc6-07232bc1833f,2026-02-06 01:32:21.428,2026-02-06 01:32:21.428,10002,US7nt0+2+q,com.sec.android.app.shealth,84f9aafc-7b82-47d4-86f2-ecf18e9872f5,
d61d450c-043f-40eb-aa87-0adb5c7dd361,e0f0493a-b6d9-4188-8aab-f1d9c698b803,2026-02-06 02:27:02.099,2026-02-06 02:27:02.099,10001,US7nt0+2+q,com.sec.android.app.shealth,99572052-d1e1-4067-82fb-a5d2d37af211,
ec9b6f8a-14da-48f6-b8e9-f6c98a8c8b83,6fc7b49c-7ef6-4774-bb55-2de6b258091d,2026-02-06 03:53:53.446,2026-02-06 03:53:53.446,10001,US7nt0+2+q,com.sec.android.app.shealth,286f3418-d4e9-4af2-8f72-ae7fad26f398,
fef49d8a-81bc-43bd-8db1-afc5a3eeeb28,5af25e7b-3c92-424e-a418-e0337a46a3cc,2026-02-06 10:20:49.114,2026-02-06 10:20:49.114,10001,US7nt0+2+q,com.sec.android.app.shealth,7382d40d-8192-4156-96a8-c904d8cc9de5,
208d08e5-e286-4135-98af-b4ea6415bb6c,4517dcf5-0df7-4f88-b84e-99f91ba4f3f8,2026-02-06 13:56:09.080,2026-02-06 13:56:09.080,10011,US7nt0+2+q,com.sec.android.app.shealth,29f14707-66e4-45bf-b046-5a4fb0e2dfef,
cda22f9a-1045-439b-a428-bf824da559c7,2f9dc7f8-4efe-4fe0-bcc5-08bbac02922e,2026-02-06 13:56:47.161,2026-02-06 13:56:47.161,10011,US7nt0+2+q,com.sec.android.app.shealth,5bc9057f-ae01-4182-b3aa-8c267d339d1f,
f041b9dc-d56d-41c0-a6a6-b342c5e60d32,294d1c2b-9244-4ff8-b190-206b74291bb0,2026-02-06 14:35:32.515,2026-02-06 14:35:32.515,10011,US7nt0+2+q,com.sec.android.app.shealth,15cddbe4-4a1c-4902-8fe8-df5cb9fa6af7,
0d487712-bcfe-4e98-9320-eba49ee9a51e,4a3aadec-8b7d-4c8a-9571-b2c04d7b8ff6,2026-02-06 18:43:34.013,2026-02-06 18:43:34.013,10000,US7nt0+2+q,com.sec.android.app.shealth,3910e569-27af-46c4-a8bf-0564181a3a5f,
62f6e439-5408-42fe-a9aa-82395ecc459c,142772df-ccee-466b-9455-0b7d2fcbaf0b,2026-02-06 18:55:47.490,2026-02-06 18:55:47.490,10011,US7nt0+2+q,com.sec.android.app.shealth,a69f78a6-8fc5-4fb4-88a8-6c7f567443f0,
cc7ed41e-3bfc-4ce1-af0d-e2310d72011f,918823f8-30bb-47d2-8953-b73c57066826,2026-02-07 10:21:45.695,2026-02-07 10:21:45.695,10002,US7nt0+2+q,com.sec.android.app.shealth,6e21a885-3683-4e80-a6b7-effa909f3b0a,
62e3dfaf-0b89-4509-9fc8-55f7cf470426,ccea1f27-4a4d-48b2-a62b-e6f7786351eb,2026-02-07 14:36:09.548,2026-02-07 14:36:09.548,10001,US7nt0+2+q,com.sec.android.app.shealth,dabd0737-3a7a-4fc8-8856-51e3dd54f7ba,
b0b16c1b-0cb8-42d4-87ff-23eb733edbd2,b4f6841e-f77b-4661-8a25-b30473a89f22,2026-02-07 22:39:31.673,2026-02-07 22:39:31.673,10000,US7nt0+2+q,com.sec.android.app.shealth,fed540e9-6f49-4dce-ade6-cf927c97796c,
189ac018-6cda-4032-b1a0-bbf9de9b22de,c4fb1ef1-2b02-41a0-a183-302ef3a6df87,2026-02-08 01:40:31.427,2026-02-08 01:40:31.427,10001,US7nt0+2+q,com.sec.android.app.shealth,acb64c3e-0657-44f6-a81e-69caaaf74aef,
c6b23359-a622-44a2-ad03-4baf8a491db3,f72a1ddd-324d-496c-a170-f4348d83ad94,2026-02-08 01:50:46.155,2026-02-08 01:50:46.155,10002,US7nt0+2+q,com.sec.android.app.shealth,19f30176-8ac4-4e64-926a-888e74196bbf,
314fa45e-1978-4717-aef3-6783fcddc08a,01eea83a-57aa-40ce-83a6-ccb384fb20c1,2026-02-08 02:31:01.544,2026-02-08 02:31:01.544,10001,US7nt0+2+q,com.sec.android.app.shealth,d3d4fc0a-edf1-4521-9cd2-11e3f897e5e9,
5572378b-e982-4f38-84b4-97189cf7173b,a6dcd6bd-d925-4f91-9eef-d1093a955e9b,2026-02-08 19:32:07.886,2026-02-08 19:32:07.886,10000,US7nt0+2+q,com.sec.android.app.shealth,56ea7d66-41ab-450e-a9c8-4c623879dfeb,
099cf6ed-a1be-4187-aaf9-8e9148214023,fff82609-4a4a-407c-a81d-cb77cdd2a5c9,2026-02-09 06:05:25.847,2026-02-09 06:05:25.847,10001,US7nt0+2+q,com.sec.android.app.shealth,fce54978-c4ae-48a5-b5cf-23af713c239b,
b95a166a-53e6-43a7-b0c1-fada0c8cf476,cdb27c0a-95a7-49cc-9b93-816b51bd24cc,2026-02-09 07:13:49.053,2026-02-09 07:13:49.053,10002,US7nt0+2+q,com.sec.android.app.shealth,e496e841-422c-4a40-9c81-22aa5e64dee1,
fe1f1134-a87f-4271-b26e-02223f3d6ef2,182c879b-2e8c-4d69-9e84-65ae946f1d53,2026-02-09 18:32:41.851,2026-02-09 18:32:41.851,10000,US7nt0+2+q,com.sec.android.app.shealth,78f6b99a-910d-44b3-a453-1ccf470691b0,
410bd5a0-a511-489a-af6f-904bc8b885ba,53d91370-ca76-449b-ae38-3af064761232,2026-02-10 03:39:00.238,2026-02-10 03:39:00.238,10002,US7nt0+2+q,com.sec.android.app.shealth,13132bd8-bdfa-403e-843f-496992ae40c9,
64a71fac-305f-4519-928e-c21429c9e0ef,3161f135-dff0-4e19-a42a-3098b03064b7,2026-02-10 03:54:58.469,2026-02-10 03:54:58.469,10001,US7nt0+2+q,com.sec.android.app.shealth,c8149398-fc78-41ee-bf79-f13e91bb845f,
d049e199-601f-46e9-95d1-02c37b72be09,7904d343-63f1-4f6d-a602-1beaa45f2c33,2026-02-11 04:40:39.299,2026-02-11 04:40:39.299,10000,US7nt0+2+q,com.sec.android.app.shealth,99de288e-bbe8-4285-9536-1265394a85d0,
d3712480-dcf0-4d28-bcab-2eeaff1b545a,fa5916cf-8ba1-4b15-8fba-354b06b227fc,2026-02-11 04:52:22.261,2026-02-11 04:52:22.261,10001,US7nt0+2+q,com.sec.android.app.shealth,f958d83d-e9af-4364-b70c-da4c0c79de53,
b4ed445b-2e70-4403-9dce-c9504b8b625a,d884f6a0-5b2f-4a5a-ae90-7afbcba83447,2026-02-11 06:09:47.347,2026-02-11 06:09:47.347,10002,US7nt0+2+q,com.sec.android.app.shealth,5f706c96-1812-41fe-877b-56ea05abc4a8,
79ad68bf-2a16-4900-8318-7072821e2558,d4b91752-33a3-4e5d-bf0e-da2b66f97785,2026-02-12 03:01:25.196,2026-02-12 03:01:25.196,10002,US7nt0+2+q,com.sec.android.app.shealth,91bd4d86-1a9e-49c3-8fef-6ca635351553,
8c640260-9e2a-45d2-8d26-3637a5773e0e,8aca5720-bf19-405c-97b5-121a57612d6d,2026-02-12 03:07:48.333,2026-02-12 03:07:48.333,10000,US7nt0+2+q,com.sec.android.app.shealth,e4969b34-8d49-44d9-a03f-6ef5ac83833e,
1b622958-f096-4ec5-ad71-2a3db1e7f633,7aa507bd-7160-47a0-8e28-fa8378caf662,2026-02-12 03:46:31.012,2026-02-12 03:46:31.012,10001,US7nt0+2+q,com.sec.android.app.shealth,3806c23e-5392-4199-81ef-cf90c7bdd729,
8425e402-f12c-4666-9d67-60fcea90d533,0070d0db-3744-4535-acd9-4b40ed81c26e,2026-02-12 19:31:43.289,2026-02-12 19:31:43.289,10000,US7nt0+2+q,com.sec.android.app.shealth,e22fbc9b-065f-45a8-9b0b-b057ca623b9b,
ae6b6796-894e-4c1c-8eb8-782626e475c3,ef5640f1-0441-4d07-a376-c91120035e66,2026-02-13 01:47:31.785,2026-02-13 01:47:31.785,10002,US7nt0+2+q,com.sec.android.app.shealth,bca4f9a0-7ad6-4d21-b5b0-caf217364a68,
4daf24ee-bc0d-4f95-a7a9-722f6409c89f,59861deb-fe72-422f-86de-21d729881eee,2026-02-13 19:33:33.198,2026-02-13 19:33:33.198,10000,US7nt0+2+q,com.sec.android.app.shealth,ac34a9ba-c2bd-4700-b3db-2d44678fef26,
d7508879-aafc-4722-b4d0-8d66ed562a76,a971d794-0cee-4014-be87-58b6e290049b,2026-02-14 06:23:13.360,2026-02-14 06:23:13.360,10002,US7nt0+2+q,com.sec.android.app.shealth,2b52c7ec-ddc6-46a4-97bc-3071915f98f9,
60f843a3-42c9-4e26-9298-d8e61fc99ebd,6396687f-84fe-4f97-9b86-653fdd44d21c,2026-02-15 04:09:05.547,2026-02-15 04:09:05.547,10000,US7nt0+2+q,com.sec.android.app.shealth,117d43dd-1158-4b8f-903e-43595f478d82,
1d583688-0919-434d-b9a3-72adfa0fb03f,a3b14338-1aef-4537-909e-93774edc626f,2026-02-15 04:13:23.053,2026-02-15 04:13:23.053,10002,US7nt0+2+q,com.sec.android.app.shealth,c3946445-3ed2-4e1e-ad11-dd97573fe27a,
a8947ace-c564-444f-b6c3-dafe429531f3,a499b6fa-68d2-44c4-9f40-388bc7880faf,2026-02-15 23:44:28.488,2026-02-15 23:44:28.488,10000,US7nt0+2+q,com.sec.android.app.shealth,6b3ecfa7-4174-440f-8fbe-9b61955176a1,
4fed705a-a4d6-4acc-80ef-d3c89acfe5db,e5ff384a-9b83-47cc-894c-ae82fc1554db,2026-02-16 03:43:44.321,2026-02-16 03:43:44.321,10002,US7nt0+2+q,com.sec.android.app.shealth,1fee9bbb-18ea-4cde-b2b5-9967280dab10,
290bd0a6-4d10-40c9-a0be-58e6b9f94d22,05e3a082-aac0-4445-b4dc-ac7c8037aaf7,2026-02-16 04:34:15.737,2026-02-16 04:34:15.737,10008,US7nt0+2+q,com.sec.android.app.shealth,de2faf2e-4be4-4636-9902-9d57d9ba26af,
c4bd5d0e-1c8b-49a6-8d6f-b001662f3e01,4d6e5a6f-0938-4a6a-be6b-30df62be1fe0,2026-02-16 18:35:14.361,2026-02-16 18:35:14.361,10000,US7nt0+2+q,com.sec.android.app.shealth,3a212407-c826-4347-b4af-ac08db27c621,
59481c9a-e27c-4c49-a436-580b94b795db,a13fd084-80b7-46f9-8d7a-23ec9e983e8e,2026-02-17 04:36:58.858,2026-02-17 04:36:58.858,10001,US7nt0+2+q,com.sec.android.app.shealth,53883a2a-3a7e-43dd-a96f-6a4208ab4ee8,
49746211-3e90-455e-b637-5fc17f13a67e,3614caab-2980-4867-b9ac-4347620308fe,2026-02-18 05:21:30.007,2026-02-18 05:21:30.007,10000,US7nt0+2+q,com.sec.android.app.shealth,a294a3a9-bb3e-48b7-a54a-1161c553aaae,
a10f8683-789d-477b-81a7-9d08e068a29e,4480250b-7b29-4a4f-9013-e874723ed8a2,2026-02-18 05:35:08.005,2026-02-18 05:35:08.005,10001,US7nt0+2+q,com.sec.android.app.shealth,4c83f25a-40ca-4ad0-86a0-4a8f9649ae4b,
857fa938-6fb4-4a00-9fc1-02f96c843aef,ea1bcf8e-e752-4eeb-ad68-fffd1dbab734,2026-02-18 05:37:12.030,2026-02-18 05:37:12.030,10002,US7nt0+2+q,com.sec.android.app.shealth,2e038181-5f3d-4ea0-a7ef-edb2557989c2,
85c71f9d-9eef-458f-92d4-b9d44d5fed26,3aaa974f-c14b-41a4-bba0-0869b58c6984,2026-02-18 12:33:33.697,2026-02-18 12:33:33.697,10001,US7nt0+2+q,com.sec.android.app.shealth,412eaedc-8e00-48b6-8387-705c2ae17923,
2feac96b-30fc-4414-b59a-fb396293056f,53acdc75-f89e-4a15-bd59-6980d1cb6a52,2026-02-19 02:25:03.581,2026-02-19 02:25:03.581,10000,US7nt0+2+q,com.sec.android.app.shealth,a1d08a77-4021-4d10-9057-ee037b390b4a,
e2a96b90-2079-47fd-ba02-a7e484ddbff7,5c085495-4f6a-434a-b449-9a33ee09ae2d,2026-02-19 03:59:56.375,2026-02-19 03:59:56.375,10001,US7nt0+2+q,com.sec.android.app.shealth,6ebc3f2a-5479-4731-9010-ae150f0c034e,
bc439ba0-089b-4c0a-90c4-de0c8853b297,fbd5a237-a937-4b76-bf8e-9582dbddf658,2026-02-19 04:33:08.817,2026-02-19 04:33:08.817,10002,US7nt0+2+q,com.sec.android.app.shealth,c174d5b8-5418-4b77-be2a-933e8febf251,
764c825f-6f56-4997-804d-8927e2077a3f,5413015e-442a-4479-8ff0-19d1dd1eaa22,2026-02-19 14:43:11.151,2026-02-19 14:43:11.151,10001,US7nt0+2+q,com.sec.android.app.shealth,683b7e15-2931-44d0-8071-70329c5a0411,
d29169f7-809c-424f-87f5-2883f2591c93,793f748e-c694-4347-958d-bf353a3e180d,2026-02-19 15:04:23.356,2026-02-19 15:04:23.356,10001,US7nt0+2+q,com.sec.android.app.shealth,42dee8ed-ae17-44e2-9934-b40dd32469d9,
27e6ba10-0d2a-46fb-9527-94d945f367ac,a13420fb-420f-4512-950c-7a51414219d0,2026-02-19 17:23:38.802,2026-02-19 17:23:38.802,10001,US7nt0+2+q,com.sec.android.app.shealth,c07ce20e-b844-450e-9097-bc05bed80c73,
5f3715d1-3cec-4d2b-923c-e4dacec59842,94b48aa6-6048-447f-b688-45351abb899d,2026-02-20 03:40:44.831,2026-02-20 03:40:44.831,10000,US7nt0+2+q,com.sec.android.app.shealth,ce4ad4fb-dd40-4ac4-a005-78425c2b0227,
7cdf1244-dcc0-45c9-9ac7-6be91a6e9622,dfea9e94-f4be-45b5-8b3f-c310b1794584,2026-02-20 04:12:01.837,2026-02-20 04:12:01.837,10001,US7nt0+2+q,com.sec.android.app.shealth,b85c62ed-a596-4fec-8f32-cc8e1b7c3e61,
81560aa7-a7de-40f1-a511-c65029b764c3,eacee1ca-e26e-4c6e-a8ca-b83abfbb0a76,2026-02-21 06:27:16.474,2026-02-21 06:27:16.474,10000,US7nt0+2+q,com.sec.android.app.shealth,2d840c59-4864-465d-94bd-e089ed921ef2,
eb538e7c-df77-4894-af96-ab0aa245fb80,55950c37-da2c-4ec5-acec-8d89fc09a8c9,2026-02-21 15:56:57.102,2026-02-21 15:56:57.102,10001,US7nt0+2+q,com.sec.android.app.shealth,16317cf7-4d41-4c18-a7f5-2041ae76f55d,
2e1977e2-099f-4bd1-a2a1-94aa5729e49b,9da196eb-7d87-4192-9d14-4371bff1c496,2026-02-22 02:16:52.980,2026-02-22 02:16:52.980,10002,US7nt0+2+q,com.sec.android.app.shealth,ce6fc47c-cffc-48d8-abd7-0eda68ebdfb6,
13b2f569-7922-41a0-b4c2-b0d8e8aa736c,57878eef-c6ba-4c1a-b894-43223494269f,2026-02-22 04:01:35.135,2026-02-22 04:01:35.135,10000,US7nt0+2+q,com.sec.android.app.shealth,3c7163db-5096-436b-aa09-ad0997379e83,
97775f72-32b1-4065-8dc4-5d23d881eb6f,3e938b05-26fa-4189-8f06-864c4016cd49,2026-02-23 01:16:56.545,2026-02-23 01:16:56.545,10000,US7nt0+2+q,com.sec.android.app.shealth,44125c4e-229f-41be-817b-0a8bede8c092,
861ac01b-20a5-498a-9ad4-f7c8f77e1388,c9e8c6a3-b2e4-45a3-a814-490592166fdb,2026-02-23 14:37:24.866,2026-02-23 14:37:24.866,10001,US7nt0+2+q,com.sec.android.app.shealth,8ff0964c-08a5-4fd3-a004-1918cea0290f,
210da7a3-e2d7-4cd4-ad92-cf38d9bf1a1a,157b37ee-7370-4a5d-aa68-c98695c3d2da,2026-02-23 14:48:26.571,2026-02-23 14:48:26.571,10001,US7nt0+2+q,com.sec.android.app.shealth,c49a5e39-6395-4c02-86d3-37faf552bb66,
b452a522-88f8-4fe7-ac4d-c338df7da5a7,40c53913-43d5-46ad-8250-11df7d8e6db3,2026-02-23 16:04:31.891,2026-02-23 16:04:31.891,10002,US7nt0+2+q,com.sec.android.app.shealth,ea300b2f-003e-4b6b-a6c6-fc30efeb9ef6,
512a6f82-4117-40df-82ac-f452fb70a4f0,10dee372-1d12-4731-8428-294967a80e68,2026-02-23 16:04:31.909,2026-02-23 16:04:31.909,10002,US7nt0+2+q,com.sec.android.app.shealth,3859179a-f6e4-4dd1-af12-c357dffaab99,
c7b2f513-1763-4c07-9ef5-7a1a39ddd640,0c21aa55-2d99-4693-a76d-4ca23285d2c2,2026-02-23 16:04:31.917,2026-02-23 16:04:31.917,10002,US7nt0+2+q,com.sec.android.app.shealth,b2189287-e3b1-4e05-a47d-b0de80c62163,
8e841b5a-88ee-4963-98b9-01b19e28730d,ad525833-ad4b-42d1-8f46-c925aaca4b15,2026-02-24 01:04:26.910,2026-02-24 01:04:26.910,10002,US7nt0+2+q,com.sec.android.app.shealth,49abc4f9-a5cd-4cab-9248-de61ecfa5ba9,
7e7ce803-7376-4b2a-a223-5308ac44bd73,6a81acaa-0b44-495f-813f-76a679305830,2026-02-24 03:57:22.379,2026-02-24 03:57:22.379,10000,US7nt0+2+q,com.sec.android.app.shealth,798587dc-f0de-4ba6-87f1-5f88dedcb9e8,
d9f97c5c-dbc2-41dd-a24c-1943429d8036,03a8bd2c-477a-43ae-a1b6-64e1c28f1371,2026-02-25 02:29:53.371,2026-02-25 02:29:53.371,10002,US7nt0+2+q,com.sec.android.app.shealth,919b7622-425d-46da-9028-3376687e3b74,
ee33ef7a-cc31-477a-b653-1dd7c00ac35e,caaf7ae8-b9d3-4f3c-bdec-f3a43f4bba5f,2026-02-25 03:26:47.823,2026-02-25 03:26:47.823,10000,US7nt0+2+q,com.sec.android.app.shealth,96ec80fc-5eef-4b35-935e-513d538aaac5,
78a309f1-ada3-492b-a998-5919df98e40f,5741dd9c-a3c8-4e12-8b6b-67057334619a,2026-02-25 09:27:38.538,2026-02-25 09:27:38.538,10001,US7nt0+2+q,com.sec.android.app.shealth,e21e5991-18e5-4c24-a697-c26246a6dbe8,
38645b6d-f288-4dbc-8f50-784b55919a67,76ce7818-15bd-4901-85cc-3760b2393c66,2026-02-26 01:30:02.373,2026-02-26 01:30:02.373,10000,US7nt0+2+q,com.sec.android.app.shealth,6cc0e19f-403a-4ff1-994e-0d56080970ed,
2e562085-3fe2-4a14-b417-7a42eefab139,f076d930-7e23-44a5-96c0-9179598145f6,2026-02-26 02:20:51.737,2026-02-26 02:20:51.737,10002,US7nt0+2+q,com.sec.android.app.shealth,bc001960-4b64-4b3c-937a-2a5733eb0d8e,
4b08cf53-cb90-47c7-bafd-abef2a7c53f6,c1019ec3-7c78-4ee9-8b1d-23adfd7d4565,2026-02-26 04:07:03.215,2026-02-26 04:07:03.215,10001,US7nt0+2+q,com.sec.android.app.shealth,0f79a4b7-1f4f-464f-90d9-ce9464d00a4d,
04218f9b-85bb-4008-a566-6695068411fb,c806098f-0730-4563-8b83-bd864077941f,2026-02-27 01:00:26.973,2026-02-27 01:00:26.973,10000,US7nt0+2+q,com.sec.android.app.shealth,cda3bb7a-6281-4f91-b1d9-c3929cbd75e8,
1c83276e-19f4-40af-aa5b-abe2a58a4824,242d509d-1213-4409-a911-a05c694ada21,2026-02-27 03:42:53.460,2026-02-27 03:42:53.460,10001,US7nt0+2+q,com.sec.android.app.shealth,bceb141e-b0b1-4136-81c5-040e57bfc775,
14c173db-3b0c-4940-b2b3-43bb29dd0843,75b015f9-0c6a-4d4f-80c9-4696e6b095de,2026-02-27 17:04:00.001,2026-02-27 17:04:00.001,10002,US7nt0+2+q,com.sec.android.app.shealth,26932388-8028-4dd9-9c6e-974ab5b791ac,
d2dc2365-e371-449e-8324-fd0161aff69a,0391707c-71f6-457c-a9c2-05fb218d734e,2026-02-28 02:45:45.198,2026-02-28 02:45:45.198,10000,US7nt0+2+q,com.sec.android.app.shealth,06ac95d2-c760-4efe-a848-12c792d94bd0,
a9e8ac5e-5f9a-48ca-ac8b-ffeffeff0e0a,03f27da5-0c0b-44f6-ae4f-22f9be97713b,2026-02-28 13:17:49.570,2026-02-28 13:17:49.570,10002,US7nt0+2+q,com.sec.android.app.shealth,4d610c2d-2a8b-435a-a78c-f811cfad1448,
1e0d3fad-cab6-47fa-a31c-56b81aa72b87,5dc3886a-e255-40a2-981d-2f0c9757460a,2026-03-01 03:00:24.663,2026-03-01 03:00:24.663,10000,US7nt0+2+q,com.sec.android.app.shealth,8cb9e2a6-f234-4312-9623-f09e657d6733,
cf21d5e2-88e2-48a9-a6c1-25ca95e8c1b5,c7364921-e77c-4406-8cb6-b19dcc32300d,2026-03-01 09:20:44.189,2026-03-01 09:20:44.189,10002,US7nt0+2+q,com.sec.android.app.shealth,d5df2fda-8d67-4597-b039-ac27c57aa3e9,
880035b1-e1b7-4aea-9575-c85efda6127d,84dd6423-f0b8-4613-ad31-3b57e6806672,2026-03-01 13:55:01.773,2026-03-01 13:55:01.773,10001,US7nt0+2+q,com.sec.android.app.shealth,f176fc3f-731b-47de-9e5c-014938fefc6f,
96145b9c-7590-46d4-ba62-bae9a547c233,9d23f31c-21d4-4b66-8b72-0111aad1a195,2026-03-01 16:25:30.249,2026-03-01 16:25:30.249,10001,US7nt0+2+q,com.sec.android.app.shealth,eb493707-e023-4044-bf4c-186a88d58480,
bae3ed34-d0e4-44a3-b1c4-967a65ef11c3,84a48f9f-4618-48d0-9a8b-10cdaaf47c84,2026-03-02 02:01:27.711,2026-03-02 02:01:27.711,10000,US7nt0+2+q,com.sec.android.app.shealth,4fedbb24-04b1-42e0-a78b-c8f4cc425367,
b563bdbd-0ee6-4930-869d-34b32710a31f,93c1035c-5a00-403f-ac65-8abd16a32f36,2026-03-02 05:51:44.420,2026-03-02 05:51:44.420,10001,US7nt0+2+q,com.sec.android.app.shealth,fda704c3-fe18-4482-bee7-4c3703862211,
575318b2-79cf-48cb-829e-e8015c058d92,64b13673-1eee-485a-b3f7-dd5c60f84b8b,2026-03-02 09:34:40.322,2026-03-02 09:34:40.322,10002,US7nt0+2+q,com.sec.android.app.shealth,585ec61d-84ce-4ffa-846c-b6ce3bcb5874,
20a9c71c-6c56-43d0-93c5-a2067cc7414c,a62dedae-4f33-4d74-aa89-ceb1ffe97d04,2026-03-03 03:45:36.698,2026-03-03 03:45:36.698,10000,US7nt0+2+q,com.sec.android.app.shealth,32deb58f-b722-4f6f-97b8-986ecb6de0d8,
3a1676cf-667d-442b-81a8-ccee04b2b9ee,44c92930-fd9e-4392-b05c-33e629c11e56,2026-03-03 04:57:31.327,2026-03-03 04:57:31.327,10001,US7nt0+2+q,com.sec.android.app.shealth,dcb441f6-fbd7-4be5-b8c2-58679bf3f694,
0fedeb36-d0cb-48f8-9f0e-10025e97e68d,b6aa89da-44be-4534-a0c9-8f12764d4451,2026-03-03 07:50:30.824,2026-03-03 07:50:30.824,10002,US7nt0+2+q,com.sec.android.app.shealth,f9785c4f-7151-4f19-9dd5-d285968d5c80,
7077d363-729c-421a-8b31-8b79375292f4,a3cb559d-6fa8-48d5-9627-3dcd38c585a6,2026-03-04 02:06:59.505,2026-03-04 02:06:59.505,10000,US7nt0+2+q,com.sec.android.app.shealth,3d19a907-6dea-4d6f-8df1-690b45ede7ec,
7be07744-813f-46c9-ac30-e04eaa2de6e0,2e2f7a33-6506-493d-a54d-018b5e5d961d,2026-03-04 15:20:58.747,2026-03-04 15:20:58.747,10001,US7nt0+2+q,com.sec.android.app.shealth,80c8cd62-0699-4727-8d9d-d074280bc975,
9ac4586d-d36d-482d-a178-ebed44670c47,6cd131bc-1108-4ae2-b109-b91cfe295c92,2026-03-04 23:39:43.332,2026-03-04 23:39:43.332,10000,US7nt0+2+q,com.sec.android.app.shealth,de14ce67-8e73-4577-aa90-bac83e1c38d8,
179a213a-7442-4265-b359-85d62143fbc1,73a136d8-495a-4593-8e4a-ca6bc89a440c,2026-03-05 01:24:37.591,2026-03-05 01:24:37.591,10002,US7nt0+2+q,com.sec.android.app.shealth,7096e72e-35ca-4ea3-8dc7-ae9462179c07,
5b951ed6-61c3-4154-9752-94924f721674,2c7fe40d-9e5b-423f-8b69-ef21d677979c,2026-03-05 01:24:37.615,2026-03-05 01:24:37.615,10002,US7nt0+2+q,com.sec.android.app.shealth,83eac916-f37b-4a9b-aa6e-6681475a50b8,
90868477-1c99-4429-9547-2486bae1086a,f254da53-99c4-4813-978d-79ffc560c0d8,2026-03-05 01:25:11.707,2026-03-05 01:25:11.707,10008,US7nt0+2+q,homeworkout.homeworkouts.noequipment,589358f3-ec03-4a51-a479-1c60cdcef00b,
2b06ca04-d03d-4230-8153-665001fd8eb7,f04ccbc6-080a-44f5-a115-f7462dc3d6d3,2026-03-05 01:58:07.868,2026-03-05 01:58:07.868,10001,US7nt0+2+q,com.sec.android.app.shealth,784a962c-cdf9-4e8c-a828-7fc452e05240,
deb66632-dcc2-40a1-a9ee-38b667b7586f,2f84d1f9-5153-4ceb-a6aa-04c3b5006cbd,2026-03-06 03:29:51.379,2026-03-06 03:29:51.379,10000,US7nt0+2+q,com.sec.android.app.shealth,a180540e-0e51-4ce1-82f8-8c1e6b3be872,
3413631c-4fd6-43b8-af93-dd962a8378d7,3181fea2-3e47-482d-9f11-89d4ba71a0f7,2026-03-06 04:02:38.955,2026-03-06 04:02:38.955,10001,US7nt0+2+q,com.sec.android.app.shealth,422471a7-f516-4f22-93bf-ae610cc6e8a1,
74061aa3-4301-46b8-b883-911c1ac1ec9a,d8aabf51-0e1f-472c-8bcd-228e47aa74ed,2026-03-06 09:28:06.375,2026-03-06 09:28:06.375,10002,US7nt0+2+q,com.sec.android.app.shealth,a7057819-eb79-497a-ab7b-11bf74849c48,
ca0b72cb-b84b-4441-923b-031e20699cf4,296c3f06-4f19-4f68-8ce7-188f12ddfabd,2026-03-06 23:52:52.223,2026-03-06 23:52:52.223,10000,US7nt0+2+q,com.sec.android.app.shealth,ccd70e34-ad52-4d29-91af-e953c6d6f9e2,
aa58bf75-4164-4b41-9f59-ee90c6996a8d,523437ca-0559-4436-8ae1-75bbf976568b,2026-03-07 01:15:33.186,2026-03-07 01:15:33.186,10002,US7nt0+2+q,com.sec.android.app.shealth,2ab64b99-59f3-419a-8141-11a2e38d6ff1,
