com.samsung.shealth.activity.day_summary,6311013,6
movement_type,create_sh_ver,energy_type,exercise_time,step_count,exercise_calorie_target,active_time,target,others_time,modify_sh_ver,update_time,floors_target,create_time,floor_count,dynamic_active_time_target,exercise_time_target,goal,longest_active_time,score,move_hourly_count,duration_type,move_hourly_target,distance,dynamic_active_time,calorie,extra_data,deviceuuid,run_time,pkg_name,walk_time,longest_idle_time,datauuid,day_time
0,62670070,0,0,4697,300,3046324,90,0,62670070,2024-06-21 18:08:16.449,10,2024-06-21 08:13:10.815,0.0,30,30,-1,300000,55,10,0,8,3579.9993,0,148.71004,2b587d98-c698-4331-91c0-d934108e0ff4.extra_data.json,US7nt0+2+q,18261,com.sec.android.app.shealth,3028063,53520000,2b587d98-c698-4331-91c0-d934108e0ff4,2024-06-21 00:00:00.000,
0,62670070,0,0,0,300,0,90,0,62670070,2024-06-21 08:13:13.115,10,2024-06-21 08:13:13.115,0.0,30,30,-1,0,0,0,0,8,0.0,0,0.0,1ca8cfcd-20c7-44ef-9de9-a8afb5df86a3.extra_data.json,US7nt0+2+q,0,com.sec.android.app.shealth,0,-1,1ca8cfcd-20c7-44ef-9de9-a8afb5df86a3,2024-06-20 00:00:00.000,
0,62670070,0,0,0,300,0,90,0,62670070,2024-06-21 08:13:13.589,10,2024-06-21 08:13:13.589,0.0,30,30,-1,0,0,0,0,8,0.0,0,0.0,172c54ec-4573-4318-8dac-675750bbe754.extra_data.json,US7nt0+2+q,0,com.sec.android.app.shealth,0,-1,172c54ec-4573-4318-8dac-675750bbe754,2024-06-19 00:00:00.000,
0,62670070,0,0,0,300,0,90,0,62670070,2024-06-21 08:13:13.682,10,2024-06-21 08:13:13.682,0.0,30,30,-1,0,0,0,0,8,0.0,0,0.0,d85ce024-82b7-42ab-bb6e-7197cd3b0609.extra_data.json,US7nt0+2+q,0,com.sec.android.app.shealth,0,-1,d85ce024-82b7-42ab-bb6e-7197cd3b0609,2024-06-18 00:00:00.000,
0,62670070,0,0,0,300,0,90,0,62670070,2024-06-21 08:13:13.827,10,2024-06-21 08:13:13.827,0.0,30,30,-1,0,0,0,0,8,0.0,0,0.0,0778ed27-8f10-403c-94e6-c773ff62744e.extra_data.json,US7nt0+2+q,0,com.sec.android.app.shealth,0,-1,0778ed27-8f10-403c-94e6-c773ff62744e,2024-06-17 00:00:00.000,
0,62670070,0,0,0,300,0,90,0,62670070,2024-06-21 08:13:13.935,10,2024-06-21 08:13:13.935,0.0,30,30,-1,0,0,0,0,8,0.0,0,0.0,6e642976-acac-49a9-bb4a-e49af2ea2c71.extra_data.json,US7nt0+2+q,0,com.sec.android.app.shealth,0,-1,6e642976-acac-49a9-bb4a-e49af2ea2c71,2024-06-16 00:00:00.000,
0,62670070,0,0,0,300,0,90,0,62670070,2024-06-21 08:13:14.037,10,2024-06-21 08:13:14.037,0.0,30,30,-1,0,0,0,0,8,0.0,0,0.0,9dbd4eca-a911-43ad-8048-ae2e06b35415.extra_data.json,US7nt0+2+q,0,com.sec.android.app.shealth,0,-1,9dbd4eca-a911-43ad-8048-ae2e06b35415,2024-06-15 00:00:00.000,
0,62670070,0,0,0,300,0,90,0,62670070,2024-06-21 08:13:14.152,10,2024-06-21 08:13:14.152,0.0,30,30,-1,0,0,0,0,8,0.0,0,0.0,ee76dbd3-cfab-490a-9dc6-a7a74ac185cb.extra_data.json,US7nt0+2+q,0,com.sec.android.app.shealth,0,-1,ee76dbd3-cfab-490a-9dc6-a7a74ac185cb,2024-06-14 00:00:00.000,
0,62670070,0,0,0,300,0,90,0,62670070,2024-06-21 08:13:14.248,10,2024-06-21 08:13:14.248,0.0,30,30,-1,0,0,0,0,8,0.0,0,0.0,78897d6c-77b9-43fb-9ff5-fe30de9203cd.extra_data.json,US7nt0+2+q,0,com.sec.android.app.shealth,0,-1,78897d6c-77b9-43fb-9ff5-fe30de9203cd,2024-06-13 00:00:00.000,
0,62670070,0,0,0,300,0,90,0,62670070,2024-06-21 08:13:14.362,10,2024-06-21 08:13:14.362,0.0,30,30,-1,0,0,0,0,8,0.0,0,0.0,f0f62f9f-f855-4b1e-b396-5b50f0505d2a.extra_data.json,US7nt0+2+q,0,com.sec.android.app.shealth,0,-1,f0f62f9f-f855-4b1e-b396-5b50f0505d2a,2024-06-12 00:00:00.000,
0,62670070,0,0,0,300,0,90,0,62670070,2024-06-21 08:13:14.455,10,2024-06-21 08:13:14.455,0.0,30,30,-1,0,0,0,0,8,0.0,0,0.0,82a057f5-1434-4143-b628-e7e75ee91e5d.extra_data.json,US7nt0+2+q,0,com.sec.android.app.shealth,0,-1,82a057f5-1434-4143-b628-e7e75ee91e5d,2024-06-11 00:00:00.000,
0,62670070,0,0,0,300,0,90,0,62670070,2024-06-21 08:13:14.553,10,2024-06-21 08:13:14.553,0.0,30,30,-1,0,0,0,0,8,0.0,0,0.0,d02951ac-26df-4e2e-b1e3-6a14717ff732.extra_data.json,US7nt0+2+q,0,com.sec.android.app.shealth,0,-1,d02951ac-26df-4e2e-b1e3-6a14717ff732,2024-06-10 00:00:00.000,
0,62670070,0,0,0,300,0,90,0,62670070,2024-06-21 08:13:14.660,10,2024-06-21 08:13:14.660,0.0,30,30,-1,0,0,0,0,8,0.0,0,0.0,2efa0726-74b4-47ec-85ba-0f04dbb5a9ce.extra_data.json,US7nt0+2+q,0,com.sec.android.app.shealth,0,-1,2efa0726-74b4-47ec-85ba-0f04dbb5a9ce,2024-06-09 00:00:00.000,
0,62670070,0,0,0,300,0,90,0,62670070,2024-06-21 08:13:14.761,10,2024-06-21 08:13:14.761,0.0,30,30,-1,0,0,0,0,8,0.0,0,0.0,b7ee44ae-919e-43eb-b156-7c3f37902e12.extra_data.json,US7nt0+2+q,0,com.sec.android.app.shealth,0,-1,b7ee44ae-919e-43eb-b156-7c3f37902e12,2024-06-08 00:00:00.000,
0,62670070,0,0,0,300,0,90,0,62670070,2024-06-21 08:13:14.816,10,2024-06-21 08:13:14.816,0.0,30,30,-1,0,0,0,0,8,0.0,0,0.0,558833c7-bc37-4933-9105-9f0527a58d6e.extra_data.json,US7nt0+2+q,0,com.sec.android.app.shealth,0,-1,558833c7-bc37-4933-9105-9f0527a58d6e,2024-06-07 00:00:00.000,
0,62670070,0,0,0,300,0,90,0,62670070,2024-06-21 08:13:14.869,10,2024-06-21 08:13:14.869,0.0,30,30,-1,0,0,0,0,8,0.0,0,0.0,68c14a3c-ecbb-4962-a2fc-a82979048fad.extra_data.json,US7nt0+2+q,0,com.sec.android.app.shealth,0,-1,68c14a3c-ecbb-4962-a2fc-a82979048fad,2024-06-06 00:00:00.000,
0,62670070,0,0,0,300,0,90,0,62670070,2024-06-21 08:13:14.962,10,2024-06-21 08:13:14.962,0.0,30,30,-1,0,0,0,0,8,0.0,0,0.0,0d985f85-c0c9-4440-bd72-85f85e07786e.extra_data.json,US7nt0+2+q,0,com.sec.android.app.shealth,0,-1,0d985f85-c0c9-4440-bd72-85f85e07786e,2024-06-05 00:00:00.000,
0,62670070,0,0,0,300,0,90,0,62670070,2024-06-21 08:13:15.056,10,2024-06-21 08:13:15.056,0.0,30,30,-1,0,0,0,0,8,0.0,0,0.0,4a8f2bec-ca38-4495-aaf8-f06eb5e36f76.extra_data.json,US7nt0+2+q,0,com.sec.android.app.shealth,0,-1,4a8f2bec-ca38-4495-aaf8-f06eb5e36f76,2024-06-04 00:00:00.000,
0,62670070,0,0,0,300,0,90,0,62670070,2024-06-21 08:13:15.125,10,2024-06-21 08:13:15.125,0.0,30,30,-1,0,0,0,0,8,0.0,0,0.0,901099e5-3bbc-4a94-b453-27fa35dd36a1.extra_data.json,US7nt0+2+q,0,com.sec.android.app.shealth,0,-1,901099e5-3bbc-4a94-b453-27fa35dd36a1,2024-06-03 00:00:00.000,
0,62670070,0,0,0,300,0,90,0,62670070,2024-06-21 08:13:15.177,10,2024-06-21 08:13:15.177,0.0,30,30,-1,0,0,0,0,8,0.0,0,0.0,9d580890-9401-4969-b5be-ad145ad45e07.extra_data.json,US7nt0+2+q,0,com.sec.android.app.shealth,0,-1,9d580890-9401-4969-b5be-ad145ad45e07,2024-06-02 00:00:00.000,
0,62670070,0,0,0,300,0,90,0,62670070,2024-06-21 08:13:15.220,10,2024-06-21 08:13:15.220,0.0,30,30,-1,0,0,0,0,8,0.0,0,0.0,fb15cfee-5f34-4f00-9936-568aec332ae7.extra_data.json,US7nt0+2+q,0,com.sec.android.app.shealth,0,-1,fb15cfee-5f34-4f00-9936-568aec332ae7,2024-06-01 00:00:00.000,
0,62670070,0,0,0,300,0,90,0,62670070,2024-06-21 08:13:15.287,10,2024-06-21 08:13:15.287,0.0,30,30,-1,0,0,0,0,8,0.0,0,0.0,43363768-2f1e-4cd4-af55-6550eaaab83d.extra_data.json,US7nt0+2+q,0,com.sec.android.app.shealth,0,-1,43363768-2f1e-4cd4-af55-6550eaaab83d,2024-05-31 00:00:00.000,
0,62670070,0,0,0,300,0,90,0,62670070,2024-06-21 08:13:15.359,10,2024-06-21 08:13:15.359,0.0,30,30,-1,0,0,0,0,8,0.0,0,0.0,9f9580ae-0aa3-4b31-b5ba-2a81a928b8db.extra_data.json,US7nt0+2+q,0,com.sec.android.app.shealth,0,-1,9f9580ae-0aa3-4b31-b5ba-2a81a928b8db,2024-05-30 00:00:00.000,
0,62670070,0,0,0,300,0,90,0,62670070,2024-06-21 08:13:15.429,10,2024-06-21 08:13:15.429,0.0,30,30,-1,0,0,0,0,8,0.0,0,0.0,db9434e5-37d3-4d69-9d81-bee7bc181e94.extra_data.json,US7nt0+2+q,0,com.sec.android.app.shealth,0,-1,db9434e5-37d3-4d69-9d81-bee7bc181e94,2024-05-29 00:00:00.000,
0,62670070,0,0,0,300,0,90,0,62670070,2024-06-21 08:13:15.481,10,2024-06-21 08:13:15.481,0.0,30,30,-1,0,0,0,0,8,0.0,0,0.0,885cc283-20e2-4211-a072-a53bb1ad39e5.extra_data.json,US7nt0+2+q,0,com.sec.android.app.shealth,0,-1,885cc283-20e2-4211-a072-a53bb1ad39e5,2024-05-28 00:00:00.000,
0,62670070,0,0,0,300,0,90,0,62670070,2024-06-21 08:13:15.521,10,2024-06-21 08:13:15.521,0.0,30,30,-1,0,0,0,0,8,0.0,0,0.0,f858f098-9784-4b08-8b60-f3cabb796dc3.extra_data.json,US7nt0+2+q,0,com.sec.android.app.shealth,0,-1,f858f098-9784-4b08-8b60-f3cabb796dc3,2024-05-27 00:00:00.000,
0,62670070,0,0,0,300,0,90,0,62670070,2024-06-21 08:13:15.570,10,2024-06-21 08:13:15.570,0.0,30,30,-1,0,0,0,0,8,0.0,0,0.0,f537e8ee-a853-4420-af60-34dfdd800383.extra_data.json,US7nt0+2+q,0,com.sec.android.app.shealth,0,-1,f537e8ee-a853-4420-af60-34dfdd800383,2024-05-26 00:00:00.000,
0,62670070,0,0,0,300,0,90,0,62670070,2024-06-21 08:13:15.610,10,2024-06-21 08:13:15.610,0.0,30,30,-1,0,0,0,0,8,0.0,0,0.0,1ad92ce8-ab6f-4eaa-bf0e-e648294a4804.extra_data.json,US7nt0+2+q,0,com.sec.android.app.shealth,0,-1,1ad92ce8-ab6f-4eaa-bf0e-e648294a4804,2024-05-25 00:00:00.000,
0,62670070,0,0,3037,300,2020948,90,0,62670070,2024-06-22 17:13:45.184,10,2024-06-21 18:30:00.807,0.0,30,30,-1,60000,36,13,0,8,2269.79,0,95.15,7a547e57-3a5d-45f3-b132-0900b1495338.extra_data.json,US7nt0+2+q,4000,com.sec.android.app.shealth,2016948,26640000,7a547e57-3a5d-45f3-b132-0900b1495338,2024-06-22 00:00:00.000,
0,62670070,0,2639000,9709,300,6186429,90,0,62670070,2024-06-23 17:31:47.676,10,2024-06-22 18:30:01.265,0.0,30,30,-1,2640000,113,11,0,8,7392.783,0,313.0159,e2c2cdee-3ff3-4f63-8cdc-40aee414688c.extra_data.json,US7nt0+2+q,7200,com.sec.android.app.shealth,6179229,26700000,e2c2cdee-3ff3-4f63-8cdc-40aee414688c,2024-06-23 00:00:00.000,
0,62670070,0,3098488,12877,300,7972306,90,0,62670070,2024-06-25 01:01:12.392,10,2024-06-23 18:30:00.812,0.0,30,30,-1,2160000,146,14,0,8,9830.718,0,414.76157,2ae02611-60ec-447c-9f75-a254544b39a0.extra_data.json,US7nt0+2+q,800,com.sec.android.app.shealth,7971506,22440000,2ae02611-60ec-447c-9f75-a254544b39a0,2024-06-24 00:00:00.000,
0,62670070,0,2920459,12053,300,7347570,90,0,62670070,2024-06-25 16:51:56.798,10,2024-06-24 18:30:00.590,0.0,30,30,-1,1608459,134,9,0,8,9513.405,0,420.28403,a789eb7d-a6fd-4279-a6d4-dc9ab56061ff.extra_data.json,US7nt0+2+q,36400,com.sec.android.app.shealth,7311170,25380000,a789eb7d-a6fd-4279-a6d4-dc9ab56061ff,2024-06-25 00:00:00.000,
0,62670070,0,2872651,11483,300,6723223,90,0,62670070,2024-06-26 17:55:35.428,10,2024-06-25 18:30:01.050,0.0,30,30,-1,2160000,123,16,0,8,9581.162,0,454.71677,d41fdcd5-b11d-4885-8ecc-3564f8be1198.extra_data.json,US7nt0+2+q,725851,com.sec.android.app.shealth,5997372,21840000,d41fdcd5-b11d-4885-8ecc-3564f8be1198,2024-06-26 00:00:00.000,
0,62670070,0,2683000,12185,300,7264392,90,0,62670070,2024-06-27 16:12:33.549,10,2024-06-26 18:30:01.043,0.0,30,30,-1,1904000,133,14,0,8,10142.397,0,474.9241,18b8149b-0236-4258-b78b-9e3d1922547f.extra_data.json,US7nt0+2+q,803800,com.sec.android.app.shealth,6460592,20640000,18b8149b-0236-4258-b78b-9e3d1922547f,2024-06-27 00:00:00.000,
0,62670070,0,3839597,11971,300,7519796,90,0,62670070,2024-06-28 16:34:16.339,10,2024-06-27 18:30:01.048,0.0,30,30,-1,2639972,137,15,0,8,9135.115,0,376.36008,6f892bc7-8445-4a32-966a-f48bedfd4b33.extra_data.json,US7nt0+2+q,50511,com.sec.android.app.shealth,7469285,22620000,6f892bc7-8445-4a32-966a-f48bedfd4b33,2024-06-28 00:00:00.000,
0,62670070,0,2749698,12745,300,7599313,90,0,62670070,2024-06-29 18:20:26.373,10,2024-06-28 18:30:03.014,0.0,30,30,-1,2749698,140,18,0,8,10311.678,0,471.89987,db026538-072b-40c4-a678-f5ccd0240fea.extra_data.json,US7nt0+2+q,14400,com.sec.android.app.shealth,7584913,24360000,db026538-072b-40c4-a678-f5ccd0240fea,2024-06-29 00:00:00.000,
0,62670070,0,0,7448,300,4960461,90,0,62670070,2024-06-30 18:04:58.224,10,2024-06-29 18:30:01.646,0.0,30,30,-1,120000,91,17,0,8,5677.661,0,234.72993,4e8813e8-2c3b-4c72-aa62-ed74465588ee.extra_data.json,US7nt0+2+q,2800,com.sec.android.app.shealth,4957661,18900000,4e8813e8-2c3b-4c72-aa62-ed74465588ee,2024-06-30 00:00:00.000,
0,62670070,0,0,12771,300,8271490,90,0,62670070,2024-07-01 17:34:23.342,10,2024-06-30 18:30:00.898,0.0,30,30,-1,480000,152,15,0,8,9693.48,0,398.71982,2a883048-0f9e-4c19-9228-6d0a5898e480.extra_data.json,US7nt0+2+q,24224,com.sec.android.app.shealth,8247266,12420000,2a883048-0f9e-4c19-9228-6d0a5898e480,2024-07-01 00:00:00.000,
0,62670070,0,0,2979,300,1986993,90,0,62670070,2024-07-02 17:32:44.342,10,2024-07-01 18:30:00.848,0.0,30,30,-1,60000,36,10,0,8,2229.2302,0,93.35,4087c100-c904-4385-a351-528d5addb0c7.extra_data.json,US7nt0+2+q,0,com.sec.android.app.shealth,1986993,25080000,4087c100-c904-4385-a351-528d5addb0c7,2024-07-02 00:00:00.000,
0,62670070,0,0,10070,300,6413831,90,0,62670070,2024-07-03 18:29:10.984,10,2024-07-02 18:30:01.009,0.0,30,30,-1,2280000,117,13,0,8,7434.931,0,307.48984,ccb9252d-d8d7-47d5-b46b-b859ecec554a.extra_data.json,US7nt0+2+q,10400,com.sec.android.app.shealth,6403431,28320000,ccb9252d-d8d7-47d5-b46b-b859ecec554a,2024-07-03 00:00:00.000,
0,62670070,0,1826000,7172,300,4055501,90,0,62670070,2024-07-05 01:28:16.398,10,2024-07-03 18:30:00.908,0.0,30,30,-1,1200000,73,12,0,8,6201.4746,0,309.54773,b4c7661f-e26c-44b9-9ccf-b39fda30dc92.extra_data.json,US7nt0+2+q,653653,com.sec.android.app.shealth,3401848,21000000,b4c7661f-e26c-44b9-9ccf-b39fda30dc92,2024-07-04 00:00:00.000,
0,62670070,0,652826,4695,300,2441081,90,0,62670070,2024-07-05 17:29:37.757,10,2024-07-04 18:30:00.615,0.0,30,30,-1,659826,43,11,0,8,4364.3237,0,238.42064,7025c0ee-5a2f-4bd3-b727-71f5afc4226e.extra_data.json,US7nt0+2+q,1072844,com.sec.android.app.shealth,1368237,24720000,7025c0ee-5a2f-4bd3-b727-71f5afc4226e,2024-07-05 00:00:00.000,
0,62670070,0,0,5667,300,3676919,90,0,62670070,2024-07-06 16:51:32.925,10,2024-07-05 18:30:01.367,0.0,30,30,-1,300000,66,13,0,8,4346.66,0,180.91995,f83fbb60-5c8e-4394-a7b0-d93b8fac32d8.extra_data.json,US7nt0+2+q,24000,com.sec.android.app.shealth,3652919,34860000,f83fbb60-5c8e-4394-a7b0-d93b8fac32d8,2024-07-06 00:00:00.000,
0,62670070,0,0,1067,300,710325,90,0,62670070,2024-07-07 18:14:36.503,10,2024-07-06 18:30:00.833,0.0,30,30,-1,60000,12,8,0,8,802.0501,0,33.100002,5ed024d7-339e-4525-8f42-2ec756370db0.extra_data.json,US7nt0+2+q,0,com.sec.android.app.shealth,710325,26580000,5ed024d7-339e-4525-8f42-2ec756370db0,2024-07-07 00:00:00.000,
0,62670070,0,938000,6152,300,3548905,90,0,62670070,2024-07-08 17:25:25.691,10,2024-07-07 18:30:00.968,0.0,30,30,-1,938000,64,12,0,8,5116.3745,0,249.32997,6d8460a6-0200-4cb5-9bbd-325f1b7323b0.extra_data.json,US7nt0+2+q,395139,com.sec.android.app.shealth,3153766,16320000,6d8460a6-0200-4cb5-9bbd-325f1b7323b0,2024-07-08 00:00:00.000,
0,62670070,0,2580000,8147,300,4508473,90,0,62701610,2024-07-09 18:09:25.726,10,2024-07-08 18:30:01.509,0.0,30,30,-1,2580000,83,12,0,8,7115.047,0,364.09006,e38b633a-fba8-4234-8b09-f782df4c47ca.extra_data.json,US7nt0+2+q,2581600,com.sec.android.app.shealth,1926873,22860000,e38b633a-fba8-4234-8b09-f782df4c47ca,2024-07-09 00:00:00.000,
0,62701610,0,3179972,6802,300,3941819,90,0,62701610,2024-07-10 17:15:07.941,10,2024-07-09 18:30:01.783,0.0,30,30,-1,1740000,72,9,0,8,5597.881,0,262.61002,c2a54a63-bfc9-475f-9ee6-f6c20fca9e53.extra_data.json,US7nt0+2+q,800,com.sec.android.app.shealth,3941019,23700000,c2a54a63-bfc9-475f-9ee6-f6c20fca9e53,2024-07-10 00:00:00.000,
0,62701610,0,0,1140,300,760380,90,0,62701610,2024-07-11 18:05:03.129,10,2024-07-10 18:30:01.357,0.0,30,30,-1,60000,13,10,0,8,863.15,0,36.159996,017e5f8e-fc46-4fa4-b848-9b7a8cf49703.extra_data.json,US7nt0+2+q,0,com.sec.android.app.shealth,760380,21300000,017e5f8e-fc46-4fa4-b848-9b7a8cf49703,2024-07-11 00:00:00.000,
0,62701610,0,0,2446,300,1615834,90,0,62701610,2024-07-12 17:11:59.912,10,2024-07-11 18:30:01.265,0.0,30,30,-1,60000,28,11,0,8,1889.0903,0,79.82,3172d9a7-27d8-46f3-841d-8856efeefab9.extra_data.json,US7nt0+2+q,20400,com.sec.android.app.shealth,1595434,26880000,3172d9a7-27d8-46f3-841d-8856efeefab9,2024-07-12 00:00:00.000,
0,62701610,0,3101873,10455,300,6280791,90,0,62701610,2024-07-13 18:28:50.754,10,2024-07-12 18:30:01.581,0.0,30,30,-1,3101873,115,13,0,8,8318.443,0,370.5679,e9e666ca-4473-4143-8b42-f7744397c9de.extra_data.json,US7nt0+2+q,7600,com.sec.android.app.shealth,6273191,27180000,e9e666ca-4473-4143-8b42-f7744397c9de,2024-07-13 00:00:00.000,
0,62701610,0,660000,11465,300,7468166,90,0,62701610,2024-07-14 17:58:27.742,10,2024-07-13 18:30:01.403,0.0,30,30,-1,660000,137,16,0,8,8456.17,0,354.11993,15e770bd-bf6c-47ef-958a-eb7620f54087.extra_data.json,US7nt0+2+q,0,com.sec.android.app.shealth,7468166,24540000,15e770bd-bf6c-47ef-958a-eb7620f54087,2024-07-14 00:00:00.000,
0,62701610,0,0,1936,300,1184989,90,0,62701610,2024-07-15 15:27:18.530,10,2024-07-14 18:30:02.685,0.0,30,30,-1,360000,21,9,0,8,1460.71,0,59.719997,ce889ddd-a3cf-41d1-b536-777a928094c6.extra_data.json,US7nt0+2+q,2671,com.sec.android.app.shealth,1182318,25800000,ce889ddd-a3cf-41d1-b536-777a928094c6,2024-07-15 00:00:00.000,
0,62701610,0,0,5669,300,3544962,90,0,62701610,2024-07-16 18:12:54.769,10,2024-07-15 18:30:01.054,0.0,30,30,-1,480000,65,12,0,8,4228.7803,0,173.17995,33f916ca-39bf-489a-9296-301bf4233b47.extra_data.json,US7nt0+2+q,0,com.sec.android.app.shealth,3544962,27660000,33f916ca-39bf-489a-9296-301bf4233b47,2024-07-16 00:00:00.000,
0,62701610,0,0,2821,300,1789321,90,0,62701610,2024-07-17 18:00:01.783,10,2024-07-16 18:30:00.641,0.0,30,30,-1,540000,32,10,0,8,2076.0603,0,88.58003,d12d4bf8-1092-4fe0-afaa-93e7485464ed.extra_data.json,US7nt0+2+q,0,com.sec.android.app.shealth,1789321,26160000,d12d4bf8-1092-4fe0-afaa-93e7485464ed,2024-07-17 00:00:00.000,
0,62701610,0,0,3142,300,2088213,90,0,62701610,2024-07-18 17:31:37.397,10,2024-07-17 18:30:01.722,0.0,30,30,-1,180000,37,11,0,8,2321.9402,0,98.879974,71a60cfe-a6fb-41f1-af4a-aefeed09a335.extra_data.json,US7nt0+2+q,1200,com.sec.android.app.shealth,2087013,26220000,71a60cfe-a6fb-41f1-af4a-aefeed09a335,2024-07-18 00:00:00.000,
0,62701610,0,0,4432,300,2925626,90,0,62701610,2024-07-19 17:27:01.707,10,2024-07-18 18:30:00.688,0.0,30,30,-1,60000,53,14,0,8,3449.2598,0,143.96004,ac4d8352-9300-49cb-b2b5-0721189cf04a.extra_data.json,US7nt0+2+q,25600,com.sec.android.app.shealth,2900026,33480000,ac4d8352-9300-49cb-b2b5-0721189cf04a,2024-07-19 00:00:00.000,
0,62701610,0,0,803,300,535601,90,0,62701610,2024-07-20 17:27:58.055,10,2024-07-19 18:30:02.527,0.0,30,30,-1,52693,8,6,0,8,602.2999,0,25.23,10b78f1e-0270-4a51-9860-08867802fb3f.extra_data.json,US7nt0+2+q,0,com.sec.android.app.shealth,535601,30660000,10b78f1e-0270-4a51-9860-08867802fb3f,2024-07-20 00:00:00.000,
0,62701610,0,0,3884,300,2590628,90,0,62701610,2024-07-21 16:57:21.887,10,2024-07-20 18:30:01.396,0.0,30,30,-1,60000,47,11,0,8,2866.6792,0,122.69002,056863ac-4543-43dc-ba6c-6cc4c0f276c0.extra_data.json,US7nt0+2+q,0,com.sec.android.app.shealth,2590628,27600000,056863ac-4543-43dc-ba6c-6cc4c0f276c0,2024-07-21 00:00:00.000,
0,62701610,0,0,7307,300,4838118,90,0,62701610,2024-07-22 17:26:01.625,10,2024-07-21 18:30:01.713,0.0,30,30,-1,360000,88,15,0,8,5432.2285,0,225.40001,dc929a4a-0779-4ee6-ba6d-8d52841cf0bb.extra_data.json,US7nt0+2+q,0,com.sec.android.app.shealth,4838118,24360000,dc929a4a-0779-4ee6-ba6d-8d52841cf0bb,2024-07-22 00:00:00.000,
0,62701610,0,0,2998,300,1995928,90,0,62701610,2024-07-23 17:26:56.578,10,2024-07-22 18:30:01.616,0.0,30,30,-1,60000,36,10,0,8,2284.83,0,96.82998,df55e5ce-34fa-4d9f-a476-dbc95b9979d7.extra_data.json,US7nt0+2+q,5600,com.sec.android.app.shealth,1990328,29160000,df55e5ce-34fa-4d9f-a476-dbc95b9979d7,2024-07-23 00:00:00.000,
0,62701610,0,0,4701,300,3119765,90,0,62701610,2024-07-24 17:56:35.920,10,2024-07-23 18:30:02.779,0.0,30,30,-1,60000,56,10,0,8,3519.79,0,147.65996,7d572bd4-10d9-4595-bcc8-10d31b427b5f.extra_data.json,US7nt0+2+q,3020,com.sec.android.app.shealth,3116745,28800000,7d572bd4-10d9-4595-bcc8-10d31b427b5f,2024-07-24 00:00:00.000,
0,62701610,0,0,2600,300,1730745,90,0,62701610,2024-07-25 17:48:04.529,10,2024-07-24 18:30:02.110,0.0,30,30,-1,180000,31,12,0,8,1916.8998,0,81.22999,874819ff-8b2e-4d30-a0fc-7be0170eed2c.extra_data.json,US7nt0+2+q,0,com.sec.android.app.shealth,1730745,27840000,874819ff-8b2e-4d30-a0fc-7be0170eed2c,2024-07-25 00:00:00.000,
0,62701610,0,0,2355,300,1569450,90,0,62701610,2024-07-26 16:28:13.015,10,2024-07-25 18:30:02.025,0.0,30,30,-1,120000,28,9,0,8,1781.4204,0,74.810005,99d464b0-0af2-414b-9bd1-035c52d86c82.extra_data.json,US7nt0+2+q,2000,com.sec.android.app.shealth,1567450,28440000,99d464b0-0af2-414b-9bd1-035c52d86c82,2024-07-26 00:00:00.000,
0,62701610,0,0,2760,300,1815375,90,0,62701610,2024-07-27 16:35:11.810,10,2024-07-26 18:30:01.140,0.0,30,30,-1,60000,33,12,0,8,2108.42,0,88.38,1c122b45-bae7-48e4-a18e-a47dc6b7f419.extra_data.json,US7nt0+2+q,11200,com.sec.android.app.shealth,1804175,28500000,1c122b45-bae7-48e4-a18e-a47dc6b7f419,2024-07-27 00:00:00.000,
0,62701610,0,0,3999,300,2612250,90,0,62701610,2024-07-28 18:21:55.872,10,2024-07-27 18:30:03.115,0.0,30,30,-1,120000,47,12,0,8,3048.4993,0,127.69999,8438b895-f0f8-4aa0-9e20-b7d826f1c895.extra_data.json,US7nt0+2+q,4400,com.sec.android.app.shealth,2607850,34740000,8438b895-f0f8-4aa0-9e20-b7d826f1c895,2024-07-28 00:00:00.000,
0,62701610,0,0,3116,300,2077571,90,0,62701610,2024-07-29 18:07:33.825,10,2024-07-28 18:30:01.207,0.0,30,30,-1,60000,37,14,0,8,2337.2002,0,98.07001,d3d2484d-47ab-43af-b0b5-4822be16abbc.extra_data.json,US7nt0+2+q,1200,com.sec.android.app.shealth,2076371,27240000,d3d2484d-47ab-43af-b0b5-4822be16abbc,2024-07-29 00:00:00.000,
0,62701610,0,0,3428,300,2244968,90,0,62701610,2024-07-30 17:31:01.692,10,2024-07-29 18:30:01.900,0.0,30,30,-1,120000,41,12,0,8,2669.27,0,111.599976,4fda99c8-ab66-426d-9550-93b3e9c10bc1.extra_data.json,US7nt0+2+q,12144,com.sec.android.app.shealth,2232824,24000000,4fda99c8-ab66-426d-9550-93b3e9c10bc1,2024-07-30 00:00:00.000,
0,62701610,0,0,4070,300,2657043,90,0,62701610,2024-07-31 16:59:57.638,10,2024-07-30 18:30:04.669,0.0,30,30,-1,60000,48,10,0,8,3015.0298,0,126.38997,e33c815c-7c4e-4d90-b566-d7bce95d11a2.extra_data.json,US7nt0+2+q,3200,com.sec.android.app.shealth,2653843,24540000,e33c815c-7c4e-4d90-b566-d7bce95d11a2,2024-07-31 00:00:00.000,
0,62701610,0,0,3076,300,2043519,90,0,62701610,2024-08-01 18:30:03.545,10,2024-07-31 18:30:03.085,0.0,30,30,-1,60000,36,9,0,8,2311.66,0,97.75,14ca873a-2ca9-4961-9f4b-1878bb44cbe6.extra_data.json,US7nt0+2+q,11200,com.sec.android.app.shealth,2032319,29100000,14ca873a-2ca9-4961-9f4b-1878bb44cbe6,2024-08-01 00:00:00.000,
0,62701610,0,0,1530,300,1018107,90,0,62701610,2024-08-02 17:35:02.743,10,2024-08-01 18:30:02.192,0.0,30,30,-1,60000,17,9,0,8,1171.4202,0,48.559998,ebba32cf-95e0-4236-bc67-b68677d25f1a.extra_data.json,US7nt0+2+q,3600,com.sec.android.app.shealth,1014507,27300000,ebba32cf-95e0-4236-bc67-b68677d25f1a,2024-08-02 00:00:00.000,
0,62701610,0,0,4262,300,2831397,90,0,62701610,2024-08-03 18:10:06.303,10,2024-08-02 18:30:01.457,0.0,30,30,-1,360000,52,16,0,8,3209.1895,0,132.71,71057a50-affd-4166-9535-68efa4e07625.extra_data.json,US7nt0+2+q,3193,com.sec.android.app.shealth,2828204,27120000,71057a50-affd-4166-9535-68efa4e07625,2024-08-03 00:00:00.000,
0,62701610,0,1679000,7849,300,4954400,90,0,62701610,2024-08-04 18:08:51.372,10,2024-08-03 18:30:01.057,0.0,30,30,-1,900000,91,14,0,8,5988.0264,0,243.51219,e0fc659f-2bee-42d4-bb90-91f04d4e8ced.extra_data.json,US7nt0+2+q,5654,com.sec.android.app.shealth,4948746,12360000,e0fc659f-2bee-42d4-bb90-91f04d4e8ced,2024-08-04 00:00:00.000,
0,62701610,0,1960763,6055,300,3806699,90,0,62701610,2024-08-05 14:46:56.612,10,2024-08-04 18:30:01.092,0.0,30,30,-1,779991,70,9,0,8,4573.5522,0,185.57147,9a8763bd-1f5d-449f-9fc0-ed1520b8ff90.extra_data.json,US7nt0+2+q,400,com.sec.android.app.shealth,3806299,29220000,9a8763bd-1f5d-449f-9fc0-ed1520b8ff90,2024-08-05 00:00:00.000,
0,62701610,0,654000,3347,300,2126553,90,0,62701610,2024-08-06 16:23:40.576,10,2024-08-05 18:30:03.619,0.0,30,30,-1,660000,38,9,0,8,2508.0762,0,102.371,a34caf87-7b73-4051-88f6-5ade5a70a3ec.extra_data.json,US7nt0+2+q,0,com.sec.android.app.shealth,2126553,27120000,a34caf87-7b73-4051-88f6-5ade5a70a3ec,2024-08-06 00:00:00.000,
0,62701610,0,703000,3738,300,2351176,90,0,62710150,2024-08-07 15:10:00.861,10,2024-08-06 18:30:02.416,0.0,30,30,-1,703000,43,6,0,8,2826.175,0,115.28147,cf2450e4-f622-4cc4-832f-fe24f449037b.extra_data.json,US7nt0+2+q,8800,com.sec.android.app.shealth,2342376,30480000,cf2450e4-f622-4cc4-832f-fe24f449037b,2024-08-07 00:00:00.000,
0,62710150,0,660000,5489,300,3517196,90,0,62710150,2024-08-08 18:21:30.133,10,2024-08-07 18:30:03.883,0.0,30,30,-1,660000,64,10,0,8,4139.0684,0,170.00995,e65591e8-1fff-4640-8ea3-1d00e9648642.extra_data.json,US7nt0+2+q,10800,com.sec.android.app.shealth,3506396,30060000,e65591e8-1fff-4640-8ea3-1d00e9648642,2024-08-08 00:00:00.000,
0,62710150,0,1130260,9654,300,6084239,90,0,62710150,2024-08-09 17:44:33.468,10,2024-08-08 18:30:01.897,0.0,30,30,-1,1139260,112,20,0,8,7527.925,0,310.11954,f3874251-22b7-4778-8adf-0fe6abec50dd.extra_data.json,US7nt0+2+q,75002,com.sec.android.app.shealth,6009237,7380000,f3874251-22b7-4778-8adf-0fe6abec50dd,2024-08-09 00:00:00.000,
0,62710150,0,0,3605,300,2358272,90,0,62710150,2024-08-10 17:26:29.956,10,2024-08-09 18:30:02.158,0.0,30,30,-1,60000,42,11,0,8,2904.6396,0,123.08997,d393e26d-bbbb-494b-9f9e-49cfc5b03a45.extra_data.json,US7nt0+2+q,41891,com.sec.android.app.shealth,2316381,29340000,d393e26d-bbbb-494b-9f9e-49cfc5b03a45,2024-08-10 00:00:00.000,
0,62710150,0,0,9221,300,6010564,90,0,62710150,2024-08-11 18:16:21.424,10,2024-08-10 18:30:03.141,0.0,30,30,-1,240000,110,14,0,8,7150.21,0,295.44992,6963dbd0-a3f2-4597-9655-6605b85b8359.extra_data.json,US7nt0+2+q,47020,com.sec.android.app.shealth,5963544,23520000,6963dbd0-a3f2-4597-9655-6605b85b8359,2024-08-11 00:00:00.000,
0,62710150,0,1553722,9998,300,6224229,90,0,62710150,2024-08-12 15:44:05.820,10,2024-08-11 18:30:01.500,0.0,30,30,-1,900000,114,15,0,8,7567.05,0,309.20294,80ba4b06-2337-47e2-aa48-d7273fa3621a.extra_data.json,US7nt0+2+q,0,com.sec.android.app.shealth,6224229,10320000,80ba4b06-2337-47e2-aa48-d7273fa3621a,2024-08-12 00:00:00.000,
0,62710150,0,6960000,17008,300,10594977,90,0,62710150,2024-08-13 16:27:29.411,10,2024-08-12 18:30:01.176,0.0,30,30,-1,3780000,195,11,0,8,12746.489,0,514.8499,2a1934f8-e32d-4e9d-9489-6695dc635ae9.extra_data.json,US7nt0+2+q,0,com.sec.android.app.shealth,10594977,28080000,2a1934f8-e32d-4e9d-9489-6695dc635ae9,2024-08-13 00:00:00.000,
0,62710150,0,8099749,19701,300,12029510,90,0,62710150,2024-08-14 16:16:28.437,10,2024-08-13 18:30:03.540,0.0,30,30,-1,3660000,222,11,0,8,14897.8,0,790.02985,35bd4091-1e70-45c8-8d89-3317059bcd3b.extra_data.json,US7nt0+2+q,0,com.sec.android.app.shealth,12029510,25800000,35bd4091-1e70-45c8-8d89-3317059bcd3b,2024-08-14 00:00:00.000,
0,62710150,0,0,5714,300,3486679,90,0,62710150,2024-08-15 16:04:44.240,10,2024-08-14 18:30:01.578,0.0,30,30,-1,480000,64,7,0,8,4306.75,0,225.89998,4e001005-066b-40f7-82c1-44982483db16.extra_data.json,US7nt0+2+q,6107,com.sec.android.app.shealth,3480572,23160000,4e001005-066b-40f7-82c1-44982483db16,2024-08-15 00:00:00.000,
0,62710150,0,1737000,8935,300,5730488,90,0,62710150,2024-08-16 15:36:13.022,10,2024-08-15 18:30:08.678,0.0,30,30,-1,900000,105,11,0,8,6702.1724,0,353.9005,2eda6471-d057-4567-bf40-098295983360.extra_data.json,US7nt0+2+q,0,com.sec.android.app.shealth,5730488,29520000,2eda6471-d057-4567-bf40-098295983360,2024-08-16 00:00:00.000,
0,62710150,0,0,4727,300,3001833,90,0,62710150,2024-08-17 17:32:35.952,10,2024-08-16 18:30:03.224,0.0,30,30,-1,480000,55,8,0,8,3541.6096,0,186.18996,6804422e-e939-4f8c-977a-138f100a349a.extra_data.json,US7nt0+2+q,1600,com.sec.android.app.shealth,3000233,26220000,6804422e-e939-4f8c-977a-138f100a349a,2024-08-17 00:00:00.000,
0,62710150,0,654000,10654,300,6512380,90,0,62710150,2024-08-18 16:57:10.376,10,2024-08-17 18:30:01.458,0.0,30,30,-1,720000,118,13,0,8,8165.197,0,426.8388,be8e39b2-3164-44ec-a3f1-dfddb53f370c.extra_data.json,US7nt0+2+q,35833,com.sec.android.app.shealth,6476547,27060000,be8e39b2-3164-44ec-a3f1-dfddb53f370c,2024-08-18 00:00:00.000,
0,62710150,0,0,7275,300,4605930,90,0,62710150,2024-08-19 15:18:45.200,10,2024-08-18 18:30:01.157,0.0,30,30,-1,540000,84,9,0,8,5459.44,0,287.8801,6c707049-5ba1-4268-9a42-1538981ac955.extra_data.json,US7nt0+2+q,17813,com.sec.android.app.shealth,4588117,22980000,6c707049-5ba1-4268-9a42-1538981ac955,2024-08-19 00:00:00.000,
0,62710150,0,0,6340,300,3835487,90,0,62710150,2024-08-20 15:39:34.742,10,2024-08-19 18:30:02.399,0.0,30,30,-1,600000,70,10,0,8,4752.9,0,251.10994,efe77c19-89ce-4d4c-b355-5295ef444f69.extra_data.json,US7nt0+2+q,800,com.sec.android.app.shealth,3834687,27900000,efe77c19-89ce-4d4c-b355-5295ef444f69,2024-08-20 00:00:00.000,
0,62710150,0,2400000,12811,300,7601647,90,0,62710150,2024-08-21 17:10:01.292,10,2024-08-20 18:30:01.864,0.0,30,30,-1,1440000,140,14,0,8,9738.2295,0,511.99982,1ee053c8-4752-436a-918d-c8837e66a971.extra_data.json,US7nt0+2+q,2988,com.sec.android.app.shealth,7598659,24120000,1ee053c8-4752-436a-918d-c8837e66a971,2024-08-21 00:00:00.000,
0,62710150,0,827000,5325,300,3244871,90,0,62710150,2024-08-22 16:26:38.158,10,2024-08-21 18:30:01.101,0.0,30,30,-1,840000,60,11,0,8,4081.028,0,213.77747,f151654e-3fe4-4a23-9748-6b996b5e4dbf.extra_data.json,US7nt0+2+q,0,com.sec.android.app.shealth,3244871,24720000,f151654e-3fe4-4a23-9748-6b996b5e4dbf,2024-08-22 00:00:00.000,
0,62710150,0,0,7863,300,4931427,90,0,62710150,2024-08-23 17:01:11.475,10,2024-08-22 18:30:01.020,0.0,30,30,-1,420000,91,13,0,8,5921.2285,0,308.62012,87160001-dd75-45e4-ac63-69227adca3b8.extra_data.json,US7nt0+2+q,2800,com.sec.android.app.shealth,4928627,25740000,87160001-dd75-45e4-ac63-69227adca3b8,2024-08-23 00:00:00.000,
0,62710150,0,0,3694,300,2438995,90,0,62710150,2024-08-24 18:24:16.993,10,2024-08-23 18:30:02.114,0.0,30,30,-1,120000,44,14,0,8,2775.399,0,142.51,2b50e264-7027-4209-8a17-dc0e49f5756d.extra_data.json,US7nt0+2+q,1200,com.sec.android.app.shealth,2437795,24480000,2b50e264-7027-4209-8a17-dc0e49f5756d,2024-08-24 00:00:00.000,
0,62710150,0,0,7292,300,4862162,90,0,62710150,2024-08-25 17:47:34.523,10,2024-08-24 18:30:01.464,0.0,30,30,-1,60000,88,18,0,8,5414.8306,0,279.07993,175ba5f6-ce28-40ae-9873-b83c5c48868a.extra_data.json,US7nt0+2+q,2400,com.sec.android.app.shealth,4859762,23460000,175ba5f6-ce28-40ae-9873-b83c5c48868a,2024-08-25 00:00:00.000,
0,62710150,0,0,13985,300,8992328,90,0,62710150,2024-08-26 15:54:37.149,10,2024-08-25 18:30:00.842,0.0,30,30,-1,420000,165,15,0,8,10341.906,0,550.02014,d40d6bf1-b9c0-4e11-9497-538118866f79.extra_data.json,US7nt0+2+q,0,com.sec.android.app.shealth,8992328,12660000,d40d6bf1-b9c0-4e11-9497-538118866f79,2024-08-26 00:00:00.000,
0,62710150,0,779639,5949,300,3718508,90,0,62710150,2024-08-27 12:56:14.197,10,2024-08-26 18:30:01.666,0.0,30,30,-1,779639,67,9,0,8,4449.091,0,235.67998,d52e87c9-1867-400a-816e-95494c496d32.extra_data.json,US7nt0+2+q,0,com.sec.android.app.shealth,3718508,22740000,d52e87c9-1867-400a-816e-95494c496d32,2024-08-27 00:00:00.000,
0,62710150,0,0,2902,300,1843494,90,0,62710150,2024-08-28 13:26:52.596,10,2024-08-27 18:30:01.615,0.0,30,30,-1,300000,33,9,0,8,2169.1301,0,113.919975,673fb90e-161d-442a-86ef-72d16c91489c.extra_data.json,US7nt0+2+q,1600,com.sec.android.app.shealth,1841894,22800000,673fb90e-161d-442a-86ef-72d16c91489c,2024-08-28 00:00:00.000,
0,62710150,0,0,5799,300,3737088,90,0,62710150,2024-08-29 15:34:34.178,10,2024-08-28 18:30:03.161,0.0,30,30,-1,480000,68,11,0,8,4289.0996,0,227.96002,e0cdb501-e04c-48a3-9d80-ce5cdefdc217.extra_data.json,US7nt0+2+q,0,com.sec.android.app.shealth,3737088,24000000,e0cdb501-e04c-48a3-9d80-ce5cdefdc217,2024-08-29 00:00:00.000,
0,62710150,0,0,4878,300,3089461,90,0,62720090,2024-08-30 15:51:21.181,10,2024-08-29 18:30:01.084,0.0,30,30,-1,420000,56,7,0,8,3622.96,0,192.77997,bc01755e-b06d-4bce-ae85-16a7987b4d0b.extra_data.json,US7nt0+2+q,0,com.sec.android.app.shealth,3089461,31740000,bc01755e-b06d-4bce-ae85-16a7987b4d0b,2024-08-30 00:00:00.000,
0,62720090,0,0,498,300,332166,90,0,62720090,2024-08-31 17:03:31.090,10,2024-08-30 18:30:04.959,0.0,30,30,-1,60000,5,4,0,8,376.03998,0,19.15,7dec210f-913f-452e-9977-0f03916c9e13.extra_data.json,US7nt0+2+q,0,com.sec.android.app.shealth,332166,31200000,7dec210f-913f-452e-9977-0f03916c9e13,2024-08-31 00:00:00.000,
0,62720090,0,0,908,300,603605,90,0,62720090,2024-09-01 15:52:19.322,10,2024-08-31 18:30:02.306,0.0,30,30,-1,60000,11,8,0,8,682.2,0,34.819992,34341ebf-fdad-4ab9-9ef7-4d31c8469210.extra_data.json,US7nt0+2+q,0,com.sec.android.app.shealth,603605,29760000,34341ebf-fdad-4ab9-9ef7-4d31c8469210,2024-09-01 00:00:00.000,
0,62720090,0,0,3982,300,2555906,90,0,62720090,2024-09-02 15:26:27.862,10,2024-09-01 18:30:03.160,0.0,30,30,-1,360000,46,11,0,8,2960.89,0,156.51997,079e1240-9c82-4a7d-9ac0-6d2dee027970.extra_data.json,US7nt0+2+q,3200,com.sec.android.app.shealth,2552706,26460000,079e1240-9c82-4a7d-9ac0-6d2dee027970,2024-09-02 00:00:00.000,
0,62720090,0,659489,4594,300,2806833,90,0,62720090,2024-09-27 15:02:00.304,10,2024-09-02 18:30:02.111,0.0,30,30,-1,360000,51,10,0,8,3453.0295,0,181.05997,a9dfed9b-d132-4a95-a330-40a129131edc.extra_data.json,US7nt0+2+q,0,com.sec.android.app.shealth,2806833,24779999,a9dfed9b-d132-4a95-a330-40a129131edc,2024-09-03 00:00:00.000,
0,62720090,0,1499930,16143,300,10158788,90,0,62720090,2024-09-04 18:18:27.380,10,2024-09-03 18:30:06.166,0.0,30,30,-1,1499930,187,16,0,8,12021.018,0,638.48,fb2ebdca-eaf5-44d9-9c72-b58373331ae1.extra_data.json,US7nt0+2+q,4884,com.sec.android.app.shealth,10153904,20820000,fb2ebdca-eaf5-44d9-9c72-b58373331ae1,2024-09-04 00:00:00.000,
0,62720090,0,0,1584,300,996318,90,0,62720090,2024-09-05 16:48:08.004,10,2024-09-04 18:30:01.212,0.0,30,30,-1,360000,17,6,0,8,1205.81,0,62.269993,1964ad21-9b56-49bc-bba4-578d08c845e2.extra_data.json,US7nt0+2+q,0,com.sec.android.app.shealth,996318,24720000,1964ad21-9b56-49bc-bba4-578d08c845e2,2024-09-05 00:00:00.000,
0,62720090,0,720000,5841,300,3664205,90,0,62720090,2024-09-06 18:30:02.308,10,2024-09-05 18:30:02.151,0.0,30,30,-1,720000,67,12,0,8,4411.261,0,229.57997,118c0ee5-f958-49f4-8e86-82a4478a6116.extra_data.json,US7nt0+2+q,0,com.sec.android.app.shealth,3664205,28620000,118c0ee5-f958-49f4-8e86-82a4478a6116,2024-09-06 00:00:00.000,
0,62720090,0,0,4028,300,2683281,90,0,62720090,2024-09-07 16:33:22.526,10,2024-09-06 18:30:00.945,0.0,30,30,-1,120000,48,14,0,8,2988.8203,0,154.32004,f93601a7-d7b6-4bbf-a6ea-a291dab5caed.extra_data.json,US7nt0+2+q,0,com.sec.android.app.shealth,2683281,21900000,f93601a7-d7b6-4bbf-a6ea-a291dab5caed,2024-09-07 00:00:00.000,
0,62720090,0,0,2561,300,1706585,90,0,62720090,2024-09-08 18:17:10.673,10,2024-09-07 18:30:01.145,0.0,30,30,-1,60000,31,11,0,8,1923.49,0,97.89,8c2596fb-0fe4-4992-be38-a1b3e6e7ec11.extra_data.json,US7nt0+2+q,2400,com.sec.android.app.shealth,1704185,33660000,8c2596fb-0fe4-4992-be38-a1b3e6e7ec11,2024-09-08 00:00:00.000,
0,62720090,0,640079,4442,300,2888942,90,0,62720090,2024-09-09 16:35:02.554,10,2024-09-08 18:30:00.752,0.0,30,30,-1,640079,53,13,0,8,3309.9495,0,173.08855,10a6a450-6e70-4fda-9fc6-d3e05a4b5569.extra_data.json,US7nt0+2+q,0,com.sec.android.app.shealth,2888942,12420000,10a6a450-6e70-4fda-9fc6-d3e05a4b5569,2024-09-09 00:00:00.000,
0,62720090,0,0,4957,300,3166151,90,0,62720090,2024-09-10 15:36:55.889,10,2024-09-09 18:30:04.233,0.0,30,30,-1,240000,57,10,0,8,3699.91,0,195.32997,6c72d3bc-e742-46d5-8eb2-5fa1325bd344.extra_data.json,US7nt0+2+q,3200,com.sec.android.app.shealth,3162951,28680000,6c72d3bc-e742-46d5-8eb2-5fa1325bd344,2024-09-10 00:00:00.000,
0,62720090,0,0,5077,300,3007817,90,0,62720090,2024-09-11 16:57:15.999,10,2024-09-10 18:30:00.981,0.0,30,30,-1,600000,55,9,0,8,3814.4,0,200.92996,8c67f2e6-5a84-41e9-825e-5d014a153727.extra_data.json,US7nt0+2+q,0,com.sec.android.app.shealth,3007817,27720000,8c67f2e6-5a84-41e9-825e-5d014a153727,2024-09-11 00:00:00.000,
0,62720090,0,0,4978,300,3057445,90,0,62720090,2024-09-12 18:25:05.890,10,2024-09-11 18:30:02.380,0.0,30,30,-1,480000,55,8,0,8,3731.79,0,196.33,98ec0ab6-1569-4780-b3a4-97bec9845c14.extra_data.json,US7nt0+2+q,0,com.sec.android.app.shealth,3057445,28920000,98ec0ab6-1569-4780-b3a4-97bec9845c14,2024-09-12 00:00:00.000,
0,62720090,0,0,12130,300,7706167,90,0,62720090,2024-09-13 16:27:00.511,10,2024-09-12 18:30:02.620,0.0,30,30,-1,600000,142,12,0,8,9211.551,0,483.10995,b075956b-3130-4098-ae69-907dadbaf524.extra_data.json,US7nt0+2+q,62261,com.sec.android.app.shealth,7643906,25140000,b075956b-3130-4098-ae69-907dadbaf524,2024-09-13 00:00:00.000,
0,62720090,0,0,12434,300,8198688,90,0,62720090,2024-09-14 16:10:09.094,10,2024-09-13 18:30:01.494,0.0,30,30,-1,360000,151,15,0,8,9350.532,0,483.13977,bad0885f-edec-42cc-870e-fdf0859afed8.extra_data.json,US7nt0+2+q,21440,com.sec.android.app.shealth,8177248,18360000,bad0885f-edec-42cc-870e-fdf0859afed8,2024-09-14 00:00:00.000,
0,62720090,0,0,465,300,310155,90,0,62720090,2024-09-15 15:55:58.412,10,2024-09-14 18:30:04.623,0.0,30,30,-1,45356,5,5,0,8,347.68,0,17.49,24882035-4283-4649-ab68-3e82324dd96f.extra_data.json,US7nt0+2+q,0,com.sec.android.app.shealth,310155,27480000,24882035-4283-4649-ab68-3e82324dd96f,2024-09-15 00:00:00.000,
0,62720090,0,0,418,300,278806,90,0,62720090,2024-09-16 17:32:01.329,10,2024-09-15 18:30:03.235,0.0,30,30,-1,50692,4,4,0,8,315.99002,0,16.09,dfba98a1-53a6-443e-a512-95c5e7f10ca4.extra_data.json,US7nt0+2+q,0,com.sec.android.app.shealth,278806,32760000,dfba98a1-53a6-443e-a512-95c5e7f10ca4,2024-09-16 00:00:00.000,
0,62720090,0,1317900,6228,300,3786106,90,0,62720090,2024-09-17 16:35:22.833,10,2024-09-16 18:30:03.510,0.0,30,30,-1,719902,70,10,0,8,4679.1006,0,246.77367,56d23039-4cb1-4267-8cce-187375bb9d99.extra_data.json,US7nt0+2+q,0,com.sec.android.app.shealth,3786106,26760000,56d23039-4cb1-4267-8cce-187375bb9d99,2024-09-17 00:00:00.000,
0,62720090,0,0,6043,300,3501944,90,0,62720090,2024-09-18 17:15:52.152,10,2024-09-17 18:30:01.662,0.0,30,30,-1,540000,64,9,0,8,4550.08,0,239.35995,4d6d55d7-3c52-45aa-b389-541d2242c22c.extra_data.json,US7nt0+2+q,0,com.sec.android.app.shealth,3501944,23100000,4d6d55d7-3c52-45aa-b389-541d2242c22c,2024-09-18 00:00:00.000,
0,62720090,0,710000,9120,300,5661210,90,0,62720090,2024-09-19 16:18:36.841,10,2024-09-18 18:30:11.443,0.0,30,30,-1,900000,104,12,0,8,6885.0347,0,363.96344,6d660086-4a47-4167-8187-0ea462919db1.extra_data.json,US7nt0+2+q,2575,com.sec.android.app.shealth,5658635,27360000,6d660086-4a47-4167-8187-0ea462919db1,2024-09-19 00:00:00.000,
0,62720090,0,628000,10835,300,6790099,90,0,62720090,2024-09-20 18:23:12.494,10,2024-09-19 18:30:01.953,0.0,30,30,-1,780000,125,13,0,8,8132.5796,0,428.11523,9e6b5896-7ec5-4d6e-bed3-1767f6e2d1a8.extra_data.json,US7nt0+2+q,1200,com.sec.android.app.shealth,6788899,29460000,9e6b5896-7ec5-4d6e-bed3-1767f6e2d1a8,2024-09-20 00:00:00.000,
0,62720090,0,0,734,300,488881,90,0,62720090,2024-09-21 17:17:10.748,10,2024-09-20 18:30:02.581,0.0,30,30,-1,60000,8,6,0,8,550.95,0,27.829998,5c102c6d-9cfd-40c7-83f4-d7b8d5a6b357.extra_data.json,US7nt0+2+q,0,com.sec.android.app.shealth,488881,39840000,5c102c6d-9cfd-40c7-83f4-d7b8d5a6b357,2024-09-21 00:00:00.000,
0,62720090,0,2929000,6312,300,3827127,90,0,62720090,2024-09-22 17:45:34.792,10,2024-09-21 18:30:03.175,0.0,30,30,-1,1800000,70,8,0,8,4821.9956,0,256.17416,297bf9a2-c673-43f2-9667-090706ba646c.extra_data.json,US7nt0+2+q,4229,com.sec.android.app.shealth,3822898,36300000,297bf9a2-c673-43f2-9667-090706ba646c,2024-09-22 00:00:00.000,
0,62720090,0,0,6036,300,3644252,90,0,62720090,2024-09-23 17:57:41.609,10,2024-09-22 18:30:03.920,0.0,30,30,-1,600000,66,13,0,8,4567.841,0,238.74005,0f9bd359-3625-46f2-9df8-9de4f0194165.extra_data.json,US7nt0+2+q,6000,com.sec.android.app.shealth,3638252,26400000,0f9bd359-3625-46f2-9df8-9de4f0194165,2024-09-23 00:00:00.000,
0,62720090,0,0,6470,300,4012599,90,0,62720090,2024-09-24 11:51:30.620,10,2024-09-23 18:30:03.057,0.0,30,30,-1,540000,73,8,0,8,4829.1294,0,256.95,c97cd318-76dd-4d86-92db-26a1b48d79a1.extra_data.json,US7nt0+2+q,400,com.sec.android.app.shealth,4012199,31260000,c97cd318-76dd-4d86-92db-26a1b48d79a1,2024-09-24 00:00:00.000,
0,62720090,0,6460858,18876,300,11133256,90,0,62720090,2024-09-25 15:06:44.813,10,2024-09-24 18:30:03.348,0.0,30,30,-1,2999351,205,12,0,8,14280.997,0,756.17957,3c983d05-d9ff-4089-81b0-f97597715109.extra_data.json,US7nt0+2+q,0,com.sec.android.app.shealth,11133256,28140000,3c983d05-d9ff-4089-81b0-f97597715109,2024-09-25 00:00:00.000,
0,62720090,0,2291000,6990,300,4386535,90,0,62720090,2024-09-26 15:50:52.698,10,2024-09-25 18:30:01.981,0.0,30,30,-1,900000,81,10,0,8,5362.4995,0,282.25668,ce0a467b-9958-401d-a395-4d1aee94f568.extra_data.json,US7nt0+2+q,0,com.sec.android.app.shealth,4386535,28320000,ce0a467b-9958-401d-a395-4d1aee94f568,2024-09-26 00:00:00.000,
0,62720090,0,624000,6914,300,4295703,90,0,62720090,2024-09-27 16:31:16.011,10,2024-09-26 18:30:00.977,0.0,30,30,-1,624000,78,11,0,8,5209.0947,0,274.70398,1b6e8ade-5cc3-4c9e-94ea-3761445af488.extra_data.json,US7nt0+2+q,3200,com.sec.android.app.shealth,4292503,30840000,1b6e8ade-5cc3-4c9e-94ea-3761445af488,2024-09-27 00:00:00.000,
0,62720090,0,0,6327,300,4167393,90,0,62720090,2024-09-28 17:19:07.403,10,2024-09-27 18:30:01.314,0.0,30,30,-1,660000,76,12,0,8,4655.2197,0,248.26997,799be513-cebc-49c2-ab50-de0210632ab3.extra_data.json,US7nt0+2+q,0,com.sec.android.app.shealth,4167393,32400000,799be513-cebc-49c2-ab50-de0210632ab3,2024-09-28 00:00:00.000,
0,62720090,0,0,5996,300,3890738,90,0,62720090,2024-09-29 17:54:32.504,10,2024-09-28 18:30:02.075,0.0,30,30,-1,420000,71,12,0,8,4424.69,0,234.76001,35a618a4-5b12-45ef-b554-6db66ac70c12.extra_data.json,US7nt0+2+q,0,com.sec.android.app.shealth,3890738,32040000,35a618a4-5b12-45ef-b554-6db66ac70c12,2024-09-29 00:00:00.000,
0,62720090,0,641000,4124,300,2667053,90,0,62720090,2024-09-30 18:29:53.646,10,2024-09-29 18:30:05.591,0.0,30,30,-1,660000,48,9,0,8,3117.879,0,161.75914,a5834c03-5429-428f-a2a4-4b13be9b15dd.extra_data.json,US7nt0+2+q,0,com.sec.android.app.shealth,2667053,24780000,a5834c03-5429-428f-a2a4-4b13be9b15dd,2024-09-30 00:00:00.000,
0,62720090,0,0,5851,300,3703588,90,0,62720090,2024-10-01 16:12:25.060,10,2024-09-30 18:30:02.646,0.0,30,30,-1,720000,67,10,0,8,4375.821,0,233.32996,80d7291c-09f3-4995-b3a4-9fae4295116d.extra_data.json,US7nt0+2+q,16526,com.sec.android.app.shealth,3687062,29520000,80d7291c-09f3-4995-b3a4-9fae4295116d,2024-10-01 00:00:00.000,
0,62720090,0,0,735,300,481544,90,0,62720090,2024-10-02 16:04:53.616,10,2024-10-01 18:30:03.843,0.0,30,30,-1,60000,8,6,0,8,553.7201,0,28.229998,d63c4c54-0b3c-4814-b026-c9bf675ab37e.extra_data.json,US7nt0+2+q,0,com.sec.android.app.shealth,481544,35880000,d63c4c54-0b3c-4814-b026-c9bf675ab37e,2024-10-02 00:00:00.000,
0,62720090,0,657000,3802,300,2380186,90,0,62810050,2024-10-30 16:22:46.596,10,2024-10-02 18:30:02.389,0.0,30,30,-1,659656,43,6,0,8,2843.0632,0,150.32927,3cf194bc-a915-4f39-ad51-bf63d63921b6.extra_data.json,US7nt0+2+q,0,com.sec.android.app.shealth,2380186,86400000,3cf194bc-a915-4f39-ad51-bf63d63921b6,2024-10-03 00:00:00.000,
0,62720090,0,0,4701,300,2979646,90,0,62720090,2024-10-04 15:08:45.752,10,2024-10-03 18:30:02.144,0.0,30,30,-1,180000,54,11,0,8,3515.3901,0,183.48997,4012375a-b604-4c24-a516-d6c4d040b1fd.extra_data.json,US7nt0+2+q,0,com.sec.android.app.shealth,2979646,23760000,4012375a-b604-4c24-a516-d6c4d040b1fd,2024-10-04 00:00:00.000,
0,62720090,0,0,1102,300,735034,90,0,62720090,2024-10-05 17:50:58.156,10,2024-10-04 18:30:02.351,0.0,30,30,-1,60000,13,6,0,8,820.91,0,41.670006,8ffd748f-06c7-4e84-af98-ae20100b42d4.extra_data.json,US7nt0+2+q,0,com.sec.android.app.shealth,735034,37920000,8ffd748f-06c7-4e84-af98-ae20100b42d4,2024-10-05 00:00:00.000,
0,62720090,0,0,866,300,577622,90,0,62720090,2024-10-06 17:15:03.197,10,2024-10-05 18:30:02.238,0.0,30,30,-1,60000,10,7,0,8,648.07996,0,33.079994,71254a44-a7f9-4346-b8ee-67a70d2b8703.extra_data.json,US7nt0+2+q,0,com.sec.android.app.shealth,577622,33120000,71254a44-a7f9-4346-b8ee-67a70d2b8703,2024-10-06 00:00:00.000,
0,62720090,0,0,4233,300,2698926,90,0,62720090,2024-10-07 15:17:34.215,10,2024-10-06 18:30:03.233,0.0,30,30,-1,240000,48,9,0,8,3176.8303,0,166.59999,5852d41c-be5b-4cc9-826a-d5097c8860ba.extra_data.json,US7nt0+2+q,6000,com.sec.android.app.shealth,2692926,22860000,5852d41c-be5b-4cc9-826a-d5097c8860ba,2024-10-07 00:00:00.000,
0,62720090,0,719000,7793,300,4960846,90,0,62810050,2024-10-30 16:22:44.471,10,2024-10-07 18:30:03.507,0.0,30,30,-1,719776,91,12,0,8,5806.3506,0,307.39996,bf274df6-0f12-4162-be70-1597d93a5117.extra_data.json,US7nt0+2+q,0,com.sec.android.app.shealth,4960846,86400000,bf274df6-0f12-4162-be70-1597d93a5117,2024-10-08 00:00:00.000,
0,62720090,0,2305000,10055,300,6162070,90,0,62720090,2024-10-09 17:55:02.729,10,2024-10-08 18:30:02.258,0.0,30,30,-1,2305000,113,11,0,8,7571.3296,0,399.24234,9054f2a1-beb0-4022-8c3f-043df6802713.extra_data.json,US7nt0+2+q,0,com.sec.android.app.shealth,6162070,32820000,9054f2a1-beb0-4022-8c3f-043df6802713,2024-10-09 00:00:00.000,
0,62720090,0,0,6763,300,4113302,90,0,62720090,2024-10-10 18:11:27.297,10,2024-10-09 18:30:02.149,0.0,30,30,-1,420000,75,14,0,8,5189.8496,0,275.69003,69e16d7f-b93b-4e47-9ece-f04d3bef487b.extra_data.json,US7nt0+2+q,82087,com.sec.android.app.shealth,4031215,32040000,69e16d7f-b93b-4e47-9ece-f04d3bef487b,2024-10-10 00:00:00.000,
0,62720090,0,0,6892,300,4550997,90,0,62720090,2024-10-11 18:03:12.333,10,2024-10-10 18:30:01.902,0.0,30,30,-1,180000,83,19,0,8,5323.399,0,265.49,0b2dc36a-fd35-4439-835c-127ebe3467e4.extra_data.json,US7nt0+2+q,1600,com.sec.android.app.shealth,4549397,10740000,0b2dc36a-fd35-4439-835c-127ebe3467e4,2024-10-11 00:00:00.000,
0,62720090,0,0,2483,300,1651195,90,0,62720090,2024-10-12 18:20:52.151,10,2024-10-11 18:30:02.228,0.0,30,30,-1,60000,30,13,0,8,1856.9198,0,94.579994,2a63039a-ef3b-466e-8b7f-fa39f80e325f.extra_data.json,US7nt0+2+q,400,com.sec.android.app.shealth,1650795,31920000,2a63039a-ef3b-466e-8b7f-fa39f80e325f,2024-10-12 00:00:00.000,
0,62720090,0,0,1917,300,1278105,90,0,62720090,2024-10-13 17:35:03.698,10,2024-10-12 18:30:01.349,0.0,30,30,-1,48824,23,9,0,8,1427.0098,0,71.98002,cea6f2e4-a6c9-4f67-a41b-47e4aec4e3b3.extra_data.json,US7nt0+2+q,800,com.sec.android.app.shealth,1277305,36420000,cea6f2e4-a6c9-4f67-a41b-47e4aec4e3b3,2024-10-13 00:00:00.000,
0,62720090,0,718000,6673,300,4148141,90,0,62720090,2024-10-14 17:21:23.229,10,2024-10-13 18:30:01.142,0.0,30,30,-1,720000,76,10,0,8,5010.25,0,264.79266,b2dfec5c-a19b-4645-bfbf-37c1041ae650.extra_data.json,US7nt0+2+q,0,com.sec.android.app.shealth,4148141,16320000,b2dfec5c-a19b-4645-bfbf-37c1041ae650,2024-10-14 00:00:00.000,
0,62720090,0,660000,8738,300,5487408,90,0,62720090,2024-10-15 19:38:30.180,10,2024-10-14 18:30:01.725,0.0,30,30,-1,720000,101,13,0,8,6594.5615,0,347.5299,7ec08237-f74e-497b-b2de-62e7e363e8a2.extra_data.json,US7nt0+2+q,3200,com.sec.android.app.shealth,5484208,29820000,7ec08237-f74e-497b-b2de-62e7e363e8a2,2024-10-15 00:00:00.000,
0,62720090,0,0,5013,300,3266202,90,0,62720090,2024-10-16 16:26:25.867,10,2024-10-15 18:30:01.313,0.0,30,30,-1,540000,60,16,0,8,3760.69,0,195.56999,a12db96e-1601-4557-8445-d69f923b89f9.extra_data.json,US7nt0+2+q,7600,com.sec.android.app.shealth,3258602,20760000,a12db96e-1601-4557-8445-d69f923b89f9,2024-10-16 00:00:00.000,
0,62720090,0,0,5150,300,3392313,90,0,62720090,2024-10-17 17:56:50.515,10,2024-10-16 18:30:02.026,0.0,30,30,-1,180000,62,14,0,8,3895.9495,0,201.04002,e04eb6e3-d222-4a92-b055-6209adad55ed.extra_data.json,US7nt0+2+q,4800,com.sec.android.app.shealth,3387513,33900000,e04eb6e3-d222-4a92-b055-6209adad55ed,2024-10-17 00:00:00.000,
0,62720090,0,0,3155,300,2104385,90,0,62720090,2024-10-18 18:04:59.355,10,2024-10-17 18:30:00.972,0.0,30,30,-1,120000,38,12,0,8,2319.92,0,121.66,938cf0df-c8c1-4bb0-903c-743048393f7d.extra_data.json,US7nt0+2+q,0,com.sec.android.app.shealth,2104385,29220000,938cf0df-c8c1-4bb0-903c-743048393f7d,2024-10-18 00:00:00.000,
0,62720090,0,900000,5528,300,3527222,90,0,62720090,2024-10-19 17:52:44.527,10,2024-10-18 18:30:02.152,0.0,30,30,-1,900000,64,11,0,8,4275.1206,0,225.18999,fb2b4ef9-d2a9-4f72-9cad-4f0165287abc.extra_data.json,US7nt0+2+q,2000,com.sec.android.app.shealth,3525222,28800000,fb2b4ef9-d2a9-4f72-9cad-4f0165287abc,2024-10-19 00:00:00.000,
0,62720090,0,0,6113,300,4036868,90,0,62720090,2024-10-20 18:29:00.202,10,2024-10-19 18:30:02.347,0.0,30,30,-1,120000,74,13,0,8,4646.369,0,236.79993,1391791d-279e-4b4f-b325-e17db794559a.extra_data.json,US7nt0+2+q,12400,com.sec.android.app.shealth,4024468,29040000,1391791d-279e-4b4f-b325-e17db794559a,2024-10-20 00:00:00.000,
0,62720090,0,1535000,8577,300,5491204,90,0,62720090,2024-10-22 15:39:18.292,10,2024-10-20 18:30:02.618,0.0,30,30,-1,900000,101,18,0,8,6453.8345,0,338.1724,c6a4e9f2-0904-488a-b22b-8eb5428d043d.extra_data.json,US7nt0+2+q,1600,com.sec.android.app.shealth,5489604,6059999,c6a4e9f2-0904-488a-b22b-8eb5428d043d,2024-10-21 00:00:00.000,
0,62720090,0,780000,6124,300,3790118,90,0,62720090,2024-10-22 15:39:16.144,10,2024-10-21 18:30:02.046,0.0,30,30,-1,780000,70,8,0,8,4602.389,0,243.96002,10875859-f602-4832-ad37-ddbaf5f0fa32.extra_data.json,US7nt0+2+q,0,com.sec.android.app.shealth,3790118,28440000,10875859-f602-4832-ad37-ddbaf5f0fa32,2024-10-22 00:00:00.000,
0,62720090,0,780000,3937,300,2571899,90,0,62720090,2024-10-23 15:55:02.135,10,2024-10-22 18:30:02.676,0.0,30,30,-1,900000,46,8,0,8,2954.2197,0,155.72997,45aaa9d8-20ed-409d-88ae-87d2d14fb625.extra_data.json,US7nt0+2+q,0,com.sec.android.app.shealth,2571899,29460000,45aaa9d8-20ed-409d-88ae-87d2d14fb625,2024-10-23 00:00:00.000,
0,62720090,0,2153000,6301,300,3919798,90,0,62820030,2024-11-17 23:11:05.885,10,2024-10-23 18:30:01.543,0.0,30,30,-1,780000,72,9,0,8,4816.5693,0,253.40596,eb5a358a-982c-4320-b353-d8be265c9f34.extra_data.json,US7nt0+2+q,400,com.sec.android.app.shealth,3919398,86400000,eb5a358a-982c-4320-b353-d8be265c9f34,2024-10-24 00:00:00.000,
0,62810050,0,1440000,7923,300,4915304,90,0,62820030,2024-11-17 23:11:05.173,10,2024-10-24 18:30:02.006,0.0,30,30,-1,780000,90,11,0,8,6080.151,0,321.83,6679e023-ac1d-4d71-b7f5-6e3c1de7fe38.extra_data.json,US7nt0+2+q,19600,com.sec.android.app.shealth,4895704,86400000,6679e023-ac1d-4d71-b7f5-6e3c1de7fe38,2024-10-25 00:00:00.000,
0,62810050,0,0,2306,300,1334944,90,0,62820030,2024-11-17 23:11:04.344,10,2024-10-25 18:30:01.235,0.0,30,30,-1,480000,24,5,0,8,1763.5201,0,90.819984,1f033dfc-a1dc-45ae-be36-998b2c6388c7.extra_data.json,US7nt0+2+q,0,com.sec.android.app.shealth,1334944,86400000,1f033dfc-a1dc-45ae-be36-998b2c6388c7,2024-10-26 00:00:00.000,
0,62810050,0,0,722,300,473540,90,0,62820030,2024-11-17 23:11:03.836,10,2024-10-26 18:30:02.062,0.0,30,30,-1,60000,7,4,0,8,547.6099,0,28.05,a5b2cb10-5534-4cb7-92a5-fc216ef49342.extra_data.json,US7nt0+2+q,0,com.sec.android.app.shealth,473540,86400000,a5b2cb10-5534-4cb7-92a5-fc216ef49342,2024-10-27 00:00:00.000,
0,62810050,0,0,4851,300,3003478,90,0,62820030,2024-11-17 23:11:03.421,10,2024-10-27 18:30:01.582,0.0,30,30,-1,300000,55,9,0,8,3627.0103,0,190.97002,eac049df-2152-4d00-a30b-4d26aef1e97a.extra_data.json,US7nt0+2+q,0,com.sec.android.app.shealth,3003478,86400000,eac049df-2152-4d00-a30b-4d26aef1e97a,2024-10-28 00:00:00.000,
0,62810050,0,0,5879,300,3637391,90,0,62820030,2024-11-17 23:11:03.106,10,2024-10-28 18:30:03.942,0.0,30,30,-1,780000,66,9,0,8,4415.0703,0,232.15991,ffdd8a2e-f966-4946-bd5f-f3184644c0b8.extra_data.json,US7nt0+2+q,1200,com.sec.android.app.shealth,3636191,86400000,ffdd8a2e-f966-4946-bd5f-f3184644c0b8,2024-10-29 00:00:00.000,
0,62810050,0,1298000,5769,300,3547252,90,0,62820030,2024-11-17 23:11:02.761,10,2024-10-29 18:30:01.893,0.0,30,30,-1,698000,65,8,0,8,4428.888,0,232.32268,5b96dd88-0326-4974-8b02-86115c2f7da0.extra_data.json,US7nt0+2+q,0,com.sec.android.app.shealth,3547252,86400000,5b96dd88-0326-4974-8b02-86115c2f7da0,2024-10-30 00:00:00.000,
0,62810050,0,0,8275,300,5441693,90,0,62820030,2024-11-17 23:11:02.270,10,2024-10-30 18:30:01.895,0.0,30,30,-1,240000,100,19,0,8,6168.47,0,317.57,10b8afdb-ff7d-4f1e-bac3-cd5d1ff3224c.extra_data.json,US7nt0+2+q,0,com.sec.android.app.shealth,5441693,86400000,10b8afdb-ff7d-4f1e-bac3-cd5d1ff3224c,2024-10-31 00:00:00.000,
0,62810050,0,0,7356,300,4894754,90,0,62820030,2024-11-17 23:11:01.545,10,2024-10-31 18:30:00.584,0.0,30,30,-1,60000,90,16,0,8,5523.5303,0,282.13992,0c4d7322-138a-4bed-b38d-168e497c83ec.extra_data.json,US7nt0+2+q,4400,com.sec.android.app.shealth,4890354,86400000,0c4d7322-138a-4bed-b38d-168e497c83ec,2024-11-01 00:00:00.000,
0,62810050,0,0,4638,300,3084306,90,0,62820030,2024-11-17 23:11:00.761,10,2024-11-01 18:30:03.160,0.0,30,30,-1,60000,56,14,0,8,3530.0793,0,181.34999,e8dc8f63-4a6a-4604-bc33-8c6b6a9979b4.extra_data.json,US7nt0+2+q,10800,com.sec.android.app.shealth,3073506,86400000,e8dc8f63-4a6a-4604-bc33-8c6b6a9979b4,2024-11-02 00:00:00.000,
0,62810050,0,0,3461,300,2303147,90,0,62820030,2024-11-17 23:10:59.808,10,2024-11-02 18:30:00.833,0.0,30,30,-1,60000,42,13,0,8,2643.1199,0,132.93,aadb69b5-c747-4338-9e78-18525a57217e.extra_data.json,US7nt0+2+q,8000,com.sec.android.app.shealth,2295147,86400000,aadb69b5-c747-4338-9e78-18525a57217e,2024-11-03 00:00:00.000,
0,62810050,0,0,5173,300,3360743,90,0,62820030,2024-11-17 23:10:59.155,10,2024-11-03 18:30:01.484,0.0,30,30,-1,240000,62,15,0,8,3851.529,0,198.73,dcbbe6fa-12ab-4390-a738-6d640d52621c.extra_data.json,US7nt0+2+q,0,com.sec.android.app.shealth,3360743,86400000,dcbbe6fa-12ab-4390-a738-6d640d52621c,2024-11-04 00:00:00.000,
0,62810050,0,705000,3954,300,2520714,90,0,62820030,2024-12-02 17:28:32.402,10,2024-11-04 18:30:01.691,0.0,30,30,-1,705000,46,8,0,8,2973.5576,0,157.805,8a98f529-62ba-45c1-b4c4-ef5e13d615a9.extra_data.json,US7nt0+2+q,0,com.sec.android.app.shealth,2520714,86400000,8a98f529-62ba-45c1-b4c4-ef5e13d615a9,2024-11-05 00:00:00.000,
0,62810050,0,0,352,300,232381,90,0,62820030,2024-12-02 17:28:32.147,10,2024-11-05 18:30:01.971,0.0,30,30,-1,120000,3,3,0,8,270.75003,0,13.659998,76beec5d-eb93-4aaa-850f-aa50d00db928.extra_data.json,US7nt0+2+q,3600,com.sec.android.app.shealth,228781,86400000,76beec5d-eb93-4aaa-850f-aa50d00db928,2024-11-06 00:00:00.000,
0,62810050,0,659000,6890,300,4452442,90,0,62820030,2024-12-02 17:28:31.907,10,2024-11-06 18:30:01.038,0.0,30,30,-1,719723,82,9,0,8,5099.4214,0,272.99994,71a1ede6-73fd-4cfa-a6fa-6bf8da4c29c6.extra_data.json,US7nt0+2+q,0,com.sec.android.app.shealth,4452442,86400000,71a1ede6-73fd-4cfa-a6fa-6bf8da4c29c6,2024-11-07 00:00:00.000,
0,62810050,0,687000,5324,300,3223121,90,0,62820030,2024-12-02 17:28:31.670,10,2024-11-07 18:30:02.900,0.0,30,30,-1,687000,58,8,0,8,4074.1687,0,212.62648,9fd0e34c-086b-4960-9ea4-f0e089174724.extra_data.json,US7nt0+2+q,0,com.sec.android.app.shealth,3223121,86400000,9fd0e34c-086b-4960-9ea4-f0e089174724,2024-11-08 00:00:00.000,
0,62810050,0,0,609,300,402732,90,0,62850050,2024-12-06 08:03:01.757,10,2024-11-08 18:30:01.330,0.0,30,30,-1,42688,6,5,0,8,459.35995,0,24.029999,4743ae69-e89c-4d43-a5e9-69ace9ea09b8.extra_data.json,US7nt0+2+q,5200,com.sec.android.app.shealth,397532,86400000,4743ae69-e89c-4d43-a5e9-69ace9ea09b8,2024-11-09 00:00:00.000,
0,62820030,0,0,809,300,539603,90,0,62850050,2024-12-06 08:03:01.509,10,2024-11-09 18:30:02.493,0.0,30,30,-1,60000,8,9,0,8,606.74005,0,31.01,6dc4a9dd-9482-42fc-8d4b-842a5ce8dc95.extra_data.json,US7nt0+2+q,0,com.sec.android.app.shealth,539603,86400000,6dc4a9dd-9482-42fc-8d4b-842a5ce8dc95,2024-11-10 00:00:00.000,
0,62820030,0,0,9034,300,5553246,90,0,62850050,2024-12-06 08:03:01.178,10,2024-11-10 18:30:00.586,0.0,30,30,-1,540000,102,11,0,8,6789.57,0,357.17993,96916ff3-e1ca-444a-bac8-c3f71f2dd7ac.extra_data.json,US7nt0+2+q,0,com.sec.android.app.shealth,5553246,86400000,96916ff3-e1ca-444a-bac8-c3f71f2dd7ac,2024-11-11 00:00:00.000,
0,62820030,0,710000,2919,300,1542231,90,0,62850050,2024-12-06 08:03:00.970,10,2024-11-11 18:30:02.041,0.0,30,30,-1,720000,27,4,0,8,2217.425,0,116.785,39bec3ba-8015-4a77-8ae6-f46f9b107c2b.extra_data.json,US7nt0+2+q,0,com.sec.android.app.shealth,1542231,86400000,39bec3ba-8015-4a77-8ae6-f46f9b107c2b,2024-11-12 00:00:00.000,
0,62820030,0,0,5290,300,3350955,90,0,62850050,2024-12-06 08:03:00.734,10,2024-11-12 18:30:02.573,0.0,30,30,-1,360000,61,10,0,8,3939.9,0,208.95,9ac0d8a8-2cac-496f-8857-5686471d5faa.extra_data.json,US7nt0+2+q,0,com.sec.android.app.shealth,3350955,86400000,9ac0d8a8-2cac-496f-8857-5686471d5faa,2024-11-13 00:00:00.000,
0,62820030,0,4717000,16188,300,9816382,90,0,62850050,2024-12-06 08:03:00.520,10,2024-11-13 18:30:01.226,0.0,30,30,-1,3180000,181,11,0,8,12166.345,0,645.4254,c6e34579-aa64-4aea-91fe-1a5d98ab4ee9.extra_data.json,US7nt0+2+q,0,com.sec.android.app.shealth,9816382,86400000,c6e34579-aa64-4aea-91fe-1a5d98ab4ee9,2024-11-14 00:00:00.000,
0,62820030,0,0,498,300,332166,90,0,62850050,2024-12-06 08:03:00.337,10,2024-11-14 18:30:01.200,0.0,30,30,-1,48691,5,6,0,8,374.71,0,19.119999,4feb633b-9479-4f59-abaa-ac367f2a8359.extra_data.json,US7nt0+2+q,0,com.sec.android.app.shealth,332166,86400000,4feb633b-9479-4f59-abaa-ac367f2a8359,2024-11-15 00:00:00.000,
0,62820030,0,0,6430,300,4064446,90,0,62850050,2024-12-06 08:03:00.108,10,2024-11-15 18:30:02.196,0.0,30,30,-1,540000,74,14,0,8,4824.8193,0,252.7099,c8bcce58-081b-415b-922e-c8505ebd6569.extra_data.json,US7nt0+2+q,11200,com.sec.android.app.shealth,4053246,86400000,c8bcce58-081b-415b-922e-c8505ebd6569,2024-11-16 00:00:00.000,
0,62820030,0,3475000,18587,300,11850018,90,0,62850050,2024-12-06 08:02:59.891,10,2024-11-16 18:30:01.650,0.0,30,30,-1,1020000,218,16,0,8,13870.166,0,735.45636,fd269e19-1d2a-484a-beb2-1938cb3d2d1a.extra_data.json,US7nt0+2+q,3200,com.sec.android.app.shealth,11846818,86400000,fd269e19-1d2a-484a-beb2-1938cb3d2d1a,2024-11-17 00:00:00.000,
0,62820030,0,704000,2791,300,1666626,90,0,62850050,2024-12-06 08:02:59.619,10,2024-11-17 18:30:01.663,0.0,30,30,-1,704992,30,8,0,8,2139.5325,0,111.12499,425dde52-7565-414a-ba4e-e6ba837e2f88.extra_data.json,US7nt0+2+q,0,com.sec.android.app.shealth,1666626,86400000,425dde52-7565-414a-ba4e-e6ba837e2f88,2024-11-18 00:00:00.000,
0,62820030,0,0,3586,300,2247220,90,0,62850050,2024-12-06 08:02:59.376,10,2024-11-18 18:30:02.461,0.0,30,30,-1,600000,41,5,0,8,2675.6406,0,141.11995,710ae505-6e41-4880-9490-982b45661d59.extra_data.json,US7nt0+2+q,0,com.sec.android.app.shealth,2247220,86400000,710ae505-6e41-4880-9490-982b45661d59,2024-11-19 00:00:00.000,
0,62820030,0,650000,14167,300,8929933,90,0,62850050,2024-12-17 04:57:21.719,10,2024-11-19 18:30:01.689,0.0,30,30,-1,660000,164,14,0,8,10648.069,0,564.9635,d058ffc2-305b-413c-ae70-68067ab1ea8b.extra_data.json,US7nt0+2+q,61753,com.sec.android.app.shealth,8868180,86400000,d058ffc2-305b-413c-ae70-68067ab1ea8b,2024-11-20 00:00:00.000,
0,62820030,0,0,9657,300,5986556,90,0,62850050,2024-12-17 04:57:21.315,10,2024-11-20 18:30:01.658,0.0,30,30,-1,480000,110,13,0,8,7235.827,0,381.96994,1ef894ff-2bb5-4015-986c-d4248c7e7f86.extra_data.json,US7nt0+2+q,0,com.sec.android.app.shealth,5986556,86400000,1ef894ff-2bb5-4015-986c-d4248c7e7f86,2024-11-21 00:00:00.000,
0,62820030,0,3096000,13388,300,8220254,90,0,62850050,2024-12-17 04:57:21.048,10,2024-11-21 18:30:01.933,0.0,30,30,-1,1139610,151,13,0,8,10206.151,0,533.9694,1314af49-6204-4a13-ae73-d5ccbe00441b.extra_data.json,US7nt0+2+q,8191,com.sec.android.app.shealth,8212063,86400000,1314af49-6204-4a13-ae73-d5ccbe00441b,2024-11-22 00:00:00.000,
0,62820030,0,0,3666,300,2429981,90,0,62850050,2024-12-17 04:57:20.250,10,2024-11-22 18:30:01.626,0.0,30,30,-1,60000,44,14,0,8,2753.0496,0,141.91,3f598cba-8527-448c-9264-577b19beb4d9.extra_data.json,US7nt0+2+q,11818,com.sec.android.app.shealth,2418163,86400000,3f598cba-8527-448c-9264-577b19beb4d9,2024-11-23 00:00:00.000,
0,62820030,0,0,2767,300,1823349,90,0,62850050,2024-12-17 04:57:19.138,10,2024-11-23 18:30:01.475,0.0,30,30,-1,180000,33,12,0,8,2098.7898,0,107.66998,bc1256a7-d3b5-429e-bc19-e7f4a0b3f1a4.extra_data.json,US7nt0+2+q,11200,com.sec.android.app.shealth,1812149,86400000,bc1256a7-d3b5-429e-bc19-e7f4a0b3f1a4,2024-11-24 00:00:00.000,
0,62820030,0,0,2351,300,1567316,90,0,62850050,2024-12-17 04:57:18.854,10,2024-11-24 18:30:01.791,0.0,30,30,-1,60000,28,13,0,8,1786.3597,0,90.63003,388c01c2-ff29-4fc6-9269-349990d0da5a.extra_data.json,US7nt0+2+q,1200,com.sec.android.app.shealth,1566116,86400000,388c01c2-ff29-4fc6-9269-349990d0da5a,2024-11-25 00:00:00.000,
0,62820030,0,0,1598,300,1065332,90,0,62850050,2024-12-17 04:57:18.572,10,2024-11-25 18:30:01.871,0.0,30,30,-1,60000,18,8,0,8,1201.96,0,61.11,0e9ee412-3213-430e-a2ff-8adf3555fc83.extra_data.json,US7nt0+2+q,800,com.sec.android.app.shealth,1064532,86400000,0e9ee412-3213-430e-a2ff-8adf3555fc83,2024-11-26 00:00:00.000,
0,62820030,0,0,1332,300,886575,90,0,62850050,2024-12-17 04:57:18.178,10,2024-11-26 18:30:00.683,0.0,30,30,-1,60000,15,6,0,8,1001.94995,0,51.829994,75dafecf-6901-4804-861e-b6e97fe1fefc.extra_data.json,US7nt0+2+q,2800,com.sec.android.app.shealth,883775,86400000,75dafecf-6901-4804-861e-b6e97fe1fefc,2024-11-27 00:00:00.000,
0,62820030,0,0,3070,300,2018240,90,0,62850050,2024-12-17 04:57:17.891,10,2024-11-27 18:30:01.548,0.0,30,30,-1,240000,36,10,0,8,2391.1401,0,124.219986,e4620684-628c-438a-b7a8-b8f9ecee64cf.extra_data.json,US7nt0+2+q,24000,com.sec.android.app.shealth,1994240,86400000,e4620684-628c-438a-b7a8-b8f9ecee64cf,2024-11-28 00:00:00.000,
0,62820030,0,0,2556,300,1690541,90,0,62850050,2024-12-17 04:57:17.695,10,2024-11-28 18:30:01.727,0.0,30,30,-1,60000,30,12,0,8,1968.37,0,100.750015,c2c1cbba-cfc2-4ba3-8a21-ec859d3c07f0.extra_data.json,US7nt0+2+q,14400,com.sec.android.app.shealth,1676141,86400000,c2c1cbba-cfc2-4ba3-8a21-ec859d3c07f0,2024-11-29 00:00:00.000,
0,62820030,0,0,1181,300,781958,90,0,62850050,2024-12-17 04:57:17.524,10,2024-11-29 18:30:01.053,0.0,30,30,-1,60000,13,6,0,8,918.6899,0,47.449993,c5a0b450-85ec-41ed-847a-b90dc61464df.extra_data.json,US7nt0+2+q,5600,com.sec.android.app.shealth,776358,86400000,c5a0b450-85ec-41ed-847a-b90dc61464df,2024-11-30 00:00:00.000,
0,62820030,0,0,3155,300,2086873,90,0,62850050,2024-12-17 04:57:17.340,10,2024-11-30 18:30:02.378,0.0,30,30,-1,60000,37,11,0,8,2408.86,0,121.82004,5169f5ba-aeae-42c7-a913-15c61bc26581.extra_data.json,US7nt0+2+q,13200,com.sec.android.app.shealth,2073673,86400000,5169f5ba-aeae-42c7-a913-15c61bc26581,2024-12-01 00:00:00.000,
0,62820030,0,0,4576,300,2840700,90,0,62850050,2024-12-17 04:57:17.156,10,2024-12-01 18:30:01.850,0.0,30,30,-1,360000,52,10,0,8,3438.4797,0,179.71994,f7a2af68-4043-40e0-bdfc-650cc85e3d7d.extra_data.json,US7nt0+2+q,0,com.sec.android.app.shealth,2840700,86400000,f7a2af68-4043-40e0-bdfc-650cc85e3d7d,2024-12-02 00:00:00.000,
0,62820030,0,0,3470,300,2171332,90,0,62850050,2024-12-17 04:57:16.479,10,2024-12-02 18:30:02.413,0.0,30,30,-1,180000,40,8,0,8,2586.661,0,136.07,bd109303-76e6-4bf1-b8a3-04ea302df03a.extra_data.json,US7nt0+2+q,0,com.sec.android.app.shealth,2171332,86400000,bd109303-76e6-4bf1-b8a3-04ea302df03a,2024-12-03 00:00:00.000,
0,62820030,0,653000,4582,300,2887632,90,0,62850050,2024-12-17 04:57:15.022,10,2024-12-03 18:30:00.996,0.0,30,30,-1,713000,53,9,0,8,3488.165,0,184.33716,2ba0701d-bbc7-40fe-9e50-dcc1d577ac23.extra_data.json,US7nt0+2+q,0,com.sec.android.app.shealth,2887632,86400000,2ba0701d-bbc7-40fe-9e50-dcc1d577ac23,2024-12-04 00:00:00.000,
0,62820030,0,0,5620,300,3522254,90,0,62850050,2024-12-17 04:57:13.531,10,2024-12-04 18:30:01.248,0.0,30,30,-1,480000,64,10,0,8,4193.1294,0,221.60995,71e4934d-e4dc-42d7-b49b-fd70d04d0a86.extra_data.json,US7nt0+2+q,0,com.sec.android.app.shealth,3522254,86400000,71e4934d-e4dc-42d7-b49b-fd70d04d0a86,2024-12-05 00:00:00.000,
0,62820030,0,0,763,300,508654,90,0,62850050,2024-12-17 04:57:11.272,10,2024-12-05 18:30:01.277,0.0,30,30,-1,52693,8,5,0,8,576.32,0,27.019999,90c55c79-4b35-4011-ad4b-9a72dc1a846d.extra_data.json,US7nt0+2+q,400,com.sec.android.app.shealth,508254,86400000,90c55c79-4b35-4011-ad4b-9a72dc1a846d,2024-12-06 00:00:00.000,
0,62850050,0,0,830,300,542878,90,0,62850050,2024-12-17 04:57:09.790,10,2024-12-06 18:30:02.846,0.0,30,30,-1,60000,10,6,0,8,619.0501,0,26.249996,d1bbe4dc-4bc6-4efd-8b15-12ef92012482.extra_data.json,US7nt0+2+q,0,com.sec.android.app.shealth,542878,86400000,d1bbe4dc-4bc6-4efd-8b15-12ef92012482,2024-12-07 00:00:00.000,
0,62850050,0,0,526,300,350842,90,0,62850050,2024-12-17 04:57:08.906,10,2024-12-07 18:30:01.022,0.0,30,30,-1,37352,5,5,0,8,394.18997,0,16.829998,54c0b5fd-6ed1-4d95-b039-e3c4fb540d7f.extra_data.json,US7nt0+2+q,0,com.sec.android.app.shealth,350842,86400000,54c0b5fd-6ed1-4d95-b039-e3c4fb540d7f,2024-12-08 00:00:00.000,
0,62850050,0,720000,9959,300,6233136,90,0,62850050,2025-01-04 22:48:40.465,10,2024-12-08 18:30:01.316,0.0,30,30,-1,900000,114,11,0,8,7413.0986,0,306.08008,bc15b3d1-ab3b-43d2-befa-7303da80f187.extra_data.json,US7nt0+2+q,0,com.sec.android.app.shealth,6233136,86400000,bc15b3d1-ab3b-43d2-befa-7303da80f187,2024-12-09 00:00:00.000,
0,62850050,0,699000,8381,300,5201585,90,0,62850050,2025-01-04 22:48:39.370,10,2024-12-09 18:30:01.782,0.0,30,30,-1,780000,95,6,0,8,6279.6245,0,257.59,46ade82a-260d-4cb8-82a1-243a8f8118b2.extra_data.json,US7nt0+2+q,0,com.sec.android.app.shealth,5201585,86400000,46ade82a-260d-4cb8-82a1-243a8f8118b2,2024-12-10 00:00:00.000,
0,62850050,0,0,442,300,292411,90,0,62850050,2025-01-04 22:48:38.728,10,2024-12-10 18:30:02.863,0.0,30,30,-1,50290,4,4,0,8,335.37,0,14.839997,c4cb1035-ca3c-49bc-ab99-de61717f5c9a.extra_data.json,US7nt0+2+q,3600,com.sec.android.app.shealth,288811,86400000,c4cb1035-ca3c-49bc-ab99-de61717f5c9a,2024-12-11 00:00:00.000,
0,62850050,0,0,456,300,304152,90,0,62850050,2025-01-04 22:48:38.539,10,2024-12-11 18:30:01.449,0.0,30,30,-1,42021,5,5,0,8,348.61,0,14.389998,4fd9a18b-f20b-438e-8a50-0f25b94e6926.extra_data.json,US7nt0+2+q,0,com.sec.android.app.shealth,304152,86400000,4fd9a18b-f20b-438e-8a50-0f25b94e6926,2024-12-12 00:00:00.000,
0,62850050,0,0,6560,300,4145869,90,0,62850050,2025-01-04 22:48:38.326,10,2024-12-12 18:30:02.339,0.0,30,30,-1,540000,76,10,0,8,4902.81,0,204.9,0a9427de-6c2c-4501-8218-d433dd2df04d.extra_data.json,US7nt0+2+q,2168,com.sec.android.app.shealth,4143701,86400000,0a9427de-6c2c-4501-8218-d433dd2df04d,2024-12-13 00:00:00.000,
0,62850050,0,0,523,300,348841,90,0,62850050,2025-01-04 22:48:38.111,10,2024-12-13 18:30:01.522,0.0,30,30,-1,41354,5,5,0,8,392.90005,0,16.849998,b3f7ec0f-d5a6-41a3-b8b5-dd68c929457b.extra_data.json,US7nt0+2+q,0,com.sec.android.app.shealth,348841,86400000,b3f7ec0f-d5a6-41a3-b8b5-dd68c929457b,2024-12-14 00:00:00.000,
0,62850050,0,0,2772,300,1744065,90,0,62850050,2025-01-04 22:48:37.954,10,2024-12-14 18:30:04.311,0.0,30,30,-1,300000,31,7,0,8,2084.2102,0,86.38999,39173bb5-1586-4312-aba3-ec1cab8599e0.extra_data.json,US7nt0+2+q,6800,com.sec.android.app.shealth,1737265,86400000,39173bb5-1586-4312-aba3-ec1cab8599e0,2024-12-15 00:00:00.000,
0,62850050,0,0,5103,300,3246326,90,0,62850050,2025-01-04 22:48:37.810,10,2024-12-15 18:30:01.121,0.0,30,30,-1,360000,60,8,0,8,3795.11,0,159.09996,c6345d41-397f-48f4-93d1-a729332c7e26.extra_data.json,US7nt0+2+q,0,com.sec.android.app.shealth,3246326,86400000,c6345d41-397f-48f4-93d1-a729332c7e26,2024-12-16 00:00:00.000,
0,62850050,0,0,3216,300,2041193,90,0,62850050,2025-01-04 22:48:37.635,10,2024-12-16 18:30:01.397,0.0,30,30,-1,300000,36,8,0,8,2399.9302,0,100.49997,69b16f96-4d18-44cd-941b-4ee01d005e0d.extra_data.json,US7nt0+2+q,1200,com.sec.android.app.shealth,2039993,86400000,69b16f96-4d18-44cd-941b-4ee01d005e0d,2024-12-17 00:00:00.000,
0,62850050,0,779000,7428,300,4590723,90,0,62850050,2025-01-04 22:48:37.464,10,2024-12-17 18:30:02.003,0.0,30,30,-1,779617,84,9,0,8,5582.7803,0,229.47005,2fdfc631-4ff9-434d-84a9-95954bd026f0.extra_data.json,US7nt0+2+q,4800,com.sec.android.app.shealth,4585923,86400000,2fdfc631-4ff9-434d-84a9-95954bd026f0,2024-12-18 00:00:00.000,
0,62850050,0,1680000,10585,300,6524511,90,0,62850050,2025-01-04 22:48:37.259,10,2024-12-18 18:30:01.076,0.0,30,30,-1,1860000,120,8,0,8,7979.47,0,325.8399,9d3f6ccb-6c73-4a00-bab2-6ab744dddf2f.extra_data.json,US7nt0+2+q,1200,com.sec.android.app.shealth,6523311,86400000,9d3f6ccb-6c73-4a00-bab2-6ab744dddf2f,2024-12-19 00:00:00.000,
0,62850050,0,1371000,8901,300,5566978,90,0,62850050,2025-01-16 13:59:18.547,10,2024-12-19 18:30:01.492,0.0,30,30,-1,720000,102,14,0,8,6739.56,0,280.63806,eb2aec48-a0b8-4e21-a2e6-36edb00969ba.extra_data.json,US7nt0+2+q,22800,com.sec.android.app.shealth,5544178,86400000,eb2aec48-a0b8-4e21-a2e6-36edb00969ba,2024-12-20 00:00:00.000,
0,62850050,0,990000,6625,300,4192588,90,0,62900750,2025-01-17 15:44:35.258,10,2024-12-20 18:30:01.992,0.0,30,30,-1,990000,76,16,0,8,5082.7617,0,209.46501,58706c93-f7fa-4ff0-92a9-3388460bcf55.extra_data.json,US7nt0+2+q,5200,com.sec.android.app.shealth,4187388,86400000,58706c93-f7fa-4ff0-92a9-3388460bcf55,2024-12-21 00:00:00.000,
0,62850050,0,0,5995,300,3987559,90,0,62900750,2025-01-17 15:44:35.144,10,2024-12-21 18:30:01.098,0.0,30,30,-1,60000,73,17,0,8,4525.099,0,195.46991,52a6dad0-30c8-42f4-946a-958d220680d6.extra_data.json,US7nt0+2+q,7600,com.sec.android.app.shealth,3979959,86400000,52a6dad0-30c8-42f4-946a-958d220680d6,2024-12-22 00:00:00.000,
0,62850050,0,0,8740,300,5646223,90,0,62900750,2025-01-17 15:44:34.988,10,2024-12-22 18:30:01.748,0.0,30,30,-1,420000,103,10,0,8,6666.42,0,283.19992,a033f11d-d376-4632-af2e-5f866c130ba3.extra_data.json,US7nt0+2+q,24800,com.sec.android.app.shealth,5621423,86400000,a033f11d-d376-4632-af2e-5f866c130ba3,2024-12-23 00:00:00.000,
0,62850050,0,0,8647,300,5729660,90,0,62900750,2025-01-17 15:44:34.779,10,2024-12-23 18:30:02.004,0.0,30,30,-1,240000,105,17,0,8,6355.9507,0,281.62997,bc909eb7-d0e1-4fa0-95e1-cd7888a2aeb2.extra_data.json,US7nt0+2+q,400,com.sec.android.app.shealth,5729260,86400000,bc909eb7-d0e1-4fa0-95e1-cd7888a2aeb2,2024-12-24 00:00:00.000,
0,62850050,0,0,8928,300,5836346,90,0,62900750,2025-01-17 15:44:34.598,10,2024-12-24 18:30:00.867,0.0,30,30,-1,300000,107,16,0,8,6570.4004,0,287.01993,b22af243-2429-4005-b9ad-890325cf139f.extra_data.json,US7nt0+2+q,2000,com.sec.android.app.shealth,5834346,86400000,b22af243-2429-4005-b9ad-890325cf139f,2024-12-25 00:00:00.000,
0,62850050,0,0,2336,300,1555976,90,0,62900750,2025-01-17 15:44:34.435,10,2024-12-25 18:30:02.488,0.0,30,30,-1,120000,27,11,0,8,1772.4,0,76.94,4b3d5315-d7c6-4758-a7b4-7ccd031dc98e.extra_data.json,US7nt0+2+q,3200,com.sec.android.app.shealth,1552776,86400000,4b3d5315-d7c6-4758-a7b4-7ccd031dc98e,2024-12-26 00:00:00.000,
0,62850050,0,0,3780,300,2507368,90,0,62900750,2025-01-17 15:44:34.204,10,2024-12-26 18:30:01.876,0.0,30,30,-1,240000,45,13,0,8,2830.0398,0,123.09003,4a1e3c1a-3e94-4a46-96d9-befbb998b880.extra_data.json,US7nt0+2+q,3600,com.sec.android.app.shealth,2503768,86400000,4a1e3c1a-3e94-4a46-96d9-befbb998b880,2024-12-27 00:00:00.000,
0,62850050,0,0,4503,300,2989536,90,0,62900750,2025-01-24 05:40:45.489,10,2024-12-27 18:30:02.813,0.0,30,30,-1,120000,54,14,0,8,3372.46,0,145.91,63ce3892-f254-4f0e-ae55-f9d9718e8d6e.extra_data.json,US7nt0+2+q,2800,com.sec.android.app.shealth,2986736,86400000,63ce3892-f254-4f0e-ae55-f9d9718e8d6e,2024-12-28 00:00:00.000,
0,62850050,0,0,1862,300,1241420,90,0,62900750,2025-01-25 08:00:13.411,10,2024-12-28 18:30:01.422,0.0,30,30,-1,60000,22,12,0,8,1403.6201,0,60.64,ab0f7155-f66b-46f7-9713-6b00412bb21a.extra_data.json,US7nt0+2+q,800,com.sec.android.app.shealth,1240620,86400000,ab0f7155-f66b-46f7-9713-6b00412bb21a,2024-12-29 00:00:00.000,
0,62850050,0,0,1227,300,815739,90,0,62900750,2025-01-25 08:00:13.266,10,2024-12-29 18:30:01.962,0.0,30,30,-1,50692,14,9,0,8,929.63995,0,40.54999,ab163b04-f261-43a4-9ea8-7c059e4000c2.extra_data.json,US7nt0+2+q,4000,com.sec.android.app.shealth,811739,86400000,ab163b04-f261-43a4-9ea8-7c059e4000c2,2024-12-30 00:00:00.000,
0,62850050,0,0,2112,300,1403308,90,0,62900750,2025-01-25 08:00:13.021,10,2024-12-30 18:30:01.260,0.0,30,30,-1,60000,25,10,0,8,1588.2399,0,68.27,6225cdc7-5f9e-4b87-a59d-24b255ba01f5.extra_data.json,US7nt0+2+q,0,com.sec.android.app.shealth,1403308,86400000,6225cdc7-5f9e-4b87-a59d-24b255ba01f5,2024-12-31 00:00:00.000,
0,62850050,0,0,3819,300,2543906,90,0,62900750,2025-01-25 08:00:12.740,10,2024-12-31 18:30:01.594,0.0,30,30,-1,120000,46,11,0,8,2827.1802,0,124.619995,33f06b0c-49ee-4e60-86fb-3e91d8314308.extra_data.json,US7nt0+2+q,4000,com.sec.android.app.shealth,2539906,86400000,33f06b0c-49ee-4e60-86fb-3e91d8314308,2025-01-01 00:00:00.000,
0,62850050,0,0,2484,300,1654930,90,0,62900750,2025-01-25 08:00:12.580,10,2025-01-01 18:30:01.464,0.0,30,30,-1,60000,30,9,0,8,1880.88,0,80.259995,b635ca22-90e2-4d03-97cb-15123cb31daf.extra_data.json,US7nt0+2+q,800,com.sec.android.app.shealth,1654130,86400000,b635ca22-90e2-4d03-97cb-15123cb31daf,2025-01-02 00:00:00.000,
0,62850050,0,0,3536,300,2357978,90,0,62900750,2025-01-25 08:00:12.276,10,2025-01-02 18:30:02.401,0.0,30,30,-1,120000,43,14,0,8,2622.6797,0,115.35998,d1c70f20-9f67-453d-8755-d32989328c67.extra_data.json,US7nt0+2+q,800,com.sec.android.app.shealth,2357178,86400000,d1c70f20-9f67-453d-8755-d32989328c67,2025-01-03 00:00:00.000,
0,62850050,0,0,5879,300,3881758,90,0,62900750,2025-01-25 08:00:11.976,10,2025-01-03 18:30:01.366,0.0,30,30,-1,60000,71,13,0,8,4425.86,0,187.43996,06a14d3e-302f-429a-9215-d9660b15cdf4.extra_data.json,US7nt0+2+q,4000,com.sec.android.app.shealth,3877758,86400000,06a14d3e-302f-429a-9215-d9660b15cdf4,2025-01-04 00:00:00.000,
0,62850050,0,0,4071,300,2713488,90,0,62900750,2025-01-25 08:00:11.631,10,2025-01-04 18:30:01.030,0.0,30,30,-1,120000,50,9,0,8,2957.91,0,138.14,0aac1138-4e3a-4725-b584-4e5ac3f61f47.extra_data.json,US7nt0+2+q,2800,com.sec.android.app.shealth,2710688,86400000,0aac1138-4e3a-4725-b584-4e5ac3f61f47,2025-01-05 00:00:00.000,
0,62850050,0,0,2115,300,1395062,90,0,62900750,2025-01-25 08:00:09.910,10,2025-01-05 18:30:01.403,0.0,30,30,-1,60000,25,11,0,8,1615.83,0,69.15,0e942fff-16b4-4f53-9022-a5a1bf0e0ea3.extra_data.json,US7nt0+2+q,10400,com.sec.android.app.shealth,1384662,86400000,0e942fff-16b4-4f53-9022-a5a1bf0e0ea3,2025-01-06 00:00:00.000,
0,62850050,0,0,2890,300,1901253,90,0,62900750,2025-02-03 17:37:55.702,10,2025-01-06 18:30:01.069,0.0,30,30,-1,60000,34,14,0,8,2211.9302,0,95.799995,ee342bf0-ff1f-44a0-b095-22dab6ffec6c.extra_data.json,US7nt0+2+q,14400,com.sec.android.app.shealth,1886853,86400000,ee342bf0-ff1f-44a0-b095-22dab6ffec6c,2025-01-07 00:00:00.000,
0,62850050,0,0,2541,300,1694847,90,0,62900750,2025-02-03 17:37:55.551,10,2025-01-07 18:30:01.228,0.0,30,30,-1,53360,31,12,0,8,1898.8497,0,82.08998,b4f9572b-8dd0-42ee-92bc-809ee1967d1b.extra_data.json,US7nt0+2+q,0,com.sec.android.app.shealth,1694847,86400000,b4f9572b-8dd0-42ee-92bc-809ee1967d1b,2025-01-08 00:00:00.000,
0,62850050,0,0,4810,300,3208270,90,0,62900750,2025-02-03 17:37:55.377,10,2025-01-08 18:30:01.130,0.0,30,30,-1,60000,58,9,0,8,3457.5989,0,171.74998,676a87b0-df88-4bdd-b116-7f7b03f98163.extra_data.json,US7nt0+2+q,0,com.sec.android.app.shealth,3208270,86400000,676a87b0-df88-4bdd-b116-7f7b03f98163,2025-01-09 00:00:00.000,
0,62850050,0,0,4665,300,3095153,90,0,62900750,2025-02-03 17:37:55.236,10,2025-01-09 18:30:01.471,0.0,30,30,-1,120000,56,12,0,8,3509.6304,0,153.08998,44fa10ca-3ea1-47c4-a4d3-4caf12460e33.extra_data.json,US7nt0+2+q,14400,com.sec.android.app.shealth,3080753,86400000,44fa10ca-3ea1-47c4-a4d3-4caf12460e33,2025-01-10 00:00:00.000,
0,62850050,0,0,4611,300,3047289,90,0,62910110,2025-02-07 03:18:28.778,10,2025-01-10 18:30:01.110,0.0,30,30,-1,60000,55,15,0,8,3502.2795,0,151.86002,8f93de5b-5029-4cfa-b3d2-4b073c257f64.extra_data.json,US7nt0+2+q,21200,com.sec.android.app.shealth,3026089,86400000,8f93de5b-5029-4cfa-b3d2-4b073c257f64,2025-01-11 00:00:00.000,
0,62850050,0,0,3658,300,2418654,90,0,62910110,2025-02-07 03:18:28.541,10,2025-01-11 18:30:05.259,0.0,30,30,-1,60000,44,13,0,8,2769.39,0,119.19998,d07f5634-ef8e-4736-9960-7e7ff0200242.extra_data.json,US7nt0+2+q,9600,com.sec.android.app.shealth,2409054,86400000,d07f5634-ef8e-4736-9960-7e7ff0200242,2025-01-12 00:00:00.000,
0,62850050,0,0,1855,300,1230051,90,0,62910110,2025-02-07 03:18:28.358,10,2025-01-12 18:30:01.346,0.0,30,30,-1,60000,22,10,0,8,1405.2197,0,60.960003,072308f7-6a6d-47c6-890d-bf992ca77ef3.extra_data.json,US7nt0+2+q,800,com.sec.android.app.shealth,1229251,86400000,072308f7-6a6d-47c6-890d-bf992ca77ef3,2025-01-13 00:00:00.000,
0,62850050,0,0,1116,300,744372,90,0,62910110,2025-02-07 03:18:28.197,10,2025-01-13 18:30:00.577,0.0,30,30,-1,53360,13,7,0,8,813.26996,0,37.19,76ed176b-79ec-4dc2-827d-da00adb392fb.extra_data.json,US7nt0+2+q,0,com.sec.android.app.shealth,744372,86400000,76ed176b-79ec-4dc2-827d-da00adb392fb,2025-01-14 00:00:00.000,
0,62850050,0,0,7292,300,4593038,90,0,62910110,2025-02-07 03:18:28.081,10,2025-01-14 18:30:02.131,0.0,30,30,-1,600000,84,17,0,8,5420.2104,0,229.06996,f5b35882-37a0-46fd-94fe-854376a62b16.extra_data.json,US7nt0+2+q,2400,com.sec.android.app.shealth,4590638,86400000,f5b35882-37a0-46fd-94fe-854376a62b16,2025-01-15 00:00:00.000,
0,62850050,0,1343000,6281,300,3762819,90,0,62910110,2025-02-07 03:18:27.959,10,2025-01-15 18:30:01.601,0.0,30,30,-1,719410,68,9,0,8,4814.7217,0,194.046,8970d840-7cd5-44a3-bdcd-b23cc89eb966.extra_data.json,US7nt0+2+q,0,com.sec.android.app.shealth,3762819,86400000,8970d840-7cd5-44a3-bdcd-b23cc89eb966,2025-01-16 00:00:00.000,
0,62850050,0,0,11694,300,7181980,90,0,62910110,2025-02-07 03:18:27.824,10,2025-01-16 18:30:01.172,0.0,30,30,-1,540000,132,16,0,8,8784.711,0,359.0399,5e3a809c-6248-43a1-97cf-f2d5733934ba.extra_data.json,US7nt0+2+q,400,com.sec.android.app.shealth,7181580,86400000,5e3a809c-6248-43a1-97cf-f2d5733934ba,2025-01-17 00:00:00.000,
0,62900750,0,0,17664,300,11496364,90,0,62910110,2025-02-07 03:18:27.677,10,2025-01-17 18:30:01.063,0.0,30,30,-1,360000,212,21,0,8,13371.207,0,577.3699,695d04dc-647e-426b-a410-53008c2c6830.extra_data.json,US7nt0+2+q,82763,com.sec.android.app.shealth,11413601,86400000,695d04dc-647e-426b-a410-53008c2c6830,2025-01-18 00:00:00.000,
0,62900750,0,0,10271,300,6716925,90,0,62910110,2025-02-07 03:18:27.535,10,2025-01-18 18:30:01.664,0.0,30,30,-1,120000,123,16,0,8,7730.4976,0,329.24017,f6f9aab4-9819-4e75-b20d-2f0c24656aa9.extra_data.json,US7nt0+2+q,24000,com.sec.android.app.shealth,6692925,86400000,f6f9aab4-9819-4e75-b20d-2f0c24656aa9,2025-01-19 00:00:00.000,
0,62900750,0,720000,8090,300,5113506,90,0,62910110,2025-02-07 03:18:27.390,10,2025-01-19 18:30:01.220,0.0,30,30,-1,720000,94,14,0,8,6053.68,0,250.03998,0190248f-2edc-4ce9-b7fe-539b1478c826.extra_data.json,US7nt0+2+q,0,com.sec.android.app.shealth,5113506,86400000,0190248f-2edc-4ce9-b7fe-539b1478c826,2025-01-20 00:00:00.000,
0,62900750,0,780000,4024,300,2584025,90,0,62910110,2025-02-07 03:18:27.259,10,2025-01-20 18:30:01.089,0.0,30,30,-1,780000,47,5,0,8,3044.58,0,124.209984,b0bee174-bdae-4178-8867-d1fd6470a5b0.extra_data.json,US7nt0+2+q,0,com.sec.android.app.shealth,2584025,86400000,b0bee174-bdae-4178-8867-d1fd6470a5b0,2025-01-21 00:00:00.000,
0,62900750,0,643000,4770,300,3014827,90,0,62910110,2025-02-07 03:18:27.137,10,2025-01-21 18:30:00.892,0.0,30,30,-1,660000,55,10,0,8,3652.2224,0,162.76945,a7cc09c7-c4e3-4cca-a0f1-a41d78ef4de1.extra_data.json,US7nt0+2+q,400,com.sec.android.app.shealth,3014427,86400000,a7cc09c7-c4e3-4cca-a0f1-a41d78ef4de1,2025-01-22 00:00:00.000,
0,62900750,0,653000,6966,300,4477877,90,0,62910110,2025-02-07 03:18:26.990,10,2025-01-22 18:30:01.104,0.0,30,30,-1,659699,82,12,0,8,5172.064,0,245.85,552c32eb-c84f-4875-9fe4-d8ef4a7f834d.extra_data.json,US7nt0+2+q,0,com.sec.android.app.shealth,4477877,86400000,552c32eb-c84f-4875-9fe4-d8ef4a7f834d,2025-01-23 00:00:00.000,
0,62900750,0,0,8802,300,5468779,90,0,62910110,2025-02-07 03:18:26.855,10,2025-01-23 18:30:01.560,0.0,30,30,-1,780000,101,17,0,8,6607.7505,0,281.51993,f681eaaa-b24d-48f9-9006-958fdd51ead2.extra_data.json,US7nt0+2+q,2594,com.sec.android.app.shealth,5466185,86400000,f681eaaa-b24d-48f9-9006-958fdd51ead2,2025-01-24 00:00:00.000,
0,62900750,0,1612000,14511,300,8939034,90,0,62910110,2025-02-07 03:18:26.723,10,2025-01-24 18:30:01.178,0.0,30,30,-1,899839,164,18,0,8,11026.686,0,502.21405,9eaa5e0a-3e14-4e6b-b6b6-dd5f9034311e.extra_data.json,US7nt0+2+q,400,com.sec.android.app.shealth,8938634,86400000,9eaa5e0a-3e14-4e6b-b6b6-dd5f9034311e,2025-01-25 00:00:00.000,
0,62900750,0,0,416,300,274268,90,0,62910110,2025-02-07 03:18:26.571,10,2025-01-25 18:30:01.519,0.0,30,30,-1,60000,4,6,0,8,320.74,0,14.139999,2ff127cb-4dc8-4ebf-95a5-35b9ce7b374f.extra_data.json,US7nt0+2+q,4800,com.sec.android.app.shealth,269468,86400000,2ff127cb-4dc8-4ebf-95a5-35b9ce7b374f,2025-01-26 00:00:00.000,
0,62900750,0,0,3096,300,1965657,90,0,62910110,2025-02-07 03:18:26.420,10,2025-01-26 18:30:01.151,0.0,30,30,-1,360000,35,9,0,8,2321.64,0,104.7,ea25f8ee-56fe-47c8-9686-9e566426b733.extra_data.json,US7nt0+2+q,4400,com.sec.android.app.shealth,1961257,86400000,ea25f8ee-56fe-47c8-9686-9e566426b733,2025-01-27 00:00:00.000,
0,62900750,0,686000,3447,300,2147632,90,0,62930070,2025-02-24 12:47:34.546,10,2025-01-27 18:30:01.074,0.0,30,30,-1,686205,38,10,0,8,2653.133,0,116.48046,a3ea2b78-059b-44f9-be51-b7870ef4d1d8.extra_data.json,US7nt0+2+q,0,com.sec.android.app.shealth,2147632,86400000,a3ea2b78-059b-44f9-be51-b7870ef4d1d8,2025-01-28 00:00:00.000,
0,62900750,0,1020000,5062,300,3163923,90,0,62930070,2025-02-25 08:22:00.444,10,2025-01-28 18:30:01.368,0.0,30,30,-1,1020000,57,12,0,8,3876.1406,0,170.53993,d3c24f0e-c626-49ed-8c4f-f00d4f141610.extra_data.json,US7nt0+2+q,13854,com.sec.android.app.shealth,3150069,86400000,d3c24f0e-c626-49ed-8c4f-f00d4f141610,2025-01-29 00:00:00.000,
0,62900750,0,0,4726,300,3007570,90,0,62930070,2025-02-25 08:21:59.483,10,2025-01-29 18:30:01.207,0.0,30,30,-1,300000,55,8,0,8,3534.3904,0,155.89996,4c1bf48e-782f-4915-b27a-bdfa8048b251.extra_data.json,US7nt0+2+q,0,com.sec.android.app.shealth,3007570,86400000,4c1bf48e-782f-4915-b27a-bdfa8048b251,2025-01-30 00:00:00.000,
0,62900750,0,0,6019,300,3958225,90,0,62930070,2025-02-25 08:21:58.845,10,2025-01-30 18:30:02.019,0.0,30,30,-1,180000,72,10,0,8,4467.441,0,211.60994,6177c805-8dbb-4735-a272-9c920f658deb.extra_data.json,US7nt0+2+q,0,com.sec.android.app.shealth,3958225,86400000,6177c805-8dbb-4735-a272-9c920f658deb,2025-01-31 00:00:00.000,
0,62900750,0,0,568,300,378856,90,0,62930070,2025-02-25 08:21:58.331,10,2025-01-31 18:30:00.891,0.0,30,30,-1,50025,6,7,0,8,426.03998,0,19.309998,a5a6a6b3-a686-4dd7-82c5-62f3c0d09c50.extra_data.json,US7nt0+2+q,0,com.sec.android.app.shealth,378856,86400000,a5a6a6b3-a686-4dd7-82c5-62f3c0d09c50,2025-02-01 00:00:00.000,
0,62900750,0,8038000,16324,300,9945343,90,0,62930070,2025-02-25 08:21:57.541,10,2025-02-01 18:30:01.128,0.0,30,30,-1,4139498,183,8,0,8,12330.966,0,518.73,bae2d927-9318-4209-94e6-350773c67883.extra_data.json,US7nt0+2+q,0,com.sec.android.app.shealth,9945343,86400000,bae2d927-9318-4209-94e6-350773c67883,2025-02-02 00:00:00.000,
0,62900750,0,0,6017,300,3882200,90,0,62930070,2025-02-25 08:21:56.478,10,2025-02-02 18:30:01.357,0.0,30,30,-1,240000,71,12,0,8,4508.4106,0,207.95,7306c335-729a-4a68-ba89-7c780ad38ed7.extra_data.json,US7nt0+2+q,800,com.sec.android.app.shealth,3881400,86400000,7306c335-729a-4a68-ba89-7c780ad38ed7,2025-02-03 00:00:00.000,
0,62900750,0,641000,3826,300,2431702,90,0,62930070,2025-02-25 08:21:55.645,10,2025-02-03 18:30:01.184,0.0,30,30,-1,641000,44,8,0,8,2890.9453,0,126.01866,80fccc65-8ed6-44b0-8b87-bc4c6498320b.extra_data.json,US7nt0+2+q,0,com.sec.android.app.shealth,2431702,86400000,80fccc65-8ed6-44b0-8b87-bc4c6498320b,2025-02-04 00:00:00.000,
0,62900750,0,780000,3545,300,2283178,90,0,62930070,2025-02-25 08:21:54.720,10,2025-02-04 18:30:00.768,0.0,30,30,-1,780000,42,8,0,8,2717.5999,0,114.37998,bedec818-5fce-40fc-97f6-46107079da01.extra_data.json,US7nt0+2+q,1406,com.sec.android.app.shealth,2281772,86400000,bedec818-5fce-40fc-97f6-46107079da01,2025-02-05 00:00:00.000,
0,62900750,0,0,4747,300,3093733,90,0,62930070,2025-03-05 15:50:26.757,10,2025-02-05 18:30:01.230,0.0,30,30,-1,240000,56,11,0,8,3524.9194,0,166.72,fc4a62f0-bd78-435c-8d3c-c51938378626.extra_data.json,US7nt0+2+q,0,com.sec.android.app.shealth,3093733,86400000,fc4a62f0-bd78-435c-8d3c-c51938378626,2025-02-06 00:00:00.000,
0,62900750,0,638000,10227,300,6297401,90,0,62930070,2025-03-05 15:50:26.386,10,2025-02-06 18:30:01.421,0.0,30,30,-1,638316,115,12,0,8,7974.803,0,364.8394,a4333567-5a65-4ea8-b736-5e495cb583a0.extra_data.json,US7nt0+2+q,141254,com.sec.android.app.shealth,6156147,86400000,a4333567-5a65-4ea8-b736-5e495cb583a0,2025-02-07 00:00:00.000,
0,62910110,0,0,11052,300,6885168,90,0,62930070,2025-03-05 15:50:25.768,10,2025-02-07 18:30:02.415,0.0,30,30,-1,600000,126,14,0,8,8208.729,0,394.8599,b3bb6e94-762e-4151-b3cd-1705df080b18.extra_data.json,US7nt0+2+q,800,com.sec.android.app.shealth,6884368,86400000,b3bb6e94-762e-4151-b3cd-1705df080b18,2025-02-08 00:00:00.000,
0,62920010,0,0,8738,300,5630611,90,0,62930070,2025-03-05 15:50:25.296,10,2025-02-08 18:30:01.452,0.0,30,30,-1,300000,103,13,0,8,6471.5674,0,329.61,e4c86b4f-2343-44e7-9e0e-8e909b75be86.extra_data.json,US7nt0+2+q,0,com.sec.android.app.shealth,5630611,86400000,e4c86b4f-2343-44e7-9e0e-8e909b75be86,2025-02-09 00:00:00.000,
0,62920010,0,0,5075,300,3215302,90,0,62930070,2025-03-05 15:50:24.677,10,2025-02-09 18:30:01.082,0.0,30,30,-1,360000,58,11,0,8,3802.5999,0,192.81,f48962f6-0f5a-41f8-930b-9cb3f825be96.extra_data.json,US7nt0+2+q,3600,com.sec.android.app.shealth,3211702,86400000,f48962f6-0f5a-41f8-930b-9cb3f825be96,2025-02-10 00:00:00.000,
0,62920010,0,0,3070,300,1940003,90,0,62930070,2025-03-05 15:50:24.382,10,2025-02-10 18:30:02.211,0.0,30,30,-1,360000,35,8,0,8,2280.7998,0,117.32998,7a01747b-b0a4-42de-926b-432fa0831fae.extra_data.json,US7nt0+2+q,0,com.sec.android.app.shealth,1940003,86400000,7a01747b-b0a4-42de-926b-432fa0831fae,2025-02-11 00:00:00.000,
0,62920010,0,0,4552,300,2943628,90,0,62930070,2025-03-05 15:50:24.136,10,2025-02-11 18:30:00.882,0.0,30,30,-1,300000,54,10,0,8,3385.4507,0,173.02994,dc707d86-8c03-4272-968c-f98d70ad96d1.extra_data.json,US7nt0+2+q,0,com.sec.android.app.shealth,2943628,86400000,dc707d86-8c03-4272-968c-f98d70ad96d1,2025-02-12 00:00:00.000,
0,62920010,0,1500000,9617,300,6044008,90,0,62930070,2025-03-05 15:50:23.746,10,2025-02-12 18:30:02.856,0.0,30,30,-1,1980000,111,12,0,8,7191.38,0,375.19995,b20e105e-3b72-44dc-a115-f2c537a79dc2.extra_data.json,US7nt0+2+q,0,com.sec.android.app.shealth,6044008,86400000,b20e105e-3b72-44dc-a115-f2c537a79dc2,2025-02-13 00:00:00.000,
0,62920010,0,0,6295,300,4084228,90,0,62930070,2025-03-05 15:50:23.380,10,2025-02-13 18:30:01.406,0.0,30,30,-1,300000,75,14,0,8,4663.3896,0,244.46999,4f5e9b2f-3f29-4af2-8e5e-b91006154e37.extra_data.json,US7nt0+2+q,0,com.sec.android.app.shealth,4084228,86400000,4f5e9b2f-3f29-4af2-8e5e-b91006154e37,2025-02-14 00:00:00.000,
0,62920010,0,1617000,13654,300,8500108,90,0,62930070,2025-03-05 15:50:22.984,10,2025-02-14 18:30:01.154,0.0,30,30,-1,930000,156,14,0,8,10353.595,0,538.7773,b30ca0df-0ac2-4f69-bdd6-4d9af911d509.extra_data.json,US7nt0+2+q,2800,com.sec.android.app.shealth,8497308,86400000,b30ca0df-0ac2-4f69-bdd6-4d9af911d509,2025-02-15 00:00:00.000,
0,62920010,0,0,8203,300,5232689,90,0,62930070,2025-03-05 15:50:22.565,10,2025-02-15 18:30:01.185,0.0,30,30,-1,660000,96,16,0,8,6079.66,0,318.99,fab44c14-0578-4818-b7f2-c0dc69aa2adb.extra_data.json,US7nt0+2+q,0,com.sec.android.app.shealth,5232689,86400000,fab44c14-0578-4818-b7f2-c0dc69aa2adb,2025-02-16 00:00:00.000,
0,62920010,0,0,539,300,359513,90,0,62930070,2025-03-05 15:50:22.123,10,2025-02-16 18:30:01.217,0.0,30,30,-1,38019,5,5,0,8,399.91,0,19.9,6e9ba9a2-50cb-45b8-bd7c-a7ca6420088e.extra_data.json,US7nt0+2+q,0,com.sec.android.app.shealth,359513,86400000,6e9ba9a2-50cb-45b8-bd7c-a7ca6420088e,2025-02-17 00:00:00.000,
0,62920010,0,0,6474,300,4184814,90,0,62930070,2025-03-05 15:50:21.665,10,2025-02-17 18:30:01.800,0.0,30,30,-1,180000,76,14,0,8,4776.858,0,242.73,90a7aebd-8130-408f-b1ce-27af1968eb96.extra_data.json,US7nt0+2+q,1600,com.sec.android.app.shealth,4183214,86400000,90a7aebd-8130-408f-b1ce-27af1968eb96,2025-02-18 00:00:00.000,
0,62920010,0,0,13161,300,8567128,90,0,62930070,2025-03-05 15:50:21.268,10,2025-02-18 18:30:02.014,0.0,30,30,-1,300000,157,14,0,8,9826.957,0,494.21008,38935c8b-0c9a-4c22-bf40-c4cc392c7c8c.extra_data.json,US7nt0+2+q,1200,com.sec.android.app.shealth,8565928,86400000,38935c8b-0c9a-4c22-bf40-c4cc392c7c8c,2025-02-19 00:00:00.000,
0,62920010,0,758000,8176,300,5418157,90,0,62930070,2025-03-05 15:50:20.983,10,2025-02-19 18:30:02.213,0.0,30,30,-1,758000,100,17,0,8,6137.1714,0,300.3026,72ad049a-f56b-454a-9c33-7ee26e9fc3ae.extra_data.json,US7nt0+2+q,7167,com.sec.android.app.shealth,5410990,86400000,72ad049a-f56b-454a-9c33-7ee26e9fc3ae,2025-02-20 00:00:00.000,
0,62920010,0,0,16942,300,11049446,90,0,62930070,2025-03-20 15:41:22.798,10,2025-02-20 18:30:00.652,0.0,30,30,-1,540000,204,14,0,8,12494.742,0,653.76984,8d63031c-da2f-4327-bb67-572ea64940f0.extra_data.json,US7nt0+2+q,0,com.sec.android.app.shealth,11049446,86400000,8d63031c-da2f-4327-bb67-572ea64940f0,2025-02-21 00:00:00.000,
0,62920010,0,3600000,12421,300,7907938,90,0,62930070,2025-03-20 15:41:21.339,10,2025-02-21 18:30:01.273,0.0,30,30,-1,2220000,145,12,0,8,9658.046,0,431.80005,6a7d3635-01ff-456d-a0fa-0e1b9b500858.extra_data.json,US7nt0+2+q,3600,com.sec.android.app.shealth,7904338,86400000,6a7d3635-01ff-456d-a0fa-0e1b9b500858,2025-02-22 00:00:00.000,
0,62920010,0,0,10301,300,6728485,90,0,62930070,2025-03-20 15:41:19.569,10,2025-02-22 18:30:01.066,0.0,30,30,-1,300000,123,18,0,8,7661.4014,0,390.52985,83c85656-af0f-44a6-b409-ed48685b3be8.extra_data.json,US7nt0+2+q,24940,com.sec.android.app.shealth,6703545,86400000,83c85656-af0f-44a6-b409-ed48685b3be8,2025-02-23 00:00:00.000,
0,62920010,0,0,19724,300,12508234,90,0,62930070,2025-03-20 15:41:17.771,10,2025-02-23 18:30:01.010,0.0,30,30,-1,420000,231,20,0,8,14605.944,0,777.21967,e283e450-4010-4abc-a3e1-6036e9fed239.extra_data.json,US7nt0+2+q,74496,com.sec.android.app.shealth,12433738,86400000,e283e450-4010-4abc-a3e1-6036e9fed239,2025-02-24 00:00:00.000,
0,62930070,0,0,1210,300,802371,90,0,62930070,2025-03-20 15:41:16.720,10,2025-02-24 18:30:01.137,0.0,30,30,-1,60000,14,7,0,8,901.95996,0,45.03,6757761a-1f36-458a-afcb-25b3f2c33550.extra_data.json,US7nt0+2+q,0,com.sec.android.app.shealth,802371,86400000,6757761a-1f36-458a-afcb-25b3f2c33550,2025-02-25 00:00:00.000,
0,62930070,0,716000,3820,300,2396305,90,0,62930070,2025-03-20 15:41:15.232,10,2025-02-25 18:30:01.856,0.0,30,30,-1,719307,43,8,0,8,2970.6196,0,147.142,81b93ad2-f45a-47d8-9211-e7028b70244e.extra_data.json,US7nt0+2+q,6894,com.sec.android.app.shealth,2389411,86400000,81b93ad2-f45a-47d8-9211-e7028b70244e,2025-02-26 00:00:00.000,
0,62930070,0,0,3903,300,2427310,90,0,62930070,2025-03-26 13:43:57.032,10,2025-02-26 18:30:01.278,0.0,30,30,-1,420000,44,10,0,8,2919.45,0,150.48999,9217256d-019a-49e1-913c-88b8759e32ff.extra_data.json,US7nt0+2+q,0,com.sec.android.app.shealth,2427310,86400000,9217256d-019a-49e1-913c-88b8759e32ff,2025-02-27 00:00:00.000,
0,62930070,0,831000,8168,300,5099809,90,0,62930070,2025-03-26 13:43:56.770,10,2025-02-27 18:30:02.033,0.0,30,30,-1,840000,93,13,0,8,6147.3184,0,309.30698,aab9198f-ccc9-47e5-b201-8700d099920a.extra_data.json,US7nt0+2+q,400,com.sec.android.app.shealth,5099409,86400000,aab9198f-ccc9-47e5-b201-8700d099920a,2025-02-28 00:00:00.000,
0,62930070,0,0,753,300,502251,90,0,62930070,2025-03-26 13:43:56.540,10,2025-02-28 18:30:01.158,0.0,30,30,-1,60000,8,7,0,8,555.9899,0,27.979994,9a57d0b3-b775-4179-bf7b-5ee91cd3639a.extra_data.json,US7nt0+2+q,0,com.sec.android.app.shealth,502251,86400000,9a57d0b3-b775-4179-bf7b-5ee91cd3639a,2025-03-01 00:00:00.000,
0,62930070,0,0,998,300,645566,90,0,62930070,2025-03-26 13:43:56.415,10,2025-03-01 18:30:01.422,0.0,30,30,-1,60000,11,7,0,8,758.17,0,37.489994,65002f8c-8139-4bfe-a77c-3e6a79fffd4a.extra_data.json,US7nt0+2+q,6980,com.sec.android.app.shealth,638586,86400000,65002f8c-8139-4bfe-a77c-3e6a79fffd4a,2025-03-02 00:00:00.000,
0,62930070,0,773000,6123,300,3840840,90,0,62930070,2025-03-26 13:43:56.271,10,2025-03-02 18:30:01.714,0.0,30,30,-1,780000,71,11,0,8,4602.107,0,242.03267,1d9102b8-d07e-4a5a-8c68-5aa76faa5f91.extra_data.json,US7nt0+2+q,719,com.sec.android.app.shealth,3840121,86400000,1d9102b8-d07e-4a5a-8c68-5aa76faa5f91,2025-03-03 00:00:00.000,
0,62930070,0,659000,4601,300,2866834,90,0,62930070,2025-03-26 13:43:56.130,10,2025-03-03 18:30:01.584,0.0,30,30,-1,659928,52,6,0,8,3435.9192,0,178.6,fa262bef-4d63-4b2b-80f4-c2bffead0d17.extra_data.json,US7nt0+2+q,800,com.sec.android.app.shealth,2866034,86400000,fa262bef-4d63-4b2b-80f4-c2bffead0d17,2025-03-04 00:00:00.000,
0,62930070,0,720000,5855,300,3756611,90,0,62930070,2025-03-26 13:43:55.880,10,2025-03-04 18:30:00.956,0.0,30,30,-1,720000,68,9,0,8,4356.0605,0,227.49,06e46a27-fa43-4813-bc27-d8f2c3d9f153.extra_data.json,US7nt0+2+q,0,com.sec.android.app.shealth,3756611,86400000,06e46a27-fa43-4813-bc27-d8f2c3d9f153,2025-03-05 00:00:00.000,
0,62930070,0,0,5472,300,3499889,90,0,62930070,2025-03-26 13:43:55.766,10,2025-03-05 18:30:02.235,0.0,30,30,-1,540000,64,10,0,8,4080.0398,0,210.38002,58fbcb62-ee78-4a2f-a53d-92494359512f.extra_data.json,US7nt0+2+q,800,com.sec.android.app.shealth,3499089,86400000,58fbcb62-ee78-4a2f-a53d-92494359512f,2025-03-06 00:00:00.000,
0,62930070,0,0,5536,300,3561640,90,0,62930070,2025-03-26 13:43:55.632,10,2025-03-06 18:30:01.020,0.0,30,30,-1,300000,65,11,0,8,4124.11,0,211.19003,75c73950-ac85-4597-a1c1-3184ae0c917d.extra_data.json,US7nt0+2+q,400,com.sec.android.app.shealth,3561240,86400000,75c73950-ac85-4597-a1c1-3184ae0c917d,2025-03-07 00:00:00.000,
0,62930070,0,0,733,300,468841,90,0,62950170,2025-04-04 12:08:29.717,10,2025-03-07 18:30:01.300,0.0,30,30,-1,60000,7,5,0,8,550.9,0,27.36,9efa2247-0b37-40a6-ab8e-38368651590c.extra_data.json,US7nt0+2+q,0,com.sec.android.app.shealth,468841,86400000,9efa2247-0b37-40a6-ab8e-38368651590c,2025-03-08 00:00:00.000,
0,62930070,0,0,551,300,358816,90,0,62950170,2025-04-04 12:08:29.201,10,2025-03-08 18:30:01.937,0.0,30,30,-1,60000,5,4,0,8,412.36,0,20.699999,27f4f3a2-01ba-4f2c-8ad8-e324cf9f5f60.extra_data.json,US7nt0+2+q,0,com.sec.android.app.shealth,358816,86400000,27f4f3a2-01ba-4f2c-8ad8-e324cf9f5f60,2025-03-09 00:00:00.000,
0,62930070,0,659000,6136,300,3845539,90,0,62950170,2025-04-04 12:08:28.574,10,2025-03-09 18:30:01.139,0.0,30,30,-1,720000,71,11,0,8,4588.4043,0,237.71332,25b2fc35-a8f6-4749-bbd8-d84c007687e4.extra_data.json,US7nt0+2+q,0,com.sec.android.app.shealth,3845539,86400000,25b2fc35-a8f6-4749-bbd8-d84c007687e4,2025-03-10 00:00:00.000,
0,62930070,0,0,3159,300,1946493,90,0,62950170,2025-04-04 12:08:28.073,10,2025-03-10 18:30:01.511,0.0,30,30,-1,480000,35,8,0,8,2364.46,0,121.36,edcbccd9-4194-4ea1-ae0c-684769c46387.extra_data.json,US7nt0+2+q,0,com.sec.android.app.shealth,1946493,86400000,edcbccd9-4194-4ea1-ae0c-684769c46387,2025-03-11 00:00:00.000,
0,62930070,0,0,3138,300,1994547,90,0,62950170,2025-04-04 12:08:27.101,10,2025-03-11 18:30:01.629,0.0,30,30,-1,480000,36,8,0,8,2333.6099,0,121.42,707a7aa8-ed09-406f-822d-0e8e584e2ceb.extra_data.json,US7nt0+2+q,0,com.sec.android.app.shealth,1994547,86400000,707a7aa8-ed09-406f-822d-0e8e584e2ceb,2025-03-12 00:00:00.000,
0,62930070,0,0,5277,300,3398342,90,0,62950170,2025-04-04 12:08:26.918,10,2025-03-12 18:30:01.216,0.0,30,30,-1,480000,62,9,0,8,3911.26,0,206.17996,feb092e7-c5ea-49d6-957a-6c0c8f8786e3.extra_data.json,US7nt0+2+q,0,com.sec.android.app.shealth,3398342,86400000,feb092e7-c5ea-49d6-957a-6c0c8f8786e3,2025-03-13 00:00:00.000,
0,62930070,0,0,670,300,429518,90,0,62950170,2025-04-04 12:08:26.755,10,2025-03-13 18:30:01.325,0.0,30,30,-1,60000,7,3,0,8,500.19998,0,25.42,fbc91e81-67a8-429f-82ec-ab9f33b61011.extra_data.json,US7nt0+2+q,0,com.sec.android.app.shealth,429518,86400000,fbc91e81-67a8-429f-82ec-ab9f33b61011,2025-03-14 00:00:00.000,
0,62930070,0,0,467,300,311489,90,0,62950170,2025-04-04 12:08:26.540,10,2025-03-14 18:30:01.648,0.0,30,30,-1,42688,5,5,0,8,353.16998,0,16.83,33fb8f94-c6cd-4ad4-a197-651d7978a125.extra_data.json,US7nt0+2+q,0,com.sec.android.app.shealth,311489,86400000,33fb8f94-c6cd-4ad4-a197-651d7978a125,2025-03-15 00:00:00.000,
0,62930070,0,0,968,300,645656,90,0,62950170,2025-04-04 12:08:26.341,10,2025-03-15 18:30:01.061,0.0,30,30,-1,60000,11,8,0,8,725.1901,0,35.27,8d84f66c-be0e-43dd-bc20-d1146924057a.extra_data.json,US7nt0+2+q,0,com.sec.android.app.shealth,645656,86400000,8d84f66c-be0e-43dd-bc20-d1146924057a,2025-03-16 00:00:00.000,
0,62930070,0,629000,5311,300,3410801,90,0,62950170,2025-04-13 17:32:15.528,10,2025-03-16 18:30:01.308,0.0,30,30,-1,629000,62,10,0,8,3990.3086,0,203.77704,e5d09c71-b9dc-469d-a30d-2c7445dcfbf3.extra_data.json,US7nt0+2+q,0,com.sec.android.app.shealth,3410801,86400000,e5d09c71-b9dc-469d-a30d-2c7445dcfbf3,2025-03-17 00:00:00.000,
0,62930070,0,1373000,3244,300,2022956,90,0,62950170,2025-04-14 06:58:57.986,10,2025-03-17 18:30:01.347,0.0,30,30,-1,720000,36,7,0,8,2492.8843,0,127.46464,829e248a-1a20-4f70-aa50-9adac41e29ce.extra_data.json,US7nt0+2+q,4000,com.sec.android.app.shealth,2018956,86400000,829e248a-1a20-4f70-aa50-9adac41e29ce,2025-03-18 00:00:00.000,
0,62930070,0,775000,8087,300,4913929,90,0,62950170,2025-04-14 06:58:57.435,10,2025-03-18 18:30:01.359,0.0,30,30,-1,775993,90,10,0,8,6114.764,0,311.27795,e377cb44-4955-4eaf-bb8b-8a170af21d86.extra_data.json,US7nt0+2+q,0,com.sec.android.app.shealth,4913929,86400000,e377cb44-4955-4eaf-bb8b-8a170af21d86,2025-03-19 00:00:00.000,
0,62930070,0,0,4475,300,2836728,90,0,62950170,2025-04-14 06:58:56.825,10,2025-03-19 18:30:01.042,0.0,30,30,-1,660000,52,9,0,8,3331.4492,0,173.83998,6f391b0b-de93-45b3-9799-c5f925378b7d.extra_data.json,US7nt0+2+q,0,com.sec.android.app.shealth,2836728,86400000,6f391b0b-de93-45b3-9799-c5f925378b7d,2025-03-20 00:00:00.000,
0,62930070,0,0,4050,300,2554100,90,0,62950170,2025-04-14 06:58:56.357,10,2025-03-20 18:30:02.013,0.0,30,30,-1,240000,46,10,0,8,3031.0696,0,154.42,59105558-8715-40c4-b2ac-427ac4aaac9c.extra_data.json,US7nt0+2+q,0,com.sec.android.app.shealth,2554100,86400000,59105558-8715-40c4-b2ac-427ac4aaac9c,2025-03-21 00:00:00.000,
0,62930070,0,0,735,300,485546,90,0,62950170,2025-04-14 06:58:55.585,10,2025-03-21 18:30:01.991,0.0,30,30,-1,60000,8,5,0,8,554.56,0,26.619999,d626ceeb-e991-40c0-b169-ea2450976e10.extra_data.json,US7nt0+2+q,0,com.sec.android.app.shealth,485546,86400000,d626ceeb-e991-40c0-b169-ea2450976e10,2025-03-22 00:00:00.000,
0,62930070,0,2753000,6325,300,3669560,90,0,62950170,2025-04-14 06:58:54.607,10,2025-03-22 18:30:00.909,0.0,30,30,-1,2759156,67,6,0,8,4876.9253,0,249.21701,8a56c92e-c037-4e1d-b367-3b6fb40bf5ac.extra_data.json,US7nt0+2+q,0,com.sec.android.app.shealth,3669560,86400000,8a56c92e-c037-4e1d-b367-3b6fb40bf5ac,2025-03-23 00:00:00.000,
0,62930070,0,0,3922,300,2504415,90,0,62950170,2025-04-14 06:58:53.816,10,2025-03-23 18:30:01.177,0.0,30,30,-1,300000,45,8,0,8,2929.3303,0,121.51997,6326f164-821a-4d42-8197-855fed39bc6e.extra_data.json,US7nt0+2+q,1951,com.sec.android.app.shealth,2502464,86400000,6326f164-821a-4d42-8197-855fed39bc6e,2025-03-24 00:00:00.000,
0,62930070,0,0,5765,300,3651688,90,0,62950170,2025-04-14 06:58:53.196,10,2025-03-24 18:30:02.032,0.0,30,30,-1,420000,66,12,0,8,4336.23,0,180.49002,711a91d0-def4-4021-b210-0e0a8e8b5181.extra_data.json,US7nt0+2+q,21200,com.sec.android.app.shealth,3630488,86400000,711a91d0-def4-4021-b210-0e0a8e8b5181,2025-03-25 00:00:00.000,
0,62930070,0,5685000,13141,300,7957899,90,0,62950170,2025-04-14 06:58:52.465,10,2025-03-25 18:30:02.359,0.0,30,30,-1,3780000,146,10,0,8,9903.992,0,400.60434,e893164f-0552-4b5e-978d-2f66c6fd2fca.extra_data.json,US7nt0+2+q,400,com.sec.android.app.shealth,7957499,86400000,e893164f-0552-4b5e-978d-2f66c6fd2fca,2025-03-26 00:00:00.000,
0,62930070,0,2632000,11990,300,7327145,90,0,62950170,2025-04-14 06:58:51.967,10,2025-03-26 18:30:01.793,0.0,30,30,-1,1855000,135,12,0,8,9138.476,0,371.8256,356f0572-6526-47b9-80a0-629c67aac950.extra_data.json,US7nt0+2+q,0,com.sec.android.app.shealth,7327145,86400000,356f0572-6526-47b9-80a0-629c67aac950,2025-03-27 00:00:00.000,
0,62930070,0,0,7781,300,4946816,90,0,62950170,2025-04-14 06:58:51.511,10,2025-03-27 18:30:02.107,0.0,30,30,-1,360000,91,12,0,8,5781.4795,0,240.60997,fe4f3dc4-113a-4972-9589-d3e360d4ee8b.extra_data.json,US7nt0+2+q,0,com.sec.android.app.shealth,4946816,86400000,fe4f3dc4-113a-4972-9589-d3e360d4ee8b,2025-03-28 00:00:00.000,
0,62930070,0,1241000,7876,300,5040917,90,0,62950170,2025-04-25 11:20:17.287,10,2025-03-28 18:30:01.217,0.0,30,30,-1,1260000,92,16,0,8,5991.175,0,252.59544,3408de35-4422-496b-9d6f-c495fd12a1f7.extra_data.json,US7nt0+2+q,9200,com.sec.android.app.shealth,5031717,86400000,3408de35-4422-496b-9d6f-c495fd12a1f7,2025-03-29 00:00:00.000,
0,62930070,0,0,7437,300,4919536,90,0,62950170,2025-04-25 11:20:16.986,10,2025-03-29 18:30:01.706,0.0,30,30,-1,120000,90,16,0,8,5682.991,0,239.44002,ba31a61f-7e59-4373-adf8-31d821141709.extra_data.json,US7nt0+2+q,5200,com.sec.android.app.shealth,4914336,86400000,ba31a61f-7e59-4373-adf8-31d821141709,2025-03-30 00:00:00.000,
0,62930070,0,0,5152,300,3417073,90,0,62950170,2025-04-25 11:20:16.746,10,2025-03-30 18:30:00.757,0.0,30,30,-1,60000,62,13,0,8,3921.6897,0,170.11998,b33dcb00-fb1f-4637-89f1-55d24bb1280a.extra_data.json,US7nt0+2+q,22800,com.sec.android.app.shealth,3394273,86400000,b33dcb00-fb1f-4637-89f1-55d24bb1280a,2025-03-31 00:00:00.000,
0,62930070,0,719000,4742,300,2991638,90,0,62950170,2025-04-25 11:20:16.609,10,2025-03-31 18:30:01.743,0.0,30,30,-1,719546,54,12,0,8,3538.2102,0,147.82999,7798debf-79ee-480b-8822-6ec1d96af173.extra_data.json,US7nt0+2+q,800,com.sec.android.app.shealth,2990838,86400000,7798debf-79ee-480b-8822-6ec1d96af173,2025-04-01 00:00:00.000,
0,62930070,0,0,4946,300,3142791,90,0,62950170,2025-04-25 11:20:16.466,10,2025-04-01 18:30:01.238,0.0,30,30,-1,360000,57,9,0,8,3700.12,0,151.55003,de635904-aeae-416c-8136-d50d4766dcf9.extra_data.json,US7nt0+2+q,0,com.sec.android.app.shealth,3142791,86400000,de635904-aeae-416c-8136-d50d4766dcf9,2025-04-02 00:00:00.000,
0,62930070,0,719000,6719,300,4272389,90,0,62950170,2025-04-25 11:20:16.316,10,2025-04-02 18:30:01.986,0.0,30,30,-1,780000,78,12,0,8,5038.6797,0,207.17534,37ced85c-450c-46a6-8e6f-8ba91181b1af.extra_data.json,US7nt0+2+q,0,com.sec.android.app.shealth,4272389,86400000,37ced85c-450c-46a6-8e6f-8ba91181b1af,2025-04-03 00:00:00.000,
0,62930070,0,771000,11299,300,7101047,90,0,62950170,2025-04-25 11:20:16.149,10,2025-04-03 18:30:01.183,0.0,30,30,-1,1080000,131,11,0,8,8471.385,0,350.3251,3b2f66e5-95d0-4f2c-b8ae-13afdbe333b1.extra_data.json,US7nt0+2+q,400,com.sec.android.app.shealth,7100647,86400000,3b2f66e5-95d0-4f2c-b8ae-13afdbe333b1,2025-04-04 00:00:00.000,
0,62950170,0,0,3436,300,2281747,90,0,62950170,2025-04-25 11:20:15.991,10,2025-04-04 18:30:01.429,0.0,30,30,-1,60000,42,12,0,8,2563.44,0,108.99996,34e128a5-4c30-418a-b946-5555aacece9e.extra_data.json,US7nt0+2+q,0,com.sec.android.app.shealth,2281747,86400000,34e128a5-4c30-418a-b946-5555aacece9e,2025-04-05 00:00:00.000,
0,62950170,0,2459000,6119,300,3566682,90,0,62950170,2025-04-25 11:20:15.855,10,2025-04-05 18:30:01.523,0.0,30,30,-1,1187000,65,6,0,8,5370.923,0,222.31483,89049793-7203-4d8e-ab37-e057d082c553.extra_data.json,US7nt0+2+q,0,com.sec.android.app.shealth,3566682,86400000,89049793-7203-4d8e-ab37-e057d082c553,2025-04-06 00:00:00.000,
0,62950170,0,0,6471,300,4083658,90,0,62950170,2025-04-25 11:20:15.688,10,2025-04-06 18:30:01.282,0.0,30,30,-1,480000,75,9,0,8,4850.3003,0,196.55,191e2b56-4757-432c-8b3d-99102ef6b058.extra_data.json,US7nt0+2+q,909,com.sec.android.app.shealth,4082749,86400000,191e2b56-4757-432c-8b3d-99102ef6b058,2025-04-07 00:00:00.000,
0,62950170,0,660000,3322,300,2121097,90,0,62950170,2025-04-25 11:20:15.551,10,2025-04-07 18:30:02.188,0.0,30,30,-1,780000,38,5,0,8,2478.52,0,101.07,4ec1d299-c8a2-4d2e-971d-2d67ae96db34.extra_data.json,US7nt0+2+q,0,com.sec.android.app.shealth,2121097,86400000,4ec1d299-c8a2-4d2e-971d-2d67ae96db34,2025-04-08 00:00:00.000,
0,62950170,0,4969000,13875,300,8288513,90,0,62950170,2025-05-06 16:33:35.811,10,2025-04-08 18:30:01.066,0.0,30,30,-1,2071000,153,11,0,8,11258.331,0,487.67636,f8a33394-83bd-4519-98dd-966e4628f27c.extra_data.json,US7nt0+2+q,0,com.sec.android.app.shealth,8288513,86400000,f8a33394-83bd-4519-98dd-966e4628f27c,2025-04-09 00:00:00.000,
0,62950170,0,0,935,300,614914,90,0,62950170,2025-05-07 04:24:44.352,10,2025-04-09 18:30:01.093,0.0,30,30,-1,60000,11,6,0,8,701.1999,0,29.029995,a6d95d7b-d64e-47e5-8ef4-0741ffc5abcf.extra_data.json,US7nt0+2+q,0,com.sec.android.app.shealth,614914,86400000,a6d95d7b-d64e-47e5-8ef4-0741ffc5abcf,2025-04-10 00:00:00.000,
0,62950170,0,1260000,10657,300,6635098,90,0,62950170,2025-05-07 04:24:43.821,10,2025-04-10 18:30:01.163,0.0,30,30,-1,1260000,122,15,0,8,7992.7607,0,325.27002,922ef80b-ffd3-4853-a92b-0e18ce4c1bc3.extra_data.json,US7nt0+2+q,4400,com.sec.android.app.shealth,6630698,86400000,922ef80b-ffd3-4853-a92b-0e18ce4c1bc3,2025-04-11 00:00:00.000,
0,62950170,0,0,563,300,375521,90,0,62950170,2025-05-07 04:24:43.437,10,2025-04-11 19:17:41.481,0.0,30,30,-1,60000,6,5,0,8,421.65002,0,17.55,7cdf5cf2-cd80-4151-8cea-1ab6235abecb.extra_data.json,US7nt0+2+q,0,com.sec.android.app.shealth,375521,86400000,7cdf5cf2-cd80-4151-8cea-1ab6235abecb,2025-04-12 00:00:00.000,
0,62950170,0,216000,1847,300,1181517,90,0,62950170,2025-05-07 04:24:43.082,10,2025-04-12 18:30:01.015,0.0,30,30,-1,288891,21,6,0,8,1457.5833,0,59.65247,8e8a6126-0d39-47d2-8493-decedd1b465a.extra_data.json,US7nt0+2+q,3563,com.sec.android.app.shealth,1177954,86400000,8e8a6126-0d39-47d2-8493-decedd1b465a,2025-04-13 00:00:00.000,
0,62950170,0,0,564,300,376188,90,0,62950170,2025-05-07 04:24:42.753,10,2025-04-13 18:30:01.336,0.0,30,30,-1,48024,6,6,0,8,427.27,0,18.029997,24004422-c159-4533-a2ab-21d8422be63f.extra_data.json,US7nt0+2+q,0,com.sec.android.app.shealth,376188,86400000,24004422-c159-4533-a2ab-21d8422be63f,2025-04-14 00:00:00.000,
0,62950170,0,0,6268,300,3889457,90,0,62950170,2025-05-07 04:24:42.264,10,2025-04-14 18:30:01.500,0.0,30,30,-1,420000,71,9,0,8,4663.71,0,193.23994,10ab3563-3c1d-4b0d-ba80-4b0d46244610.extra_data.json,US7nt0+2+q,1200,com.sec.android.app.shealth,3888257,86400000,10ab3563-3c1d-4b0d-ba80-4b0d46244610,2025-04-15 00:00:00.000,
0,62950170,0,3596000,14496,300,8772164,90,0,62950170,2025-05-07 04:24:41.550,10,2025-04-15 18:44:50.317,0.0,30,30,-1,1468000,162,11,0,8,11397.689,0,494.09732,04bd71e5-d740-49af-8612-80aabc7ff2dd.extra_data.json,US7nt0+2+q,800,com.sec.android.app.shealth,8771364,86400000,04bd71e5-d740-49af-8612-80aabc7ff2dd,2025-04-16 00:00:00.000,
0,62950170,0,3374000,11496,300,6821890,90,0,62950170,2025-05-07 04:24:40.563,10,2025-04-16 18:30:00.998,0.0,30,30,-1,1079000,125,13,0,8,9231.723,0,389.70615,9e6fed77-1e07-4eaa-ad63-f3d7dcd06963.extra_data.json,US7nt0+2+q,6215,com.sec.android.app.shealth,6815675,86400000,9e6fed77-1e07-4eaa-ad63-f3d7dcd06963,2025-04-17 00:00:00.000,
0,62950170,0,8758000,15957,300,10152214,90,0,62950170,2025-05-07 04:24:39.906,10,2025-04-17 18:35:32.526,0.0,30,30,-1,1718000,187,11,0,8,19312.55,0,651.5756,27f57a79-6dcd-4d44-b1ed-b3f3daa41e98.extra_data.json,US7nt0+2+q,0,com.sec.android.app.shealth,10152214,86400000,27f57a79-6dcd-4d44-b1ed-b3f3daa41e98,2025-04-18 00:00:00.000,
0,62950170,0,0,10520,300,6505699,90,0,62950170,2025-05-07 04:24:36.846,10,2025-04-18 18:30:02.421,0.0,30,30,-1,1080000,120,11,0,8,7815.3003,0,324.18002,1e5b8521-8b32-48fd-8dae-6d88eb372504.extra_data.json,US7nt0+2+q,0,com.sec.android.app.shealth,6505699,86400000,1e5b8521-8b32-48fd-8dae-6d88eb372504,2025-04-19 00:00:00.000,
0,62950170,0,2786000,6018,300,3678508,90,0,62950170,2025-05-07 04:24:36.051,10,2025-04-19 18:30:01.467,0.0,30,30,-1,2147000,67,8,0,8,5115.565,0,228.42726,b6c8db3b-ff6e-4761-b4aa-5ae4ff56b0c5.extra_data.json,US7nt0+2+q,0,com.sec.android.app.shealth,3678508,86400000,b6c8db3b-ff6e-4761-b4aa-5ae4ff56b0c5,2025-04-20 00:00:00.000,
0,62950170,0,0,6973,300,4366496,90,0,62950170,2025-05-07 04:24:35.212,10,2025-04-20 18:30:01.772,0.0,30,30,-1,360000,80,10,0,8,5226.839,0,216.14001,60141b46-5c05-460b-8d40-657635d728ac.extra_data.json,US7nt0+2+q,0,com.sec.android.app.shealth,4366496,86400000,60141b46-5c05-460b-8d40-657635d728ac,2025-04-21 00:00:00.000,
0,62950170,0,0,4259,300,2686683,90,0,62950170,2025-05-19 10:29:26.166,10,2025-04-21 18:36:53.306,0.0,30,30,-1,480000,48,8,0,8,3164.4504,0,135.73999,a80016a4-e10a-4c56-bf9b-452a8306a834.extra_data.json,US7nt0+2+q,0,com.sec.android.app.shealth,2686683,86400000,a80016a4-e10a-4c56-bf9b-452a8306a834,2025-04-22 00:00:00.000,
0,62950170,0,701000,6719,300,4146993,90,0,62950170,2025-05-19 10:29:25.103,10,2025-04-22 18:30:02.268,0.0,30,30,-1,701000,76,9,0,8,5092.9595,0,210.44366,5fa91f36-46cb-4f0d-8e22-8d1c40b0a9ca.extra_data.json,US7nt0+2+q,400,com.sec.android.app.shealth,4146593,86400000,5fa91f36-46cb-4f0d-8e22-8d1c40b0a9ca,2025-04-23 00:00:00.000,
0,62950170,0,3680000,9229,300,5598496,90,0,62950170,2025-05-19 10:29:21.135,10,2025-04-23 19:26:49.599,0.0,30,30,-1,840000,103,10,0,8,7026.02,0,286.48367,5b2a4220-04da-439f-86b3-c36ad8299787.extra_data.json,US7nt0+2+q,0,com.sec.android.app.shealth,5598496,86400000,5b2a4220-04da-439f-86b3-c36ad8299787,2025-04-24 00:00:00.000,
0,62950170,0,0,2507,300,1577822,90,0,62950170,2025-05-19 10:29:20.482,10,2025-04-24 18:30:01.101,0.0,30,30,-1,300000,28,8,0,8,1888.42,0,78.35999,fd42b6d0-7a3a-451b-8c2d-80535940bbaf.extra_data.json,US7nt0+2+q,0,com.sec.android.app.shealth,1577822,86400000,fd42b6d0-7a3a-451b-8c2d-80535940bbaf,2025-04-25 00:00:00.000,
0,62950170,0,2460000,13875,300,8540471,90,0,62950170,2025-05-19 10:29:20.029,10,2025-04-25 18:30:01.891,0.0,30,30,-1,1620000,156,17,0,8,10494.81,0,443.16986,76a61f93-9eed-49bb-aa17-7e378c704244.extra_data.json,US7nt0+2+q,30940,com.sec.android.app.shealth,8509531,86400000,76a61f93-9eed-49bb-aa17-7e378c704244,2025-04-26 00:00:00.000,
0,62950170,0,704000,4767,300,2993154,90,0,62950170,2025-05-19 10:29:19.769,10,2025-04-26 18:36:06.687,0.0,30,30,-1,720000,54,10,0,8,3595.135,0,150.59131,3a2941f8-6fcf-44cb-bb91-78e545e9b33e.extra_data.json,US7nt0+2+q,0,com.sec.android.app.shealth,2993154,86400000,3a2941f8-6fcf-44cb-bb91-78e545e9b33e,2025-04-27 00:00:00.000,
0,62950170,0,0,9692,300,6445722,90,0,62950170,2025-05-25 11:35:37.656,10,2025-04-27 18:30:20.258,0.0,30,30,-1,120000,118,23,0,8,7208.4185,0,323.2299,704dc37c-ad97-4424-a489-abb12da77e1a.extra_data.json,US7nt0+2+q,5200,com.sec.android.app.shealth,6440522,86400000,704dc37c-ad97-4424-a489-abb12da77e1a,2025-04-28 00:00:00.000,
0,62950170,0,0,3586,300,2361118,90,0,62950170,2025-05-25 11:35:37.520,10,2025-04-28 18:30:01.420,0.0,30,30,-1,120000,43,16,0,8,2710.75,0,118.060005,76b8ee06-fbc4-4ee1-b7a2-de33cf2820c3.extra_data.json,US7nt0+2+q,4000,com.sec.android.app.shealth,2357118,86400000,76b8ee06-fbc4-4ee1-b7a2-de33cf2820c3,2025-04-29 00:00:00.000,
0,62950170,0,2580000,8194,300,4509407,90,0,62950170,2025-05-25 11:35:37.329,10,2025-04-29 18:30:02.960,0.0,30,30,-1,2580000,83,10,0,8,7186.589,0,395.50998,ca929e4c-ed2c-4267-9255-93df42c14d4b.extra_data.json,US7nt0+2+q,2581848,com.sec.android.app.shealth,1927559,86400000,ca929e4c-ed2c-4267-9255-93df42c14d4b,2025-04-30 00:00:00.000,
0,62950170,0,0,3279,300,2162713,90,0,62950170,2025-05-25 11:35:37.143,10,2025-04-30 18:30:01.140,0.0,30,30,-1,180000,38,14,0,8,2523.5208,0,110.42002,f416c6ae-4396-4603-ba80-9970b8ea6d5f.extra_data.json,US7nt0+2+q,22400,com.sec.android.app.shealth,2140313,86400000,f416c6ae-4396-4603-ba80-9970b8ea6d5f,2025-05-01 00:00:00.000,
0,62950170,0,1795000,7587,300,4566974,90,0,62950170,2025-05-29 03:14:30.184,10,2025-05-01 20:16:25.898,0.0,30,30,-1,1080000,83,10,0,8,6009.9565,0,279.58997,fb249c59-906b-420d-8df0-99d9b4f7abf6.extra_data.json,US7nt0+2+q,292081,com.sec.android.app.shealth,4274893,86400000,fb249c59-906b-420d-8df0-99d9b4f7abf6,2025-05-02 00:00:00.000,
0,62950170,0,0,6189,300,4078495,90,0,62950170,2025-05-29 03:14:29.844,10,2025-05-02 18:31:25.652,0.0,30,30,-1,180000,74,12,0,8,4588.409,0,213.81995,0ce00f54-a43b-4ffc-95f0-f4c63f1c1878.extra_data.json,US7nt0+2+q,13704,com.sec.android.app.shealth,4064791,86400000,0ce00f54-a43b-4ffc-95f0-f4c63f1c1878,2025-05-03 00:00:00.000,
0,62950170,0,0,2635,300,1757545,90,0,62950170,2025-05-30 18:56:49.443,10,2025-05-03 18:30:01.859,0.0,30,30,-1,52026,32,12,0,8,1971.6298,0,86.51001,050b9937-8d3c-4649-bab8-a798d600bb61.extra_data.json,US7nt0+2+q,0,com.sec.android.app.shealth,1757545,86400000,050b9937-8d3c-4649-bab8-a798d600bb61,2025-05-04 00:00:00.000,
0,62950170,0,0,3026,300,2014576,90,0,62950170,2025-05-30 18:56:48.965,10,2025-05-04 18:30:01.193,0.0,30,30,-1,60000,36,10,0,8,2264.3794,0,101.17,1ee1389c-2ada-42ba-9e5c-59c7af9f8a14.extra_data.json,US7nt0+2+q,1600,com.sec.android.app.shealth,2012976,86400000,1ee1389c-2ada-42ba-9e5c-59c7af9f8a14,2025-05-05 00:00:00.000,
0,62950170,0,0,4422,300,2868580,90,0,62950170,2025-05-30 18:56:48.285,10,2025-05-05 18:31:00.987,0.0,30,30,-1,120000,52,14,0,8,3337.9297,0,147.56,1aeb5c46-ad27-4a3c-a826-dbd0f786f083.extra_data.json,US7nt0+2+q,14000,com.sec.android.app.shealth,2854580,86400000,1aeb5c46-ad27-4a3c-a826-dbd0f786f083,2025-05-06 00:00:00.000,
0,62950170,0,0,2755,300,1837585,90,0,63010030,2025-06-03 18:08:49.677,10,2025-05-06 18:30:01.698,0.0,30,30,-1,46023,33,13,0,8,2062.8398,0,91.32001,d4071367-827d-4815-ae32-d3e97cbb7410.extra_data.json,US7nt0+2+q,0,com.sec.android.app.shealth,1837585,86400000,d4071367-827d-4815-ae32-d3e97cbb7410,2025-05-07 00:00:00.000,
0,62950170,0,0,4288,300,2821051,90,0,63010030,2025-06-03 18:08:49.451,10,2025-05-07 19:03:21.515,0.0,30,30,-1,180000,51,11,0,8,3274.7703,0,140.16002,8f6397ef-ccfb-4720-861b-d5cf70a8e9fa.extra_data.json,US7nt0+2+q,4400,com.sec.android.app.shealth,2816651,86400000,8f6397ef-ccfb-4720-861b-d5cf70a8e9fa,2025-05-08 00:00:00.000,
0,62950170,0,0,2540,300,1682943,90,0,63010030,2025-06-03 18:08:49.218,10,2025-05-08 18:30:00.917,0.0,30,30,-1,60000,31,12,0,8,1913.07,0,84.409996,ea7ced5d-ae25-4ca3-b130-8126dea514ea.extra_data.json,US7nt0+2+q,2800,com.sec.android.app.shealth,1680143,86400000,ea7ced5d-ae25-4ca3-b130-8126dea514ea,2025-05-09 00:00:00.000,
0,62950170,0,20000,1187,300,812248,90,0,63010030,2025-06-03 18:08:48.999,10,2025-05-09 18:30:01.427,0.0,30,30,-1,44689,14,9,0,8,902.96014,0,37.43,a836e98d-8aad-403c-aec4-bf9bf3e5a43c.extra_data.json,US7nt0+2+q,400,com.sec.android.app.shealth,811848,86400000,a836e98d-8aad-403c-aec4-bf9bf3e5a43c,2025-05-10 00:00:00.000,
0,62950170,0,0,2864,300,1904948,90,0,63010030,2025-06-03 18:08:48.723,10,2025-05-10 18:30:01.023,0.0,30,30,-1,60000,34,10,0,8,2212.9695,0,92.60002,df60ab21-6b37-4603-9675-57f5da628e8d.extra_data.json,US7nt0+2+q,8000,com.sec.android.app.shealth,1896948,86400000,df60ab21-6b37-4603-9675-57f5da628e8d,2025-05-11 00:00:00.000,
0,62950170,0,0,2080,300,1383622,90,0,63010030,2025-06-03 18:08:48.520,10,2025-05-11 18:30:00.982,0.0,30,30,-1,52026,24,11,0,8,1609.5901,0,67.520004,049b8af9-54a6-4adc-9058-cbe4456bf9b7.extra_data.json,US7nt0+2+q,5600,com.sec.android.app.shealth,1378022,86400000,049b8af9-54a6-4adc-9058-cbe4456bf9b7,2025-05-12 00:00:00.000,
0,62950170,0,1691000,4029,300,2493500,90,0,63010030,2025-06-03 18:08:48.249,10,2025-05-12 19:03:35.464,0.0,30,30,-1,1048000,45,9,0,8,3111.9993,0,125.50334,bce3c6c8-b7ac-4084-9c29-666ac851ab81.extra_data.json,US7nt0+2+q,0,com.sec.android.app.shealth,2493500,86400000,bce3c6c8-b7ac-4084-9c29-666ac851ab81,2025-05-13 00:00:00.000,
0,62950170,0,0,4843,300,2979863,90,0,63010030,2025-06-03 18:08:47.861,10,2025-05-13 18:30:01.038,0.0,30,30,-1,480000,54,7,0,8,3621.7703,0,148.9,33c73adc-f572-4bf9-9826-c3ca9a42434e.extra_data.json,US7nt0+2+q,2226,com.sec.android.app.shealth,2977637,86400000,33c73adc-f572-4bf9-9826-c3ca9a42434e,2025-05-14 00:00:00.000,
0,62950170,0,0,5952,300,3769681,90,0,63010030,2025-06-11 09:42:44.039,10,2025-05-14 18:30:27.583,0.0,30,30,-1,720000,68,10,0,8,4414.5493,0,186.26997,f811a39c-19c6-41ec-83bf-56ee21fd7ceb.extra_data.json,US7nt0+2+q,0,com.sec.android.app.shealth,3769681,86400000,f811a39c-19c6-41ec-83bf-56ee21fd7ceb,2025-05-15 00:00:00.000,
0,62950170,0,0,4514,300,2740530,90,0,63010030,2025-06-12 12:28:53.527,10,2025-05-15 18:35:34.093,0.0,30,30,-1,540000,50,9,0,8,3384.0503,0,138.94997,994dd9ab-ede6-4f5e-813f-fdb0f46e8707.extra_data.json,US7nt0+2+q,0,com.sec.android.app.shealth,2740530,86400000,994dd9ab-ede6-4f5e-813f-fdb0f46e8707,2025-05-16 00:00:00.000,
0,62950170,0,897000,4053,300,2449411,90,0,63010030,2025-06-13 05:49:08.708,10,2025-05-16 18:30:00.877,0.0,30,30,-1,899026,44,6,0,8,3100.886,0,125.505325,445f085e-a8e2-4c89-8f8f-1aa3aa426ae4.extra_data.json,US7nt0+2+q,0,com.sec.android.app.shealth,2449411,86400000,445f085e-a8e2-4c89-8f8f-1aa3aa426ae4,2025-05-17 00:00:00.000,
0,62950170,0,0,966,300,644322,90,0,63010030,2025-06-13 05:49:08.509,10,2025-05-17 18:52:22.410,0.0,30,30,-1,46023,11,7,0,8,717.24,0,31.800001,af86c699-ba41-4d22-9908-533c7d6c8bcd.extra_data.json,US7nt0+2+q,0,com.sec.android.app.shealth,644322,86400000,af86c699-ba41-4d22-9908-533c7d6c8bcd,2025-05-18 00:00:00.000,
0,62950170,0,0,844,300,560220,90,0,63010030,2025-06-13 05:49:08.396,10,2025-05-18 18:30:01.991,0.0,30,30,-1,60000,10,5,0,8,633.11,0,26.509995,00361b94-97f3-44a1-b79b-c26eca537a8c.extra_data.json,US7nt0+2+q,0,com.sec.android.app.shealth,560220,86400000,00361b94-97f3-44a1-b79b-c26eca537a8c,2025-05-19 00:00:00.000,
0,62950170,0,780000,5196,300,3212496,90,0,63010030,2025-06-13 05:49:08.279,10,2025-05-19 18:46:46.454,0.0,30,30,-1,900000,58,7,0,8,3928.011,0,162.08995,424085d0-cfd8-4543-8691-2a38414ec868.extra_data.json,US7nt0+2+q,0,com.sec.android.app.shealth,3212496,86400000,424085d0-cfd8-4543-8691-2a38414ec868,2025-05-20 00:00:00.000,
0,62950170,0,717000,4731,300,2928564,90,0,63010030,2025-06-13 05:49:08.030,10,2025-05-20 18:30:00.887,0.0,30,30,-1,720000,53,8,0,8,3540.5232,0,146.80199,e1978959-168c-4656-a571-4f1e27fe9f0e.extra_data.json,US7nt0+2+q,0,com.sec.android.app.shealth,2928564,86400000,e1978959-168c-4656-a571-4f1e27fe9f0e,2025-05-21 00:00:00.000,
0,62950170,0,0,4813,300,2974870,90,0,63010030,2025-06-13 05:49:07.868,10,2025-05-21 19:16:49.867,0.0,30,30,-1,540000,54,9,0,8,3604.5496,0,148.89,2e2639fc-47d0-4b1c-a25c-5e0c5df96051.extra_data.json,US7nt0+2+q,800,com.sec.android.app.shealth,2974070,86400000,2e2639fc-47d0-4b1c-a25c-5e0c5df96051,2025-05-22 00:00:00.000,
0,62950170,0,0,9554,300,5996831,90,0,63010030,2025-06-13 05:49:07.363,10,2025-05-22 18:30:01.030,0.0,30,30,-1,840000,110,14,0,8,7136.49,0,296.23996,9bdb3c33-c65c-442f-bcad-3258b53b4769.extra_data.json,US7nt0+2+q,0,com.sec.android.app.shealth,5996831,86400000,9bdb3c33-c65c-442f-bcad-3258b53b4769,2025-05-23 00:00:00.000,
0,62950170,0,1679000,12908,300,8121112,90,0,63010030,2025-06-20 17:44:25.352,10,2025-05-23 18:30:01.520,0.0,30,30,-1,1019632,150,8,0,8,9569.989,0,407.48978,986f7f8b-17e6-40d0-bc7f-f0d20a9fa23b.extra_data.json,US7nt0+2+q,0,com.sec.android.app.shealth,8121112,86400000,986f7f8b-17e6-40d0-bc7f-f0d20a9fa23b,2025-05-24 00:00:00.000,
0,62950170,0,0,6664,300,4341910,90,0,63010030,2025-06-20 17:44:25.233,10,2025-05-24 18:30:00.911,0.0,30,30,-1,360000,80,13,0,8,4913.05,0,214.97995,a7975aa6-47fb-42de-9e62-5a53d810bbb0.extra_data.json,US7nt0+2+q,400,com.sec.android.app.shealth,4341510,86400000,a7975aa6-47fb-42de-9e62-5a53d810bbb0,2025-05-25 00:00:00.000,
0,62950170,0,7782000,14944,300,8879205,90,0,63010030,2025-06-20 17:44:25.074,10,2025-05-25 18:30:01.443,0.0,30,30,-1,7140000,163,9,0,8,11259.805,0,453.00095,a212c64c-06a4-4d56-9c72-90ba8d13d324.extra_data.json,US7nt0+2+q,0,com.sec.android.app.shealth,8879205,86400000,a212c64c-06a4-4d56-9c72-90ba8d13d324,2025-05-26 00:00:00.000,
0,62950170,0,0,5064,300,3160950,90,0,63010030,2025-06-22 19:42:10.075,10,2025-05-26 19:29:33.593,0.0,30,30,-1,300000,57,9,0,8,3796.1594,0,157.68997,6cc0e660-a37d-484d-83ec-16eb4ac1acee.extra_data.json,US7nt0+2+q,0,com.sec.android.app.shealth,3160950,86400000,6cc0e660-a37d-484d-83ec-16eb4ac1acee,2025-05-27 00:00:00.000,
0,62950170,0,0,4227,300,2721577,90,0,63010030,2025-06-22 19:42:09.959,10,2025-05-27 20:12:26.399,0.0,30,30,-1,420000,50,6,0,8,3108.8892,0,136.59999,1771f4d1-4be1-442d-809e-0a60a47ccadc.extra_data.json,US7nt0+2+q,0,com.sec.android.app.shealth,2721577,86400000,1771f4d1-4be1-442d-809e-0a60a47ccadc,2025-05-28 00:00:00.000,
0,62950170,0,2744000,10578,300,6493254,90,0,63010030,2025-06-22 19:42:09.823,10,2025-05-28 18:30:02.096,0.0,30,30,-1,1319349,120,13,0,8,8019.679,0,333.15292,2d66ee3c-5d65-4392-8bed-652a589bd2e9.extra_data.json,US7nt0+2+q,0,com.sec.android.app.shealth,6493254,86400000,2d66ee3c-5d65-4392-8bed-652a589bd2e9,2025-05-29 00:00:00.000,
0,62950170,0,716000,3678,300,2293170,90,0,63010030,2025-06-22 19:42:09.608,10,2025-05-29 18:30:11.162,0.0,30,30,-1,720000,42,11,0,8,2757.2637,0,116.312004,c2a0521e-2c24-4d86-b7f5-c303a7e9fbac.extra_data.json,US7nt0+2+q,0,com.sec.android.app.shealth,2293170,86400000,c2a0521e-2c24-4d86-b7f5-c303a7e9fbac,2025-05-30 00:00:00.000,
0,62950170,0,0,10465,300,6565334,90,0,63020270,2025-06-27 01:35:02.276,10,2025-05-30 18:30:02.989,0.0,30,30,-1,900000,121,14,0,8,7794.68,0,331.25992,fb61883b-0e80-482e-a564-f0200dd87d04.extra_data.json,US7nt0+2+q,2400,com.sec.android.app.shealth,6562934,86400000,fb61883b-0e80-482e-a564-f0200dd87d04,2025-05-31 00:00:00.000,
0,62950170,0,1200000,5426,300,3479776,90,0,63020270,2025-06-28 11:52:34.448,10,2025-05-31 19:15:12.270,0.0,30,30,-1,1200000,63,16,0,8,4005.8398,0,183.88002,e4642f9e-1a5e-40b1-b7d3-0f2c7935a663.extra_data.json,US7nt0+2+q,0,com.sec.android.app.shealth,3479776,86400000,e4642f9e-1a5e-40b1-b7d3-0f2c7935a663,2025-06-01 00:00:00.000,
0,62950170,0,0,4738,300,3114502,90,0,63020270,2025-06-28 11:52:34.335,10,2025-06-01 19:07:11.584,0.0,30,30,-1,180000,56,11,0,8,3514.8105,0,159.06999,5067e03e-3c04-458f-9fbf-bcf1c059e920.extra_data.json,US7nt0+2+q,3965,com.sec.android.app.shealth,3110537,86400000,5067e03e-3c04-458f-9fbf-bcf1c059e920,2025-06-02 00:00:00.000,
0,62950170,0,0,2491,300,1658293,90,0,63020270,2025-06-30 05:19:59.547,10,2025-06-02 18:30:00.757,0.0,30,30,-1,60000,30,14,0,8,1892.2402,0,84.75999,36ed2f8a-bb54-4312-9768-aec7d17e4749.extra_data.json,US7nt0+2+q,4800,com.sec.android.app.shealth,1653493,86400000,36ed2f8a-bb54-4312-9768-aec7d17e4749,2025-06-03 00:00:00.000,
0,63010030,0,0,3124,300,2037770,90,0,63020270,2025-06-30 05:19:59.401,10,2025-06-03 18:30:01.278,0.0,30,30,-1,120000,36,10,0,8,2414.94,0,102.679985,9ca8a0a0-e82a-4ff5-8a91-ce8bb72dda89.extra_data.json,US7nt0+2+q,3600,com.sec.android.app.shealth,2034170,86400000,9ca8a0a0-e82a-4ff5-8a91-ce8bb72dda89,2025-06-04 00:00:00.000,
0,63010030,0,0,3703,300,2458420,90,0,63020270,2025-06-30 05:19:59.274,10,2025-06-04 19:07:29.890,0.0,30,30,-1,120000,44,13,0,8,2802.2197,0,133.34001,7fc40717-b4ed-4ca0-b8f6-ea758fe0400a.extra_data.json,US7nt0+2+q,17200,com.sec.android.app.shealth,2441220,86400000,7fc40717-b4ed-4ca0-b8f6-ea758fe0400a,2025-06-05 00:00:00.000,
0,63010030,0,0,1055,300,701015,90,0,63020270,2025-07-03 10:55:15.385,10,2025-06-05 18:30:00.721,0.0,30,30,-1,52026,12,9,0,8,798.47,0,35.8,2d81127c-aa68-4fcf-81e8-e154c838f02f.extra_data.json,US7nt0+2+q,4000,com.sec.android.app.shealth,697015,86400000,2d81127c-aa68-4fcf-81e8-e154c838f02f,2025-06-06 00:00:00.000,
0,63010030,0,0,3769,300,2493413,90,0,63020270,2025-07-03 10:55:15.208,10,2025-06-06 18:30:01.021,0.0,30,30,-1,60000,45,16,0,8,2944.9792,0,129.48001,7da3cfb0-94ae-454e-89ae-166931927c3f.extra_data.json,US7nt0+2+q,19600,com.sec.android.app.shealth,2473813,86400000,7da3cfb0-94ae-454e-89ae-166931927c3f,2025-06-07 00:00:00.000,
0,63010030,0,0,2461,300,1633688,90,0,63020270,2025-07-03 10:55:15.026,10,2025-06-07 18:30:01.149,0.0,30,30,-1,60000,30,11,0,8,1864.32,0,81.869995,fb3a6539-9bac-4474-bce9-d62e36a0b7a7.extra_data.json,US7nt0+2+q,3600,com.sec.android.app.shealth,1630088,86400000,fb3a6539-9bac-4474-bce9-d62e36a0b7a7,2025-06-08 00:00:00.000,
0,63010030,0,0,6063,300,4011181,90,0,63020310,2025-07-06 02:52:12.180,10,2025-06-08 18:30:00.888,0.0,30,30,-1,420000,73,12,0,8,4604.6416,0,200.47002,df36c403-f6af-4103-ba7d-997cb505c608.extra_data.json,US7nt0+2+q,14000,com.sec.android.app.shealth,3997181,86400000,df36c403-f6af-4103-ba7d-997cb505c608,2025-06-09 00:00:00.000,
0,63010030,0,2630000,22793,300,14109400,90,0,63020310,2025-07-06 02:52:12.057,10,2025-06-09 18:30:01.586,0.0,30,30,-1,1260000,261,17,0,8,17046.303,0,706.3281,fbecd402-17b7-4ca7-acde-5b9bb3f0c6a8.extra_data.json,US7nt0+2+q,3226,com.sec.android.app.shealth,14106174,86400000,fbecd402-17b7-4ca7-acde-5b9bb3f0c6a8,2025-06-10 00:00:00.000,
0,63010030,0,720000,26821,300,17240424,90,0,63020310,2025-07-06 02:52:11.855,10,2025-06-10 18:30:00.675,0.0,30,30,-1,1020000,318,17,0,8,20324.729,0,846.51996,b96d3de4-d394-42e1-833f-4b9d81414cf9.extra_data.json,US7nt0+2+q,12388,com.sec.android.app.shealth,17228036,86400000,b96d3de4-d394-42e1-833f-4b9d81414cf9,2025-06-11 00:00:00.000,
0,63010030,0,0,17884,300,11372235,90,0,63020310,2025-07-06 02:52:11.711,10,2025-06-11 18:30:01.933,0.0,30,30,-1,1740000,210,14,0,8,13170.719,0,559.8003,f4b399e5-97f9-4240-95d8-e2c464aa1d33.extra_data.json,US7nt0+2+q,0,com.sec.android.app.shealth,11372235,86400000,f4b399e5-97f9-4240-95d8-e2c464aa1d33,2025-06-12 00:00:00.000,
0,63010030,0,0,9447,300,6126192,90,0,63020310,2025-07-06 02:52:11.537,10,2025-06-12 18:30:11.084,0.0,30,30,-1,480000,113,18,0,8,6979.1,0,305.40997,52d91ffa-ce0a-4454-b5f1-49c96890315b.extra_data.json,US7nt0+2+q,0,com.sec.android.app.shealth,6126192,86400000,52d91ffa-ce0a-4454-b5f1-49c96890315b,2025-06-13 00:00:00.000,
0,63010030,0,0,8075,300,5243130,90,0,63020310,2025-07-06 02:52:11.284,10,2025-06-13 18:30:07.381,0.0,30,30,-1,420000,96,13,0,8,5924.0312,0,269.66998,08ef8949-ae2b-48ff-8ef6-8fb9c4d82f5e.extra_data.json,US7nt0+2+q,1200,com.sec.android.app.shealth,5241930,86400000,08ef8949-ae2b-48ff-8ef6-8fb9c4d82f5e,2025-06-14 00:00:00.000,
0,63010030,0,0,9344,300,5735157,90,0,63020310,2025-07-12 16:05:36.291,10,2025-06-14 18:30:01.481,0.0,30,30,-1,720000,105,13,0,8,6939.9004,0,292.52994,0b81282e-5dfe-4088-9771-cc9602cacb58.extra_data.json,US7nt0+2+q,0,com.sec.android.app.shealth,5735157,86400000,0b81282e-5dfe-4088-9771-cc9602cacb58,2025-06-15 00:00:00.000,
0,63010030,0,720000,11779,300,7649151,90,0,63020310,2025-07-12 16:05:35.633,10,2025-06-15 18:30:00.972,0.0,30,30,-1,900000,141,20,0,8,8831.649,0,396.34982,28c1ab1b-4247-44f7-b5fe-9df53fe72d36.extra_data.json,US7nt0+2+q,17600,com.sec.android.app.shealth,7631551,86400000,28c1ab1b-4247-44f7-b5fe-9df53fe72d36,2025-06-16 00:00:00.000,
0,63010030,0,0,4267,300,2846089,90,0,63020310,2025-07-12 16:05:35.383,10,2025-06-16 18:30:01.023,0.0,30,30,-1,50692,52,17,0,8,3222.3,0,140.47006,51cf7377-da78-4686-8dbb-824f98edd59e.extra_data.json,US7nt0+2+q,0,com.sec.android.app.shealth,2846089,86400000,51cf7377-da78-4686-8dbb-824f98edd59e,2025-06-17 00:00:00.000,
0,63010030,0,1020000,15616,300,9483134,90,0,63020310,2025-07-12 16:05:35.155,10,2025-06-17 18:30:00.971,0.0,30,30,-1,1020000,174,16,0,8,11688.196,0,486.26974,c4704195-4fb3-46c4-8367-7fed84983281.extra_data.json,US7nt0+2+q,6400,com.sec.android.app.shealth,9476734,86400000,c4704195-4fb3-46c4-8367-7fed84983281,2025-06-18 00:00:00.000,
0,63010030,0,0,6552,300,4333278,90,0,63020310,2025-07-12 16:05:34.951,10,2025-06-18 18:30:01.360,0.0,30,30,-1,180000,78,15,0,8,4918.461,0,218.81007,fb65aa2e-6e3d-4a54-a53b-82d036d5e5be.extra_data.json,US7nt0+2+q,22377,com.sec.android.app.shealth,4310901,86400000,fb65aa2e-6e3d-4a54-a53b-82d036d5e5be,2025-06-19 00:00:00.000,
0,63010030,0,0,6811,300,4528202,90,0,63020310,2025-07-12 16:05:34.735,10,2025-06-19 18:30:00.975,0.0,30,30,-1,60000,83,14,0,8,5050.62,0,228.19005,09b03c85-18fb-4851-bea0-20656c6c38a4.extra_data.json,US7nt0+2+q,2000,com.sec.android.app.shealth,4526202,86400000,09b03c85-18fb-4851-bea0-20656c6c38a4,2025-06-20 00:00:00.000,
0,63010030,0,0,9907,300,6565097,90,0,63020310,2025-07-12 16:05:34.592,10,2025-06-20 18:30:01.030,0.0,30,30,-1,240000,121,17,0,8,7280.729,0,332.3501,a664c8d6-4c03-4f0c-9876-d13ac57383c2.extra_data.json,US7nt0+2+q,1600,com.sec.android.app.shealth,6563497,86400000,a664c8d6-4c03-4f0c-9876-d13ac57383c2,2025-06-21 00:00:00.000,
0,63010030,0,0,6337,300,4216071,90,0,63020310,2025-07-12 16:05:34.465,10,2025-06-21 18:30:00.979,0.0,30,30,-1,60000,77,17,0,8,4683.3306,0,216.57011,e7f99ee4-6314-4cdb-8547-c53b1fa1ce45.extra_data.json,US7nt0+2+q,12000,com.sec.android.app.shealth,4204071,86400000,e7f99ee4-6314-4cdb-8547-c53b1fa1ce45,2025-06-22 00:00:00.000,
0,63010030,0,0,2948,300,1966316,90,0,63020310,2025-07-12 16:05:34.261,10,2025-06-22 18:30:00.874,0.0,30,30,-1,49358,35,16,0,8,2187.2598,0,98.23999,7c01fea1-b909-4d32-af4d-74e48715bdec.extra_data.json,US7nt0+2+q,0,com.sec.android.app.shealth,1966316,86400000,7c01fea1-b909-4d32-af4d-74e48715bdec,2025-06-23 00:00:00.000,
0,63010030,0,0,2768,300,1845455,90,0,63020310,2025-07-12 16:05:34.125,10,2025-06-23 18:30:00.941,0.0,30,30,-1,50025,33,14,0,8,2072.2397,0,91.54999,884c0bd4-0c60-48ac-ac82-917e8bc3e4c4.extra_data.json,US7nt0+2+q,1200,com.sec.android.app.shealth,1844255,86400000,884c0bd4-0c60-48ac-ac82-917e8bc3e4c4,2025-06-24 00:00:00.000,
0,63010030,0,0,2994,300,1991572,90,0,63020310,2025-07-12 16:05:33.949,10,2025-06-24 18:30:01.298,0.0,30,30,-1,120000,36,12,0,8,2252.8604,0,98.09,a1f605bf-80d4-4443-9f5f-4b8a2291ba2d.extra_data.json,US7nt0+2+q,0,com.sec.android.app.shealth,1991572,86400000,a1f605bf-80d4-4443-9f5f-4b8a2291ba2d,2025-06-25 00:00:00.000,
0,63010030,0,0,3715,300,2462237,90,0,63030110,2025-07-23 15:57:23.744,10,2025-06-25 18:30:01.402,0.0,30,30,-1,120000,45,16,0,8,2810.4297,0,122.60994,2448c09e-90ca-41d9-9288-3d3791877f06.extra_data.json,US7nt0+2+q,400,com.sec.android.app.shealth,2461837,86400000,2448c09e-90ca-41d9-9288-3d3791877f06,2025-06-26 00:00:00.000,
0,63010030,0,0,5142,300,3412200,90,0,63030110,2025-07-23 15:57:22.544,10,2025-06-26 18:30:01.090,0.0,30,30,-1,60000,62,16,0,8,3867.169,0,171.75006,b1388356-c160-478c-b718-e7847ec0ade4.extra_data.json,US7nt0+2+q,17200,com.sec.android.app.shealth,3395000,86400000,b1388356-c160-478c-b718-e7847ec0ade4,2025-06-27 00:00:00.000,
0,63020270,0,0,8652,300,5714954,90,0,63030110,2025-07-25 11:28:25.999,10,2025-06-27 18:30:00.945,0.0,30,30,-1,180000,105,15,0,8,6493.882,0,283.53998,9b480f94-f9df-4cc3-824b-c908b5c5c580.extra_data.json,US7nt0+2+q,4400,com.sec.android.app.shealth,5710554,86400000,9b480f94-f9df-4cc3-824b-c908b5c5c580,2025-06-28 00:00:00.000,
0,63020270,0,0,4191,300,2786028,90,0,63030110,2025-07-25 11:28:25.849,10,2025-06-28 18:30:01.134,0.0,30,30,-1,60000,51,13,0,8,3100.2998,0,139.65,6646861d-1421-4e76-9bc9-554048e68e01.extra_data.json,US7nt0+2+q,2000,com.sec.android.app.shealth,2784028,86400000,6646861d-1421-4e76-9bc9-554048e68e01,2025-06-29 00:00:00.000,
0,63020270,0,0,2875,300,1911992,90,0,63030110,2025-07-25 11:28:25.738,10,2025-06-29 18:30:01.290,0.0,30,30,-1,60000,34,12,0,8,2159.2307,0,96.360016,8a6d33bc-eecd-444e-a76c-b46594a037b1.extra_data.json,US7nt0+2+q,400,com.sec.android.app.shealth,1911592,86400000,8a6d33bc-eecd-444e-a76c-b46594a037b1,2025-06-30 00:00:00.000,
0,63020270,0,0,2691,300,1774160,90,0,63030110,2025-07-25 11:28:25.572,10,2025-06-30 18:30:00.972,0.0,30,30,-1,60000,32,12,0,8,2008.1802,0,88.759995,dd496bda-1c31-4377-acf4-1d237f45369c.extra_data.json,US7nt0+2+q,0,com.sec.android.app.shealth,1774160,86400000,dd496bda-1c31-4377-acf4-1d237f45369c,2025-07-01 00:00:00.000,
0,63020270,0,0,1550,300,1029311,90,0,63030110,2025-07-25 11:28:25.465,10,2025-07-01 18:30:00.721,0.0,30,30,-1,60000,18,11,0,8,1164.46,0,53.370007,3da41a1f-6127-43b3-847f-6ecb7efe4eba.extra_data.json,US7nt0+2+q,6800,com.sec.android.app.shealth,1022511,86400000,3da41a1f-6127-43b3-847f-6ecb7efe4eba,2025-07-02 00:00:00.000,
0,63020270,0,0,3477,300,2299027,90,0,63030110,2025-07-25 11:28:25.310,10,2025-07-02 18:30:01.279,0.0,30,30,-1,240000,42,11,0,8,2619.3801,0,115.65999,5ea407ea-2c98-4c7e-b9d4-2acbc7973794.extra_data.json,US7nt0+2+q,4000,com.sec.android.app.shealth,2295027,86400000,5ea407ea-2c98-4c7e-b9d4-2acbc7973794,2025-07-03 00:00:00.000,
0,63020270,0,0,3375,300,2237126,90,0,63030110,2025-07-31 16:36:03.922,10,2025-07-03 18:30:00.902,0.0,30,30,-1,120000,41,11,0,8,2551.2207,0,112.48998,bb5836ec-4558-49b6-9e4d-2d928c4b0838.extra_data.json,US7nt0+2+q,10800,com.sec.android.app.shealth,2226326,86400000,bb5836ec-4558-49b6-9e4d-2d928c4b0838,2025-07-04 00:00:00.000,
0,63020270,0,0,1930,300,1278579,90,0,63030110,2025-07-31 16:36:03.826,10,2025-07-04 18:30:01.025,0.0,30,30,-1,180000,23,10,0,8,1424.4401,0,63.240005,18e134f1-b097-4573-96c3-18548ff9f168.extra_data.json,US7nt0+2+q,0,com.sec.android.app.shealth,1278579,86400000,18e134f1-b097-4573-96c3-18548ff9f168,2025-07-05 00:00:00.000,
0,63020310,0,0,4445,300,2830118,90,0,63030110,2025-07-31 16:36:03.765,10,2025-07-05 18:30:01.045,0.0,30,30,-1,420000,52,9,0,8,3314.6306,0,139.31998,705ab52d-f3db-4a28-9e14-385ec70d1df6.extra_data.json,US7nt0+2+q,0,com.sec.android.app.shealth,2830118,86400000,705ab52d-f3db-4a28-9e14-385ec70d1df6,2025-07-06 00:00:00.000,
0,63020310,0,0,6427,300,4123948,90,0,63030110,2025-07-31 16:36:03.603,10,2025-07-06 18:30:01.073,0.0,30,30,-1,540000,75,12,0,8,4751.5186,0,202.79,3e5b711d-d854-437d-beed-6d9ca58ce253.extra_data.json,US7nt0+2+q,0,com.sec.android.app.shealth,4123948,86400000,3e5b711d-d854-437d-beed-6d9ca58ce253,2025-07-07 00:00:00.000,
0,63020310,0,642000,6887,300,4378501,90,0,63030110,2025-08-04 16:16:25.444,10,2025-07-07 18:30:01.118,0.0,30,30,-1,660000,80,10,0,8,5134.806,0,217.95193,b0b6b510-a49f-4dd4-98b0-21a5e42a2571.extra_data.json,US7nt0+2+q,2000,com.sec.android.app.shealth,4376501,86400000,b0b6b510-a49f-4dd4-98b0-21a5e42a2571,2025-07-08 00:00:00.000,
0,63020310,0,1379000,6624,300,4236224,90,0,63030110,2025-08-04 16:16:25.265,10,2025-07-08 18:30:01.729,0.0,30,30,-1,1379546,77,9,0,8,4980.56,0,207.84,0e0c9afc-97f0-405e-810a-4bf64840b2d2.extra_data.json,US7nt0+2+q,0,com.sec.android.app.shealth,4236224,86400000,0e0c9afc-97f0-405e-810a-4bf64840b2d2,2025-07-09 00:00:00.000,
0,63020310,0,1319000,6738,300,4160554,90,0,63030110,2025-08-04 16:16:25.164,10,2025-07-09 18:30:02.206,0.0,30,30,-1,720000,76,10,0,8,5052.5405,0,214.78998,1cfec36e-98b2-4c9b-be1b-4dff45ce4cdc.extra_data.json,US7nt0+2+q,0,com.sec.android.app.shealth,4160554,86400000,1cfec36e-98b2-4c9b-be1b-4dff45ce4cdc,2025-07-10 00:00:00.000,
0,63020310,0,0,4803,300,3074937,90,0,63030110,2025-08-04 16:16:25.019,10,2025-07-10 18:30:02.056,0.0,30,30,-1,240000,56,8,0,8,3566.4397,0,150.17998,2ffbef05-d134-4fc7-a585-268fcecbe2ce.extra_data.json,US7nt0+2+q,0,com.sec.android.app.shealth,3074937,86400000,2ffbef05-d134-4fc7-a585-268fcecbe2ce,2025-07-11 00:00:00.000,
0,63020310,0,0,1892,300,1178956,90,0,63030110,2025-08-04 16:16:24.770,10,2025-07-11 18:30:01.786,0.0,30,30,-1,360000,21,5,0,8,1418.18,0,58.539997,d91af021-fd6f-46ed-a4c3-fae1df62a028.extra_data.json,US7nt0+2+q,0,com.sec.android.app.shealth,1178956,86400000,d91af021-fd6f-46ed-a4c3-fae1df62a028,2025-07-12 00:00:00.000,
0,63020310,0,2400000,14099,300,8760339,90,0,63030110,2025-08-09 06:42:03.776,10,2025-07-12 18:30:01.443,0.0,30,30,-1,2400000,162,11,0,8,10633.349,0,481.7699,1efc31af-dcb5-44e2-a38e-455a06f3c28e.extra_data.json,US7nt0+2+q,0,com.sec.android.app.shealth,8760339,86400000,1efc31af-dcb5-44e2-a38e-455a06f3c28e,2025-07-13 00:00:00.000,
0,63020310,0,0,7996,300,5051355,90,0,63030110,2025-08-09 06:42:03.599,10,2025-07-13 18:30:00.909,0.0,30,30,-1,300000,93,10,0,8,5931.1797,0,249.94998,fc90c8c2-42bb-4c31-932d-a86985f67bd8.extra_data.json,US7nt0+2+q,0,com.sec.android.app.shealth,5051355,86400000,fc90c8c2-42bb-4c31-932d-a86985f67bd8,2025-07-14 00:00:00.000,
0,63020310,0,0,7906,300,5068360,90,0,63030110,2025-08-09 06:42:03.402,10,2025-07-14 18:30:00.789,0.0,30,30,-1,360000,93,13,0,8,5858.781,0,247.89996,2d419663-847a-435b-a56c-d627b1db88a9.extra_data.json,US7nt0+2+q,0,com.sec.android.app.shealth,5068360,86400000,2d419663-847a-435b-a56c-d627b1db88a9,2025-07-15 00:00:00.000,
0,63020310,0,0,7731,300,4859896,90,0,63030110,2025-08-09 06:42:03.322,10,2025-07-15 18:30:02.277,0.0,30,30,-1,360000,88,13,0,8,5763.22,0,240.99994,54e13a3a-e6a8-4f5a-a2be-a6f6a4650b48.extra_data.json,US7nt0+2+q,1031,com.sec.android.app.shealth,4858865,86400000,54e13a3a-e6a8-4f5a-a2be-a6f6a4650b48,2025-07-16 00:00:00.000,
0,63020310,0,0,4208,300,2704428,90,0,63030110,2025-08-09 06:42:03.170,10,2025-07-16 18:30:00.956,0.0,30,30,-1,540000,50,7,0,8,3124.03,0,138.91002,fbcdcac8-8ddd-49f4-a814-39c641459450.extra_data.json,US7nt0+2+q,800,com.sec.android.app.shealth,2703628,86400000,fbcdcac8-8ddd-49f4-a814-39c641459450,2025-07-17 00:00:00.000,
0,63020310,0,640000,4678,300,2996441,90,0,63030110,2025-08-09 06:42:03.041,10,2025-07-17 18:30:01.063,0.0,30,30,-1,600000,54,11,0,8,3455.63,0,151.21999,2f556039-6daf-4ead-8357-c1a5f7bd6736.extra_data.json,US7nt0+2+q,0,com.sec.android.app.shealth,2996441,86400000,2f556039-6daf-4ead-8357-c1a5f7bd6736,2025-07-18 00:00:00.000,
0,63020310,0,0,6038,300,3783213,90,0,63030110,2025-08-09 06:42:02.822,10,2025-07-18 18:30:10.844,0.0,30,30,-1,420000,70,11,0,8,4491.0186,0,189.34001,0f0a7944-4ff5-4243-9d2e-711193171d8e.extra_data.json,US7nt0+2+q,2800,com.sec.android.app.shealth,3780413,86400000,0f0a7944-4ff5-4243-9d2e-711193171d8e,2025-07-19 00:00:00.000,
0,63030110,0,0,553,300,368851,90,0,63030110,2025-08-16 11:38:49.107,10,2025-07-19 18:30:01.492,0.0,30,30,-1,43355,6,5,0,8,412.68002,0,18.2,a0dcfaba-763c-4a1d-aeba-3238a203b972.extra_data.json,US7nt0+2+q,0,com.sec.android.app.shealth,368851,86400000,a0dcfaba-763c-4a1d-aeba-3238a203b972,2025-07-20 00:00:00.000,
0,63030110,0,0,5537,300,3499576,90,0,63030110,2025-08-16 11:38:48.969,10,2025-07-20 18:30:01.369,0.0,30,30,-1,420000,64,9,0,8,4105.5796,0,173.87996,f4b90b52-82f4-40f2-ba43-eaf0ba072819.extra_data.json,US7nt0+2+q,0,com.sec.android.app.shealth,3499576,86400000,f4b90b52-82f4-40f2-ba43-eaf0ba072819,2025-07-21 00:00:00.000,
0,63030110,0,0,5325,300,3380820,90,0,63030110,2025-08-16 11:38:48.826,10,2025-07-21 18:30:01.062,0.0,30,30,-1,420000,62,8,0,8,3916.23,0,170.46999,b2418b43-dc61-418c-9f89-705475384389.extra_data.json,US7nt0+2+q,0,com.sec.android.app.shealth,3380820,86400000,b2418b43-dc61-418c-9f89-705475384389,2025-07-22 00:00:00.000,
0,63030110,0,0,7184,300,4585422,90,0,63030110,2025-08-16 11:38:48.628,10,2025-07-22 18:30:01.178,0.0,30,30,-1,540000,84,12,0,8,5319.37,0,228.41,7195b2a2-fa35-4cff-bf88-20e9061033f0.extra_data.json,US7nt0+2+q,0,com.sec.android.app.shealth,4585422,86400000,7195b2a2-fa35-4cff-bf88-20e9061033f0,2025-07-23 00:00:00.000,
0,63030110,0,0,8647,300,5569674,90,0,63030110,2025-08-16 11:38:48.389,10,2025-07-23 18:30:01.551,0.0,30,30,-1,360000,102,13,0,8,6386.9697,0,275.11996,c26b7763-c135-4585-96a6-e68354340b61.extra_data.json,US7nt0+2+q,0,com.sec.android.app.shealth,5569674,86400000,c26b7763-c135-4585-96a6-e68354340b61,2025-07-24 00:00:00.000,
0,63030110,0,656000,6849,300,4346873,90,0,63030110,2025-08-16 11:38:48.200,10,2025-07-24 18:30:01.263,0.0,30,30,-1,659750,80,11,0,8,5081.4663,0,216.74002,fbe88016-569a-4de9-81a2-dc53a5332058.extra_data.json,US7nt0+2+q,0,com.sec.android.app.shealth,4346873,86400000,fbe88016-569a-4de9-81a2-dc53a5332058,2025-07-25 00:00:00.000,
0,63030110,0,0,3586,300,2234430,90,0,63030110,2025-08-16 11:38:47.968,10,2025-07-25 18:30:01.692,0.0,30,30,-1,360000,41,9,0,8,2683.5696,0,112.52998,93b7515f-7a3f-4517-b82f-ad3479d44bc7.extra_data.json,US7nt0+2+q,400,com.sec.android.app.shealth,2234030,86400000,93b7515f-7a3f-4517-b82f-ad3479d44bc7,2025-07-26 00:00:00.000,
0,63030110,0,0,1492,300,980370,90,0,63030110,2025-08-23 17:50:34.575,10,2025-07-26 18:30:01.608,0.0,30,30,-1,180000,17,7,0,8,1112.68,0,47.88,58fc2fa2-0292-47dc-9181-9e2d38f071c0.extra_data.json,US7nt0+2+q,0,com.sec.android.app.shealth,980370,86400000,58fc2fa2-0292-47dc-9181-9e2d38f071c0,2025-07-27 00:00:00.000,
0,63030110,0,0,10113,300,6326575,90,0,63030110,2025-08-23 17:50:33.920,10,2025-07-27 18:30:01.298,0.0,30,30,-1,480000,116,12,0,8,7506.6484,0,318.59003,49d6689a-b3b4-4763-ba88-020146545acc.extra_data.json,US7nt0+2+q,8400,com.sec.android.app.shealth,6318175,86400000,49d6689a-b3b4-4763-ba88-020146545acc,2025-07-28 00:00:00.000,
0,63030110,0,2269000,13756,300,8419072,90,0,63030110,2025-08-23 17:50:33.398,10,2025-07-28 18:30:01.581,0.0,30,30,-1,1140000,155,12,0,8,10350.37,0,434.63,a7335de6-1936-4323-b8eb-f00d8d68aa14.extra_data.json,US7nt0+2+q,0,com.sec.android.app.shealth,8419072,86400000,a7335de6-1936-4323-b8eb-f00d8d68aa14,2025-07-29 00:00:00.000,
0,63030110,0,780000,8348,300,5264585,90,0,63030110,2025-08-23 17:50:32.877,10,2025-07-29 18:30:00.910,0.0,30,30,-1,780000,96,7,0,8,6209.5093,0,262.2501,1b7922d6-8d56-4c40-ab0b-564d77e520da.extra_data.json,US7nt0+2+q,0,com.sec.android.app.shealth,5264585,86400000,1b7922d6-8d56-4c40-ab0b-564d77e520da,2025-07-30 00:00:00.000,
0,63030110,0,0,8430,300,5381490,90,0,63030110,2025-08-27 06:03:37.672,10,2025-07-30 18:30:01.396,0.0,30,30,-1,360000,98,12,0,8,6216.8687,0,269.21994,8ecd2f51-d2f6-465b-a301-ddb6982b3d0f.extra_data.json,US7nt0+2+q,0,com.sec.android.app.shealth,5381490,86400000,8ecd2f51-d2f6-465b-a301-ddb6982b3d0f,2025-07-31 00:00:00.000,
0,63030110,0,0,7032,300,4441050,90,0,63030110,2025-08-28 08:20:02.179,10,2025-07-31 18:30:01.142,0.0,30,30,-1,360000,82,9,0,8,5212.639,0,222.93007,3904dd81-27c8-431b-b26c-39f969659aee.extra_data.json,US7nt0+2+q,0,com.sec.android.app.shealth,4441050,86400000,3904dd81-27c8-431b-b26c-39f969659aee,2025-08-01 00:00:00.000,
0,63030110,0,2989000,9211,300,5473213,90,0,63030110,2025-08-28 08:20:01.913,10,2025-08-01 18:30:00.926,0.0,30,30,-1,1860000,101,6,0,8,6987.981,0,283.47296,efaafc62-4aa4-4525-b753-6f5896eeb368.extra_data.json,US7nt0+2+q,0,com.sec.android.app.shealth,5473213,86400000,efaafc62-4aa4-4525-b753-6f5896eeb368,2025-08-02 00:00:00.000,
0,63030110,0,1619000,6117,300,3764603,90,0,63030110,2025-08-28 08:20:01.382,10,2025-08-02 18:30:01.612,0.0,30,30,-1,1679494,68,8,0,8,4597.08,0,186.59,92f9ae12-6826-4fc7-a830-58932cee7e64.extra_data.json,US7nt0+2+q,0,com.sec.android.app.shealth,3764603,86400000,92f9ae12-6826-4fc7-a830-58932cee7e64,2025-08-03 00:00:00.000,
0,63030110,0,0,9134,300,5684261,90,0,63030110,2025-08-31 05:58:00.646,10,2025-08-03 18:30:01.823,0.0,30,30,-1,480000,104,11,0,8,6811.9,0,284.20996,5eed3279-bfb1-4f42-a77b-ae9c0ef0605e.extra_data.json,US7nt0+2+q,800,com.sec.android.app.shealth,5683461,86400000,5eed3279-bfb1-4f42-a77b-ae9c0ef0605e,2025-08-04 00:00:00.000,
0,63030110,0,0,6043,300,3834380,90,0,63030110,2025-09-01 01:54:42.933,10,2025-08-04 18:30:00.736,0.0,30,30,-1,420000,70,11,0,8,4465.4707,0,190.70996,e08217e7-ae08-4ffe-bc9c-9f54cdf45067.extra_data.json,US7nt0+2+q,0,com.sec.android.app.shealth,3834380,86400000,e08217e7-ae08-4ffe-bc9c-9f54cdf45067,2025-08-05 00:00:00.000,
0,63030110,0,5641000,16094,300,9933975,90,0,63030110,2025-09-01 01:54:42.682,10,2025-08-05 18:30:02.186,0.0,30,30,-1,2726000,183,14,0,8,12152.204,0,502.06332,046c087f-ba45-467c-810d-3f1d4e78dda3.extra_data.json,US7nt0+2+q,0,com.sec.android.app.shealth,9933975,86400000,046c087f-ba45-467c-810d-3f1d4e78dda3,2025-08-06 00:00:00.000,
0,63030110,0,0,6578,300,4167880,90,0,63030110,2025-09-01 01:54:42.480,10,2025-08-06 18:30:00.554,0.0,30,30,-1,360000,76,13,0,8,4900.89,0,202.62996,70dde93f-f8e4-429b-b970-86bed5a0b38d.extra_data.json,US7nt0+2+q,0,com.sec.android.app.shealth,4167880,86400000,70dde93f-f8e4-429b-b970-86bed5a0b38d,2025-08-07 00:00:00.000,
0,63030110,0,0,2160,300,1440720,90,0,63030110,2025-09-04 13:07:05.111,10,2025-08-07 18:30:00.971,0.0,30,30,-1,60000,26,14,0,8,1621.6302,0,67.77998,6672bbae-ff10-46fe-adc9-a8b451be1df2.extra_data.json,US7nt0+2+q,0,com.sec.android.app.shealth,1440720,86400000,6672bbae-ff10-46fe-adc9-a8b451be1df2,2025-08-08 00:00:00.000,
0,63030110,0,0,5035,300,3350543,90,0,63030110,2025-09-04 13:07:04.904,10,2025-08-08 18:30:01.059,0.0,30,30,-1,180000,61,13,0,8,3734.4995,0,159.69994,4d365290-b5a3-48d6-91d7-e43024597c73.extra_data.json,US7nt0+2+q,9600,com.sec.android.app.shealth,3340943,86400000,4d365290-b5a3-48d6-91d7-e43024597c73,2025-08-09 00:00:00.000,
0,63030110,0,0,5948,300,3938747,90,0,63030110,2025-09-04 13:07:04.673,10,2025-08-09 18:30:00.904,0.0,30,30,-1,180000,72,13,0,8,4431.1196,0,188.96991,d7e32726-8533-4fab-a2ff-71eb42e5118f.extra_data.json,US7nt0+2+q,9600,com.sec.android.app.shealth,3929147,86400000,d7e32726-8533-4fab-a2ff-71eb42e5118f,2025-08-10 00:00:00.000,
0,63030110,0,1738000,11042,300,6956242,90,0,63030110,2025-09-04 13:07:04.374,10,2025-08-10 18:30:00.753,0.0,30,30,-1,1018416,127,17,0,8,8288.991,0,338.67026,d75d1d6b-54c7-4c48-83c3-d3a557fbf67e.extra_data.json,US7nt0+2+q,1200,com.sec.android.app.shealth,6955042,86400000,d75d1d6b-54c7-4c48-83c3-d3a557fbf67e,2025-08-11 00:00:00.000,
0,63030110,0,960000,9339,300,5960356,90,0,63030110,2025-09-04 13:07:04.069,10,2025-08-11 18:30:00.712,0.0,30,30,-1,960000,110,10,0,8,6908.25,0,283.70996,4122a7b9-fbd9-4336-9738-76408f4ed3b0.extra_data.json,US7nt0+2+q,0,com.sec.android.app.shealth,5960356,86400000,4122a7b9-fbd9-4336-9738-76408f4ed3b0,2025-08-12 00:00:00.000,
0,63030110,0,1073000,6853,300,4407387,90,0,63030110,2025-09-04 13:07:03.946,10,2025-08-12 18:30:00.969,0.0,30,30,-1,1139260,81,11,0,8,5120.669,0,210.09697,95df71a4-a9a9-4211-a341-040f87fee954.extra_data.json,US7nt0+2+q,0,com.sec.android.app.shealth,4407387,86400000,95df71a4-a9a9-4211-a341-040f87fee954,2025-08-13 00:00:00.000,
0,63030110,0,0,402,300,268134,90,0,63030110,2025-09-04 13:07:03.756,10,2025-08-13 18:30:00.715,0.0,30,30,-1,38686,4,4,0,8,303.69998,0,12.56,73e4179f-3f41-46e1-b6f1-ceb0764640a8.extra_data.json,US7nt0+2+q,0,com.sec.android.app.shealth,268134,86400000,73e4179f-3f41-46e1-b6f1-ceb0764640a8,2025-08-14 00:00:00.000,
0,63030110,0,0,425,300,283475,90,0,63030110,2025-09-04 13:07:03.560,10,2025-08-14 18:30:01.191,0.0,30,30,-1,30682,4,5,0,8,316.25,0,13.169998,976e9c60-ba0a-4807-a378-dea2eb9e2404.extra_data.json,US7nt0+2+q,0,com.sec.android.app.shealth,283475,86400000,976e9c60-ba0a-4807-a378-dea2eb9e2404,2025-08-15 00:00:00.000,
0,63030110,0,0,746,300,488214,90,0,63030110,2025-09-04 13:07:03.154,10,2025-08-15 18:30:02.054,0.0,30,30,-1,60000,8,5,0,8,562.1601,0,22.95,e542a44f-463e-44a7-bc8c-3455968fdbe3.extra_data.json,US7nt0+2+q,0,com.sec.android.app.shealth,488214,86400000,e542a44f-463e-44a7-bc8c-3455968fdbe3,2025-08-16 00:00:00.000,
0,63030110,0,0,1055,300,700320,90,0,63030110,2025-09-13 05:41:55.530,10,2025-08-16 18:30:01.407,0.0,30,30,-1,60000,12,8,0,8,782.5401,0,32.86,936a48bb-a84a-4297-ab23-84ec86b1001e.extra_data.json,US7nt0+2+q,0,com.sec.android.app.shealth,700320,86400000,936a48bb-a84a-4297-ab23-84ec86b1001e,2025-08-17 00:00:00.000,
0,63030110,0,0,4399,300,2808107,90,0,63030110,2025-09-13 05:41:55.165,10,2025-08-17 18:30:01.038,0.0,30,30,-1,600000,51,10,0,8,3252.8604,0,134.18001,051b2596-a258-4337-8057-e22e6126e7e3.extra_data.json,US7nt0+2+q,0,com.sec.android.app.shealth,2808107,86400000,051b2596-a258-4337-8057-e22e6126e7e3,2025-08-18 00:00:00.000,
0,63030110,0,0,6311,300,4055944,90,0,63030110,2025-09-13 05:41:55.031,10,2025-08-18 18:30:00.680,0.0,30,30,-1,480000,74,12,0,8,4658.28,0,193.26001,e74435d8-9819-4d32-866a-faad87d00af1.extra_data.json,US7nt0+2+q,0,com.sec.android.app.shealth,4055944,86400000,e74435d8-9819-4d32-866a-faad87d00af1,2025-08-19 00:00:00.000,
0,63030110,0,0,6302,300,4019716,90,0,63030110,2025-09-13 05:41:54.927,10,2025-08-19 18:30:01.326,0.0,30,30,-1,360000,73,11,0,8,4670.36,0,192.14,56eb4b3e-cfc5-4b4e-8dbc-93d02de718de.extra_data.json,US7nt0+2+q,0,com.sec.android.app.shealth,4019716,86400000,56eb4b3e-cfc5-4b4e-8dbc-93d02de718de,2025-08-20 00:00:00.000,
0,63030110,0,0,7092,300,4534003,90,0,63030110,2025-09-17 12:03:45.211,10,2025-08-20 18:30:01.150,0.0,30,30,-1,540000,83,13,0,8,5231.5596,0,216.33006,082a51de-c134-4c9a-bd02-0ebb66256136.extra_data.json,US7nt0+2+q,0,com.sec.android.app.shealth,4534003,86400000,082a51de-c134-4c9a-bd02-0ebb66256136,2025-08-21 00:00:00.000,
0,63030110,0,780000,12660,300,8044875,90,0,63030110,2025-09-17 12:03:45.033,10,2025-08-21 18:30:00.677,0.0,30,30,-1,780000,147,13,0,8,10081.261,0,433.82993,ba83564e-245e-4e97-ae55-70da988e0197.extra_data.json,US7nt0+2+q,347099,com.sec.android.app.shealth,7697776,86400000,ba83564e-245e-4e97-ae55-70da988e0197,2025-08-22 00:00:00.000,
0,63030110,0,6473000,13934,300,8451634,90,0,63030110,2025-09-17 12:03:44.734,10,2025-08-22 18:30:00.823,0.0,30,30,-1,2760000,155,8,0,8,10501.393,0,423.81903,dc36043e-b742-44a2-8273-be2da50ec665.extra_data.json,US7nt0+2+q,0,com.sec.android.app.shealth,8451634,86400000,dc36043e-b742-44a2-8273-be2da50ec665,2025-08-23 00:00:00.000,
0,63030110,0,0,17571,300,11481291,90,0,63030110,2025-09-17 12:03:44.432,10,2025-08-23 18:30:00.639,0.0,30,30,-1,300000,212,19,0,8,13104.853,0,543.7198,7f7d79b6-4c37-47c4-b0ab-ba494a1d31d1.extra_data.json,US7nt0+2+q,1600,com.sec.android.app.shealth,11479691,86400000,7f7d79b6-4c37-47c4-b0ab-ba494a1d31d1,2025-08-24 00:00:00.000,
0,63030110,0,0,3269,300,2075891,90,0,63030110,2025-09-17 12:03:44.266,10,2025-08-24 18:30:01.302,0.0,30,30,-1,300000,37,9,0,8,2420.11,0,99.509995,d619adba-5dff-43ed-af2a-42a4016a73ac.extra_data.json,US7nt0+2+q,0,com.sec.android.app.shealth,2075891,86400000,d619adba-5dff-43ed-af2a-42a4016a73ac,2025-08-25 00:00:00.000,
0,63030110,0,0,8726,300,5496431,90,0,63030110,2025-09-17 12:03:44.102,10,2025-08-25 18:30:01.161,0.0,30,30,-1,1080000,101,10,0,8,6442.6704,0,264.32,a85d4271-9a0f-4c39-85f5-2dba8e2059c2.extra_data.json,US7nt0+2+q,0,com.sec.android.app.shealth,5496431,86400000,a85d4271-9a0f-4c39-85f5-2dba8e2059c2,2025-08-26 00:00:00.000,
0,63030110,0,0,3520,300,2335668,90,0,63030110,2025-09-17 12:03:43.903,10,2025-08-26 18:30:00.884,0.0,30,30,-1,60000,42,13,0,8,2613.27,0,112.17998,9727bc47-a1cd-416e-a3eb-4bfc289415ec.extra_data.json,US7nt0+2+q,5200,com.sec.android.app.shealth,2330468,86400000,9727bc47-a1cd-416e-a3eb-4bfc289415ec,2025-08-27 00:00:00.000,
0,63030110,0,709000,8183,300,5168101,90,0,63030110,2025-09-17 12:03:43.703,10,2025-08-27 18:30:10.663,0.0,30,30,-1,709000,95,14,0,8,6150.849,0,252.53728,3d9a9147-064f-4f98-9281-5d51f54a66a8.extra_data.json,US7nt0+2+q,3600,com.sec.android.app.shealth,5164501,86400000,3d9a9147-064f-4f98-9281-5d51f54a66a8,2025-08-28 00:00:00.000,
0,63030110,0,0,6179,300,3945919,90,0,63030110,2025-09-25 09:01:03.325,10,2025-08-28 18:30:01.007,0.0,30,30,-1,240000,72,10,0,8,4611.2197,0,188.10994,c2ba4ccd-595f-49e8-a696-3bf696cbc841.extra_data.json,US7nt0+2+q,0,com.sec.android.app.shealth,3945919,86400000,c2ba4ccd-595f-49e8-a696-3bf696cbc841,2025-08-29 00:00:00.000,
0,63030110,0,1966000,5211,300,3130407,90,0,63030110,2025-09-25 09:01:03.125,10,2025-08-29 18:30:00.811,0.0,30,30,-1,1140000,57,9,0,8,3966.5676,0,161.02214,50d9dedc-42b5-48a8-9f14-67f63d633283.extra_data.json,US7nt0+2+q,800,com.sec.android.app.shealth,3129607,86400000,50d9dedc-42b5-48a8-9f14-67f63d633283,2025-08-30 00:00:00.000,
0,63030110,0,0,390,300,260130,90,0,63030110,2025-09-25 09:01:02.843,10,2025-08-30 18:30:01.149,0.0,30,30,-1,35351,4,6,0,8,291.37,0,12.209998,e0084df0-bb5f-4de2-b646-8153fb8a0d96.extra_data.json,US7nt0+2+q,0,com.sec.android.app.shealth,260130,86400000,e0084df0-bb5f-4de2-b646-8153fb8a0d96,2025-08-31 00:00:00.000,
0,63030110,0,0,7749,300,4959451,90,0,63030110,2025-09-25 09:01:02.652,10,2025-08-31 18:30:01.712,0.0,30,30,-1,360000,91,13,0,8,5753.1714,0,238.15996,ec05ccd0-756c-4a06-b0d5-141d3cefb388.extra_data.json,US7nt0+2+q,16000,com.sec.android.app.shealth,4943451,86400000,ec05ccd0-756c-4a06-b0d5-141d3cefb388,2025-09-01 00:00:00.000,
0,63030110,0,0,5765,300,3630975,90,0,63030110,2025-09-25 09:01:02.508,10,2025-09-01 18:30:01.216,0.0,30,30,-1,540000,66,9,0,8,4270.281,0,175.0,a3c9d847-b2b8-4d6b-8834-4bcf700da6e8.extra_data.json,US7nt0+2+q,0,com.sec.android.app.shealth,3630975,86400000,a3c9d847-b2b8-4d6b-8834-4bcf700da6e8,2025-09-02 00:00:00.000,
0,63030110,0,0,7344,300,4681712,90,0,63030110,2025-09-25 09:01:02.132,10,2025-09-02 18:30:01.420,0.0,30,30,-1,480000,85,15,0,8,5512.459,0,229.51999,ca6de650-c007-4661-9ff4-5f31690aaaa7.extra_data.json,US7nt0+2+q,49600,com.sec.android.app.shealth,4632112,86400000,ca6de650-c007-4661-9ff4-5f31690aaaa7,2025-09-03 00:00:00.000,
0,63030110,0,0,16846,300,10852627,90,0,63030110,2025-09-25 09:01:00.980,10,2025-09-03 18:30:01.113,0.0,30,30,-1,720000,200,16,0,8,12560.478,0,522.37,b42fd1a8-3ae1-4468-b996-f6608fbf922a.extra_data.json,US7nt0+2+q,28961,com.sec.android.app.shealth,10823666,86400000,b42fd1a8-3ae1-4468-b996-f6608fbf922a,2025-09-04 00:00:00.000,
0,63030110,0,0,6764,300,4397362,90,0,63030110,2025-09-25 09:01:00.465,10,2025-09-04 18:30:11.077,0.0,30,30,-1,480000,81,19,0,8,4967.489,0,214.96999,63cea0e3-6a21-45bc-9c41-493e313cb4fa.extra_data.json,US7nt0+2+q,4800,com.sec.android.app.shealth,4392562,86400000,63cea0e3-6a21-45bc-9c41-493e313cb4fa,2025-09-05 00:00:00.000,
0,63030110,0,0,2433,300,1620083,90,0,63030110,2025-09-25 09:01:00.295,10,2025-09-05 18:30:00.819,0.0,30,30,-1,240000,30,9,0,8,1799.04,0,76.299995,32f3e254-c4a1-4d31-b2dc-7b000c37369f.extra_data.json,US7nt0+2+q,0,com.sec.android.app.shealth,1620083,86400000,32f3e254-c4a1-4d31-b2dc-7b000c37369f,2025-09-06 00:00:00.000,
0,63030110,0,0,782,300,521594,90,0,63030110,2025-09-25 09:01:00.166,10,2025-09-06 18:30:01.004,0.0,30,30,-1,52026,8,8,0,8,584.28,0,24.239998,29169f0f-1d04-4538-8992-4ceeae041a65.extra_data.json,US7nt0+2+q,0,com.sec.android.app.shealth,521594,86400000,29169f0f-1d04-4538-8992-4ceeae041a65,2025-09-07 00:00:00.000,
0,63030110,0,0,4545,300,2939569,90,0,63030110,2025-09-25 09:01:00.061,10,2025-09-07 18:30:00.873,0.0,30,30,-1,420000,53,10,0,8,3472.6504,0,138.67996,b6f7f213-ea2a-4c8b-a834-aec3f2d00e41.extra_data.json,US7nt0+2+q,400,com.sec.android.app.shealth,2939169,86400000,b6f7f213-ea2a-4c8b-a834-aec3f2d00e41,2025-09-08 00:00:00.000,
0,63030110,0,654000,12464,300,8095603,90,0,63030110,2025-09-25 09:00:59.908,10,2025-09-08 18:30:00.709,0.0,30,30,-1,660000,148,17,0,8,9552.924,0,385.77408,f510d1d7-0e2f-4763-8340-40f1c9bd87db.extra_data.json,US7nt0+2+q,0,com.sec.android.app.shealth,8095603,86400000,f510d1d7-0e2f-4763-8340-40f1c9bd87db,2025-09-09 00:00:00.000,
0,63030110,0,0,6348,300,4043001,90,0,63030110,2025-09-25 09:00:59.685,10,2025-09-09 18:30:01.654,0.0,30,30,-1,360000,74,14,0,8,4705.3706,0,192.95,92517a6a-9d4d-4927-89f8-d748afe38586.extra_data.json,US7nt0+2+q,0,com.sec.android.app.shealth,4043001,86400000,92517a6a-9d4d-4927-89f8-d748afe38586,2025-09-10 00:00:00.000,
0,63030110,0,0,5415,300,3484445,90,0,63030110,2025-09-25 09:00:59.554,10,2025-09-10 18:30:01.263,0.0,30,30,-1,360000,64,10,0,8,4023.3398,0,165.20998,669357cc-464b-4884-8ba2-76cda1869b81.extra_data.json,US7nt0+2+q,0,com.sec.android.app.shealth,3484445,86400000,669357cc-464b-4884-8ba2-76cda1869b81,2025-09-11 00:00:00.000,
0,63030110,0,2193000,14496,300,8805856,90,0,63030110,2025-09-25 09:00:59.267,10,2025-09-11 18:30:01.065,0.0,30,30,-1,1474000,162,14,0,8,11147.424,0,466.25452,bf4435a8-c6c6-4aa7-b451-2db6b717e623.extra_data.json,US7nt0+2+q,0,com.sec.android.app.shealth,8805856,86400000,bf4435a8-c6c6-4aa7-b451-2db6b717e623,2025-09-12 00:00:00.000,
0,63030110,0,0,3405,300,2166856,90,0,63030110,2025-09-25 09:00:58.868,10,2025-09-12 18:30:01.711,0.0,30,30,-1,300000,40,9,0,8,2548.05,0,105.36999,1e1027b4-604e-45b3-880a-8b48b311be2b.extra_data.json,US7nt0+2+q,800,com.sec.android.app.shealth,2166056,86400000,1e1027b4-604e-45b3-880a-8b48b311be2b,2025-09-13 00:00:00.000,
0,63030110,0,0,643,300,407507,90,0,63030110,2025-09-25 09:00:58.665,10,2025-09-13 18:30:10.963,0.0,30,30,-1,60000,6,4,0,8,487.27,0,19.869999,afecb74c-9c85-4baa-bcce-d7d4a5937600.extra_data.json,US7nt0+2+q,0,com.sec.android.app.shealth,407507,86400000,afecb74c-9c85-4baa-bcce-d7d4a5937600,2025-09-14 00:00:00.000,
0,63030110,0,0,6668,300,4118252,90,0,63030110,2025-09-25 09:00:58.531,10,2025-09-14 18:30:00.786,0.0,30,30,-1,360000,75,11,0,8,4973.7896,0,202.40997,25ad67de-12f6-4f9d-a8a4-b731c38ee879.extra_data.json,US7nt0+2+q,0,com.sec.android.app.shealth,4118252,86400000,25ad67de-12f6-4f9d-a8a4-b731c38ee879,2025-09-15 00:00:00.000,
0,63030110,0,0,4396,300,2811502,90,0,63030110,2025-09-25 09:00:58.280,10,2025-09-15 18:30:00.769,0.0,30,30,-1,300000,51,6,0,8,3243.3687,0,133.43997,9b1f9161-6e49-4305-a710-960a411b5fcc.extra_data.json,US7nt0+2+q,0,com.sec.android.app.shealth,2811502,86400000,9b1f9161-6e49-4305-a710-960a411b5fcc,2025-09-16 00:00:00.000,
0,63030110,0,0,10364,300,6458674,90,0,63030110,2025-09-25 09:00:57.539,10,2025-09-16 18:30:00.997,0.0,30,30,-1,540000,118,16,0,8,7736.9287,0,315.7,08f221fa-7e7d-44db-8ffc-54edf7a5e7cb.extra_data.json,US7nt0+2+q,2400,com.sec.android.app.shealth,6456274,86400000,08f221fa-7e7d-44db-8ffc-54edf7a5e7cb,2025-09-17 00:00:00.000,
0,63030110,0,647000,8725,300,5589651,90,0,63030110,2025-09-25 09:00:57.284,10,2025-09-17 18:30:01.980,0.0,30,30,-1,660000,103,12,0,8,6534.965,0,268.1027,e0e1207d-ac7d-485e-b77f-662a8c56c794.extra_data.json,US7nt0+2+q,6000,com.sec.android.app.shealth,5583651,86400000,e0e1207d-ac7d-485e-b77f-662a8c56c794,2025-09-18 00:00:00.000,
0,63030110,0,660000,2265,300,1478409,90,0,63030110,2025-09-25 09:00:56.991,10,2025-09-18 18:30:01.743,0.0,30,30,-1,660000,26,11,0,8,1690.5602,0,70.66999,6a6324b2-e8de-49d0-a7cf-50463b3b6aa8.extra_data.json,US7nt0+2+q,0,com.sec.android.app.shealth,1478409,86400000,6a6324b2-e8de-49d0-a7cf-50463b3b6aa8,2025-09-19 00:00:00.000,
0,63030110,0,0,2996,300,1908534,90,0,63030110,2025-09-25 09:00:56.480,10,2025-09-19 18:30:00.387,0.0,30,30,-1,420000,34,9,0,8,2239.3704,0,91.74,686f878b-ea1b-4082-afa0-df774c29b4bd.extra_data.json,US7nt0+2+q,0,com.sec.android.app.shealth,1908534,86400000,686f878b-ea1b-4082-afa0-df774c29b4bd,2025-09-20 00:00:00.000,
0,63030110,0,0,1972,300,1313722,90,0,63030110,2025-09-25 09:00:56.192,10,2025-09-20 18:30:01.052,0.0,30,30,-1,60000,23,8,0,8,1482.8501,0,62.139988,80b542c3-8a02-40b6-b250-d0559c075094.extra_data.json,US7nt0+2+q,2400,com.sec.android.app.shealth,1311322,86400000,80b542c3-8a02-40b6-b250-d0559c075094,2025-09-21 00:00:00.000,
0,63030110,0,0,10005,300,6378475,90,0,63030110,2025-09-25 09:00:55.638,10,2025-09-21 18:30:01.448,0.0,30,30,-1,300000,117,15,0,8,7421.2314,0,304.47998,c79e40f1-e3f5-4884-8684-8ab632c43794.extra_data.json,US7nt0+2+q,0,com.sec.android.app.shealth,6378475,86400000,c79e40f1-e3f5-4884-8684-8ab632c43794,2025-09-22 00:00:00.000,
0,63030110,0,0,6348,300,4081290,90,0,63030110,2025-09-25 09:00:55.307,10,2025-09-22 18:30:01.207,0.0,30,30,-1,300000,75,12,0,8,4722.2817,0,193.42,269d6504-5c84-4a48-9432-daac565d2bd9.extra_data.json,US7nt0+2+q,0,com.sec.android.app.shealth,4081290,86400000,269d6504-5c84-4a48-9432-daac565d2bd9,2025-09-23 00:00:00.000,
0,63030110,0,0,6676,300,4306706,90,0,63030110,2025-09-25 09:01:03.761,10,2025-09-23 18:30:00.942,0.0,30,30,-1,420000,78,12,0,8,4943.6,0,203.77995,e7bca294-69ea-433e-aab6-8ba7c6c0996c.extra_data.json,US7nt0+2+q,0,com.sec.android.app.shealth,4306706,86400000,e7bca294-69ea-433e-aab6-8ba7c6c0996c,2025-09-24 00:00:00.000,
0,63030110,0,0,7039,300,4522033,90,0,63030110,2025-09-26 00:43:42.559,10,2025-09-24 18:30:02.448,0.0,30,30,-1,300000,82,11,0,8,5334.792,0,217.55,8cc22086-1d25-4912-9f2e-18239476be00.extra_data.json,US7nt0+2+q,23714,com.sec.android.app.shealth,4498319,86400000,8cc22086-1d25-4912-9f2e-18239476be00,2025-09-25 00:00:00.000,
0,63030110,0,2518000,9826,300,5933371,90,0,63051050,2025-09-27 11:29:30.740,10,2025-09-25 18:30:07.408,0.0,30,30,-1,2519601,108,11,0,8,7387.019,0,298.1739,746f67cd-1034-44c1-ba06-9b2e4d273472.extra_data.json,US7nt0+2+q,0,com.sec.android.app.shealth,5933371,86400000,746f67cd-1034-44c1-ba06-9b2e4d273472,2025-09-26 00:00:00.000,
0,63030110,0,5206000,12964,300,8013303,90,0,63051050,2025-09-28 08:09:19.503,10,2025-09-26 18:30:01.507,0.0,30,30,-1,3180000,147,9,0,8,9707.054,0,392.3776,ba1db20f-9ec1-43ad-85ab-3328c06b738a.extra_data.json,US7nt0+2+q,0,com.sec.android.app.shealth,8013303,86400000,ba1db20f-9ec1-43ad-85ab-3328c06b738a,2025-09-27 00:00:00.000,
0,63051050,0,0,12472,300,8015696,90,0,63051050,2025-09-29 00:43:42.038,10,2025-09-27 18:30:00.643,0.0,30,30,-1,1560000,147,15,0,8,9182.969,0,379.76016,6b2bc7f2-663c-4fee-b6ad-c16c186a2494.extra_data.json,US7nt0+2+q,2000,com.sec.android.app.shealth,8013696,86400000,6b2bc7f2-663c-4fee-b6ad-c16c186a2494,2025-09-28 00:00:00.000,
0,63051050,0,0,5877,300,3708894,90,0,63051050,2025-09-30 03:03:52.539,10,2025-09-28 18:30:10.616,0.0,30,30,-1,420000,67,9,0,8,4363.0996,0,178.18994,4c71febf-154b-424d-9314-106aea7a4c02.extra_data.json,US7nt0+2+q,0,com.sec.android.app.shealth,3708894,86400000,4c71febf-154b-424d-9314-106aea7a4c02,2025-09-29 00:00:00.000,
0,63051050,0,893000,7016,300,4514543,90,0,63051050,2025-09-30 18:32:56.914,10,2025-09-29 18:30:01.260,0.0,30,30,-1,900000,83,12,0,8,5381.9854,0,218.0598,ac9587fb-b92f-46f6-a98a-acd95b96d85b.extra_data.json,US7nt0+2+q,400,com.sec.android.app.shealth,4514143,86400000,ac9587fb-b92f-46f6-a98a-acd95b96d85b,2025-09-30 00:00:00.000,
0,63051050,0,0,5535,300,3680221,90,0,63051050,2025-10-02 07:12:08.533,10,2025-09-30 18:30:00.925,0.0,30,30,-1,120000,67,15,0,8,4137.9,0,174.88004,d7a20990-135c-457c-884b-0df553c614b7.extra_data.json,US7nt0+2+q,3200,com.sec.android.app.shealth,3677021,86400000,d7a20990-135c-457c-884b-0df553c614b7,2025-10-01 00:00:00.000,
0,63051050,0,0,5771,300,3799406,90,0,63051050,2025-10-03 02:17:19.356,10,2025-10-01 18:30:00.837,0.0,30,30,-1,60000,70,14,0,8,4371.71,0,183.24004,42dc7d80-26cf-4437-b458-48a3a4c2d64a.extra_data.json,US7nt0+2+q,5600,com.sec.android.app.shealth,3793806,86400000,42dc7d80-26cf-4437-b458-48a3a4c2d64a,2025-10-02 00:00:00.000,
0,63051050,0,0,4881,300,3228677,90,0,63051050,2025-10-03 19:23:41.781,10,2025-10-02 18:30:01.775,0.0,30,30,-1,540000,58,14,0,8,3613.76,0,151.58,5621d879-b6a4-4181-b2e5-ae499965c871.extra_data.json,US7nt0+2+q,0,com.sec.android.app.shealth,3228677,86400000,5621d879-b6a4-4181-b2e5-ae499965c871,2025-10-03 00:00:00.000,
0,63051050,0,0,4662,300,3100421,90,0,63051050,2025-10-05 02:11:27.316,10,2025-10-03 18:30:00.994,0.0,30,30,-1,120000,56,14,0,8,3495.6099,0,146.88,67d1c3f3-bf61-4907-a01f-c9eb7fcfc9b0.extra_data.json,US7nt0+2+q,3600,com.sec.android.app.shealth,3096821,86400000,67d1c3f3-bf61-4907-a01f-c9eb7fcfc9b0,2025-10-04 00:00:00.000,
0,63051050,0,0,3507,300,2332227,90,0,63051050,2025-10-06 03:49:50.413,10,2025-10-04 18:30:01.454,0.0,30,30,-1,60000,42,15,0,8,2662.8801,0,114.82,6fb88405-2b33-4e5c-bd65-901050419216.extra_data.json,US7nt0+2+q,10400,com.sec.android.app.shealth,2321827,86400000,6fb88405-2b33-4e5c-bd65-901050419216,2025-10-05 00:00:00.000,
0,63051050,0,0,2191,300,1461397,90,0,63051050,2025-10-06 18:33:01.941,10,2025-10-05 18:30:01.724,0.0,30,30,-1,53360,26,8,0,8,1627.3896,0,68.98,66e2cc47-b38f-4502-9397-ef1ff5cccd4a.extra_data.json,US7nt0+2+q,0,com.sec.android.app.shealth,1461397,86400000,66e2cc47-b38f-4502-9397-ef1ff5cccd4a,2025-10-06 00:00:00.000,
0,63051050,0,0,1589,300,1058261,90,0,63051050,2025-10-08 03:00:04.103,10,2025-10-06 18:30:01.989,0.0,30,30,-1,51359,18,13,0,8,1194.8298,0,51.09001,acf66c91-70df-4dbe-9da7-b5bb1c77f172.extra_data.json,US7nt0+2+q,2400,com.sec.android.app.shealth,1055861,86400000,acf66c91-70df-4dbe-9da7-b5bb1c77f172,2025-10-07 00:00:00.000,
0,63051050,0,651000,6208,300,3970965,90,0,63051050,2025-10-09 00:41:29.321,10,2025-10-07 18:30:01.052,0.0,30,30,-1,660000,73,12,0,8,4618.6167,0,189.91498,e40dd5e8-f7b6-4e94-b970-4bce50a9dd58.extra_data.json,US7nt0+2+q,0,com.sec.android.app.shealth,3970965,86400000,e40dd5e8-f7b6-4e94-b970-4bce50a9dd58,2025-10-08 00:00:00.000,
0,63051050,0,4208000,15358,300,9437293,90,0,63051050,2025-10-10 13:48:16.771,10,2025-10-08 18:30:01.820,0.0,30,30,-1,3034328,174,17,0,8,11702.136,0,501.82315,a11e29e9-f33d-4427-9b6e-606dd7cbea14.extra_data.json,US7nt0+2+q,800,com.sec.android.app.shealth,9436493,86400000,a11e29e9-f33d-4427-9b6e-606dd7cbea14,2025-10-09 00:00:00.000,
0,63051050,0,0,7793,300,4914930,90,0,63051050,2025-10-11 07:08:38.068,10,2025-10-09 18:30:00.745,0.0,30,30,-1,480000,90,10,0,8,5787.912,0,237.14005,9e6d5461-b047-4214-adb9-2039ee1e024c.extra_data.json,US7nt0+2+q,2407,com.sec.android.app.shealth,4912523,86400000,9e6d5461-b047-4214-adb9-2039ee1e024c,2025-10-10 00:00:00.000,
0,63051050,0,5557000,9942,300,5988337,90,0,63051050,2025-10-12 00:16:06.581,10,2025-10-10 18:30:01.231,0.0,30,30,-1,3757000,110,7,0,8,7622.255,0,303.85202,3de01d97-3f79-44c2-b274-48eba1f1fa94.extra_data.json,US7nt0+2+q,0,com.sec.android.app.shealth,5988337,86400000,3de01d97-3f79-44c2-b274-48eba1f1fa94,2025-10-11 00:00:00.000,
0,63051050,0,6756000,24019,300,14844371,90,0,63051050,2025-10-12 19:36:37.654,10,2025-10-11 18:30:10.658,0.0,30,30,-1,3899948,274,10,0,8,18025.99,0,728.9663,b99d57b1-2455-4736-8da4-55e49944e442.extra_data.json,US7nt0+2+q,0,com.sec.android.app.shealth,14844371,86400000,b99d57b1-2455-4736-8da4-55e49944e442,2025-10-12 00:00:00.000,
0,63051050,0,0,6654,300,4289181,90,0,63051050,2025-10-14 01:57:22.104,10,2025-10-12 18:30:02.087,0.0,30,30,-1,420000,78,12,0,8,4938.819,0,203.6,bd2ecf54-af7b-480a-89db-8a162d9a9c40.extra_data.json,US7nt0+2+q,6000,com.sec.android.app.shealth,4283181,86400000,bd2ecf54-af7b-480a-89db-8a162d9a9c40,2025-10-13 00:00:00.000,
0,63051050,0,660000,5627,300,3614330,90,0,63051050,2025-10-15 01:31:52.765,10,2025-10-13 18:30:01.072,0.0,30,30,-1,720000,66,10,0,8,4169.3804,0,172.45,17e191df-c423-44e2-8e97-afc32bba7cff.extra_data.json,US7nt0+2+q,0,com.sec.android.app.shealth,3614330,86400000,17e191df-c423-44e2-8e97-afc32bba7cff,2025-10-14 00:00:00.000,
0,63051050,0,0,8431,300,5338622,90,0,63051050,2025-10-16 01:44:25.537,10,2025-10-14 18:30:00.897,0.0,30,30,-1,420000,97,11,0,8,6261.1,0,256.22995,b90d45f7-ecb2-464c-b32c-a05b414f8b83.extra_data.json,US7nt0+2+q,0,com.sec.android.app.shealth,5338622,86400000,b90d45f7-ecb2-464c-b32c-a05b414f8b83,2025-10-15 00:00:00.000,
0,63051050,0,659000,8943,300,5636487,90,0,63051050,2025-10-16 21:15:04.996,10,2025-10-15 18:30:01.372,0.0,30,30,-1,660000,103,12,0,8,6655.1704,0,272.21994,96e524d3-2a6b-40cb-913d-0442957a75a2.extra_data.json,US7nt0+2+q,0,com.sec.android.app.shealth,5636487,86400000,96e524d3-2a6b-40cb-913d-0442957a75a2,2025-10-16 00:00:00.000,
0,63051050,0,0,3341,300,2129150,90,0,63051050,2025-10-18 01:04:24.699,10,2025-10-16 18:30:00.631,0.0,30,30,-1,300000,38,12,0,8,2496.7903,0,105.03004,4913496f-0d77-4049-bdf9-38120c0e8121.extra_data.json,US7nt0+2+q,1600,com.sec.android.app.shealth,2127550,86400000,4913496f-0d77-4049-bdf9-38120c0e8121,2025-10-17 00:00:00.000,
0,63051050,0,0,5002,300,3330994,90,0,63051050,2025-10-18 18:43:17.201,10,2025-10-17 18:30:01.007,0.0,30,30,-1,60000,61,18,0,8,3761.5002,0,158.3999,7df36732-fdbb-4b28-8ce8-270432e91af2.extra_data.json,US7nt0+2+q,8000,com.sec.android.app.shealth,3322994,86400000,7df36732-fdbb-4b28-8ce8-270432e91af2,2025-10-18 00:00:00.000,
0,63051050,0,0,4124,300,2750174,90,0,63051050,2025-10-20 00:22:48.158,10,2025-10-18 18:30:01.616,0.0,30,30,-1,120000,50,12,0,8,3045.18,0,129.78,65d718e4-9fc6-4981-9cca-a999bc3e43cf.extra_data.json,US7nt0+2+q,800,com.sec.android.app.shealth,2749374,86400000,65d718e4-9fc6-4981-9cca-a999bc3e43cf,2025-10-19 00:00:00.000,
0,63051050,0,0,5513,300,3668093,90,0,63051050,2025-10-20 18:37:01.849,10,2025-10-19 18:30:01.712,0.0,30,30,-1,120000,66,19,0,8,4180.659,0,176.18001,d8d9b866-51fd-48fe-bd6b-8e8038af0ecc.extra_data.json,US7nt0+2+q,13600,com.sec.android.app.shealth,3654493,86400000,d8d9b866-51fd-48fe-bd6b-8e8038af0ecc,2025-10-20 00:00:00.000,
0,63051050,0,0,5073,300,3383691,90,0,63051050,2025-10-21 19:05:41.015,10,2025-10-20 18:30:01.169,0.0,30,30,-1,60000,62,15,0,8,3783.43,0,160.96999,6c27a1fd-4e26-4624-be67-0b2738b8b323.extra_data.json,US7nt0+2+q,0,com.sec.android.app.shealth,3383691,86400000,6c27a1fd-4e26-4624-be67-0b2738b8b323,2025-10-21 00:00:00.000,
0,63051050,0,3176000,9025,300,5549391,90,0,63051050,2025-10-22 18:55:39.511,10,2025-10-21 18:30:00.836,0.0,30,30,-1,3236000,102,12,0,8,6935.255,0,281.58203,a4da72f7-f05b-46e5-97bf-21563e9ad9b2.extra_data.json,US7nt0+2+q,2800,com.sec.android.app.shealth,5546591,86400000,a4da72f7-f05b-46e5-97bf-21563e9ad9b2,2025-10-22 00:00:00.000,
0,63051050,0,0,1117,300,744238,90,0,63051050,2025-10-23 19:00:57.241,10,2025-10-22 18:30:00.549,0.0,30,30,-1,60000,13,7,0,8,838.57007,0,36.319996,1238fad5-2823-4b36-b2f7-5afa458c1c8f.extra_data.json,US7nt0+2+q,1200,com.sec.android.app.shealth,743038,86400000,1238fad5-2823-4b36-b2f7-5afa458c1c8f,2025-10-23 00:00:00.000,
0,63051050,0,0,3172,300,2111025,90,0,63051050,2025-10-24 18:36:04.493,10,2025-10-23 18:30:00.966,0.0,30,30,-1,60000,38,11,0,8,2353.23,0,100.02,1a15fc74-a49c-4390-86f5-4b9ef82dd479.extra_data.json,US7nt0+2+q,0,com.sec.android.app.shealth,2111025,86400000,1a15fc74-a49c-4390-86f5-4b9ef82dd479,2025-10-24 00:00:00.000,
0,63051050,0,0,2790,300,1846430,90,0,63051050,2025-10-25 18:39:13.708,10,2025-10-24 18:30:00.908,0.0,30,30,-1,60000,33,11,0,8,2128.3298,0,89.270004,528477b2-0380-4c5e-9ae0-27a809d9aaec.extra_data.json,US7nt0+2+q,5600,com.sec.android.app.shealth,1840830,86400000,528477b2-0380-4c5e-9ae0-27a809d9aaec,2025-10-25 00:00:00.000,
0,63051050,0,0,1675,300,1115194,90,0,63051050,2025-10-27 11:18:14.135,10,2025-10-25 18:30:01.172,0.0,30,30,-1,60000,20,9,0,8,1239.93,0,52.920013,6122fc7b-cd3f-4937-ba18-c8f376daf091.extra_data.json,US7nt0+2+q,0,com.sec.android.app.shealth,1115194,86400000,6122fc7b-cd3f-4937-ba18-c8f376daf091,2025-10-26 00:00:00.000,
0,63051050,0,0,7529,300,4802537,90,0,63051050,2025-10-28 02:06:30.197,10,2025-10-26 18:30:00.882,0.0,30,30,-1,540000,88,12,0,8,5567.8315,0,229.41995,5b23f9b6-e329-4de7-b78f-254f9ff79ac0.extra_data.json,US7nt0+2+q,400,com.sec.android.app.shealth,4802137,86400000,5b23f9b6-e329-4de7-b78f-254f9ff79ac0,2025-10-27 00:00:00.000,
0,63051050,0,720000,4803,300,2980470,90,0,63051050,2025-10-29 00:41:46.108,10,2025-10-27 18:30:01.552,0.0,30,30,-1,720000,54,7,0,8,3596.09,0,146.72998,6d6609b0-2620-4e57-8704-23831ea74072.extra_data.json,US7nt0+2+q,0,com.sec.android.app.shealth,2980470,86400000,6d6609b0-2620-4e57-8704-23831ea74072,2025-10-28 00:00:00.000,
0,63051050,0,3754000,10276,300,6198067,90,0,63051050,2025-10-30 02:57:48.722,10,2025-10-28 18:30:01.421,0.0,30,30,-1,3094000,114,13,0,8,7807.8213,0,314.54263,f76eb260-363a-4895-859a-794e77227f5a.extra_data.json,US7nt0+2+q,0,com.sec.android.app.shealth,6198067,86400000,f76eb260-363a-4895-859a-794e77227f5a,2025-10-29 00:00:00.000,
0,63051050,0,1312000,6177,300,3950865,90,0,63051050,2025-10-31 02:20:52.383,10,2025-10-29 18:30:01.041,0.0,30,30,-1,660000,72,9,0,8,4626.314,0,188.36116,40140cd2-65cb-428e-acfc-528a79d2d950.extra_data.json,US7nt0+2+q,0,com.sec.android.app.shealth,3950865,86400000,40140cd2-65cb-428e-acfc-528a79d2d950,2025-10-30 00:00:00.000,
0,63051050,0,7136000,18821,300,11057109,90,0,63051050,2025-11-01 04:04:58.570,10,2025-10-30 18:30:00.829,0.0,30,30,-1,4500000,204,14,0,8,14382.36,0,575.98755,08833dab-4e2b-4435-b26a-4a7edc623326.extra_data.json,US7nt0+2+q,4800,com.sec.android.app.shealth,11052309,86400000,08833dab-4e2b-4435-b26a-4a7edc623326,2025-10-31 00:00:00.000,
0,63051050,0,0,2578,300,1680689,90,0,63051050,2025-11-02 14:28:46.361,10,2025-10-31 18:30:00.963,0.0,30,30,-1,180000,30,8,0,8,1914.65,0,79.72997,3cac8e12-f568-48c7-8ef2-a07dd903cb0a.extra_data.json,US7nt0+2+q,2000,com.sec.android.app.shealth,1678689,86400000,3cac8e12-f568-48c7-8ef2-a07dd903cb0a,2025-11-01 00:00:00.000,
0,63051050,0,2744000,11208,300,6516317,90,0,63051050,2025-11-03 01:47:15.511,10,2025-11-01 18:30:00.967,0.0,30,30,-1,2744652,120,9,0,8,9286.705,0,432.61264,14fbda95-c3be-45de-bf36-f3f3621342b7.extra_data.json,US7nt0+2+q,562,com.sec.android.app.shealth,6515755,86400000,14fbda95-c3be-45de-bf36-f3f3621342b7,2025-11-02 00:00:00.000,
0,63051050,0,660000,8254,300,5276074,90,0,63051050,2025-11-04 03:33:04.952,10,2025-11-02 18:30:02.564,0.0,30,30,-1,720000,96,13,0,8,6123.981,0,252.45993,d390a60f-3470-4a60-8070-1298f51d70c6.extra_data.json,US7nt0+2+q,0,com.sec.android.app.shealth,5276074,86400000,d390a60f-3470-4a60-8070-1298f51d70c6,2025-11-03 00:00:00.000,
0,63051050,0,657000,6220,300,3929448,90,0,63051050,2025-11-04 18:52:05.986,10,2025-11-03 18:30:01.307,0.0,30,30,-1,659080,72,8,0,8,4703.768,0,191.50565,c6f6d0ae-42de-4794-b0fd-2174565a33ad.extra_data.json,US7nt0+2+q,0,com.sec.android.app.shealth,3929448,86400000,c6f6d0ae-42de-4794-b0fd-2174565a33ad,2025-11-04 00:00:00.000,
0,63051050,0,2672000,11483,300,7085499,90,0,63051050,2025-11-06 00:41:12.777,10,2025-11-04 18:30:01.431,0.0,30,30,-1,2012000,131,11,0,8,8610.315,0,349.98468,2c7fa4b3-15cd-4297-bf05-b4a686e48a1c.extra_data.json,US7nt0+2+q,0,com.sec.android.app.shealth,7085499,86400000,2c7fa4b3-15cd-4297-bf05-b4a686e48a1c,2025-11-05 00:00:00.000,
0,63051050,0,2433000,13970,300,8288938,90,0,63051050,2025-11-07 01:09:08.553,10,2025-11-05 18:30:00.958,0.0,30,30,-1,1853000,153,14,0,8,11157.498,0,498.02588,379ea9f7-c9d3-439a-b229-8263da6fcd51.extra_data.json,US7nt0+2+q,0,com.sec.android.app.shealth,8288938,86400000,379ea9f7-c9d3-439a-b229-8263da6fcd51,2025-11-06 00:00:00.000,
0,63051050,0,2560000,15641,300,9261262,90,0,63051050,2025-11-08 03:33:18.980,10,2025-11-06 18:30:00.872,0.0,30,30,-1,1844000,171,14,0,8,12940.896,0,599.55334,c606d7bf-f038-456c-8b13-9bd45283826a.extra_data.json,US7nt0+2+q,500412,com.sec.android.app.shealth,8760850,86400000,c606d7bf-f038-456c-8b13-9bd45283826a,2025-11-07 00:00:00.000,
0,63051050,0,1833000,3217,300,2110371,90,0,63051050,2025-11-09 01:37:58.054,10,2025-11-07 18:30:01.777,0.0,30,30,-1,1833000,38,6,0,8,2462.2915,0,98.7635,78cf9509-9e80-49ee-b3fa-d03f57c9f6f7.extra_data.json,US7nt0+2+q,0,com.sec.android.app.shealth,2110371,86400000,78cf9509-9e80-49ee-b3fa-d03f57c9f6f7,2025-11-08 00:00:00.000,
0,63051050,0,4801000,11890,300,6758869,90,0,63051050,2025-11-10 01:27:54.370,10,2025-11-08 18:30:01.283,0.0,30,30,-1,2939940,124,10,0,8,9550.682,0,409.01462,67e957c8-5fe8-4931-a810-b45a65c81ed3.extra_data.json,US7nt0+2+q,688000,com.sec.android.app.shealth,6070869,86400000,67e957c8-5fe8-4931-a810-b45a65c81ed3,2025-11-09 00:00:00.000,
0,63051050,0,2619000,10080,300,6046442,90,0,63051050,2025-11-11 03:29:23.455,10,2025-11-09 18:30:01.407,0.0,30,30,-1,1860000,111,13,0,8,8230.548,0,367.4001,0c96faf5-9e87-4ff0-899c-25a32085a044.extra_data.json,US7nt0+2+q,0,com.sec.android.app.shealth,6046442,86400000,0c96faf5-9e87-4ff0-899c-25a32085a044,2025-11-10 00:00:00.000,
0,63051050,0,718000,5340,300,3434625,90,0,63051050,2025-11-12 02:47:37.817,10,2025-11-10 18:30:01.198,0.0,30,30,-1,718000,63,9,0,8,3976.9856,0,162.85127,9828bb2d-36d7-4f66-b725-cdcbde6f4c9d.extra_data.json,US7nt0+2+q,0,com.sec.android.app.shealth,3434625,86400000,9828bb2d-36d7-4f66-b725-cdcbde6f4c9d,2025-11-11 00:00:00.000,
0,63051050,0,758000,8284,300,5239707,90,0,63051050,2025-11-13 03:05:34.669,10,2025-11-11 18:30:00.815,0.0,30,30,-1,758000,96,10,0,8,6213.458,0,252.76202,32b6aeb8-23af-4c81-9e71-308facdb8524.extra_data.json,US7nt0+2+q,0,com.sec.android.app.shealth,5239707,86400000,32b6aeb8-23af-4c81-9e71-308facdb8524,2025-11-12 00:00:00.000,
0,63051050,0,720000,6405,300,4064745,90,0,63060070,2025-11-14 02:34:47.289,10,2025-11-12 18:30:01.665,0.0,30,30,-1,720000,74,8,0,8,4773.799,0,195.52003,04819be7-d964-492c-bb3f-baf9d6ecb2ac.extra_data.json,US7nt0+2+q,400,com.sec.android.app.shealth,4064345,86400000,04819be7-d964-492c-bb3f-baf9d6ecb2ac,2025-11-13 00:00:00.000,
0,63051050,0,641000,7469,300,4736905,90,0,63060070,2025-11-15 04:15:12.461,10,2025-11-13 18:30:01.761,0.0,30,30,-1,641678,86,12,0,8,5578.3657,0,228.06004,65507667-7cee-4a71-9b85-3f3daa5585f6.extra_data.json,US7nt0+2+q,0,com.sec.android.app.shealth,4736905,86400000,65507667-7cee-4a71-9b85-3f3daa5585f6,2025-11-14 00:00:00.000,
0,63060070,0,0,6039,300,3794354,90,0,63060070,2025-11-16 02:51:09.628,10,2025-11-14 18:30:00.605,0.0,30,30,-1,540000,70,11,0,8,4536.739,0,186.80995,c6619258-b941-4a53-a18e-8c7dddbec4d8.extra_data.json,US7nt0+2+q,12000,com.sec.android.app.shealth,3782354,86400000,c6619258-b941-4a53-a18e-8c7dddbec4d8,2025-11-15 00:00:00.000,
0,63060070,0,2221000,6376,300,3890778,90,0,63060070,2025-11-17 03:03:29.417,10,2025-11-15 18:30:01.148,0.0,30,30,-1,807028,71,8,0,8,4918.7793,0,199.35567,476ab280-da92-4a27-adbc-873758160ba2.extra_data.json,US7nt0+2+q,8000,com.sec.android.app.shealth,3882778,86400000,476ab280-da92-4a27-adbc-873758160ba2,2025-11-16 00:00:00.000,
0,63060070,0,660000,6322,300,3993673,90,0,63060070,2025-11-18 03:35:02.864,10,2025-11-16 18:30:00.899,0.0,30,30,-1,660000,73,8,0,8,4694.6587,0,192.84999,e973342b-0c63-422d-aa57-0eb6e0bee937.extra_data.json,US7nt0+2+q,0,com.sec.android.app.shealth,3993673,86400000,e973342b-0c63-422d-aa57-0eb6e0bee937,2025-11-17 00:00:00.000,
0,63060070,0,720000,4587,300,2879356,90,0,63060070,2025-11-19 02:33:02.138,10,2025-11-17 18:30:00.911,0.0,30,30,-1,720000,52,7,0,8,3425.7402,0,139.37997,c55d9a41-7e1b-402b-be4e-91278b1ea7a8.extra_data.json,US7nt0+2+q,0,com.sec.android.app.shealth,2879356,86400000,c55d9a41-7e1b-402b-be4e-91278b1ea7a8,2025-11-18 00:00:00.000,
0,63060070,0,1729000,12398,300,7860259,90,0,63060070,2025-11-19 19:35:04.304,10,2025-11-18 18:30:01.244,0.0,30,30,-1,1080000,145,14,0,8,9303.658,0,377.5085,b884f3f9-1591-4cc9-a92b-3d319b045041.extra_data.json,US7nt0+2+q,0,com.sec.android.app.shealth,7860259,86400000,b884f3f9-1591-4cc9-a92b-3d319b045041,2025-11-19 00:00:00.000,
0,63060070,0,0,4159,300,2728383,90,0,63060070,2025-11-21 01:57:05.676,10,2025-11-19 18:30:00.600,0.0,30,30,-1,240000,50,16,0,8,3079.9792,0,130.87,f6a12390-8323-4f33-8d88-7f9bc81ce732.extra_data.json,US7nt0+2+q,1200,com.sec.android.app.shealth,2727183,86400000,f6a12390-8323-4f33-8d88-7f9bc81ce732,2025-11-20 00:00:00.000,
0,63060070,0,0,832,300,553876,90,0,63060070,2025-11-21 19:43:18.241,10,2025-11-20 18:30:02.229,0.0,30,30,-1,43355,10,8,0,8,628.56,0,26.309998,c04b785a-bbae-466c-be4c-76bda494e552.extra_data.json,US7nt0+2+q,1600,com.sec.android.app.shealth,552276,86400000,c04b785a-bbae-466c-be4c-76bda494e552,2025-11-21 00:00:00.000,
0,63060070,0,2280000,7664,300,4908346,90,0,63060070,2025-11-23 02:26:48.159,10,2025-11-21 18:30:01.258,0.0,30,30,-1,2280000,90,13,0,8,5800.5693,0,238.11003,f70b783e-d134-4bf1-92b4-ea74489e467b.extra_data.json,US7nt0+2+q,8400,com.sec.android.app.shealth,4899946,86400000,f70b783e-d134-4bf1-92b4-ea74489e467b,2025-11-22 00:00:00.000,
0,63060070,0,2760000,8865,300,5339879,90,0,63060070,2025-11-24 02:10:13.796,10,2025-11-22 18:30:01.361,0.0,30,30,-1,2760000,97,10,0,8,6717.4795,0,272.36996,dbd10e0a-f979-4b1f-9067-7680a1b8541f.extra_data.json,US7nt0+2+q,800,com.sec.android.app.shealth,5339079,86400000,dbd10e0a-f979-4b1f-9067-7680a1b8541f,2025-11-23 00:00:00.000,
0,63060070,0,2999000,6190,300,3905852,90,0,63060070,2025-11-25 02:15:03.200,10,2025-11-23 18:30:01.887,0.0,30,30,-1,3000000,72,10,0,8,4693.6694,0,190.13266,0ef0a19b-a1ba-4e89-ac1d-3df37281a573.extra_data.json,US7nt0+2+q,800,com.sec.android.app.shealth,3905052,86400000,0ef0a19b-a1ba-4e89-ac1d-3df37281a573,2025-11-24 00:00:00.000,
0,63060070,0,2390000,7012,300,4382997,90,0,63060070,2025-11-26 00:14:43.730,10,2025-11-24 18:30:01.325,0.0,30,30,-1,1679610,81,11,0,8,5346.238,0,219.25197,fb4709b3-4a77-4eba-bb42-1bb6e9c78db2.extra_data.json,US7nt0+2+q,400,com.sec.android.app.shealth,4382597,86400000,fb4709b3-4a77-4eba-bb42-1bb6e9c78db2,2025-11-25 00:00:00.000,
0,63060070,0,3359000,9672,300,5942144,90,0,63060070,2025-11-27 14:14:43.113,10,2025-11-25 18:30:01.248,0.0,30,30,-1,3359550,110,14,0,8,7235.32,0,295.99002,86385e6d-9608-4f81-8386-07cf13c7b754.extra_data.json,US7nt0+2+q,0,com.sec.android.app.shealth,5942144,86400000,86385e6d-9608-4f81-8386-07cf13c7b754,2025-11-26 00:00:00.000,
0,63060070,0,0,3614,300,2401805,90,0,63060070,2025-11-28 02:20:15.256,10,2025-11-26 18:30:02.880,0.0,30,30,-1,60000,43,10,0,8,2703.24,0,114.679985,fccaa199-4ff6-424b-90ba-10b721900a93.extra_data.json,US7nt0+2+q,4000,com.sec.android.app.shealth,2397805,86400000,fccaa199-4ff6-424b-90ba-10b721900a93,2025-11-27 00:00:00.000,
0,63060070,0,0,3749,300,2497218,90,0,63060070,2025-11-29 10:12:42.277,10,2025-11-27 18:30:00.930,0.0,30,30,-1,60000,45,14,0,8,2785.9001,0,118.05,e514dc33-af01-4c47-ad7d-5c059c0ccaa5.extra_data.json,US7nt0+2+q,0,com.sec.android.app.shealth,2497218,86400000,e514dc33-af01-4c47-ad7d-5c059c0ccaa5,2025-11-28 00:00:00.000,
0,63060070,0,0,3198,300,2124972,90,0,63060070,2025-11-29 18:30:08.154,10,2025-11-28 18:30:01.391,0.0,30,30,-1,60000,38,11,0,8,2375.42,0,101.750015,e0cc2b7d-e109-4b48-96a5-8aaaa6faefda.extra_data.json,US7nt0+2+q,0,com.sec.android.app.shealth,2124972,86400000,e0cc2b7d-e109-4b48-96a5-8aaaa6faefda,2025-11-29 00:00:00.000,
0,63060070,0,0,7549,300,4770641,90,0,63060070,2025-11-30 18:56:08.563,10,2025-11-29 18:30:00.811,0.0,30,30,-1,480000,87,13,0,8,5621.6504,0,234.5,53028b57-7215-491e-95d3-14cde15fee8a.extra_data.json,US7nt0+2+q,400,com.sec.android.app.shealth,4770241,86400000,53028b57-7215-491e-95d3-14cde15fee8a,2025-11-30 00:00:00.000,
0,63060070,0,660000,5211,300,3213253,90,0,63060070,2025-12-01 18:57:26.398,10,2025-11-30 18:30:01.263,0.0,30,30,-1,660000,58,9,0,8,3916.5706,0,158.24991,7048e095-7502-4a77-b00d-94a5dfe5a16a.extra_data.json,US7nt0+2+q,0,com.sec.android.app.shealth,3213253,86400000,7048e095-7502-4a77-b00d-94a5dfe5a16a,2025-12-01 00:00:00.000,
0,63060070,0,0,418,300,278806,90,0,63060070,2025-12-02 18:36:55.309,10,2025-12-01 18:30:00.862,0.0,30,30,-1,60000,4,7,0,8,313.95,0,12.990001,dc0b4da0-7a9d-4463-8223-cc77f33a295f.extra_data.json,US7nt0+2+q,0,com.sec.android.app.shealth,278806,86400000,dc0b4da0-7a9d-4463-8223-cc77f33a295f,2025-12-02 00:00:00.000,
0,63060070,0,0,5708,300,3624972,90,0,63060070,2025-12-04 07:47:57.738,10,2025-12-02 18:30:00.955,0.0,30,30,-1,540000,66,12,0,8,4229.0005,0,174.47998,2ee1d576-e32d-42aa-b4bc-739b0a0dbc6e.extra_data.json,US7nt0+2+q,0,com.sec.android.app.shealth,3624972,86400000,2ee1d576-e32d-42aa-b4bc-739b0a0dbc6e,2025-12-03 00:00:00.000,
0,63060070,0,0,257,300,171419,90,0,63060070,2025-12-05 03:58:45.642,10,2025-12-03 18:30:01.451,0.0,30,30,-1,46690,2,3,0,8,194.54001,0,7.8199997,241d7ba7-b95a-4221-83c7-f995e8b9f5d5.extra_data.json,US7nt0+2+q,0,com.sec.android.app.shealth,171419,86400000,241d7ba7-b95a-4221-83c7-f995e8b9f5d5,2025-12-04 00:00:00.000,
0,63060070,0,780000,16322,300,10290451,90,0,63060070,2025-12-06 01:18:46.127,10,2025-12-04 18:30:01.055,0.0,30,30,-1,780000,190,12,0,8,12488.943,0,514.8201,025be425-4852-4a73-9677-468db86328b5.extra_data.json,US7nt0+2+q,131580,com.sec.android.app.shealth,10158871,86400000,025be425-4852-4a73-9677-468db86328b5,2025-12-05 00:00:00.000,
0,63060070,0,0,8123,300,5237351,90,0,63060070,2025-12-07 01:22:52.203,10,2025-12-05 18:30:01.001,0.0,30,30,-1,360000,95,10,0,8,6174.5796,0,253.43994,d1ec6b18-9b29-4403-b891-b7744886efa4.extra_data.json,US7nt0+2+q,26800,com.sec.android.app.shealth,5210551,86400000,d1ec6b18-9b29-4403-b891-b7744886efa4,2025-12-06 00:00:00.000,
0,63060070,0,0,555,300,370185,90,0,63060070,2025-12-08 05:17:28.541,10,2025-12-06 18:30:02.011,0.0,30,30,-1,45356,6,5,0,8,422.78995,0,17.23,df40e576-5391-4070-888f-e67f38a0ef2b.extra_data.json,US7nt0+2+q,0,com.sec.android.app.shealth,370185,86400000,df40e576-5391-4070-888f-e67f38a0ef2b,2025-12-07 00:00:00.000,
0,63060070,0,0,637,300,409478,90,0,63060070,2025-12-09 04:37:23.978,10,2025-12-07 18:30:01.156,0.0,30,30,-1,60000,6,5,0,8,476.05,0,19.82,43c2dc6d-2276-4056-9cea-00b2cecb5ce7.extra_data.json,US7nt0+2+q,0,com.sec.android.app.shealth,409478,86400000,43c2dc6d-2276-4056-9cea-00b2cecb5ce7,2025-12-08 00:00:00.000,
0,63060070,0,0,5198,300,3267920,90,0,63060070,2025-12-10 01:03:40.091,10,2025-12-08 18:30:01.060,0.0,30,30,-1,540000,60,7,0,8,3863.9905,0,158.25996,a7c0b873-aa7b-4161-95d9-8be6d7df3ed1.extra_data.json,US7nt0+2+q,400,com.sec.android.app.shealth,3267520,86400000,a7c0b873-aa7b-4161-95d9-8be6d7df3ed1,2025-12-09 00:00:00.000,
0,63060070,0,0,3948,300,2480610,90,0,63060070,2025-12-11 02:31:39.375,10,2025-12-09 18:30:01.004,0.0,30,30,-1,240000,45,9,0,8,2943.12,0,120.18,af4f6eb0-5220-4ff6-9454-6f1da36a181e.extra_data.json,US7nt0+2+q,0,com.sec.android.app.shealth,2480610,86400000,af4f6eb0-5220-4ff6-9454-6f1da36a181e,2025-12-10 00:00:00.000,
0,63060070,0,0,6806,300,4241767,90,0,63070030,2025-12-12 12:27:55.604,10,2025-12-10 18:30:02.481,0.0,30,30,-1,600000,77,11,0,8,5089.4487,0,206.88997,cceb6727-d526-49f5-92a0-b0897fac7595.extra_data.json,US7nt0+2+q,0,com.sec.android.app.shealth,4241767,86400000,cceb6727-d526-49f5-92a0-b0897fac7595,2025-12-11 00:00:00.000,
0,63060070,0,0,5837,300,3865449,90,0,63070030,2025-12-13 02:20:02.865,10,2025-12-11 18:30:01.486,0.0,30,30,-1,300000,71,16,0,8,4357.71,0,184.76997,c76b7fc8-7bfe-4ad0-9305-ea536f7737a5.extra_data.json,US7nt0+2+q,13149,com.sec.android.app.shealth,3852300,86400000,c76b7fc8-7bfe-4ad0-9305-ea536f7737a5,2025-12-12 00:00:00.000,
0,63070030,0,0,1499,300,999833,90,0,63070030,2025-12-14 04:07:25.832,10,2025-12-12 18:30:09.817,0.0,30,30,-1,48024,17,9,0,8,1136.1699,0,48.109993,a63eeffb-68e6-42ef-a127-9e3952c659ff.extra_data.json,US7nt0+2+q,0,com.sec.android.app.shealth,999833,86400000,a63eeffb-68e6-42ef-a127-9e3952c659ff,2025-12-13 00:00:00.000,
0,63070030,0,0,1596,300,1061595,90,0,63070030,2025-12-15 02:26:10.312,10,2025-12-13 18:30:01.146,0.0,30,30,-1,46690,18,11,0,8,1205.1399,0,51.01,184ce609-2d8f-4eed-b3a4-91ed0374e555.extra_data.json,US7nt0+2+q,4400,com.sec.android.app.shealth,1057195,86400000,184ce609-2d8f-4eed-b3a4-91ed0374e555,2025-12-14 00:00:00.000,
0,63070030,0,0,10176,300,6689168,90,0,63070030,2025-12-16 02:15:02.235,10,2025-12-14 18:30:01.037,0.0,30,30,-1,540000,123,11,0,8,7558.4517,0,314.9899,9ab01a0f-7e85-44b0-948c-8c66b57dc070.extra_data.json,US7nt0+2+q,4000,com.sec.android.app.shealth,6685168,86400000,9ab01a0f-7e85-44b0-948c-8c66b57dc070,2025-12-15 00:00:00.000,
0,63070030,0,0,3584,300,2364721,90,0,63070030,2025-12-17 02:28:41.424,10,2025-12-15 18:30:01.304,0.0,30,30,-1,60000,43,12,0,8,2702.2292,0,114.15,6c42664e-e70e-4007-aaa1-ce35bc322bbe.extra_data.json,US7nt0+2+q,1600,com.sec.android.app.shealth,2363121,86400000,6c42664e-e70e-4007-aaa1-ce35bc322bbe,2025-12-16 00:00:00.000,
0,63070030,0,0,3589,300,2389801,90,0,63070030,2025-12-17 22:17:13.126,10,2025-12-16 18:30:00.991,0.0,30,30,-1,120000,43,11,0,8,2700.9102,0,113.72,158eedc2-ba78-4004-bc6c-8b342d83a03c.extra_data.json,US7nt0+2+q,0,com.sec.android.app.shealth,2389801,86400000,158eedc2-ba78-4004-bc6c-8b342d83a03c,2025-12-17 00:00:00.000,
0,63070030,0,1433000,9870,300,6304835,90,0,63070030,2025-12-19 02:32:34.387,10,2025-12-17 18:30:00.610,0.0,30,30,-1,720000,116,14,0,8,7398.227,0,303.97632,aa9b19b9-32ac-473c-aa83-e32bad41f6bf.extra_data.json,US7nt0+2+q,0,com.sec.android.app.shealth,6304835,86400000,aa9b19b9-32ac-473c-aa83-e32bad41f6bf,2025-12-18 00:00:00.000,
0,63070030,0,0,356,300,237452,90,0,63070030,2025-12-20 02:16:42.703,10,2025-12-18 18:30:00.924,0.0,30,30,-1,34684,3,3,0,8,269.0,0,11.149999,ad8b1dfb-17ad-44a9-acf5-0f91e235f5e4.extra_data.json,US7nt0+2+q,0,com.sec.android.app.shealth,237452,86400000,ad8b1dfb-17ad-44a9-acf5-0f91e235f5e4,2025-12-19 00:00:00.000,
0,63070030,0,1557000,9241,300,5671906,90,0,63070030,2025-12-21 07:28:14.654,10,2025-12-19 18:30:01.151,0.0,30,30,-1,900000,104,8,0,8,6930.0444,0,281.70795,bc368a77-9a64-4835-86e6-dc1a2d863d6d.extra_data.json,US7nt0+2+q,5600,com.sec.android.app.shealth,5666306,86400000,bc368a77-9a64-4835-86e6-dc1a2d863d6d,2025-12-20 00:00:00.000,
0,63070030,0,0,557,300,368821,90,0,63070030,2025-12-22 04:04:09.354,10,2025-12-20 18:30:01.430,0.0,30,30,-1,60000,6,7,0,8,423.34998,0,17.78,07893c92-48c1-4c5c-9e7e-0b037de3f584.extra_data.json,US7nt0+2+q,0,com.sec.android.app.shealth,368821,86400000,07893c92-48c1-4c5c-9e7e-0b037de3f584,2025-12-21 00:00:00.000,
0,63070030,0,1618000,8026,300,4967636,90,0,63070030,2025-12-23 06:53:10.758,10,2025-12-21 18:30:01.532,0.0,30,30,-1,1019937,91,13,0,8,6068.4814,0,247.16994,94d870b3-3c31-45c2-bd7a-847cebcbb3e1.extra_data.json,US7nt0+2+q,0,com.sec.android.app.shealth,4967636,86400000,94d870b3-3c31-45c2-bd7a-847cebcbb3e1,2025-12-22 00:00:00.000,
0,63070030,0,0,3017,300,2012339,90,0,63070030,2025-12-24 02:26:51.900,10,2025-12-22 18:30:00.823,0.0,30,30,-1,60000,36,15,0,8,2192.8303,0,96.57999,2869cd2b-2745-4c3e-b7c5-f21bf0cdea65.extra_data.json,US7nt0+2+q,0,com.sec.android.app.shealth,2012339,86400000,2869cd2b-2745-4c3e-b7c5-f21bf0cdea65,2025-12-23 00:00:00.000,
0,63070030,0,0,2360,300,1574120,90,0,63070030,2025-12-25 02:30:02.985,10,2025-12-23 18:30:00.945,0.0,30,30,-1,60000,28,13,0,8,1763.42,0,74.54999,17dd4893-0937-45df-84f1-b67346fb0d01.extra_data.json,US7nt0+2+q,0,com.sec.android.app.shealth,1574120,86400000,17dd4893-0937-45df-84f1-b67346fb0d01,2025-12-24 00:00:00.000,
0,63070030,0,0,2788,300,1846993,90,0,63070030,2025-12-26 00:26:32.786,10,2025-12-24 18:30:01.958,0.0,30,30,-1,120000,33,14,0,8,2086.3906,0,89.570015,fc7c5a42-22bd-46c4-a4ea-19331175e182.extra_data.json,US7nt0+2+q,6800,com.sec.android.app.shealth,1840193,86400000,fc7c5a42-22bd-46c4-a4ea-19331175e182,2025-12-25 00:00:00.000,
0,63070030,0,0,1817,300,1206599,90,0,63070030,2025-12-27 02:30:03.458,10,2025-12-25 18:30:01.217,0.0,30,30,-1,45356,21,9,0,8,1365.8597,0,59.19,a6876586-10dd-425d-ab6f-a4481598a435.extra_data.json,US7nt0+2+q,8000,com.sec.android.app.shealth,1198599,86400000,a6876586-10dd-425d-ab6f-a4481598a435,2025-12-26 00:00:00.000,
0,63070030,0,0,4810,300,3199033,90,0,63070030,2025-12-28 03:18:37.458,10,2025-12-26 18:30:01.119,0.0,30,30,-1,60000,58,12,0,8,3561.3196,0,151.41,6eb5405a-e1f4-4001-942a-44a62f691c36.extra_data.json,US7nt0+2+q,4800,com.sec.android.app.shealth,3194233,86400000,6eb5405a-e1f4-4001-942a-44a62f691c36,2025-12-27 00:00:00.000,
0,63070030,0,0,1277,300,849623,90,0,63070030,2025-12-29 03:13:28.395,10,2025-12-27 18:30:00.996,0.0,30,30,-1,53360,15,12,0,8,957.15,0,40.590004,98d6fa83-9d21-443f-8ea3-fc396333e56b.extra_data.json,US7nt0+2+q,3200,com.sec.android.app.shealth,846423,86400000,98d6fa83-9d21-443f-8ea3-fc396333e56b,2025-12-28 00:00:00.000,
0,63070030,0,0,2973,300,1982991,90,0,63070030,2025-12-29 19:16:14.056,10,2025-12-28 18:30:00.993,0.0,30,30,-1,60000,36,12,0,8,2210.61,0,93.50001,d482829b-d457-4809-9e2a-1d882c8f1cd2.extra_data.json,US7nt0+2+q,0,com.sec.android.app.shealth,1982991,86400000,d482829b-d457-4809-9e2a-1d882c8f1cd2,2025-12-29 00:00:00.000,
0,63070030,0,0,6218,300,4075509,90,0,63070030,2025-12-31 02:20:59.680,10,2025-12-29 18:30:01.533,0.0,30,30,-1,480000,74,14,0,8,4640.3906,0,194.43997,2efab6a1-dade-4dfb-8377-1a38373469f7.extra_data.json,US7nt0+2+q,9200,com.sec.android.app.shealth,4066309,86400000,2efab6a1-dade-4dfb-8377-1a38373469f7,2025-12-30 00:00:00.000,
0,63070030,0,0,3411,300,2272200,90,0,63070030,2026-01-01 01:25:54.550,10,2025-12-30 18:30:01.803,0.0,30,30,-1,60000,41,13,0,8,2564.2095,0,107.710014,2fadac54-062b-4870-90d9-51eee6abbd86.extra_data.json,US7nt0+2+q,4400,com.sec.android.app.shealth,2267800,86400000,2fadac54-062b-4870-90d9-51eee6abbd86,2025-12-31 00:00:00.000,
0,63070030,0,0,4071,300,2694155,90,0,63070030,2026-01-02 02:02:48.970,10,2025-12-31 18:30:01.598,0.0,30,30,-1,120000,48,10,0,8,3068.8606,0,128.19002,f040933e-21ae-4bfe-a373-b79eae1b055e.extra_data.json,US7nt0+2+q,9600,com.sec.android.app.shealth,2684555,86400000,f040933e-21ae-4bfe-a373-b79eae1b055e,2026-01-01 00:00:00.000,
0,63070030,0,0,9274,300,6043899,90,0,63070030,2026-01-03 02:17:43.400,10,2026-01-01 18:30:00.943,0.0,30,30,-1,420000,111,14,0,8,7003.5513,0,290.06992,97318893-5aae-4e86-bc55-fd4c02e56184.extra_data.json,US7nt0+2+q,3600,com.sec.android.app.shealth,6040299,86400000,97318893-5aae-4e86-bc55-fd4c02e56184,2026-01-02 00:00:00.000,
0,63070030,0,0,8378,300,5564824,90,0,63070030,2026-01-04 01:33:01.667,10,2026-01-02 18:30:00.816,0.0,30,30,-1,60000,102,12,0,8,6074.649,0,263.32,89cbe76b-18a0-446b-a31e-c38c01a6c338.extra_data.json,US7nt0+2+q,800,com.sec.android.app.shealth,5564024,86400000,89cbe76b-18a0-446b-a31e-c38c01a6c338,2026-01-03 00:00:00.000,
0,63070030,0,0,3741,300,2485875,90,0,63070030,2026-01-05 02:21:08.410,10,2026-01-03 18:30:01.386,0.0,30,30,-1,60000,45,13,0,8,2892.37,0,122.57998,a4fa16a9-f2b1-4d49-b9bd-cac68906faaa.extra_data.json,US7nt0+2+q,8000,com.sec.android.app.shealth,2477875,86400000,a4fa16a9-f2b1-4d49-b9bd-cac68906faaa,2026-01-04 00:00:00.000,
0,63070030,0,0,6157,300,4058743,90,0,63070030,2026-01-06 01:32:16.073,10,2026-01-04 18:30:01.344,0.0,30,30,-1,180000,74,13,0,8,4707.1694,0,198.59998,27f76776-1b96-4327-984b-f6121ee8edd5.extra_data.json,US7nt0+2+q,34386,com.sec.android.app.shealth,4024357,86400000,27f76776-1b96-4327-984b-f6121ee8edd5,2026-01-05 00:00:00.000,
0,63070030,0,0,2469,300,1638789,90,0,63070030,2026-01-07 02:30:03.606,10,2026-01-05 18:30:00.650,0.0,30,30,-1,60000,30,12,0,8,1840.07,0,77.94,f4356733-22e0-49db-96c4-37c08d0574ad.extra_data.json,US7nt0+2+q,0,com.sec.android.app.shealth,1638789,86400000,f4356733-22e0-49db-96c4-37c08d0574ad,2026-01-06 00:00:00.000,
0,63070030,0,0,5212,300,3474001,90,0,63070030,2026-01-08 02:27:55.166,10,2026-01-06 18:30:01.741,0.0,30,30,-1,60000,63,13,0,8,3941.6304,0,164.58003,2d70c840-5f0d-4685-b11a-cc2107b6154a.extra_data.json,US7nt0+2+q,3600,com.sec.android.app.shealth,3470401,86400000,2d70c840-5f0d-4685-b11a-cc2107b6154a,2026-01-07 00:00:00.000,
0,63070030,0,0,5409,300,3553888,90,0,63070030,2026-01-09 03:11:10.507,10,2026-01-07 18:30:01.658,0.0,30,30,-1,300000,65,14,0,8,4092.7698,0,170.6,f7b8ea9d-088d-4196-af00-ee3758406cdc.extra_data.json,US7nt0+2+q,9600,com.sec.android.app.shealth,3544288,86400000,f7b8ea9d-088d-4196-af00-ee3758406cdc,2026-01-08 00:00:00.000,
0,63070030,0,0,2380,300,1584523,90,0,63070030,2026-01-09 18:35:10.527,10,2026-01-08 18:30:01.305,0.0,30,30,-1,46023,28,12,0,8,1811.2498,0,76.900024,2af7ce80-ed9c-40ad-8972-f5a85333f674.extra_data.json,US7nt0+2+q,4400,com.sec.android.app.shealth,1580123,86400000,2af7ce80-ed9c-40ad-8972-f5a85333f674,2026-01-09 00:00:00.000,
0,63070030,0,650000,15335,300,10070261,90,0,63070030,2026-01-11 07:08:50.675,10,2026-01-09 18:30:00.667,0.0,30,30,-1,660000,185,21,0,8,11266.586,0,478.72162,78b7dd6b-b142-4891-9b08-d261cb0796f5.extra_data.json,US7nt0+2+q,0,com.sec.android.app.shealth,10070261,86400000,78b7dd6b-b142-4891-9b08-d261cb0796f5,2026-01-10 00:00:00.000,
0,63070030,0,2159000,5233,300,3087219,90,0,63070030,2026-01-12 03:09:08.073,10,2026-01-10 18:30:00.657,0.0,30,30,-1,2159722,56,4,0,8,3932.0298,0,157.71999,723c4809-6cab-4411-b299-99299738ef7c.extra_data.json,US7nt0+2+q,0,com.sec.android.app.shealth,3087219,86400000,723c4809-6cab-4411-b299-99299738ef7c,2026-01-11 00:00:00.000,
0,63070030,0,645000,6193,300,3863298,90,0,63070030,2026-01-13 02:32:41.484,10,2026-01-11 18:30:01.175,0.0,30,30,-1,720000,71,10,0,8,4678.9746,0,191.13751,7380931c-78c9-48d4-87ac-f2a4bdec0663.extra_data.json,US7nt0+2+q,0,com.sec.android.app.shealth,3863298,86400000,7380931c-78c9-48d4-87ac-f2a4bdec0663,2026-01-12 00:00:00.000,
0,63070030,0,3963000,13939,300,8483275,90,0,63070030,2026-01-14 00:42:32.414,10,2026-01-12 18:30:00.732,0.0,30,30,-1,1239000,156,12,0,8,10675.037,0,439.31906,3528e82e-8075-41dc-ae7e-2d09e1c6b546.extra_data.json,US7nt0+2+q,0,com.sec.android.app.shealth,8483275,86400000,3528e82e-8075-41dc-ae7e-2d09e1c6b546,2026-01-13 00:00:00.000,
0,63070030,0,4377000,12508,300,7773270,90,0,63070030,2026-01-15 03:53:03.434,10,2026-01-13 18:30:01.566,0.0,30,30,-1,2519777,143,9,0,8,9381.914,0,380.58163,a234a277-3202-4071-b682-854d5e6da6d9.extra_data.json,US7nt0+2+q,0,com.sec.android.app.shealth,7773270,86400000,a234a277-3202-4071-b682-854d5e6da6d9,2026-01-14 00:00:00.000,
0,63070030,0,0,3351,300,2015651,90,0,63070030,2026-01-16 02:41:35.785,10,2026-01-14 18:30:01.311,0.0,30,30,-1,480000,36,6,0,8,2519.8003,0,101.81997,a5b1322d-0173-4eeb-a329-b4ce353d0701.extra_data.json,US7nt0+2+q,0,com.sec.android.app.shealth,2015651,86400000,a5b1322d-0173-4eeb-a329-b4ce353d0701,2026-01-15 00:00:00.000,
0,63070030,0,7661000,16210,300,9612905,90,0,63070030,2026-01-17 03:06:44.673,10,2026-01-15 18:30:10.127,0.0,30,30,-1,2516853,177,14,0,8,13247.204,0,636.8246,b46576ba-f8a1-4bcb-8a6f-889d5083c2e2.extra_data.json,US7nt0+2+q,0,com.sec.android.app.shealth,9612905,86400000,b46576ba-f8a1-4bcb-8a6f-889d5083c2e2,2026-01-16 00:00:00.000,
0,63070030,0,11478000,21151,300,11833036,90,0,63070030,2026-01-18 05:57:36.878,10,2026-01-16 18:30:00.829,0.0,30,30,-1,3727000,218,8,0,8,18296.941,0,918.3922,add3287e-c5c7-482e-96fb-4f7be65cf4f0.extra_data.json,US7nt0+2+q,0,com.sec.android.app.shealth,11833036,86400000,add3287e-c5c7-482e-96fb-4f7be65cf4f0,2026-01-17 00:00:00.000,
0,63070030,0,3607000,6502,300,3885833,90,0,63070030,2026-01-19 18:11:37.296,10,2026-01-17 18:30:01.185,0.0,30,30,-1,1687000,71,3,0,8,5400.7266,0,259.07394,d1b975eb-41b5-4e43-a0b6-546d018b8f20.extra_data.json,US7nt0+2+q,0,com.sec.android.app.shealth,3885833,86400000,d1b975eb-41b5-4e43-a0b6-546d018b8f20,2026-01-18 00:00:00.000,
0,63070030,0,3213000,10806,300,6542131,90,0,63070030,2026-01-20 08:35:08.893,10,2026-01-18 18:30:01.197,0.0,30,30,-1,1390000,120,12,0,8,8312.593,0,377.08994,d3003733-56a8-4ce5-89ce-53b00134c9d0.extra_data.json,US7nt0+2+q,4000,com.sec.android.app.shealth,6538131,86400000,d3003733-56a8-4ce5-89ce-53b00134c9d0,2026-01-19 00:00:00.000,
0,63070030,0,720000,7450,300,4730438,90,0,63070030,2026-01-21 03:42:42.975,10,2026-01-19 18:30:00.842,0.0,30,30,-1,720000,86,13,0,8,5530.81,0,226.59,c7b06c6c-53e3-4c00-a756-44818b53f376.extra_data.json,US7nt0+2+q,0,com.sec.android.app.shealth,4730438,86400000,c7b06c6c-53e3-4c00-a756-44818b53f376,2026-01-20 00:00:00.000,
0,63070030,0,3805000,11013,300,6661143,90,0,63070030,2026-01-21 23:51:01.314,10,2026-01-20 18:30:06.144,0.0,30,30,-1,1648000,122,11,0,8,8845.092,0,392.8169,f3149735-e70f-4422-91c9-4a231172041f.extra_data.json,US7nt0+2+q,2800,com.sec.android.app.shealth,6658343,86400000,f3149735-e70f-4422-91c9-4a231172041f,2026-01-21 00:00:00.000,
0,63070030,0,3703000,10730,300,6768525,90,0,63070030,2026-01-22 18:35:22.771,10,2026-01-21 18:30:01.621,0.0,30,30,-1,1252934,124,12,0,8,8897.676,0,376.5302,0dc5d59e-4589-448e-ae45-01ad7a56c815.extra_data.json,US7nt0+2+q,0,com.sec.android.app.shealth,6768525,86400000,0dc5d59e-4589-448e-ae45-01ad7a56c815,2026-01-22 00:00:00.000,
0,63070030,0,5868000,15136,300,9373233,90,0,63070030,2026-01-23 19:25:43.175,10,2026-01-22 18:30:00.580,0.0,30,30,-1,3540000,173,18,0,8,11503.174,0,487.63058,5ba3fd81-e778-4ecc-9e8c-21abcc00747d.extra_data.json,US7nt0+2+q,0,com.sec.android.app.shealth,9373233,86400000,5ba3fd81-e778-4ecc-9e8c-21abcc00747d,2026-01-23 00:00:00.000,
0,63070030,0,145000,6002,300,3965824,90,145079,63070030,2026-01-25 03:30:57.075,10,2026-01-23 18:30:01.413,0.0,30,30,-1,420000,72,15,0,8,4429.889,0,202.51996,ec862507-9b98-4d9a-876d-3a1987972b91.extra_data.json,US7nt0+2+q,2800,com.sec.android.app.shealth,3817945,86400000,ec862507-9b98-4d9a-876d-3a1987972b91,2026-01-24 00:00:00.000,
0,63070030,0,2219000,6006,300,3645359,90,0,63070030,2026-01-26 03:07:03.870,10,2026-01-24 18:30:00.935,0.0,30,30,-1,1559643,66,8,0,8,4540.6694,0,183.99004,dd5fb891-f264-4ffc-ac0f-2b227e51586f.extra_data.json,US7nt0+2+q,0,com.sec.android.app.shealth,3645359,86400000,dd5fb891-f264-4ffc-ac0f-2b227e51586f,2026-01-25 00:00:00.000,
0,63070030,0,3339000,8416,300,4980642,90,0,63070030,2026-01-27 03:12:04.001,10,2026-01-25 18:30:00.987,0.0,30,30,-1,3339000,91,11,0,8,6403.544,0,256.73953,30ff4416-9625-48bd-9b14-6443d06fcb42.extra_data.json,US7nt0+2+q,3600,com.sec.android.app.shealth,4977042,86400000,30ff4416-9625-48bd-9b14-6443d06fcb42,2026-01-26 00:00:00.000,
0,63070030,0,2400000,8143,300,5278355,90,0,63070030,2026-01-27 18:35:19.530,10,2026-01-26 18:30:00.699,0.0,30,30,-1,1980000,96,13,0,8,6093.1304,0,251.82,653f9931-a376-46b5-86d7-5c7e170a5be9.extra_data.json,US7nt0+2+q,400,com.sec.android.app.shealth,5277955,86400000,653f9931-a376-46b5-86d7-5c7e170a5be9,2026-01-27 00:00:00.000,
0,63070030,0,749000,12135,300,7962387,90,0,63070030,2026-01-29 10:07:22.636,10,2026-01-27 18:30:01.178,0.0,30,30,-1,749000,146,18,0,8,9061.559,0,378.20297,9b76a7f2-f3d8-49c3-9288-5018d16f09a7.extra_data.json,US7nt0+2+q,7600,com.sec.android.app.shealth,7954787,86400000,9b76a7f2-f3d8-49c3-9288-5018d16f09a7,2026-01-28 00:00:00.000,
0,63070030,0,4251000,10407,300,6161058,90,0,63070030,2026-01-30 01:39:47.301,10,2026-01-28 18:30:02.335,0.0,30,30,-1,2400000,113,9,0,8,7952.524,0,318.44803,6b17d45d-e9c7-4d23-917a-98a3395a50d1.extra_data.json,US7nt0+2+q,0,com.sec.android.app.shealth,6161058,86400000,6b17d45d-e9c7-4d23-917a-98a3395a50d1,2026-01-29 00:00:00.000,
0,63070030,0,6020000,21008,300,12002023,90,0,63070030,2026-01-31 01:19:38.332,10,2026-01-29 18:30:00.923,0.0,30,30,-1,3092000,221,14,0,8,17227.465,0,813.3553,d21944aa-343b-4b4a-acc2-721671522542.extra_data.json,US7nt0+2+q,2273261,com.sec.android.app.shealth,9728762,86400000,d21944aa-343b-4b4a-acc2-721671522542,2026-01-30 00:00:00.000,
0,63070030,0,5252000,6195,300,5878139,90,2257269,63070030,2026-02-01 08:04:47.035,10,2026-01-30 18:30:01.958,0.0,30,30,-1,2257269,107,5,0,8,4755.089,0,508.21063,2aaaa63c-e877-41f2-af8e-d27eaddb8055.extra_data.json,US7nt0+2+q,0,com.sec.android.app.shealth,3620870,86400000,2aaaa63c-e877-41f2-af8e-d27eaddb8055,2026-01-31 00:00:00.000,
0,63070030,0,5694000,7913,300,6635484,90,2095005,63070030,2026-02-02 01:17:18.089,10,2026-01-31 18:30:01.125,0.0,30,30,-1,2580000,121,5,0,8,6069.82,0,536.6,0e82540b-77f0-4626-9d5e-151d331738c6.extra_data.json,US7nt0+2+q,400,com.sec.android.app.shealth,4540079,86400000,0e82540b-77f0-4626-9d5e-151d331738c6,2026-02-01 00:00:00.000,
0,63070030,0,720000,6649,300,4221150,90,0,63070030,2026-02-03 03:06:09.257,10,2026-02-01 18:30:00.931,0.0,30,30,-1,720000,77,11,0,8,4961.382,0,202.93997,e31dc3ee-872b-4133-963f-4d948ac8c2bb.extra_data.json,US7nt0+2+q,0,com.sec.android.app.shealth,4221150,86400000,e31dc3ee-872b-4133-963f-4d948ac8c2bb,2026-02-02 00:00:00.000,
0,63070030,0,649000,6032,300,3831671,90,0,63070030,2026-02-04 02:47:47.041,10,2026-02-02 18:30:00.895,0.0,30,30,-1,649000,70,10,0,8,4535.0796,0,186.33649,1a3d5299-046a-4800-81b3-7742f20189da.extra_data.json,US7nt0+2+q,800,com.sec.android.app.shealth,3830871,86400000,1a3d5299-046a-4800-81b3-7742f20189da,2026-02-03 00:00:00.000,
0,63070030,0,6063000,10286,300,8663827,90,2409182,63070030,2026-02-05 02:42:39.684,10,2026-02-03 18:30:01.790,0.0,30,30,-1,2409182,160,10,0,8,7846.8696,0,655.3667,b0a423e2-7804-4531-bac9-82c0f169441b.extra_data.json,US7nt0+2+q,5600,com.sec.android.app.shealth,6249045,86400000,b0a423e2-7804-4531-bac9-82c0f169441b,2026-02-04 00:00:00.000,
0,63070030,0,3366000,6103,300,6591525,90,2706453,63070030,2026-02-06 01:02:44.853,10,2026-02-04 18:30:01.388,0.0,30,30,-1,2706453,121,10,0,8,4587.91,0,569.2901,1135bb54-57ca-4780-8f4e-ee0a9722eb29.extra_data.json,US7nt0+2+q,0,com.sec.android.app.shealth,3885072,86400000,1135bb54-57ca-4780-8f4e-ee0a9722eb29,2026-02-05 00:00:00.000,
0,63070030,0,2914000,7975,300,6470333,90,1539819,63070030,2026-02-06 18:43:29.484,10,2026-02-05 18:30:01.692,0.0,30,30,-1,1539819,118,12,0,8,6026.5303,0,459.07343,876df074-edf5-4ae6-ae22-4e1c1e9a786b.extra_data.json,US7nt0+2+q,0,com.sec.android.app.shealth,4930514,86400000,876df074-edf5-4ae6-ae22-4e1c1e9a786b,2026-02-06 00:00:00.000,
0,63070030,0,660000,22221,300,13999768,90,0,63070030,2026-02-08 11:32:59.922,10,2026-02-06 18:30:00.893,0.0,30,30,-1,840000,258,16,0,8,16554.533,0,678.2402,f8724609-b475-4e32-a36d-8c7776edc5da.extra_data.json,US7nt0+2+q,400,com.sec.android.app.shealth,13999368,86400000,f8724609-b475-4e32-a36d-8c7776edc5da,2026-02-07 00:00:00.000,
0,63070030,0,2099000,20933,300,13150732,90,0,63070030,2026-02-08 19:15:03.535,10,2026-02-07 18:30:00.878,0.0,30,30,-1,1380000,242,14,0,8,15845.2295,0,646.5165,f91fbec3-da56-4545-a3dc-6fa8e9d6db7e.extra_data.json,US7nt0+2+q,16800,com.sec.android.app.shealth,13133932,86400000,f91fbec3-da56-4545-a3dc-6fa8e9d6db7e,2026-02-08 00:00:00.000,
0,63070030,0,627000,6321,300,3958431,90,0,63070030,2026-02-10 03:06:16.303,10,2026-02-08 18:30:00.928,0.0,30,30,-1,627000,72,16,0,8,4744.3335,0,195.29848,a3c64345-7392-459e-bad9-720e88f80acf.extra_data.json,US7nt0+2+q,1884,com.sec.android.app.shealth,3956547,86400000,a3c64345-7392-459e-bad9-720e88f80acf,2026-02-09 00:00:00.000,
0,63070030,0,1293000,6085,300,3854249,90,0,63070030,2026-02-11 04:40:33.855,10,2026-02-09 18:30:01.704,0.0,30,30,-1,660000,71,11,0,8,4574.8115,0,187.96248,aa719055-2043-47e2-ba5b-81f781b46332.extra_data.json,US7nt0+2+q,0,com.sec.android.app.shealth,3854249,86400000,aa719055-2043-47e2-ba5b-81f781b46332,2026-02-10 00:00:00.000,
0,63070030,0,720000,8856,300,5558181,90,0,63070030,2026-02-12 03:07:14.574,10,2026-02-10 18:30:01.586,0.0,30,30,-1,720000,102,13,0,8,6614.1387,0,269.76993,a9f43ddf-8482-47fc-bea3-f1e14be56574.extra_data.json,US7nt0+2+q,1600,com.sec.android.app.shealth,5556581,86400000,a9f43ddf-8482-47fc-bea3-f1e14be56574,2026-02-11 00:00:00.000,
0,63070030,0,3483000,10488,300,9379390,90,2643036,63070030,2026-02-12 18:35:01.689,10,2026-02-11 18:30:01.123,0.0,30,30,-1,2643036,173,12,0,8,7670.8896,0,686.46954,0a9295eb-d3ec-453f-a77b-f59a23ecfe9e.extra_data.json,US7nt0+2+q,0,com.sec.android.app.shealth,6736354,86400000,0a9295eb-d3ec-453f-a77b-f59a23ecfe9e,2026-02-12 00:00:00.000,
0,63070030,0,0,6084,300,4009762,90,0,63070030,2026-02-14 02:30:43.161,10,2026-02-12 18:30:00.881,0.0,30,30,-1,180000,73,13,0,8,4471.5005,0,194.28001,ad5ace85-8add-4507-af2b-62de4d1404cb.extra_data.json,US7nt0+2+q,4000,com.sec.android.app.shealth,4005762,86400000,ad5ace85-8add-4507-af2b-62de4d1404cb,2026-02-13 00:00:00.000,
0,63070030,0,1440000,6088,300,3773928,90,0,63070030,2026-02-15 04:08:55.369,10,2026-02-13 18:30:01.564,0.0,30,30,-1,1440000,68,11,0,8,4582.0103,0,187.30998,d72b4b54-78c9-4ca0-8fe4-c6c84b1bc2bd.extra_data.json,US7nt0+2+q,10400,com.sec.android.app.shealth,3763528,86400000,d72b4b54-78c9-4ca0-8fe4-c6c84b1bc2bd,2026-02-14 00:00:00.000,
0,63070030,0,2640000,6040,300,3729744,90,0,63070030,2026-02-15 23:44:23.493,10,2026-02-14 18:30:01.162,0.0,30,30,-1,2640000,68,8,0,8,4520.18,0,184.40001,e70b615f-d9df-43d0-ba0c-58aa393a8ae1.extra_data.json,US7nt0+2+q,1200,com.sec.android.app.shealth,3728544,86400000,e70b615f-d9df-43d0-ba0c-58aa393a8ae1,2026-02-15 00:00:00.000,
0,63070030,0,1791000,6435,300,3977988,90,0,63070030,2026-02-16 21:56:28.939,10,2026-02-15 18:30:01.520,0.0,30,30,-1,1860000,73,13,0,8,4957.901,0,202.26201,14a5c899-7691-45f6-bc75-2fd200da5f10.extra_data.json,US7nt0+2+q,7600,com.sec.android.app.shealth,3970388,86400000,14a5c899-7691-45f6-bc75-2fd200da5f10,2026-02-16 00:00:00.000,
0,63070030,0,1656000,6012,300,3667004,90,0,63070030,2026-02-18 05:21:24.550,10,2026-02-16 18:30:00.931,0.0,30,30,-1,1019959,67,10,0,8,4561.4766,0,186.88014,f437a31a-b5a2-49c4-bd01-5ff054995209.extra_data.json,US7nt0+2+q,400,com.sec.android.app.shealth,3666604,86400000,f437a31a-b5a2-49c4-bd01-5ff054995209,2026-02-17 00:00:00.000,
0,63070030,0,3179000,9531,300,5677583,90,0,63070030,2026-02-19 02:24:58.663,10,2026-02-17 18:30:01.099,0.0,30,30,-1,1260000,104,9,0,8,7251.271,0,290.74,405006f5-59c5-4901-990d-8fb46f284c79.extra_data.json,US7nt0+2+q,0,com.sec.android.app.shealth,5677583,86400000,405006f5-59c5-4901-990d-8fb46f284c79,2026-02-18 00:00:00.000,
0,63070030,0,7016000,17931,300,10837751,90,0,63070030,2026-02-20 03:40:39.762,10,2026-02-18 18:30:01.099,0.0,30,30,-1,4020000,200,13,0,8,13658.196,0,550.575,d6a6fa49-b041-4350-b847-8ff377752485.extra_data.json,US7nt0+2+q,0,com.sec.android.app.shealth,10837751,86400000,d6a6fa49-b041-4350-b847-8ff377752485,2026-02-19 00:00:00.000,
0,63070030,0,651000,6146,300,3983195,90,0,63070030,2026-02-21 06:27:11.875,10,2026-02-19 18:30:00.867,0.0,30,30,-1,651000,73,10,0,8,4546.4746,0,188.76903,fa4e7469-2dbf-4ce4-83d9-852b8e346f99.extra_data.json,US7nt0+2+q,0,com.sec.android.app.shealth,3983195,86400000,fa4e7469-2dbf-4ce4-83d9-852b8e346f99,2026-02-20 00:00:00.000,
0,63070030,0,2699000,6155,300,3711981,90,0,63070030,2026-02-22 04:01:30.352,10,2026-02-20 18:30:01.147,0.0,30,30,-1,1379105,67,7,0,8,4704.18,0,190.46002,a46f7385-d9b1-418a-967a-f9e715e3e262.extra_data.json,US7nt0+2+q,400,com.sec.android.app.shealth,3711581,86400000,a46f7385-d9b1-418a-967a-f9e715e3e262,2026-02-21 00:00:00.000,
0,63070030,0,3975000,8312,300,4945418,90,0,63070030,2026-02-23 01:16:18.398,10,2026-02-21 18:30:01.798,0.0,30,30,-1,3060000,91,6,0,8,6309.7905,0,253.4015,2bff4941-c6e3-4a72-b8ec-91408dec658a.extra_data.json,US7nt0+2+q,0,com.sec.android.app.shealth,4945418,86400000,2bff4941-c6e3-4a72-b8ec-91408dec658a,2026-02-22 00:00:00.000,
0,63070030,0,2027000,6751,300,4294631,90,0,63070030,2026-02-24 03:35:06.531,10,2026-02-22 18:30:00.679,0.0,30,30,-1,720000,78,11,0,8,5106.9536,0,207.31403,eb7bc5b6-939c-4fc3-ba63-eb097227ab4c.extra_data.json,US7nt0+2+q,0,com.sec.android.app.shealth,4294631,86400000,eb7bc5b6-939c-4fc3-ba63-eb097227ab4c,2026-02-23 00:00:00.000,
0,63070030,0,780000,4383,300,2868137,90,0,63070030,2026-02-25 03:26:42.731,10,2026-02-23 18:30:01.067,0.0,30,30,-1,780000,52,9,0,8,3288.4597,0,135.28,747ce603-bd3b-4e70-bbe5-ffd66e0701a6.extra_data.json,US7nt0+2+q,0,com.sec.android.app.shealth,2868137,86400000,747ce603-bd3b-4e70-bbe5-ffd66e0701a6,2026-02-24 00:00:00.000,
0,63070030,0,2519000,8575,300,5328881,90,0,63070030,2026-02-26 01:29:58.012,10,2026-02-24 18:30:00.935,0.0,30,30,-1,1199747,97,8,0,8,6492.8306,0,262.55997,05ce7650-054a-4b53-9f44-9ca4e48f4e04.extra_data.json,US7nt0+2+q,0,com.sec.android.app.shealth,5328881,86400000,05ce7650-054a-4b53-9f44-9ca4e48f4e04,2026-02-25 00:00:00.000,
0,63070030,0,718000,6449,300,4130950,90,0,63070030,2026-02-27 01:00:22.159,10,2026-02-25 18:30:01.265,0.0,30,30,-1,720000,75,13,0,8,4791.19,0,196.55466,911d4eed-700f-409b-bc31-a761ad74c955.extra_data.json,US7nt0+2+q,0,com.sec.android.app.shealth,4130950,86400000,911d4eed-700f-409b-bc31-a761ad74c955,2026-02-26 00:00:00.000,
0,63070030,0,643000,8549,300,5474143,90,0,63070030,2026-02-28 02:45:39.633,10,2026-02-26 18:30:01.137,0.0,30,30,-1,643000,101,11,0,8,6344.7925,0,260.76166,77db526e-ae81-4b6d-8192-1456ac8e83fc.extra_data.json,US7nt0+2+q,0,com.sec.android.app.shealth,5474143,86400000,77db526e-ae81-4b6d-8192-1456ac8e83fc,2026-02-27 00:00:00.000,
0,63070030,0,704000,3600,300,2248379,90,0,63070030,2026-03-01 03:00:20.377,10,2026-02-27 18:30:02.241,0.0,30,30,-1,719862,41,12,0,8,2755.945,0,112.65498,a212e855-2881-4145-83c1-ecfaa41a4fff.extra_data.json,US7nt0+2+q,1200,com.sec.android.app.shealth,2247179,86400000,a212e855-2881-4145-83c1-ecfaa41a4fff,2026-02-28 00:00:00.000,
0,63070030,0,4657000,12180,300,7244743,90,0,63070030,2026-03-02 02:01:22.944,10,2026-02-28 18:30:01.303,0.0,30,30,-1,3779989,133,8,0,8,9257.19,0,371.9643,54bf5aba-c693-4d20-825a-5c82d5c622ae.extra_data.json,US7nt0+2+q,0,com.sec.android.app.shealth,7244743,86400000,54bf5aba-c693-4d20-825a-5c82d5c622ae,2026-03-01 00:00:00.000,
0,63070030,0,660000,6867,300,4424585,90,0,63110130,2026-03-03 08:15:16.150,10,2026-03-01 18:30:01.689,0.0,30,30,-1,660000,81,10,0,8,5109.9014,0,209.51004,9c1ecd91-0c9a-453f-9118-09fe9dd167b7.extra_data.json,US7nt0+2+q,0,com.sec.android.app.shealth,4424585,86400000,9c1ecd91-0c9a-453f-9118-09fe9dd167b7,2026-03-02 00:00:00.000,
0,63070030,0,1302000,3409,300,2153402,90,0,63110130,2026-03-04 02:06:54.797,10,2026-03-02 18:30:00.973,0.0,30,30,-1,660000,38,7,0,8,2615.013,0,106.03001,3d9e75c1-4551-4c3f-9974-6e9513a4d989.extra_data.json,US7nt0+2+q,0,com.sec.android.app.shealth,2153402,86400000,3d9e75c1-4551-4c3f-9974-6e9513a4d989,2026-03-03 00:00:00.000,
0,63110130,0,6478000,11002,300,6696664,90,0,63110130,2026-03-04 23:39:38.748,10,2026-03-03 18:30:01.786,0.0,30,30,-1,4174514,123,5,0,8,9972.12,0,478.56833,b51eddf7-55a7-4a21-841d-bc3adba8075b.extra_data.json,US7nt0+2+q,0,com.sec.android.app.shealth,6696664,86400000,b51eddf7-55a7-4a21-841d-bc3adba8075b,2026-03-04 00:00:00.000,
0,63110130,0,2659000,10260,300,5503519,90,0,63110130,2026-03-06 14:22:31.831,10,2026-03-04 18:30:01.647,0.0,30,30,-1,1998867,101,10,0,8,9091.155,0,467.75357,469c7f73-bc69-4f19-b98d-d79d5310e69f.extra_data.json,US7nt0+2+q,2000870,com.sec.android.app.shealth,3502649,86400000,469c7f73-bc69-4f19-b98d-d79d5310e69f,2026-03-05 00:00:00.000,
0,63110130,0,628000,5738,300,3626616,90,0,63110130,2026-03-07 01:17:41.830,10,2026-03-05 18:30:01.181,0.0,30,30,-1,628000,66,9,0,8,4334.9404,0,177.25664,6aac86a3-d720-43f8-99a2-b090745f0542.extra_data.json,US7nt0+2+q,0,com.sec.android.app.shealth,3626616,86400000,6aac86a3-d720-43f8-99a2-b090745f0542,2026-03-06 00:00:00.000,
0,63110130,0,2460000,11150,300,6743151,90,0,63110130,2026-03-07 14:14:52.280,10,2026-03-06 18:30:02.131,0.0,30,30,-1,3000000,123,9,0,8,8463.129,0,343.9,42363121-0ac7-4705-bd01-ed161e36f7a4.extra_data.json,US7nt0+2+q,25472,com.sec.android.app.shealth,6717679,86400000,42363121-0ac7-4705-bd01-ed161e36f7a4,2026-03-07 00:00:00.000,
